{"type": "FeatureCollection", "features": [{"type": "Feature", "geometry": {"type": "Point", "coordinates": [-119.59027044999999, 49.495727099999996]}, "properties": {"name": "Penticton", "count": 167, "href": "/wwc/community/penticton/", "has_page": true}}, {"type": "Feature", "geometry": {"type": "Point", "coordinates": [-123.575373, 48.4625]}, "properties": {"name": "Goldstream", "count": 1, "href": "/wwc/#view=all&community=goldstream", "has_page": false}}, {"type": "Feature", "geometry": {"type": "Point", "coordinates": [-123.1155578, 49.269941149999994]}, "properties": {"name": "Vancouver", "count": 3150, "href": "/wwc/community/vancouver/", "has_page": true}}, {"type": "Feature", "geometry": {"type": "Point", "coordinates": [-123.500929, 48.85319]}, "properties": {"name": "Salt Spring Island", "count": 31, "href": "/wwc/community/salt-spring-island/", "has_page": true}}, {"type": "Feature", "geometry": {"type": "Point", "coordinates": [-123.6218982, 48.7405]}, "properties": {"name": "Cowichan Bay", "count": 11, "href": "/wwc/community/cowichan-bay/", "has_page": true}}, {"type": "Feature", "geometry": {"type": "Point", "coordinates": [-128.5913594, 54.5167972]}, "properties": {"name": "Terrace", "count": 42, "href": "/wwc/community/terrace/", "has_page": true}}, {"type": "Feature", "geometry": {"type": "Point", "coordinates": [-122.80422555, 49.1481846]}, "properties": {"name": "Surrey", "count": 878, "href": "/wwc/community/surrey/", "has_page": true}}, {"type": "Feature", "geometry": {"type": "Point", "coordinates": [-124.9289344, 49.6763638]}, "properties": {"name": "Comox", "count": 60, "href": "/wwc/community/comox/", "has_page": true}}, {"type": "Feature", "geometry": {"type": "Point", "coordinates": [-119.2732017, 50.2673068]}, "properties": {"name": "Vernon", "count": 141, "href": "/wwc/community/vernon/", "has_page": true}}, {"type": "Feature", "geometry": {"type": "Point", "coordinates": [-123.134169, 49.1756897]}, "properties": {"name": "Richmond", "count": 877, "href": "/wwc/community/richmond/", "has_page": true}}, {"type": "Feature", "geometry": {"type": "Point", "coordinates": [-122.311635, 49.0492408]}, "properties": {"name": "Abbotsford", "count": 474, "href": "/wwc/community/abbotsford/", "has_page": true}}, {"type": "Feature", "geometry": {"type": "Point", "coordinates": [-119.2838802, 50.7020353]}, "properties": {"name": "Salmon Arm", "count": 56, "href": "/wwc/community/salmon-arm/", "has_page": true}}, {"type": "Feature", "geometry": {"type": "Point", "coordinates": [-115.06162875000001, 49.5046369]}, "properties": {"name": "Fernie", "count": 53, "href": "/wwc/community/fernie/", "has_page": true}}, {"type": "Feature", "geometry": {"type": "Point", "coordinates": [-117.6621495, 49.3383055]}, "properties": {"name": "Raspberry", "count": 1, "href": "/wwc/#view=all&community=raspberry", "has_page": false}}, {"type": "Feature", "geometry": {"type": "Point", "coordinates": [-124.05715470000001, 48.82414635]}, "properties": {"name": "Lake Cowichan", "count": 19, "href": "/wwc/community/lake-cowichan/", "has_page": true}}, {"type": "Feature", "geometry": {"type": "Point", "coordinates": [-120.12807194999999, 49.3667794]}, "properties": {"name": "Hedley", "count": 14, "href": "/wwc/community/hedley/", "has_page": true}}, {"type": "Feature", "geometry": {"type": "Point", "coordinates": [-122.8465169, 49.2786009]}, "properties": {"name": "Port Moody", "count": 93, "href": "/wwc/community/port-moody/", "has_page": true}}, {"type": "Feature", "geometry": {"type": "Point", "coordinates": [-119.4065876, 50.0387548]}, "properties": {"name": "Lake Country", "count": 42, "href": "/wwc/community/lake-country/", "has_page": true}}, {"type": "Feature", "geometry": {"type": "Point", "coordinates": [-121.9750867, 49.0720626]}, "properties": {"name": "Cultus Lake", "count": 10, "href": "/wwc/community/cultus-lake/", "has_page": true}}, {"type": "Feature", "geometry": {"type": "Point", "coordinates": [-122.1336266, 52.1274355]}, "properties": {"name": "Williams Lake", "count": 50, "href": "/wwc/community/williams-lake/", "has_page": true}}, {"type": "Feature", "geometry": {"type": "Point", "coordinates": [-123.3654168, 48.4267337]}, "properties": {"name": "Victoria", "count": 650, "href": "/wwc/community/victoria/", "has_page": true}}, {"type": "Feature", "geometry": {"type": "Point", "coordinates": [-123.6451385, 48.6605483]}, "properties": {"name": "Shawnigan", "count": 4, "href": "/wwc/#view=all&community=shawnigan", "has_page": false}}, {"type": "Feature", "geometry": {"type": "Point", "coordinates": [-123.75018765, 49.087761099999994]}, "properties": {"name": "Boat Harbour", "count": 4, "href": "/wwc/#view=all&community=boat-harbour", "has_page": false}}, {"type": "Feature", "geometry": {"type": "Point", "coordinates": [-120.35207464999999, 50.67569785]}, "properties": {"name": "Kamloops", "count": 343, "href": "/wwc/community/kamloops/", "has_page": true}}, {"type": "Feature", "geometry": {"type": "Point", "coordinates": [-117.8006379, 49.07729]}, "properties": {"name": "Rossland", "count": 33, "href": "/wwc/community/rossland/", "has_page": true}}, {"type": "Feature", "geometry": {"type": "Point", "coordinates": [-119.45876394999999, 49.885413650000004]}, "properties": {"name": "Kelowna", "count": 432, "href": "/wwc/community/kelowna/", "has_page": true}}, {"type": "Feature", "geometry": {"type": "Point", "coordinates": [-123.428014, 48.4523006]}, "properties": {"name": "View Royal", "count": 25, "href": "/wwc/community/view-royal/", "has_page": true}}, {"type": "Feature", "geometry": {"type": "Point", "coordinates": [-122.6581228, 49.1155269]}, "properties": {"name": "Langley", "count": 503, "href": "/wwc/community/langley/", "has_page": true}}, {"type": "Feature", "geometry": {"type": "Point", "coordinates": [-122.95571344999999, 50.11514195]}, "properties": {"name": "Whistler", "count": 228, "href": "/wwc/community/whistler/", "has_page": true}}, {"type": "Feature", "geometry": {"type": "Point", "coordinates": [-123.34080285, 49.3793772]}, "properties": {"name": "Bowen Island", "count": 62, "href": "/wwc/community/bowen-island/", "has_page": true}}, {"type": "Feature", "geometry": {"type": "Point", "coordinates": [-122.80183405, 49.02254875]}, "properties": {"name": "White Rock", "count": 82, "href": "/wwc/community/white-rock/", "has_page": true}}, {"type": "Feature", "geometry": {"type": "Point", "coordinates": [-123.7006082, 48.7672254]}, "properties": {"name": "Eagle Heights", "count": 4, "href": "/wwc/#view=all&community=eagle-heights", "has_page": false}}, {"type": "Feature", "geometry": {"type": "Point", "coordinates": [-123.8834824, 49.0656491]}, "properties": {"name": "Cassidy", "count": 7, "href": "/wwc/community/cassidy/", "has_page": true}}, {"type": "Feature", "geometry": {"type": "Point", "coordinates": [-123.3729896, 48.4617902]}, "properties": {"name": "Saanich", "count": 191, "href": "/wwc/community/saanich/", "has_page": true}}, {"type": "Feature", "geometry": {"type": "Point", "coordinates": [-123.4764449, 48.792511]}, "properties": {"name": "Fulford Harbour", "count": 5, "href": "/wwc/community/fulford-harbour/", "has_page": true}}, {"type": "Feature", "geometry": {"type": "Point", "coordinates": [-119.6770951, 49.6015654]}, "properties": {"name": "Summerland", "count": 39, "href": "/wwc/community/summerland/", "has_page": true}}, {"type": "Feature", "geometry": {"type": "Point", "coordinates": [-122.8197598, 49.2631012]}, "properties": {"name": "Coquitlam", "count": 260, "href": "/wwc/community/coquitlam/", "has_page": true}}, {"type": "Feature", "geometry": {"type": "Point", "coordinates": [-122.8056242, 50.3190386]}, "properties": {"name": "Pemberton", "count": 32, "href": "/wwc/community/pemberton/", "has_page": true}}, {"type": "Feature", "geometry": {"type": "Point", "coordinates": [-122.9899971, 49.2310832]}, "properties": {"name": "Burnaby", "count": 805, "href": "/wwc/community/burnaby/", "has_page": true}}, {"type": "Feature", "geometry": {"type": "Point", "coordinates": [-123.400522, 48.6490611]}, "properties": {"name": "Sidney", "count": 67, "href": "/wwc/community/sidney/", "has_page": true}}, {"type": "Feature", "geometry": {"type": "Point", "coordinates": [-123.6630826, 48.7373479]}, "properties": {"name": "Cowichan Station", "count": 3, "href": "/wwc/#view=all&community=cowichan-station", "has_page": false}}, {"type": "Feature", "geometry": {"type": "Point", "coordinates": [-123.1562675, 49.3281621]}, "properties": {"name": "West Vancouver", "count": 137, "href": "/wwc/community/west-vancouver/", "has_page": true}}, {"type": "Feature", "geometry": {"type": "Point", "coordinates": [-122.7672054, 49.26187865]}, "properties": {"name": "Port Coquitlam", "count": 146, "href": "/wwc/community/port-coquitlam/", "has_page": true}}, {"type": "Feature", "geometry": {"type": "Point", "coordinates": [-123.0748444, 49.3202752]}, "properties": {"name": "North Vancouver", "count": 415, "href": "/wwc/community/north-vancouver/", "has_page": true}}, {"type": "Feature", "geometry": {"type": "Point", "coordinates": [-117.6565382, 49.3001166]}, "properties": {"name": "Castlegar", "count": 33, "href": "/wwc/community/castlegar/", "has_page": true}}, {"type": "Feature", "geometry": {"type": "Point", "coordinates": [-123.06024719999999, 49.0906446]}, "properties": {"name": "Delta", "count": 258, "href": "/wwc/community/delta/", "has_page": true}}, {"type": "Feature", "geometry": {"type": "Point", "coordinates": [-131.9914297, 53.26162147]}, "properties": {"name": "Skidegate", "count": 7, "href": "/wwc/community/skidegate/", "has_page": true}}, {"type": "Feature", "geometry": {"type": "Point", "coordinates": [-123.6036155, 48.71060401984113]}, "properties": {"name": "Cobble Hill", "count": 11, "href": "/wwc/community/cobble-hill/", "has_page": true}}, {"type": "Feature", "geometry": {"type": "Point", "coordinates": [-122.322729, 49.133581]}, "properties": {"name": "Mission", "count": 98, "href": "/wwc/community/mission/", "has_page": true}}, {"type": "Feature", "geometry": {"type": "Point", "coordinates": [-115.98327205, 49.6858396]}, "properties": {"name": "Kimberley", "count": 43, "href": "/wwc/community/kimberley/", "has_page": true}}, {"type": "Feature", "geometry": {"type": "Point", "coordinates": [-121.8765688, 49.0765276]}, "properties": {"name": "Slesse Park", "count": 9, "href": "/wwc/community/slesse-park/", "has_page": true}}, {"type": "Feature", "geometry": {"type": "Point", "coordinates": [-121.6035565, 49.2498945]}, "properties": {"name": "Cheam View", "count": 3, "href": "/wwc/#view=all&community=cheam-view", "has_page": false}}, {"type": "Feature", "geometry": {"type": "Point", "coordinates": [-123.14908335000001, 49.717452949999995]}, "properties": {"name": "Squamish", "count": 126, "href": "/wwc/community/squamish/", "has_page": true}}, {"type": "Feature", "geometry": {"type": "Point", "coordinates": [-123.9678862, 49.1829511]}, "properties": {"name": "Nanaimo", "count": 364, "href": "/wwc/community/nanaimo/", "has_page": true}}, {"type": "Feature", "geometry": {"type": "Point", "coordinates": [-124.6698305, 49.433705149999994]}, "properties": {"name": "Bowser", "count": 6, "href": "/wwc/community/bowser/", "has_page": true}}, {"type": "Feature", "geometry": {"type": "Point", "coordinates": [-116.9689932, 51.3018492]}, "properties": {"name": "Golden", "count": 78, "href": "/wwc/community/golden/", "has_page": true}}, {"type": "Feature", "geometry": {"type": "Point", "coordinates": [-117.128175, 49.6065053]}, "properties": {"name": "Crescent Bay", "count": 7, "href": "/wwc/community/crescent-bay/", "has_page": true}}, {"type": "Feature", "geometry": {"type": "Point", "coordinates": [-123.5578104, 48.9717546]}, "properties": {"name": "North Galiano", "count": 7, "href": "/wwc/community/north-galiano/", "has_page": true}}, {"type": "Feature", "geometry": {"type": "Point", "coordinates": [-119.6133835, 49.840691379999996]}, "properties": {"name": "West Kelowna", "count": 78, "href": "/wwc/community/west-kelowna/", "has_page": true}}, {"type": "Feature", "geometry": {"type": "Point", "coordinates": [-122.91608049999999, 49.2079969]}, "properties": {"name": "New Westminster", "count": 283, "href": "/wwc/community/new-westminster/", "has_page": true}}, {"type": "Feature", "geometry": {"type": "Point", "coordinates": [-119.58685514999999, 49.5954163]}, "properties": {"name": "Naramata", "count": 12, "href": "/wwc/community/naramata/", "has_page": true}}, {"type": "Feature", "geometry": {"type": "Point", "coordinates": [-116.9047221, 49.9119024]}, "properties": {"name": "Kaslo", "count": 23, "href": "/wwc/community/kaslo/", "has_page": true}}, {"type": "Feature", "geometry": {"type": "Point", "coordinates": [-124.4236285, 49.3045472]}, "properties": {"name": "Coombs", "count": 10, "href": "/wwc/community/coombs/", "has_page": true}}, {"type": "Feature", "geometry": {"type": "Point", "coordinates": [-119.5517726, 49.1792489]}, "properties": {"name": "Oliver", "count": 53, "href": "/wwc/community/oliver/", "has_page": true}}, {"type": "Feature", "geometry": {"type": "Point", "coordinates": [-123.55879995000001, 48.6518772]}, "properties": {"name": "Mill Bay", "count": 20, "href": "/wwc/community/mill-bay/", "has_page": true}}, {"type": "Feature", "geometry": {"type": "Point", "coordinates": [-123.1808944, 48.7923716]}, "properties": {"name": "Saturna", "count": 10, "href": "/wwc/community/saturna/", "has_page": true}}, {"type": "Feature", "geometry": {"type": "Point", "coordinates": [-132.19067925000002, 53.67716145]}, "properties": {"name": "Port Clements", "count": 4, "href": "/wwc/#view=all&community=port-clements", "has_page": false}}, {"type": "Feature", "geometry": {"type": "Point", "coordinates": [-121.2968951, 51.6419018]}, "properties": {"name": "100 Mile House", "count": 23, "href": "/wwc/community/100-mile-house/", "has_page": true}}, {"type": "Feature", "geometry": {"type": "Point", "coordinates": [-120.0566427, 56.1211717]}, "properties": {"name": "Clayhurst", "count": 1, "href": "/wwc/#view=all&community=clayhurst", "has_page": false}}, {"type": "Feature", "geometry": {"type": "Point", "coordinates": [-124.8862696, 49.5835455]}, "properties": {"name": "Union Bay", "count": 5, "href": "/wwc/community/union-bay/", "has_page": true}}, {"type": "Feature", "geometry": {"type": "Point", "coordinates": [-125.5873819, 48.9916875]}, "properties": {"name": "Tlakmaqis", "count": 7, "href": "/wwc/community/tlakmaqis/", "has_page": true}}, {"type": "Feature", "geometry": {"type": "Point", "coordinates": [-125.5481194, 48.9426873]}, "properties": {"name": "Ucluelet", "count": 54, "href": "/wwc/community/ucluelet/", "has_page": true}}, {"type": "Feature", "geometry": {"type": "Point", "coordinates": [-124.298867, 49.3184096]}, "properties": {"name": "Parksville", "count": 69, "href": "/wwc/community/parksville/", "has_page": true}}, {"type": "Feature", "geometry": {"type": "Point", "coordinates": [-126.6632729, 49.9160024]}, "properties": {"name": "Tahsis", "count": 5, "href": "/wwc/community/tahsis/", "has_page": true}}, {"type": "Feature", "geometry": {"type": "Point", "coordinates": [-115.4873078, 49.5372532]}, "properties": {"name": "Fenwick", "count": 1, "href": "/wwc/#view=all&community=fenwick", "has_page": false}}, {"type": "Feature", "geometry": {"type": "Point", "coordinates": [-116.1201572, 51.1100823]}, "properties": {"name": "Vermilion Crossing", "count": 11, "href": "/wwc/community/vermilion-crossing/", "has_page": true}}, {"type": "Feature", "geometry": {"type": "Point", "coordinates": [-121.6812953, 49.3648227]}, "properties": {"name": "Ruby Creek", "count": 3, "href": "/wwc/#view=all&community=ruby-creek", "has_page": false}}, {"type": "Feature", "geometry": {"type": "Point", "coordinates": [-128.02328375000002, 55.112871150000004]}, "properties": {"name": "Kitwanga", "count": 4, "href": "/wwc/#view=all&community=kitwanga", "has_page": false}}, {"type": "Feature", "geometry": {"type": "Point", "coordinates": [-121.786146, 49.3030124]}, "properties": {"name": "Harrison Hot Springs", "count": 39, "href": "/wwc/community/harrison-hot-springs/", "has_page": true}}, {"type": "Feature", "geometry": {"type": "Point", "coordinates": [-121.95956225, 49.143204]}, "properties": {"name": "Chilliwack", "count": 227, "href": "/wwc/community/chilliwack/", "has_page": true}}, {"type": "Feature", "geometry": {"type": "Point", "coordinates": [-123.5006304, 48.8538046]}, "properties": {"name": "Ganges", "count": 41, "href": "/wwc/community/ganges/", "has_page": true}}, {"type": "Feature", "geometry": {"type": "Point", "coordinates": [-114.9201351, 50.0237021]}, "properties": {"name": "Elkford", "count": 7, "href": "/wwc/community/elkford/", "has_page": true}}, {"type": "Feature", "geometry": {"type": "Point", "coordinates": [-117.75971876119036, 49.597952260169265]}, "properties": {"name": "Vallican", "count": 2, "href": "/wwc/#view=all&community=vallican", "has_page": false}}, {"type": "Feature", "geometry": {"type": "Point", "coordinates": [-120.8463396, 56.242459]}, "properties": {"name": "Fort St. John", "count": 115, "href": "/wwc/community/fort-st-john/", "has_page": true}}, {"type": "Feature", "geometry": {"type": "Point", "coordinates": [-115.8558532, 50.33800105]}, "properties": {"name": "Fairmont Hot Springs", "count": 12, "href": "/wwc/community/fairmont-hot-springs/", "has_page": true}}, {"type": "Feature", "geometry": {"type": "Point", "coordinates": [-123.2498274, 49.2659781]}, "properties": {"name": "University Hill", "count": 64, "href": "/wwc/community/university-hill/", "has_page": true}}, {"type": "Feature", "geometry": {"type": "Point", "coordinates": [-123.56382894999999, 48.87886325]}, "properties": {"name": "Vesuvius", "count": 4, "href": "/wwc/#view=all&community=vesuvius", "has_page": false}}, {"type": "Feature", "geometry": {"type": "Point", "coordinates": [-120.22589205, 55.756131350000004]}, "properties": {"name": "Dawson Creek", "count": 54, "href": "/wwc/community/dawson-creek/", "has_page": true}}, {"type": "Feature", "geometry": {"type": "Point", "coordinates": [-119.24105515, 50.230913900000004]}, "properties": {"name": "Coldstream", "count": 6, "href": "/wwc/community/coldstream/", "has_page": true}}, {"type": "Feature", "geometry": {"type": "Point", "coordinates": [-119.36861549933676, 50.45578776167509]}, "properties": {"name": "Glenemma", "count": 1, "href": "/wwc/#view=all&community=glenemma", "has_page": false}}, {"type": "Feature", "geometry": {"type": "Point", "coordinates": [-116.49026885, 51.395149599999996]}, "properties": {"name": "Field", "count": 12, "href": "/wwc/community/field/", "has_page": true}}, {"type": "Feature", "geometry": {"type": "Point", "coordinates": [-124.204823, 48.873518450000006]}, "properties": {"name": "Youbou", "count": 4, "href": "/wwc/#view=all&community=youbou", "has_page": false}}, {"type": "Feature", "geometry": {"type": "Point", "coordinates": [-122.6891143, 49.2248337]}, "properties": {"name": "Pitt Meadows", "count": 47, "href": "/wwc/community/pitt-meadows/", "has_page": true}}, {"type": "Feature", "geometry": {"type": "Point", "coordinates": [-124.9797043, 50.0595409]}, "properties": {"name": "Mansons Landing", "count": 5, "href": "/wwc/community/mansons-landing/", "has_page": true}}, {"type": "Feature", "geometry": {"type": "Point", "coordinates": [-121.7424792, 49.1844944]}, "properties": {"name": "Bridal Falls", "count": 9, "href": "/wwc/community/bridal-falls/", "has_page": true}}, {"type": "Feature", "geometry": {"type": "Point", "coordinates": [-117.4371092, 49.4914182]}, "properties": {"name": "Beasley", "count": 1, "href": "/wwc/#view=all&community=beasley", "has_page": false}}, {"type": "Feature", "geometry": {"type": "Point", "coordinates": [-123.47075365, 48.44006375]}, "properties": {"name": "Colwood", "count": 50, "href": "/wwc/community/colwood/", "has_page": true}}, {"type": "Feature", "geometry": {"type": "Point", "coordinates": [-115.73781145, 49.7869162]}, "properties": {"name": "Wasa", "count": 2, "href": "/wwc/#view=all&community=wasa", "has_page": false}}, {"type": "Feature", "geometry": {"type": "Point", "coordinates": [-117.707013, 49.0955199]}, "properties": {"name": "Trail", "count": 26, "href": "/wwc/community/trail/", "has_page": true}}, {"type": "Feature", "geometry": {"type": "Point", "coordinates": [-115.9423272, 50.7668382]}, "properties": {"name": "Edgewater", "count": 1, "href": "/wwc/#view=all&community=edgewater", "has_page": false}}, {"type": "Feature", "geometry": {"type": "Point", "coordinates": [-127.1690028, 54.7814151]}, "properties": {"name": "Smithers", "count": 43, "href": "/wwc/community/smithers/", "has_page": true}}, {"type": "Feature", "geometry": {"type": "Point", "coordinates": [-123.2985107, 48.8504579]}, "properties": {"name": "Mayne Island", "count": 9, "href": "/wwc/community/mayne-island/", "has_page": true}}, {"type": "Feature", "geometry": {"type": "Point", "coordinates": [-115.756443, 49.5180703]}, "properties": {"name": "Cranbrook", "count": 69, "href": "/wwc/community/cranbrook/", "has_page": true}}, {"type": "Feature", "geometry": {"type": "Point", "coordinates": [-123.622704, 48.6537845]}, "properties": {"name": "Shawnigan Lake", "count": 10, "href": "/wwc/community/shawnigan-lake/", "has_page": true}}, {"type": "Feature", "geometry": {"type": "Point", "coordinates": [-123.52124309999999, 48.93590465]}, "properties": {"name": "Fernwood", "count": 8, "href": "/wwc/community/fernwood/", "has_page": true}}, {"type": "Feature", "geometry": {"type": "Point", "coordinates": [-121.6317891, 55.6964967]}, "properties": {"name": "Chetwynd", "count": 19, "href": "/wwc/community/chetwynd/", "has_page": true}}, {"type": "Feature", "geometry": {"type": "Point", "coordinates": [-123.755835, 49.4721551]}, "properties": {"name": "Sechelt", "count": 66, "href": "/wwc/community/sechelt/", "has_page": true}}, {"type": "Feature", "geometry": {"type": "Point", "coordinates": [-123.37090524999999, 48.77059439999999]}, "properties": {"name": "Beaver Point", "count": 6, "href": "/wwc/community/beaver-point/", "has_page": true}}, {"type": "Feature", "geometry": {"type": "Point", "coordinates": [-119.29937724232819, 50.350035158807216]}, "properties": {"name": "Larkin", "count": 1, "href": "/wwc/#view=all&community=larkin", "has_page": false}}, {"type": "Feature", "geometry": {"type": "Point", "coordinates": [-123.7218049, 48.3791342]}, "properties": {"name": "Sooke", "count": 51, "href": "/wwc/community/sooke/", "has_page": true}}, {"type": "Feature", "geometry": {"type": "Point", "coordinates": [-123.71176715, 48.80219915000001]}, "properties": {"name": "North Cowichan", "count": 66, "href": "/wwc/community/north-cowichan/", "has_page": true}}, {"type": "Feature", "geometry": {"type": "Point", "coordinates": [-119.5075174, 49.9287744]}, "properties": {"name": "Traders Cove", "count": 1, "href": "/wwc/#view=all&community=traders-cove", "has_page": false}}, {"type": "Feature", "geometry": {"type": "Point", "coordinates": [-123.41109399999999, 48.43007795]}, "properties": {"name": "Esquimalt", "count": 50, "href": "/wwc/community/esquimalt/", "has_page": true}}, {"type": "Feature", "geometry": {"type": "Point", "coordinates": [-119.6146226, 49.8366557]}, "properties": {"name": "Westbank", "count": 41, "href": "/wwc/community/westbank/", "has_page": true}}, {"type": "Feature", "geometry": {"type": "Point", "coordinates": [-123.509006, 49.4027492]}, "properties": {"name": "Gibsons", "count": 63, "href": "/wwc/community/gibsons/", "has_page": true}}, {"type": "Feature", "geometry": {"type": "Point", "coordinates": [-123.817598, 48.9937441]}, "properties": {"name": "Ladysmith", "count": 37, "href": "/wwc/community/ladysmith/", "has_page": true}}, {"type": "Feature", "geometry": {"type": "Point", "coordinates": [-123.6425964, 49.421014799999995]}, "properties": {"name": "Roberts Creek", "count": 10, "href": "/wwc/community/roberts-creek/", "has_page": true}}, {"type": "Feature", "geometry": {"type": "Point", "coordinates": [-121.7613601, 49.24371]}, "properties": {"name": "Kent", "count": 13, "href": "/wwc/community/kent/", "has_page": true}}, {"type": "Feature", "geometry": {"type": "Point", "coordinates": [-123.291975, 49.5391446]}, "properties": {"name": "Anvil Island", "count": 1, "href": "/wwc/#view=all&community=anvil-island", "has_page": false}}, {"type": "Feature", "geometry": {"type": "Point", "coordinates": [-121.01508050000001, 51.547693699999996]}, "properties": {"name": "Lone Butte", "count": 6, "href": "/wwc/community/lone-butte/", "has_page": true}}, {"type": "Feature", "geometry": {"type": "Point", "coordinates": [-119.3431501, 50.1851065]}, "properties": {"name": "Kalamalka", "count": 1, "href": "/wwc/#view=all&community=kalamalka", "has_page": false}}, {"type": "Feature", "geometry": {"type": "Point", "coordinates": [-121.9446936, 49.256035100000005]}, "properties": {"name": "Harrison Mills", "count": 12, "href": "/wwc/community/harrison-mills/", "has_page": true}}, {"type": "Feature", "geometry": {"type": "Point", "coordinates": [-120.7813111, 50.112937]}, "properties": {"name": "Merritt", "count": 56, "href": "/wwc/community/merritt/", "has_page": true}}, {"type": "Feature", "geometry": {"type": "Point", "coordinates": [-123.14730349999999, 49.6547273]}, "properties": {"name": "Darrell Bay", "count": 2, "href": "/wwc/#view=all&community=darrell-bay", "has_page": false}}, {"type": "Feature", "geometry": {"type": "Point", "coordinates": [-123.088186, 49.0335204]}, "properties": {"name": "Tsawwassen", "count": 5, "href": "/wwc/community/tsawwassen/", "has_page": true}}, {"type": "Feature", "geometry": {"type": "Point", "coordinates": [-123.2051749, 49.6242412]}, "properties": {"name": "Britannia Beach", "count": 9, "href": "/wwc/community/britannia-beach/", "has_page": true}}, {"type": "Feature", "geometry": {"type": "Point", "coordinates": [-119.3081373, 52.1066717]}, "properties": {"name": "Blue River", "count": 7, "href": "/wwc/community/blue-river/", "has_page": true}}, {"type": "Feature", "geometry": {"type": "Point", "coordinates": [-123.5062695, 48.446954649999995]}, "properties": {"name": "Langford", "count": 121, "href": "/wwc/community/langford/", "has_page": true}}, {"type": "Feature", "geometry": {"type": "Point", "coordinates": [-115.851985, 49.3683653]}, "properties": {"name": "Swansea", "count": 2, "href": "/wwc/#view=all&community=swansea", "has_page": false}}, {"type": "Feature", "geometry": {"type": "Point", "coordinates": [-119.7635001, 49.8160053]}, "properties": {"name": "Trépanier", "count": 1, "href": "/wwc/#view=all&community=tr-panier", "has_page": false}}, {"type": "Feature", "geometry": {"type": "Point", "coordinates": [-117.29285870000001, 49.49253912521253]}, "properties": {"name": "Nelson", "count": 61, "href": "/wwc/community/nelson/", "has_page": true}}, {"type": "Feature", "geometry": {"type": "Point", "coordinates": [-119.18449855, 50.446258650000004]}, "properties": {"name": "Armstrong", "count": 14, "href": "/wwc/community/armstrong/", "has_page": true}}, {"type": "Feature", "geometry": {"type": "Point", "coordinates": [-120.1633496, 53.3021491]}, "properties": {"name": "McBride", "count": 13, "href": "/wwc/community/mcbride/", "has_page": true}}, {"type": "Feature", "geometry": {"type": "Point", "coordinates": [-121.3265377, 50.8114685]}, "properties": {"name": "Cache Creek", "count": 21, "href": "/wwc/community/cache-creek/", "has_page": true}}, {"type": "Feature", "geometry": {"type": "Point", "coordinates": [-124.8068926, 49.2524485]}, "properties": {"name": "Port Alberni", "count": 107, "href": "/wwc/community/port-alberni/", "has_page": true}}, {"type": "Feature", "geometry": {"type": "Point", "coordinates": [-122.9470488, 50.0254149]}, "properties": {"name": "Whistler Creek", "count": 1, "href": "/wwc/#view=all&community=whistler-creek", "has_page": false}}, {"type": "Feature", "geometry": {"type": "Point", "coordinates": [-124.5238631, 49.842938849999996]}, "properties": {"name": "Powell River", "count": 54, "href": "/wwc/community/powell-river/", "has_page": true}}, {"type": "Feature", "geometry": {"type": "Point", "coordinates": [-125.9030681, 49.1504185]}, "properties": {"name": "Tofino", "count": 106, "href": "/wwc/community/tofino/", "has_page": true}}, {"type": "Feature", "geometry": {"type": "Point", "coordinates": [-120.8409834, 50.49220365]}, "properties": {"name": "Logan Lake", "count": 30, "href": "/wwc/community/logan-lake/", "has_page": true}}, {"type": "Feature", "geometry": {"type": "Point", "coordinates": [-130.3243064, 54.3127923]}, "properties": {"name": "Prince Rupert", "count": 65, "href": "/wwc/community/prince-rupert/", "has_page": true}}, {"type": "Feature", "geometry": {"type": "Point", "coordinates": [-115.63317445000001, 49.61712955]}, "properties": {"name": "Fort Steele", "count": 6, "href": "/wwc/community/fort-steele/", "has_page": true}}, {"type": "Feature", "geometry": {"type": "Point", "coordinates": [-125.02825825, 49.61921565]}, "properties": {"name": "Cumberland", "count": 24, "href": "/wwc/community/cumberland/", "has_page": true}}, {"type": "Feature", "geometry": {"type": "Point", "coordinates": [-123.69036349999999, 48.762834049999995]}, "properties": {"name": "Koksilah", "count": 2, "href": "/wwc/#view=all&community=koksilah", "has_page": false}}, {"type": "Feature", "geometry": {"type": "Point", "coordinates": [-124.1758152, 48.8332344]}, "properties": {"name": "Honeymoon Bay", "count": 3, "href": "/wwc/#view=all&community=honeymoon-bay", "has_page": false}}, {"type": "Feature", "geometry": {"type": "Point", "coordinates": [-123.1892337, 49.4795895]}, "properties": {"name": "Brunswick Beach", "count": 1, "href": "/wwc/#view=all&community=brunswick-beach", "has_page": false}}, {"type": "Feature", "geometry": {"type": "Point", "coordinates": [-123.2155924, 49.2644621]}, "properties": {"name": "West Point Grey", "count": 1, "href": "/wwc/#view=all&community=west-point-grey", "has_page": false}}, {"type": "Feature", "geometry": {"type": "Point", "coordinates": [-125.23192585000001, 58.84699865]}, "properties": {"name": "Toad River", "count": 2, "href": "/wwc/#view=all&community=toad-river", "has_page": false}}, {"type": "Feature", "geometry": {"type": "Point", "coordinates": [-118.4423975, 49.032136949999995]}, "properties": {"name": "Grand Forks", "count": 33, "href": "/wwc/community/grand-forks/", "has_page": true}}, {"type": "Feature", "geometry": {"type": "Point", "coordinates": [-130.2128039, 54.234186199999996]}, "properties": {"name": "Port Edward", "count": 2, "href": "/wwc/#view=all&community=port-edward", "has_page": false}}, {"type": "Feature", "geometry": {"type": "Point", "coordinates": [-120.0402148, 51.6514588]}, "properties": {"name": "Clearwater", "count": 46, "href": "/wwc/community/clearwater/", "has_page": true}}, {"type": "Feature", "geometry": {"type": "Point", "coordinates": [-124.4440347, 49.3474349]}, "properties": {"name": "Qualicum Beach", "count": 57, "href": "/wwc/community/qualicum-beach/", "has_page": true}}, {"type": "Feature", "geometry": {"type": "Point", "coordinates": [-124.17344994999999, 49.095458449999995]}, "properties": {"name": "East Wellington", "count": 4, "href": "/wwc/#view=all&community=east-wellington", "has_page": false}}, {"type": "Feature", "geometry": {"type": "Point", "coordinates": [-127.0867529, 50.5889878]}, "properties": {"name": "Port McNeill", "count": 22, "href": "/wwc/community/port-mcneill/", "has_page": true}}, {"type": "Feature", "geometry": {"type": "Point", "coordinates": [-123.71713510000001, 48.919059]}, "properties": {"name": "Chemainus", "count": 4, "href": "/wwc/#view=all&community=chemainus", "has_page": false}}, {"type": "Feature", "geometry": {"type": "Point", "coordinates": [-117.2843001, 49.4649895]}, "properties": {"name": "Mountain Station", "count": 1, "href": "/wwc/#view=all&community=mountain-station", "has_page": false}}, {"type": "Feature", "geometry": {"type": "Point", "coordinates": [-123.4272725, 48.575326399999994]}, "properties": {"name": "Central Saanich", "count": 52, "href": "/wwc/community/central-saanich/", "has_page": true}}, {"type": "Feature", "geometry": {"type": "Point", "coordinates": [-123.4186292, 48.6615864]}, "properties": {"name": "North Saanich", "count": 25, "href": "/wwc/community/north-saanich/", "has_page": true}}, {"type": "Feature", "geometry": {"type": "Point", "coordinates": [-116.5107109, 49.0957244]}, "properties": {"name": "Creston", "count": 51, "href": "/wwc/community/creston/", "has_page": true}}, {"type": "Feature", "geometry": {"type": "Point", "coordinates": [-123.8955533, 48.7725245]}, "properties": {"name": "Paldi", "count": 3, "href": "/wwc/#view=all&community=paldi", "has_page": false}}, {"type": "Feature", "geometry": {"type": "Point", "coordinates": [-127.4923761, 50.721056]}, "properties": {"name": "Port Hardy", "count": 31, "href": "/wwc/community/port-hardy/", "has_page": true}}, {"type": "Feature", "geometry": {"type": "Point", "coordinates": [-121.43635, 49.3786052]}, "properties": {"name": "Hope", "count": 68, "href": "/wwc/community/hope/", "has_page": true}}, {"type": "Feature", "geometry": {"type": "Point", "coordinates": [-123.56496585, 48.54582345]}, "properties": {"name": "Malahat", "count": 6, "href": "/wwc/community/malahat/", "has_page": true}}, {"type": "Feature", "geometry": {"type": "Point", "coordinates": [-123.3148761, 48.426796]}, "properties": {"name": "Oak Bay", "count": 37, "href": "/wwc/community/oak-bay/", "has_page": true}}, {"type": "Feature", "geometry": {"type": "Point", "coordinates": [-119.5919033, 49.3898698]}, "properties": {"name": "Kaleden", "count": 6, "href": "/wwc/community/kaleden/", "has_page": true}}, {"type": "Feature", "geometry": {"type": "Point", "coordinates": [-123.40414235, 48.898295649999994]}, "properties": {"name": "Montague Harbour", "count": 4, "href": "/wwc/#view=all&community=montague-harbour", "has_page": false}}, {"type": "Feature", "geometry": {"type": "Point", "coordinates": [-120.6829238, 56.1526718]}, "properties": {"name": "Taylor", "count": 5, "href": "/wwc/community/taylor/", "has_page": true}}, {"type": "Feature", "geometry": {"type": "Point", "coordinates": [-122.775243, 53.9100427]}, "properties": {"name": "Prince George", "count": 145, "href": "/wwc/community/prince-george/", "has_page": true}}, {"type": "Feature", "geometry": {"type": "Point", "coordinates": [-122.4830582, 49.0586496]}, "properties": {"name": "Aldergrove", "count": 7, "href": "/wwc/community/aldergrove/", "has_page": true}}, {"type": "Feature", "geometry": {"type": "Point", "coordinates": [-119.7370473, 49.7733272]}, "properties": {"name": "Peachland", "count": 19, "href": "/wwc/community/peachland/", "has_page": true}}, {"type": "Feature", "geometry": {"type": "Point", "coordinates": [-120.3360093, 50.6908067]}, "properties": {"name": "Powers Addition", "count": 1, "href": "/wwc/#view=all&community=powers-addition", "has_page": false}}, {"type": "Feature", "geometry": {"type": "Point", "coordinates": [-119.53594335, 49.8797517]}, "properties": {"name": "Westside", "count": 6, "href": "/wwc/community/westside/", "has_page": true}}, {"type": "Feature", "geometry": {"type": "Point", "coordinates": [-119.2202071, 49.98488905000001]}, "properties": {"name": "Ellison", "count": 2, "href": "/wwc/#view=all&community=ellison", "has_page": false}}, {"type": "Feature", "geometry": {"type": "Point", "coordinates": [-132.0738012, 53.254425499999996]}, "properties": {"name": "Daajing Giids", "count": 22, "href": "/wwc/community/daajing-giids/", "has_page": true}}, {"type": "Feature", "geometry": {"type": "Point", "coordinates": [-123.2269877, 48.74674054]}, "properties": {"name": "Bedwell Harbour", "count": 3, "href": "/wwc/#view=all&community=bedwell-harbour", "has_page": false}}, {"type": "Feature", "geometry": {"type": "Point", "coordinates": [-124.9905222, 49.6890748]}, "properties": {"name": "Courtenay", "count": 163, "href": "/wwc/community/courtenay/", "has_page": true}}, {"type": "Feature", "geometry": {"type": "Point", "coordinates": [-126.928095, 50.5853915]}, "properties": {"name": "Alert Bay", "count": 17, "href": "/wwc/community/alert-bay/", "has_page": true}}, {"type": "Feature", "geometry": {"type": "Point", "coordinates": [-123.7812118, 49.15235319999999]}, "properties": {"name": "Gabriola Island", "count": 2, "href": "/wwc/#view=all&community=gabriola-island", "has_page": false}}, {"type": "Feature", "geometry": {"type": "Point", "coordinates": [-120.5086567, 49.4586087]}, "properties": {"name": "Princeton", "count": 37, "href": "/wwc/community/princeton/", "has_page": true}}, {"type": "Feature", "geometry": {"type": "Point", "coordinates": [-124.1970992, 49.2726226]}, "properties": {"name": "Nanoose Bay", "count": 11, "href": "/wwc/community/nanoose-bay/", "has_page": true}}, {"type": "Feature", "geometry": {"type": "Point", "coordinates": [-122.54681310000001, 57.05591855]}, "properties": {"name": "Pink Mountain", "count": 6, "href": "/wwc/community/pink-mountain/", "has_page": true}}, {"type": "Feature", "geometry": {"type": "Point", "coordinates": [-117.80328685, 50.2397787]}, "properties": {"name": "Nakusp", "count": 14, "href": "/wwc/community/nakusp/", "has_page": true}}, {"type": "Feature", "geometry": {"type": "Point", "coordinates": [-129.9942692, 55.9361557]}, "properties": {"name": "Stewart", "count": 13, "href": "/wwc/community/stewart/", "has_page": true}}, {"type": "Feature", "geometry": {"type": "Point", "coordinates": [-124.0550959, 48.4272813]}, "properties": {"name": "River Jordan", "count": 11, "href": "/wwc/community/river-jordan/", "has_page": true}}, {"type": "Feature", "geometry": {"type": "Point", "coordinates": [-126.5488705, 52.3911389]}, "properties": {"name": "Hagensborg", "count": 11, "href": "/wwc/community/hagensborg/", "has_page": true}}, {"type": "Feature", "geometry": {"type": "Point", "coordinates": [-127.4874646, 50.4265749]}, "properties": {"name": "Port Alice", "count": 3, "href": "/wwc/#view=all&community=port-alice", "has_page": false}}, {"type": "Feature", "geometry": {"type": "Point", "coordinates": [-122.9670831, 49.4373649]}, "properties": {"name": "Wigwam Inn", "count": 1, "href": "/wwc/#view=all&community=wigwam-inn", "has_page": false}}, {"type": "Feature", "geometry": {"type": "Point", "coordinates": [-123.2377141, 49.5519284]}, "properties": {"name": "Porteau", "count": 1, "href": "/wwc/#view=all&community=porteau", "has_page": false}}, {"type": "Feature", "geometry": {"type": "Point", "coordinates": [-124.845217, 54.0560301]}, "properties": {"name": "Fraser Lake", "count": 9, "href": "/wwc/community/fraser-lake/", "has_page": true}}, {"type": "Feature", "geometry": {"type": "Point", "coordinates": [-129.5912698, 55.0302886]}, "properties": {"name": "Lax̱g̱altsʼap", "count": 1, "href": "/wwc/#view=all&community=lax-g-alts-ap", "has_page": false}}, {"type": "Feature", "geometry": {"type": "Point", "coordinates": [-123.2779365, 49.3904883]}, "properties": {"name": "Horseshoe Bay", "count": 1, "href": "/wwc/#view=all&community=horseshoe-bay", "has_page": false}}, {"type": "Feature", "geometry": {"type": "Point", "coordinates": [-122.5998873, 49.219047]}, "properties": {"name": "Maple Ridge", "count": 189, "href": "/wwc/community/maple-ridge/", "has_page": true}}, {"type": "Feature", "geometry": {"type": "Point", "coordinates": [-125.20990215, 50.04107985]}, "properties": {"name": "Quathiaski Cove", "count": 12, "href": "/wwc/community/quathiaski-cove/", "has_page": true}}, {"type": "Feature", "geometry": {"type": "Point", "coordinates": [-119.5285672, 49.23665245]}, "properties": {"name": "Eagle Bluff", "count": 18, "href": "/wwc/community/eagle-bluff/", "has_page": true}}, {"type": "Feature", "geometry": {"type": "Point", "coordinates": [-120.14191615, 50.7254462]}, "properties": {"name": "Dallas", "count": 2, "href": "/wwc/#view=all&community=dallas", "has_page": false}}, {"type": "Feature", "geometry": {"type": "Point", "coordinates": [-123.80000154999999, 48.7637223]}, "properties": {"name": "Sahtlam", "count": 2, "href": "/wwc/#view=all&community=sahtlam", "has_page": false}}, {"type": "Feature", "geometry": {"type": "Point", "coordinates": [-119.4629486, 49.0324885]}, "properties": {"name": "Osoyoos", "count": 71, "href": "/wwc/community/osoyoos/", "has_page": true}}, {"type": "Feature", "geometry": {"type": "Point", "coordinates": [-123.70183904999999, 48.77818345]}, "properties": {"name": "Duncan", "count": 55, "href": "/wwc/community/duncan/", "has_page": true}}, {"type": "Feature", "geometry": {"type": "Point", "coordinates": [-117.469173, 49.7641594]}, "properties": {"name": "Slocan", "count": 5, "href": "/wwc/community/slocan/", "has_page": true}}, {"type": "Feature", "geometry": {"type": "Point", "coordinates": [-123.93890995000001, 48.3942454]}, "properties": {"name": "Shirley", "count": 4, "href": "/wwc/#view=all&community=shirley", "has_page": false}}, {"type": "Feature", "geometry": {"type": "Point", "coordinates": [-119.5709199, 49.3411222]}, "properties": {"name": "Okanagan Falls", "count": 13, "href": "/wwc/community/okanagan-falls/", "has_page": true}}, {"type": "Feature", "geometry": {"type": "Point", "coordinates": [-122.5973506, 50.2930667]}, "properties": {"name": "Mount Currie", "count": 8, "href": "/wwc/community/mount-currie/", "has_page": true}}, {"type": "Feature", "geometry": {"type": "Point", "coordinates": [-123.5290771, 48.58909645]}, "properties": {"name": "Bamberton", "count": 2, "href": "/wwc/#view=all&community=bamberton", "has_page": false}}, {"type": "Feature", "geometry": {"type": "Point", "coordinates": [-123.2752423, 48.779208]}, "properties": {"name": "Pender Island", "count": 18, "href": "/wwc/community/pender-island/", "has_page": true}}, {"type": "Feature", "geometry": {"type": "Point", "coordinates": [-119.2098923, 50.4263313]}, "properties": {"name": "Spallumcheen", "count": 2, "href": "/wwc/#view=all&community=spallumcheen", "has_page": false}}, {"type": "Feature", "geometry": {"type": "Point", "coordinates": [-118.972999, 50.8381605]}, "properties": {"name": "Sicamous", "count": 20, "href": "/wwc/community/sicamous/", "has_page": true}}, {"type": "Feature", "geometry": {"type": "Point", "coordinates": [-123.8465016, 49.1743038]}, "properties": {"name": "Gabriola", "count": 14, "href": "/wwc/community/gabriola/", "has_page": true}}, {"type": "Feature", "geometry": {"type": "Point", "coordinates": [-123.7791973, 48.9576684]}, "properties": {"name": "Saltair", "count": 1, "href": "/wwc/#view=all&community=saltair", "has_page": false}}, {"type": "Feature", "geometry": {"type": "Point", "coordinates": [-116.9152782, 49.6866575]}, "properties": {"name": "Queens Bay", "count": 1, "href": "/wwc/#view=all&community=queens-bay", "has_page": false}}, {"type": "Feature", "geometry": {"type": "Point", "coordinates": [-123.5531151340596, 48.68724607828086]}, "properties": {"name": "Arbutus Ridge", "count": 4, "href": "/wwc/#view=all&community=arbutus-ridge", "has_page": false}}, {"type": "Feature", "geometry": {"type": "Point", "coordinates": [-117.3615119, 49.9503076]}, "properties": {"name": "Silverton", "count": 3, "href": "/wwc/#view=all&community=silverton", "has_page": false}}, {"type": "Feature", "geometry": {"type": "Point", "coordinates": [-123.670043, 48.9885241]}, "properties": {"name": "Thetis Island", "count": 3, "href": "/wwc/#view=all&community=thetis-island", "has_page": false}}, {"type": "Feature", "geometry": {"type": "Point", "coordinates": [-125.0587375, 49.8094355]}, "properties": {"name": "Merville", "count": 2, "href": "/wwc/#view=all&community=merville", "has_page": false}}, {"type": "Feature", "geometry": {"type": "Point", "coordinates": [-117.03165345, 50.238119499999996]}, "properties": {"name": "Meadow Creek", "count": 4, "href": "/wwc/#view=all&community=meadow-creek", "has_page": false}}, {"type": "Feature", "geometry": {"type": "Point", "coordinates": [-122.84110240000001, 50.9773659]}, "properties": {"name": "Gold Bridge", "count": 16, "href": "/wwc/community/gold-bridge/", "has_page": true}}, {"type": "Feature", "geometry": {"type": "Point", "coordinates": [-123.311043, 48.7842395]}, "properties": {"name": "Otter Bay", "count": 1, "href": "/wwc/#view=all&community=otter-bay", "has_page": false}}, {"type": "Feature", "geometry": {"type": "Point", "coordinates": [-126.1059405, 59.4253433]}, "properties": {"name": "Liard River", "count": 3, "href": "/wwc/#view=all&community=liard-river", "has_page": false}}, {"type": "Feature", "geometry": {"type": "Point", "coordinates": [-118.54270885, 50.2449369]}, "properties": {"name": "Cherryville", "count": 12, "href": "/wwc/community/cherryville/", "has_page": true}}, {"type": "Feature", "geometry": {"type": "Point", "coordinates": [-119.61173055, 49.45350515]}, "properties": {"name": "West Bench", "count": 4, "href": "/wwc/#view=all&community=west-bench", "has_page": false}}, {"type": "Feature", "geometry": {"type": "Point", "coordinates": [-123.510067, 48.7534335]}, "properties": {"name": "Musgrave Landing", "count": 1, "href": "/wwc/#view=all&community=musgrave-landing", "has_page": false}}, {"type": "Feature", "geometry": {"type": "Point", "coordinates": [-132.1477344, 54.01168365]}, "properties": {"name": "Masset", "count": 12, "href": "/wwc/community/masset/", "has_page": true}}, {"type": "Feature", "geometry": {"type": "Point", "coordinates": [-120.223399, 51.0112066]}, "properties": {"name": "McLure", "count": 1, "href": "/wwc/#view=all&community=mclure", "has_page": false}}, {"type": "Feature", "geometry": {"type": "Point", "coordinates": [-121.9130907, 56.0283013]}, "properties": {"name": "Hudson's Hope", "count": 13, "href": "/wwc/community/hudson-s-hope/", "has_page": true}}, {"type": "Feature", "geometry": {"type": "Point", "coordinates": [-123.3346231, 48.8855437]}, "properties": {"name": "Galiano", "count": 7, "href": "/wwc/community/galiano/", "has_page": true}}, {"type": "Feature", "geometry": {"type": "Point", "coordinates": [-120.8094619, 49.2784447]}, "properties": {"name": "Eastgate", "count": 3, "href": "/wwc/#view=all&community=eastgate", "has_page": false}}, {"type": "Feature", "geometry": {"type": "Point", "coordinates": [-129.3096632, 56.0996584]}, "properties": {"name": "Meziadin Junction", "count": 3, "href": "/wwc/#view=all&community=meziadin-junction", "has_page": false}}, {"type": "Feature", "geometry": {"type": "Point", "coordinates": [-127.3274869, 55.0146965]}, "properties": {"name": "Witset", "count": 1, "href": "/wwc/#view=all&community=witset", "has_page": false}}, {"type": "Feature", "geometry": {"type": "Point", "coordinates": [-123.4752446, 48.5639945]}, "properties": {"name": "Brentwood Bay", "count": 1, "href": "/wwc/#view=all&community=brentwood-bay", "has_page": false}}, {"type": "Feature", "geometry": {"type": "Point", "coordinates": [-125.2462714, 50.0255408]}, "properties": {"name": "Campbell River", "count": 135, "href": "/wwc/community/campbell-river/", "has_page": true}}, {"type": "Feature", "geometry": {"type": "Point", "coordinates": [-125.9208466, 50.3160532]}, "properties": {"name": "Sayward", "count": 5, "href": "/wwc/community/sayward/", "has_page": true}}, {"type": "Feature", "geometry": {"type": "Point", "coordinates": [-119.5038583, 50.1411116]}, "properties": {"name": "Fintry", "count": 1, "href": "/wwc/#view=all&community=fintry", "has_page": false}}, {"type": "Feature", "geometry": {"type": "Point", "coordinates": [-119.13887725794156, 50.550499900000005]}, "properties": {"name": "Enderby", "count": 14, "href": "/wwc/community/enderby/", "has_page": true}}, {"type": "Feature", "geometry": {"type": "Point", "coordinates": [-119.8314445, 49.2051551]}, "properties": {"name": "Keremeos", "count": 29, "href": "/wwc/community/keremeos/", "has_page": true}}, {"type": "Feature", "geometry": {"type": "Point", "coordinates": [-122.856326, 49.3213833]}, "properties": {"name": "Anmore", "count": 3, "href": "/wwc/#view=all&community=anmore", "has_page": false}}, {"type": "Feature", "geometry": {"type": "Point", "coordinates": [-123.3772635, 48.721446400000005]}, "properties": {"name": "Swartz Bay", "count": 2, "href": "/wwc/#view=all&community=swartz-bay", "has_page": false}}, {"type": "Feature", "geometry": {"type": "Point", "coordinates": [-120.5505145, 50.8032342]}, "properties": {"name": "Frederick", "count": 1, "href": "/wwc/#view=all&community=frederick", "has_page": false}}, {"type": "Feature", "geometry": {"type": "Point", "coordinates": [-121.77660870313146, 49.194660584344554]}, "properties": {"name": "Rosedale", "count": 1, "href": "/wwc/#view=all&community=rosedale", "has_page": false}}, {"type": "Feature", "geometry": {"type": "Point", "coordinates": [-114.88417755, 49.73181805]}, "properties": {"name": "Sparwood", "count": 12, "href": "/wwc/community/sparwood/", "has_page": true}}, {"type": "Feature", "geometry": {"type": "Point", "coordinates": [-119.2765336, 52.8319159]}, "properties": {"name": "Valemount", "count": 33, "href": "/wwc/community/valemount/", "has_page": true}}, {"type": "Feature", "geometry": {"type": "Point", "coordinates": [-118.19793, 51.0001511]}, "properties": {"name": "Revelstoke", "count": 87, "href": "/wwc/community/revelstoke/", "has_page": true}}, {"type": "Feature", "geometry": {"type": "Point", "coordinates": [-119.2276247, 50.314989350000005]}, "properties": {"name": "Kedleston", "count": 2, "href": "/wwc/#view=all&community=kedleston", "has_page": false}}, {"type": "Feature", "geometry": {"type": "Point", "coordinates": [-123.6509909, 48.5003056]}, "properties": {"name": "Leechtown", "count": 1, "href": "/wwc/#view=all&community=leechtown", "has_page": false}}, {"type": "Feature", "geometry": {"type": "Point", "coordinates": [-121.0026593, 56.3059159]}, "properties": {"name": "Charlie Lake", "count": 9, "href": "/wwc/community/charlie-lake/", "has_page": true}}, {"type": "Feature", "geometry": {"type": "Point", "coordinates": [-122.8631779, 50.0255413]}, "properties": {"name": "Blackcomb", "count": 1, "href": "/wwc/#view=all&community=blackcomb", "has_page": false}}, {"type": "Feature", "geometry": {"type": "Point", "coordinates": [-119.53543719999999, 49.691199850000004]}, "properties": {"name": "Chute Lake", "count": 2, "href": "/wwc/#view=all&community=chute-lake", "has_page": false}}, {"type": "Feature", "geometry": {"type": "Point", "coordinates": [-120.03797134999999, 50.74077725]}, "properties": {"name": "Pinantan Lake", "count": 4, "href": "/wwc/#view=all&community=pinantan-lake", "has_page": false}}, {"type": "Feature", "geometry": {"type": "Point", "coordinates": [-120.5215593, 50.459731]}, "properties": {"name": "Lac Le Jeune", "count": 5, "href": "/wwc/community/lac-le-jeune/", "has_page": true}}, {"type": "Feature", "geometry": {"type": "Point", "coordinates": [-123.3473979, 48.890647]}, "properties": {"name": "Galiano Island", "count": 6, "href": "/wwc/community/galiano-island/", "has_page": true}}, {"type": "Feature", "geometry": {"type": "Point", "coordinates": [-129.9912697, 58.4377156]}, "properties": {"name": "Dease Lake", "count": 9, "href": "/wwc/community/dease-lake/", "has_page": true}}, {"type": "Feature", "geometry": {"type": "Point", "coordinates": [-116.07044795, 50.62144445]}, "properties": {"name": "Radium Hot Springs", "count": 38, "href": "/wwc/community/radium-hot-springs/", "has_page": true}}, {"type": "Feature", "geometry": {"type": "Point", "coordinates": [-121.0011002, 55.12468065]}, "properties": {"name": "Tumbler Ridge", "count": 18, "href": "/wwc/community/tumbler-ridge/", "has_page": true}}, {"type": "Feature", "geometry": {"type": "Point", "coordinates": [-119.7335645, 49.6900688]}, "properties": {"name": "Greata", "count": 5, "href": "/wwc/community/greata/", "has_page": true}}, {"type": "Feature", "geometry": {"type": "Point", "coordinates": [-117.0008141, 49.6181985]}, "properties": {"name": "Sunshine Bay", "count": 1, "href": "/wwc/#view=all&community=sunshine-bay", "has_page": false}}, {"type": "Feature", "geometry": {"type": "Point", "coordinates": [-124.81687035, 49.53512765]}, "properties": {"name": "Denman Island", "count": 10, "href": "/wwc/community/denman-island/", "has_page": true}}, {"type": "Feature", "geometry": {"type": "Point", "coordinates": [-115.84822825, 49.34763275]}, "properties": {"name": "Moyie", "count": 4, "href": "/wwc/#view=all&community=moyie", "has_page": false}}, {"type": "Feature", "geometry": {"type": "Point", "coordinates": [-117.5730214, 49.5974058]}, "properties": {"name": "Lebahdo", "count": 1, "href": "/wwc/#view=all&community=lebahdo", "has_page": false}}, {"type": "Feature", "geometry": {"type": "Point", "coordinates": [-121.4420125, 49.8693099]}, "properties": {"name": "Boston Bar", "count": 11, "href": "/wwc/community/boston-bar/", "has_page": true}}, {"type": "Feature", "geometry": {"type": "Point", "coordinates": [-122.011971, 49.0364501]}, "properties": {"name": "Lindell Beach", "count": 3, "href": "/wwc/#view=all&community=lindell-beach", "has_page": false}}, {"type": "Feature", "geometry": {"type": "Point", "coordinates": [-123.27445405, 49.9146525]}, "properties": {"name": "Swift", "count": 6, "href": "/wwc/community/swift/", "has_page": true}}, {"type": "Feature", "geometry": {"type": "Point", "coordinates": [-116.0582205, 49.06651115]}, "properties": {"name": "Yahk", "count": 4, "href": "/wwc/#view=all&community=yahk", "has_page": false}}, {"type": "Feature", "geometry": {"type": "Point", "coordinates": [-119.8336727, 50.5037464]}, "properties": {"name": "Monte Lake", "count": 2, "href": "/wwc/#view=all&community=monte-lake", "has_page": false}}, {"type": "Feature", "geometry": {"type": "Point", "coordinates": [-122.9968396, 49.9965002]}, "properties": {"name": "Brandywine", "count": 1, "href": "/wwc/#view=all&community=brandywine", "has_page": false}}, {"type": "Feature", "geometry": {"type": "Point", "coordinates": [-121.7628391, 49.2382229]}, "properties": {"name": "Agassiz", "count": 7, "href": "/wwc/community/agassiz/", "has_page": true}}, {"type": "Feature", "geometry": {"type": "Point", "coordinates": [-131.82289035000002, 53.2408939]}, "properties": {"name": "Sandspit", "count": 8, "href": "/wwc/community/sandspit/", "has_page": true}}, {"type": "Feature", "geometry": {"type": "Point", "coordinates": [-119.3123395, 49.8025469]}, "properties": {"name": "Myra", "count": 3, "href": "/wwc/#view=all&community=myra", "has_page": false}}, {"type": "Feature", "geometry": {"type": "Point", "coordinates": [-123.183189, 50.1921491]}, "properties": {"name": "Alpine Meadows", "count": 1, "href": "/wwc/#view=all&community=alpine-meadows", "has_page": false}}, {"type": "Feature", "geometry": {"type": "Point", "coordinates": [-124.6702923, 49.52435615]}, "properties": {"name": "Hornby Island", "count": 10, "href": "/wwc/community/hornby-island/", "has_page": true}}, {"type": "Feature", "geometry": {"type": "Point", "coordinates": [-127.0177595, 50.6274223]}, "properties": {"name": "Sointula", "count": 8, "href": "/wwc/community/sointula/", "has_page": true}}, {"type": "Feature", "geometry": {"type": "Point", "coordinates": [-121.43065945000001, 49.563718699999995]}, "properties": {"name": "Yale", "count": 2, "href": "/wwc/#view=all&community=yale", "has_page": false}}, {"type": "Feature", "geometry": {"type": "Point", "coordinates": [-123.316808, 48.8331052]}, "properties": {"name": "Village Bay", "count": 1, "href": "/wwc/#view=all&community=village-bay", "has_page": false}}, {"type": "Feature", "geometry": {"type": "Point", "coordinates": [-123.87788090000001, 49.115329349999996]}, "properties": {"name": "South Wellington", "count": 2, "href": "/wwc/#view=all&community=south-wellington", "has_page": false}}, {"type": "Feature", "geometry": {"type": "Point", "coordinates": [-119.0591496, 50.3593777]}, "properties": {"name": "Silver Star", "count": 5, "href": "/wwc/community/silver-star/", "has_page": true}}, {"type": "Feature", "geometry": {"type": "Point", "coordinates": [-123.5362881, 48.3792531]}, "properties": {"name": "Metchosin", "count": 7, "href": "/wwc/community/metchosin/", "has_page": true}}, {"type": "Feature", "geometry": {"type": "Point", "coordinates": [-119.3716008, 49.9685898]}, "properties": {"name": "Postill", "count": 1, "href": "/wwc/#view=all&community=postill", "has_page": false}}, {"type": "Feature", "geometry": {"type": "Point", "coordinates": [-123.7476643, 48.755167099999994]}, "properties": {"name": "Deerholme", "count": 2, "href": "/wwc/#view=all&community=deerholme", "has_page": false}}, {"type": "Feature", "geometry": {"type": "Point", "coordinates": [-124.0630674, 49.2035091]}, "properties": {"name": "Wellington", "count": 1, "href": "/wwc/#view=all&community=wellington", "has_page": false}}, {"type": "Feature", "geometry": {"type": "Point", "coordinates": [-121.682694, 54.0260477]}, "properties": {"name": "Sinclair Mills", "count": 3, "href": "/wwc/#view=all&community=sinclair-mills", "has_page": false}}, {"type": "Feature", "geometry": {"type": "Point", "coordinates": [-125.34310685, 48.96766045]}, "properties": {"name": "Salmon Beach", "count": 2, "href": "/wwc/#view=all&community=salmon-beach", "has_page": false}}, {"type": "Feature", "geometry": {"type": "Point", "coordinates": [-123.273554, 48.5676302]}, "properties": {"name": "Cordova Bay", "count": 1, "href": "/wwc/#view=all&community=cordova-bay", "has_page": false}}, {"type": "Feature", "geometry": {"type": "Point", "coordinates": [-123.88689960315405, 49.12594196253231]}, "properties": {"name": "Starks", "count": 1, "href": "/wwc/#view=all&community=starks", "has_page": false}}, {"type": "Feature", "geometry": {"type": "Point", "coordinates": [-121.9355152, 50.69175225]}, "properties": {"name": "Lillooet", "count": 34, "href": "/wwc/community/lillooet/", "has_page": true}}, {"type": "Feature", "geometry": {"type": "Point", "coordinates": [-119.6906376, 50.8155485]}, "properties": {"name": "Chase", "count": 15, "href": "/wwc/community/chase/", "has_page": true}}, {"type": "Feature", "geometry": {"type": "Point", "coordinates": [-118.9645241, 50.2478432]}, "properties": {"name": "Lumby", "count": 13, "href": "/wwc/community/lumby/", "has_page": true}}, {"type": "Feature", "geometry": {"type": "Point", "coordinates": [-124.36544895, 48.908348950000004]}, "properties": {"name": "Caycuse", "count": 6, "href": "/wwc/community/caycuse/", "has_page": true}}, {"type": "Feature", "geometry": {"type": "Point", "coordinates": [-120.1640419, 50.4781521]}, "properties": {"name": "Brigade Lake", "count": 2, "href": "/wwc/#view=all&community=brigade-lake", "has_page": false}}, {"type": "Feature", "geometry": {"type": "Point", "coordinates": [-122.08026, 49.18977]}, "properties": {"name": "Deroche", "count": 5, "href": "/wwc/community/deroche/", "has_page": true}}, {"type": "Feature", "geometry": {"type": "Point", "coordinates": [-126.6513856, 54.3980057]}, "properties": {"name": "Houston", "count": 23, "href": "/wwc/community/houston/", "has_page": true}}, {"type": "Feature", "geometry": {"type": "Point", "coordinates": [-117.49337196350098, 49.69639493144182]}, "properties": {"name": "Lemon Creek", "count": 3, "href": "/wwc/#view=all&community=lemon-creek", "has_page": false}}, {"type": "Feature", "geometry": {"type": "Point", "coordinates": [-121.7345063, 49.1933257]}, "properties": {"name": "Popkum", "count": 1, "href": "/wwc/#view=all&community=popkum", "has_page": false}}, {"type": "Feature", "geometry": {"type": "Point", "coordinates": [-120.1459451, 50.4883771]}, "properties": {"name": "Bestwick", "count": 1, "href": "/wwc/#view=all&community=bestwick", "has_page": false}}, {"type": "Feature", "geometry": {"type": "Point", "coordinates": [-123.5926372, 53.9118683]}, "properties": {"name": "Cluculz Lake", "count": 1, "href": "/wwc/#view=all&community=cluculz-lake", "has_page": false}}, {"type": "Feature", "geometry": {"type": "Point", "coordinates": [-123.6467566, 48.722644700000004]}, "properties": {"name": "Hillbank", "count": 2, "href": "/wwc/#view=all&community=hillbank", "has_page": false}}, {"type": "Feature", "geometry": {"type": "Point", "coordinates": [-126.04954095, 49.7792368]}, "properties": {"name": "Gold River", "count": 10, "href": "/wwc/community/gold-river/", "has_page": true}}, {"type": "Feature", "geometry": {"type": "Point", "coordinates": [-126.59467955, 50.21298675]}, "properties": {"name": "Woss", "count": 4, "href": "/wwc/#view=all&community=woss", "has_page": false}}, {"type": "Feature", "geometry": {"type": "Point", "coordinates": [-125.76150559999999, 54.2279886]}, "properties": {"name": "Burns Lake", "count": 20, "href": "/wwc/community/burns-lake/", "has_page": true}}, {"type": "Feature", "geometry": {"type": "Point", "coordinates": [-117.8838414, 49.9865566]}, "properties": {"name": "Burton", "count": 2, "href": "/wwc/#view=all&community=burton", "has_page": false}}, {"type": "Feature", "geometry": {"type": "Point", "coordinates": [-123.0776366, 49.9515906]}, "properties": {"name": "Garibaldi", "count": 1, "href": "/wwc/#view=all&community=garibaldi", "has_page": false}}, {"type": "Feature", "geometry": {"type": "Point", "coordinates": [-121.4545169, 49.881934]}, "properties": {"name": "North Bend", "count": 3, "href": "/wwc/#view=all&community=north-bend", "has_page": false}}, {"type": "Feature", "geometry": {"type": "Point", "coordinates": [-126.93161950000001, 49.763352499999996]}, "properties": {"name": "Nuchatlitz", "count": 4, "href": "/wwc/#view=all&community=nuchatlitz", "has_page": false}}, {"type": "Feature", "geometry": {"type": "Point", "coordinates": [-126.755724, 52.3713506]}, "properties": {"name": "Bella Coola", "count": 14, "href": "/wwc/community/bella-coola/", "has_page": true}}, {"type": "Feature", "geometry": {"type": "Point", "coordinates": [-120.7229041, 51.4693977]}, "properties": {"name": "Bridge Lake", "count": 5, "href": "/wwc/community/bridge-lake/", "has_page": true}}, {"type": "Feature", "geometry": {"type": "Point", "coordinates": [-127.04565554999999, 54.70221375]}, "properties": {"name": "Telkwa", "count": 4, "href": "/wwc/#view=all&community=telkwa", "has_page": false}}, {"type": "Feature", "geometry": {"type": "Point", "coordinates": [-123.197639, 49.2544087]}, "properties": {"name": "Dunbar-Southlands", "count": 1, "href": "/wwc/#view=all&community=dunbar-southlands", "has_page": false}}, {"type": "Feature", "geometry": {"type": "Point", "coordinates": [-123.081933, 48.973265]}, "properties": {"name": "Tsawwassen Beach", "count": 1, "href": "/wwc/#view=all&community=tsawwassen-beach", "has_page": false}}, {"type": "Feature", "geometry": {"type": "Point", "coordinates": [-129.95643489999998, 54.9988683]}, "properties": {"name": "Gingolx", "count": 2, "href": "/wwc/#view=all&community=gingolx", "has_page": false}}, {"type": "Feature", "geometry": {"type": "Point", "coordinates": [-121.2143104, 51.0685021]}, "properties": {"name": "Loon Lake", "count": 3, "href": "/wwc/#view=all&community=loon-lake", "has_page": false}}, {"type": "Feature", "geometry": {"type": "Point", "coordinates": [-124.5588214, 49.7607717]}, "properties": {"name": "Van Anda", "count": 1, "href": "/wwc/#view=all&community=van-anda", "has_page": false}}, {"type": "Feature", "geometry": {"type": "Point", "coordinates": [-115.75860635000001, 49.586542699999995]}, "properties": {"name": "St. Eugene Mission", "count": 2, "href": "/wwc/#view=all&community=st-eugene-mission", "has_page": false}}, {"type": "Feature", "geometry": {"type": "Point", "coordinates": [-115.45398660000001, 49.471180399999994]}, "properties": {"name": "Bull River", "count": 2, "href": "/wwc/#view=all&community=bull-river", "has_page": false}}, {"type": "Feature", "geometry": {"type": "Point", "coordinates": [-123.9301002, 49.0777638]}, "properties": {"name": "Extension", "count": 1, "href": "/wwc/#view=all&community=extension", "has_page": false}}, {"type": "Feature", "geometry": {"type": "Point", "coordinates": [-121.9592699, 51.311037]}, "properties": {"name": "Jesmond", "count": 5, "href": "/wwc/community/jesmond/", "has_page": true}}, {"type": "Feature", "geometry": {"type": "Point", "coordinates": [-122.3848178, 49.127906]}, "properties": {"name": "Mount Lehman", "count": 1, "href": "/wwc/#view=all&community=mount-lehman", "has_page": false}}, {"type": "Feature", "geometry": {"type": "Point", "coordinates": [-121.1621307, 51.441172]}, "properties": {"name": "70 Mile House", "count": 3, "href": "/wwc/#view=all&community=70-mile-house", "has_page": false}}, {"type": "Feature", "geometry": {"type": "Point", "coordinates": [-116.0273502, 50.5041815]}, "properties": {"name": "Invermere", "count": 22, "href": "/wwc/community/invermere/", "has_page": true}}, {"type": "Feature", "geometry": {"type": "Point", "coordinates": [-122.9878987, 49.788238]}, "properties": {"name": "Eagle Run", "count": 1, "href": "/wwc/#view=all&community=eagle-run", "has_page": false}}, {"type": "Feature", "geometry": {"type": "Point", "coordinates": [-123.0859233, 49.0392825]}, "properties": {"name": "Beach Grove", "count": 43, "href": "/wwc/community/beach-grove/", "has_page": true}}, {"type": "Feature", "geometry": {"type": "Point", "coordinates": [-118.2079928, 49.0430906]}, "properties": {"name": "Christina Lake", "count": 13, "href": "/wwc/community/christina-lake/", "has_page": true}}, {"type": "Feature", "geometry": {"type": "Point", "coordinates": [-124.6332037, 54.06189895]}, "properties": {"name": "Fort Fraser", "count": 2, "href": "/wwc/#view=all&community=fort-fraser", "has_page": false}}, {"type": "Feature", "geometry": {"type": "Point", "coordinates": [-124.1210388, 49.2524161]}, "properties": {"name": "Jayem", "count": 3, "href": "/wwc/#view=all&community=jayem", "has_page": false}}, {"type": "Feature", "geometry": {"type": "Point", "coordinates": [-123.5131011, 48.4976507]}, "properties": {"name": "Highlands", "count": 1, "href": "/wwc/#view=all&community=highlands", "has_page": false}}, {"type": "Feature", "geometry": {"type": "Point", "coordinates": [-122.2381121, 49.1637228]}, "properties": {"name": "Hatzic", "count": 2, "href": "/wwc/#view=all&community=hatzic", "has_page": false}}, {"type": "Feature", "geometry": {"type": "Point", "coordinates": [-121.86619569999999, 49.375995200000006]}, "properties": {"name": "Hemlock Valley", "count": 10, "href": "/wwc/community/hemlock-valley/", "has_page": true}}, {"type": "Feature", "geometry": {"type": "Point", "coordinates": [-120.0834295, 50.90433455]}, "properties": {"name": "Heffley Creek", "count": 2, "href": "/wwc/#view=all&community=heffley-creek", "has_page": false}}, {"type": "Feature", "geometry": {"type": "Point", "coordinates": [-129.19845125, 59.33357695]}, "properties": {"name": "Good Hope Lake", "count": 2, "href": "/wwc/#view=all&community=good-hope-lake", "has_page": false}}, {"type": "Feature", "geometry": {"type": "Point", "coordinates": [-123.111092, 54.0200399]}, "properties": {"name": "Reid Lake", "count": 1, "href": "/wwc/#view=all&community=reid-lake", "has_page": false}}, {"type": "Feature", "geometry": {"type": "Point", "coordinates": [-118.9893537, 49.1154479]}, "properties": {"name": "Zamora", "count": 1, "href": "/wwc/#view=all&community=zamora", "has_page": false}}, {"type": "Feature", "geometry": {"type": "Point", "coordinates": [-120.1209528, 50.9759157]}, "properties": {"name": "Cahilty", "count": 8, "href": "/wwc/community/cahilty/", "has_page": true}}, {"type": "Feature", "geometry": {"type": "Point", "coordinates": [-135.11037765, 59.7750317]}, "properties": {"name": "Lindeman", "count": 4, "href": "/wwc/#view=all&community=lindeman", "has_page": false}}, {"type": "Feature", "geometry": {"type": "Point", "coordinates": [-127.32554823362342, 55.01395114132443]}, "properties": {"name": "Moricetown", "count": 2, "href": "/wwc/#view=all&community=moricetown", "has_page": false}}, {"type": "Feature", "geometry": {"type": "Point", "coordinates": [-120.4696565, 51.8139906]}, "properties": {"name": "Mahood Falls", "count": 7, "href": "/wwc/community/mahood-falls/", "has_page": true}}, {"type": "Feature", "geometry": {"type": "Point", "coordinates": [-117.6119978, 49.0644813]}, "properties": {"name": "Waneta Junction", "count": 1, "href": "/wwc/#view=all&community=waneta-junction", "has_page": false}}, {"type": "Feature", "geometry": {"type": "Point", "coordinates": [-120.7701328, 51.6324746]}, "properties": {"name": "Deka Lake", "count": 5, "href": "/wwc/community/deka-lake/", "has_page": true}}, {"type": "Feature", "geometry": {"type": "Point", "coordinates": [-127.6884106, 55.1971656]}, "properties": {"name": "South Hazelton", "count": 1, "href": "/wwc/#view=all&community=south-hazelton", "has_page": false}}, {"type": "Feature", "geometry": {"type": "Point", "coordinates": [-117.8574687, 50.70407685]}, "properties": {"name": "Shuswap", "count": 4, "href": "/wwc/#view=all&community=shuswap", "has_page": false}}, {"type": "Feature", "geometry": {"type": "Point", "coordinates": [-125.135703, 48.827292815]}, "properties": {"name": "Bamfield", "count": 2, "href": "/wwc/#view=all&community=bamfield", "has_page": false}}, {"type": "Feature", "geometry": {"type": "Point", "coordinates": [-121.7679888, 49.4798866]}, "properties": {"name": "Bear Creek", "count": 5, "href": "/wwc/community/bear-creek/", "has_page": true}}, {"type": "Feature", "geometry": {"type": "Point", "coordinates": [-121.5680004, 53.1031013]}, "properties": {"name": "Wells", "count": 13, "href": "/wwc/community/wells/", "has_page": true}}, {"type": "Feature", "geometry": {"type": "Point", "coordinates": [-118.21568185000001, 51.0851791]}, "properties": {"name": "Big Eddy", "count": 4, "href": "/wwc/#view=all&community=big-eddy", "has_page": false}}, {"type": "Feature", "geometry": {"type": "Point", "coordinates": [-118.488345, 52.8416037]}, "properties": {"name": "Lucerne", "count": 3, "href": "/wwc/#view=all&community=lucerne", "has_page": false}}, {"type": "Feature", "geometry": {"type": "Point", "coordinates": [-122.533947, 49.3888004]}, "properties": {"name": "Williams Landing", "count": 7, "href": "/wwc/community/williams-landing/", "has_page": true}}, {"type": "Feature", "geometry": {"type": "Point", "coordinates": [-125.9048771, 52.4043543]}, "properties": {"name": "Atnarko", "count": 7, "href": "/wwc/community/atnarko/", "has_page": true}}, {"type": "Feature", "geometry": {"type": "Point", "coordinates": [-117.37641815, 49.991499450000006]}, "properties": {"name": "New Denver", "count": 8, "href": "/wwc/community/new-denver/", "has_page": true}}, {"type": "Feature", "geometry": {"type": "Point", "coordinates": [-123.11727085000001, 48.77984415]}, "properties": {"name": "Saturna Island", "count": 2, "href": "/wwc/#view=all&community=saturna-island", "has_page": false}}, {"type": "Feature", "geometry": {"type": "Point", "coordinates": [-115.53104490000001, 50.13193995]}, "properties": {"name": "Copper Creek", "count": 6, "href": "/wwc/community/copper-creek/", "has_page": true}}, {"type": "Feature", "geometry": {"type": "Point", "coordinates": [-120.6193949, 49.909558]}, "properties": {"name": "Aspen Grove", "count": 15, "href": "/wwc/community/aspen-grove/", "has_page": true}}, {"type": "Feature", "geometry": {"type": "Point", "coordinates": [-128.3899847, 54.598805]}, "properties": {"name": "Usk", "count": 1, "href": "/wwc/#view=all&community=usk", "has_page": false}}, {"type": "Feature", "geometry": {"type": "Point", "coordinates": [-120.808155, 49.065033]}, "properties": {"name": "Manning Park", "count": 33, "href": "/wwc/community/manning-park/", "has_page": true}}, {"type": "Feature", "geometry": {"type": "Point", "coordinates": [-123.978033, 49.640234]}, "properties": {"name": "Kleindale", "count": 1, "href": "/wwc/#view=all&community=kleindale", "has_page": false}}, {"type": "Feature", "geometry": {"type": "Point", "coordinates": [-131.9974866, 53.248490005]}, "properties": {"name": "Skidegate Landing", "count": 4, "href": "/wwc/#view=all&community=skidegate-landing", "has_page": false}}, {"type": "Feature", "geometry": {"type": "Point", "coordinates": [-122.81304449999999, 50.7744292]}, "properties": {"name": "Bralorne", "count": 2, "href": "/wwc/#view=all&community=bralorne", "has_page": false}}, {"type": "Feature", "geometry": {"type": "Point", "coordinates": [-116.0454568, 50.5267937]}, "properties": {"name": "Athalmer", "count": 1, "href": "/wwc/#view=all&community=athalmer", "has_page": false}}, {"type": "Feature", "geometry": {"type": "Point", "coordinates": [-125.54446809999999, 49.923929]}, "properties": {"name": "Quinsam", "count": 6, "href": "/wwc/community/quinsam/", "has_page": true}}, {"type": "Feature", "geometry": {"type": "Point", "coordinates": [-121.20036055, 51.412588400000004]}, "properties": {"name": "Flying U", "count": 2, "href": "/wwc/#view=all&community=flying-u", "has_page": false}}, {"type": "Feature", "geometry": {"type": "Point", "coordinates": [-133.7034613, 59.5731219]}, "properties": {"name": "Atlin", "count": 11, "href": "/wwc/community/atlin/", "has_page": true}}, {"type": "Feature", "geometry": {"type": "Point", "coordinates": [-116.9097952, 51.2464278]}, "properties": {"name": "Nicholson", "count": 5, "href": "/wwc/community/nicholson/", "has_page": true}}, {"type": "Feature", "geometry": {"type": "Point", "coordinates": [-131.9193874, 53.441454]}, "properties": {"name": "Lawnhill", "count": 3, "href": "/wwc/#view=all&community=lawnhill", "has_page": false}}, {"type": "Feature", "geometry": {"type": "Point", "coordinates": [-125.03792229999999, 49.67226745]}, "properties": {"name": "Puntledge", "count": 4, "href": "/wwc/#view=all&community=puntledge", "has_page": false}}, {"type": "Feature", "geometry": {"type": "Point", "coordinates": [-124.8351598, 49.103195]}, "properties": {"name": "Nahmint", "count": 1, "href": "/wwc/#view=all&community=nahmint", "has_page": false}}, {"type": "Feature", "geometry": {"type": "Point", "coordinates": [-125.4521123, 49.6728578]}, "properties": {"name": "Mount Washington", "count": 13, "href": "/wwc/community/mount-washington/", "has_page": true}}, {"type": "Feature", "geometry": {"type": "Point", "coordinates": [-124.6328029, 49.4024034]}, "properties": {"name": "Qualicum Bay", "count": 9, "href": "/wwc/community/qualicum-bay/", "has_page": true}}, {"type": "Feature", "geometry": {"type": "Point", "coordinates": [-124.1300854, 51.503741250000004]}, "properties": {"name": "Xeni", "count": 4, "href": "/wwc/#view=all&community=xeni", "has_page": false}}, {"type": "Feature", "geometry": {"type": "Point", "coordinates": [-116.48097295, 51.51331725]}, "properties": {"name": "Cathedral", "count": 12, "href": "/wwc/community/cathedral/", "has_page": true}}, {"type": "Feature", "geometry": {"type": "Point", "coordinates": [-119.44441745, 50.9116759]}, "properties": {"name": "Scotch Creek", "count": 6, "href": "/wwc/community/scotch-creek/", "has_page": true}}, {"type": "Feature", "geometry": {"type": "Point", "coordinates": [-118.26036495, 49.129665700000004]}, "properties": {"name": "Lafferty", "count": 2, "href": "/wwc/#view=all&community=lafferty", "has_page": false}}, {"type": "Feature", "geometry": {"type": "Point", "coordinates": [-125.1585611, 49.319631799999996]}, "properties": {"name": "Great Central", "count": 6, "href": "/wwc/community/great-central/", "has_page": true}}, {"type": "Feature", "geometry": {"type": "Point", "coordinates": [-129.0801456, 55.2061274]}, "properties": {"name": "Aiyansh", "count": 3, "href": "/wwc/#view=all&community=aiyansh", "has_page": false}}, {"type": "Feature", "geometry": {"type": "Point", "coordinates": [-121.4166896, 49.7074416]}, "properties": {"name": "Chapmans", "count": 1, "href": "/wwc/#view=all&community=chapmans", "has_page": false}}, {"type": "Feature", "geometry": {"type": "Point", "coordinates": [-122.44637255, 53.069508549999995]}, "properties": {"name": "Ten Mile Lake", "count": 2, "href": "/wwc/#view=all&community=ten-mile-lake", "has_page": false}}, {"type": "Feature", "geometry": {"type": "Point", "coordinates": [-122.70422955, 58.80417585]}, "properties": {"name": "Fort Nelson", "count": 47, "href": "/wwc/community/fort-nelson/", "has_page": true}}, {"type": "Feature", "geometry": {"type": "Point", "coordinates": [-124.051795, 49.638935000000004]}, "properties": {"name": "Irvines Landing", "count": 2, "href": "/wwc/#view=all&community=irvines-landing", "has_page": false}}, {"type": "Feature", "geometry": {"type": "Point", "coordinates": [-122.64430985, 50.5206351]}, "properties": {"name": "Birken", "count": 2, "href": "/wwc/#view=all&community=birken", "has_page": false}}, {"type": "Feature", "geometry": {"type": "Point", "coordinates": [-116.5582425, 51.1984284]}, "properties": {"name": "Leanchoil", "count": 4, "href": "/wwc/#view=all&community=leanchoil", "has_page": false}}, {"type": "Feature", "geometry": {"type": "Point", "coordinates": [-115.8090305, 50.1555193]}, "properties": {"name": "Canal Flats", "count": 5, "href": "/wwc/community/canal-flats/", "has_page": true}}, {"type": "Feature", "geometry": {"type": "Point", "coordinates": [-128.65275144999998, 54.05401465]}, "properties": {"name": "Kitimat", "count": 35, "href": "/wwc/community/kitimat/", "has_page": true}}, {"type": "Feature", "geometry": {"type": "Point", "coordinates": [-116.47263285, 49.09146615]}, "properties": {"name": "Erickson", "count": 2, "href": "/wwc/#view=all&community=erickson", "has_page": false}}, {"type": "Feature", "geometry": {"type": "Point", "coordinates": [-121.55996099999999, 50.23323284999999]}, "properties": {"name": "Lytton", "count": 2, "href": "/wwc/#view=all&community=lytton", "has_page": false}}, {"type": "Feature", "geometry": {"type": "Point", "coordinates": [-119.5503333, 49.1099108]}, "properties": {"name": "Inkaneep", "count": 9, "href": "/wwc/community/inkaneep/", "has_page": true}}, {"type": "Feature", "geometry": {"type": "Point", "coordinates": [-124.92627015, 49.734319049999996]}, "properties": {"name": "Little River", "count": 8, "href": "/wwc/community/little-river/", "has_page": true}}, {"type": "Feature", "geometry": {"type": "Point", "coordinates": [-117.4929857, 51.2597504]}, "properties": {"name": "Glacier", "count": 3, "href": "/wwc/#view=all&community=glacier", "has_page": false}}, {"type": "Feature", "geometry": {"type": "Point", "coordinates": [-115.0732334, 50.5250899]}, "properties": {"name": "Fording", "count": 11, "href": "/wwc/community/fording/", "has_page": true}}, {"type": "Feature", "geometry": {"type": "Point", "coordinates": [-128.2409942, 50.6843389]}, "properties": {"name": "Elephant Crossing", "count": 5, "href": "/wwc/community/elephant-crossing/", "has_page": true}}, {"type": "Feature", "geometry": {"type": "Point", "coordinates": [-118.5988156, 49.1830833]}, "properties": {"name": "Eholt", "count": 1, "href": "/wwc/#view=all&community=eholt", "has_page": false}}, {"type": "Feature", "geometry": {"type": "Point", "coordinates": [-117.6490353, 51.2416482]}, "properties": {"name": "Ross Peak", "count": 1, "href": "/wwc/#view=all&community=ross-peak", "has_page": false}}, {"type": "Feature", "geometry": {"type": "Point", "coordinates": [-117.0095362, 51.3320452]}, "properties": {"name": "Edelweiss", "count": 1, "href": "/wwc/#view=all&community=edelweiss", "has_page": false}}, {"type": "Feature", "geometry": {"type": "Point", "coordinates": [-120.6050327, 49.6804072]}, "properties": {"name": "Allison Lake", "count": 1, "href": "/wwc/#view=all&community=allison-lake", "has_page": false}}, {"type": "Feature", "geometry": {"type": "Point", "coordinates": [-116.7597811, 50.291292]}, "properties": {"name": "Howser", "count": 4, "href": "/wwc/#view=all&community=howser", "has_page": false}}, {"type": "Feature", "geometry": {"type": "Point", "coordinates": [-118.92714665, 49.721833000000004]}, "properties": {"name": "Big White", "count": 14, "href": "/wwc/community/big-white/", "has_page": true}}, {"type": "Feature", "geometry": {"type": "Point", "coordinates": [-122.8550039, 57.3827259]}, "properties": {"name": "Buckinghorse River", "count": 3, "href": "/wwc/#view=all&community=buckinghorse-river", "has_page": false}}, {"type": "Feature", "geometry": {"type": "Point", "coordinates": [-124.41201285, 48.55523035]}, "properties": {"name": "Port Renfrew", "count": 28, "href": "/wwc/community/port-renfrew/", "has_page": true}}, {"type": "Feature", "geometry": {"type": "Point", "coordinates": [-120.950945, 51.5506043]}, "properties": {"name": "Sheridan Lake", "count": 2, "href": "/wwc/#view=all&community=sheridan-lake", "has_page": false}}, {"type": "Feature", "geometry": {"type": "Point", "coordinates": [-119.03120849999999, 51.00257635]}, "properties": {"name": "St. Ives", "count": 2, "href": "/wwc/#view=all&community=st-ives", "has_page": false}}, {"type": "Feature", "geometry": {"type": "Point", "coordinates": [-122.72867049999999, 50.31436205]}, "properties": {"name": "Evans", "count": 2, "href": "/wwc/#view=all&community=evans", "has_page": false}}, {"type": "Feature", "geometry": {"type": "Point", "coordinates": [-118.9149738, 52.9586415]}, "properties": {"name": "Red Pass", "count": 3, "href": "/wwc/#view=all&community=red-pass", "has_page": false}}, {"type": "Feature", "geometry": {"type": "Point", "coordinates": [-124.7507754, 49.3391473]}, "properties": {"name": "Cherry Creek", "count": 7, "href": "/wwc/community/cherry-creek/", "has_page": true}}, {"type": "Feature", "geometry": {"type": "Point", "coordinates": [-115.94186419073988, 50.425847049285935]}, "properties": {"name": "Rushmere", "count": 1, "href": "/wwc/#view=all&community=rushmere", "has_page": false}}, {"type": "Feature", "geometry": {"type": "Point", "coordinates": [-127.179033, 50.6144515]}, "properties": {"name": "Suquash", "count": 3, "href": "/wwc/#view=all&community=suquash", "has_page": false}}, {"type": "Feature", "geometry": {"type": "Point", "coordinates": [-124.9125376, 49.7152137]}, "properties": {"name": "Lazo", "count": 7, "href": "/wwc/community/lazo/", "has_page": true}}, {"type": "Feature", "geometry": {"type": "Point", "coordinates": [-124.35864925, 49.29131865]}, "properties": {"name": "Errington", "count": 6, "href": "/wwc/community/errington/", "has_page": true}}, {"type": "Feature", "geometry": {"type": "Point", "coordinates": [-120.0874069, 52.0155656]}, "properties": {"name": "Stillwater", "count": 11, "href": "/wwc/community/stillwater/", "has_page": true}}, {"type": "Feature", "geometry": {"type": "Point", "coordinates": [-116.0539192, 50.5460173]}, "properties": {"name": "Wilmer", "count": 1, "href": "/wwc/#view=all&community=wilmer", "has_page": false}}, {"type": "Feature", "geometry": {"type": "Point", "coordinates": [-122.4945592, 52.9773881]}, "properties": {"name": "Quesnel", "count": 43, "href": "/wwc/community/quesnel/", "has_page": true}}, {"type": "Feature", "geometry": {"type": "Point", "coordinates": [-120.029227, 55.5265635]}, "properties": {"name": "Tupper", "count": 1, "href": "/wwc/#view=all&community=tupper", "has_page": false}}, {"type": "Feature", "geometry": {"type": "Point", "coordinates": [-123.0927307, 55.3386641]}, "properties": {"name": "Mackenzie", "count": 11, "href": "/wwc/community/mackenzie/", "has_page": true}}, {"type": "Feature", "geometry": {"type": "Point", "coordinates": [-117.94084555, 50.60335705]}, "properties": {"name": "Shelter Bay", "count": 2, "href": "/wwc/#view=all&community=shelter-bay", "has_page": false}}, {"type": "Feature", "geometry": {"type": "Point", "coordinates": [-119.8833066, 50.884385800000004]}, "properties": {"name": "Sun Peaks", "count": 46, "href": "/wwc/community/sun-peaks/", "has_page": true}}, {"type": "Feature", "geometry": {"type": "Point", "coordinates": [-131.9327434, 53.5787051]}, "properties": {"name": "Tlell", "count": 6, "href": "/wwc/community/tlell/", "has_page": true}}, {"type": "Feature", "geometry": {"type": "Point", "coordinates": [-115.2501659, 49.2359523]}, "properties": {"name": "Baynes Lake", "count": 4, "href": "/wwc/#view=all&community=baynes-lake", "has_page": false}}, {"type": "Feature", "geometry": {"type": "Point", "coordinates": [-119.4395895, 52.9693426]}, "properties": {"name": "Tête Jaune Cache", "count": 3, "href": "/wwc/#view=all&community=t-te-jaune-cache", "has_page": false}}, {"type": "Feature", "geometry": {"type": "Point", "coordinates": [-119.34339324999999, 50.95583885]}, "properties": {"name": "Celista", "count": 4, "href": "/wwc/#view=all&community=celista", "has_page": false}}, {"type": "Feature", "geometry": {"type": "Point", "coordinates": [-119.2291601, 53.0356127]}, "properties": {"name": "Mount Robson", "count": 9, "href": "/wwc/community/mount-robson/", "has_page": true}}, {"type": "Feature", "geometry": {"type": "Point", "coordinates": [-124.950372, 50.0732882]}, "properties": {"name": "Cortes Bay", "count": 1, "href": "/wwc/#view=all&community=cortes-bay", "has_page": false}}, {"type": "Feature", "geometry": {"type": "Point", "coordinates": [-119.2941768, 52.84842415]}, "properties": {"name": "Von Zuben", "count": 2, "href": "/wwc/#view=all&community=von-zuben", "has_page": false}}, {"type": "Feature", "geometry": {"type": "Point", "coordinates": [-119.306192, 52.8799658]}, "properties": {"name": "Spicer", "count": 1, "href": "/wwc/#view=all&community=spicer", "has_page": false}}, {"type": "Feature", "geometry": {"type": "Point", "coordinates": [-122.43127264935598, 52.958198247343006]}, "properties": {"name": "Lust Subdivision", "count": 2, "href": "/wwc/#view=all&community=lust-subdivision", "has_page": false}}, {"type": "Feature", "geometry": {"type": "Point", "coordinates": [-128.7911005, 54.721294]}, "properties": {"name": "Rosswood", "count": 5, "href": "/wwc/community/rosswood/", "has_page": true}}, {"type": "Feature", "geometry": {"type": "Point", "coordinates": [-125.1161248, 49.8637465]}, "properties": {"name": "Saratoga Beach", "count": 11, "href": "/wwc/community/saratoga-beach/", "has_page": true}}, {"type": "Feature", "geometry": {"type": "Point", "coordinates": [-123.5577769, 52.9267933]}, "properties": {"name": "Nazko", "count": 3, "href": "/wwc/#view=all&community=nazko", "has_page": false}}, {"type": "Feature", "geometry": {"type": "Point", "coordinates": [-117.1649608, 51.4899877]}, "properties": {"name": "Donald", "count": 1, "href": "/wwc/#view=all&community=donald", "has_page": false}}, {"type": "Feature", "geometry": {"type": "Point", "coordinates": [-121.3462384, 51.82430375]}, "properties": {"name": "114 Mile House", "count": 2, "href": "/wwc/#view=all&community=114-mile-house", "has_page": false}}, {"type": "Feature", "geometry": {"type": "Point", "coordinates": [-120.36901595, 55.06667655]}, "properties": {"name": "Kelly Lake", "count": 4, "href": "/wwc/#view=all&community=kelly-lake", "has_page": false}}, {"type": "Feature", "geometry": {"type": "Point", "coordinates": [-130.42505914999998, 54.5965837]}, "properties": {"name": "Lax Kw'alaams", "count": 2, "href": "/wwc/#view=all&community=lax-kw-alaams", "has_page": false}}, {"type": "Feature", "geometry": {"type": "Point", "coordinates": [-123.0496483, 54.906774]}, "properties": {"name": "McLeod Lake", "count": 7, "href": "/wwc/community/mcleod-lake/", "has_page": true}}, {"type": "Feature", "geometry": {"type": "Point", "coordinates": [-126.02074385, 52.3240239]}, "properties": {"name": "Stuie", "count": 2, "href": "/wwc/#view=all&community=stuie", "has_page": false}}, {"type": "Feature", "geometry": {"type": "Point", "coordinates": [-118.94582765, 49.24172025]}, "properties": {"name": "Rhone", "count": 2, "href": "/wwc/#view=all&community=rhone", "has_page": false}}, {"type": "Feature", "geometry": {"type": "Point", "coordinates": [-121.2323937, 49.2496149]}, "properties": {"name": "Sunshine Valley", "count": 9, "href": "/wwc/community/sunshine-valley/", "has_page": true}}, {"type": "Feature", "geometry": {"type": "Point", "coordinates": [-121.28044905, 50.7229945]}, "properties": {"name": "Ashcroft", "count": 14, "href": "/wwc/community/ashcroft/", "has_page": true}}, {"type": "Feature", "geometry": {"type": "Point", "coordinates": [-127.7694024, 51.3661246]}, "properties": {"name": "Goose Bay", "count": 1, "href": "/wwc/#view=all&community=goose-bay", "has_page": false}}, {"type": "Feature", "geometry": {"type": "Point", "coordinates": [-115.0867045, 49.46377495]}, "properties": {"name": "Cokato", "count": 10, "href": "/wwc/community/cokato/", "has_page": true}}, {"type": "Feature", "geometry": {"type": "Point", "coordinates": [-118.7765328, 49.009366299999996]}, "properties": {"name": "Midway", "count": 6, "href": "/wwc/community/midway/", "has_page": true}}, {"type": "Feature", "geometry": {"type": "Point", "coordinates": [-121.5860211, 51.09188585]}, "properties": {"name": "Clinton", "count": 8, "href": "/wwc/community/clinton/", "has_page": true}}, {"type": "Feature", "geometry": {"type": "Point", "coordinates": [-119.2044858, 50.7888849]}, "properties": {"name": "Paradise Point", "count": 3, "href": "/wwc/#view=all&community=paradise-point", "has_page": false}}, {"type": "Feature", "geometry": {"type": "Point", "coordinates": [-129.3534157, 54.3149588]}, "properties": {"name": "Salvus", "count": 2, "href": "/wwc/#view=all&community=salvus", "has_page": false}}, {"type": "Feature", "geometry": {"type": "Point", "coordinates": [-125.50243119999999, 50.110935850000004]}, "properties": {"name": "Bloedel", "count": 14, "href": "/wwc/community/bloedel/", "has_page": true}}, {"type": "Feature", "geometry": {"type": "Point", "coordinates": [-118.5666109, 50.9721549]}, "properties": {"name": "Taft", "count": 3, "href": "/wwc/#view=all&community=taft", "has_page": false}}, {"type": "Feature", "geometry": {"type": "Point", "coordinates": [-120.879625, 51.12481270458143]}, "properties": {"name": "Vidette", "count": 7, "href": "/wwc/community/vidette/", "has_page": true}}, {"type": "Feature", "geometry": {"type": "Point", "coordinates": [-126.8468781, 49.984042349999996]}, "properties": {"name": "Zeballos", "count": 2, "href": "/wwc/#view=all&community=zeballos", "has_page": false}}, {"type": "Feature", "geometry": {"type": "Point", "coordinates": [-125.1154712, 49.8457685]}, "properties": {"name": "Black Creek", "count": 13, "href": "/wwc/community/black-creek/", "has_page": true}}, {"type": "Feature", "geometry": {"type": "Point", "coordinates": [-121.67823010000001, 50.0085367]}, "properties": {"name": "Keefers", "count": 8, "href": "/wwc/community/keefers/", "has_page": true}}, {"type": "Feature", "geometry": {"type": "Point", "coordinates": [-122.5284129, 51.9687761]}, "properties": {"name": "Riske Creek", "count": 2, "href": "/wwc/#view=all&community=riske-creek", "has_page": false}}, {"type": "Feature", "geometry": {"type": "Point", "coordinates": [-127.1555685, 54.1506799]}, "properties": {"name": "Barrett", "count": 2, "href": "/wwc/#view=all&community=barrett", "has_page": false}}, {"type": "Feature", "geometry": {"type": "Point", "coordinates": [-121.5163566, 53.06722375]}, "properties": {"name": "Barkerville", "count": 12, "href": "/wwc/community/barkerville/", "has_page": true}}, {"type": "Feature", "geometry": {"type": "Point", "coordinates": [-122.62579765, 49.6678176]}, "properties": {"name": "Alvin", "count": 2, "href": "/wwc/#view=all&community=alvin", "has_page": false}}, {"type": "Feature", "geometry": {"type": "Point", "coordinates": [-119.4338635, 49.033799]}, "properties": {"name": "East Osoyoos", "count": 9, "href": "/wwc/community/east-osoyoos/", "has_page": true}}, {"type": "Feature", "geometry": {"type": "Point", "coordinates": [-124.0309142, 49.6317971]}, "properties": {"name": "Garden Bay", "count": 3, "href": "/wwc/#view=all&community=garden-bay", "has_page": false}}, {"type": "Feature", "geometry": {"type": "Point", "coordinates": [-120.9624931941498, 50.76173356307383]}, "properties": {"name": "Walhachin", "count": 2, "href": "/wwc/#view=all&community=walhachin", "has_page": false}}, {"type": "Feature", "geometry": {"type": "Point", "coordinates": [-134.3441119, 59.65932]}, "properties": {"name": "Rupert", "count": 1, "href": "/wwc/#view=all&community=rupert", "has_page": false}}, {"type": "Feature", "geometry": {"type": "Point", "coordinates": [-125.3432026, 52.4638467]}, "properties": {"name": "Anahim Lake", "count": 7, "href": "/wwc/community/anahim-lake/", "has_page": true}}, {"type": "Feature", "geometry": {"type": "Point", "coordinates": [-132.17763550723902, 54.0344303208776]}, "properties": {"name": "Old Massett", "count": 2, "href": "/wwc/#view=all&community=old-massett", "has_page": false}}, {"type": "Feature", "geometry": {"type": "Point", "coordinates": [-124.67425519999999, 48.723072619999996]}, "properties": {"name": "Clo-oose", "count": 10, "href": "/wwc/community/clo-oose/", "has_page": true}}, {"type": "Feature", "geometry": {"type": "Point", "coordinates": [-116.33432905000001, 49.2046458]}, "properties": {"name": "Kitchener", "count": 2, "href": "/wwc/#view=all&community=kitchener", "has_page": false}}, {"type": "Feature", "geometry": {"type": "Point", "coordinates": [-117.0511169, 51.298243]}, "properties": {"name": "Kicking Horse", "count": 9, "href": "/wwc/community/kicking-horse/", "has_page": true}}, {"type": "Feature", "geometry": {"type": "Point", "coordinates": [-117.89368325000001, 50.5351558]}, "properties": {"name": "Galena", "count": 2, "href": "/wwc/#view=all&community=galena", "has_page": false}}, {"type": "Feature", "geometry": {"type": "Point", "coordinates": [-119.252796, 52.7872365]}, "properties": {"name": "Cedarside", "count": 3, "href": "/wwc/#view=all&community=cedarside", "has_page": false}}, {"type": "Feature", "geometry": {"type": "Point", "coordinates": [-120.51185355000001, 50.16033025]}, "properties": {"name": "Quilchena", "count": 6, "href": "/wwc/community/quilchena/", "has_page": true}}, {"type": "Feature", "geometry": {"type": "Point", "coordinates": [-118.524456, 50.9339702]}, "properties": {"name": "Three Valley", "count": 3, "href": "/wwc/#view=all&community=three-valley", "has_page": false}}, {"type": "Feature", "geometry": {"type": "Point", "coordinates": [-119.02628295, 49.05675635]}, "properties": {"name": "Rock Creek", "count": 2, "href": "/wwc/#view=all&community=rock-creek", "has_page": false}}, {"type": "Feature", "geometry": {"type": "Point", "coordinates": [-116.587999, 50.9658045]}, "properties": {"name": "Castledale", "count": 4, "href": "/wwc/#view=all&community=castledale", "has_page": false}}, {"type": "Feature", "geometry": {"type": "Point", "coordinates": [-124.16429550000001, 49.8329776]}, "properties": {"name": "Saltery Bay", "count": 2, "href": "/wwc/#view=all&community=saltery-bay", "has_page": false}}, {"type": "Feature", "geometry": {"type": "Point", "coordinates": [-125.1154297, 48.7933162]}, "properties": {"name": "Anaqtl'a", "count": 3, "href": "/wwc/#view=all&community=anaqtl-a", "has_page": false}}, {"type": "Feature", "geometry": {"type": "Point", "coordinates": [-127.6924462, 55.3458084]}, "properties": {"name": "Kispiox", "count": 1, "href": "/wwc/#view=all&community=kispiox", "has_page": false}}, {"type": "Feature", "geometry": {"type": "Point", "coordinates": [-127.5840378, 55.2468995]}, "properties": {"name": "New Hazelton", "count": 7, "href": "/wwc/community/new-hazelton/", "has_page": true}}, {"type": "Feature", "geometry": {"type": "Point", "coordinates": [-124.25673305, 54.441892550000006]}, "properties": {"name": "Fort St James", "count": 14, "href": "/wwc/community/fort-st-james/", "has_page": true}}, {"type": "Feature", "geometry": {"type": "Point", "coordinates": [-126.9294545, 52.2896719]}, "properties": {"name": "Tallheo", "count": 3, "href": "/wwc/#view=all&community=tallheo", "has_page": false}}, {"type": "Feature", "geometry": {"type": "Point", "coordinates": [-125.08997305, 49.65628985]}, "properties": {"name": "Bevan", "count": 2, "href": "/wwc/#view=all&community=bevan", "has_page": false}}, {"type": "Feature", "geometry": {"type": "Point", "coordinates": [-116.728018, 49.1709434]}, "properties": {"name": "Kootenay Landing", "count": 1, "href": "/wwc/#view=all&community=kootenay-landing", "has_page": false}}, {"type": "Feature", "geometry": {"type": "Point", "coordinates": [-121.3733081, 52.430616099999995]}, "properties": {"name": "Horsefly", "count": 6, "href": "/wwc/community/horsefly/", "has_page": true}}, {"type": "Feature", "geometry": {"type": "Point", "coordinates": [-127.6755737, 55.2560572]}, "properties": {"name": "Hazelton", "count": 6, "href": "/wwc/community/hazelton/", "has_page": true}}, {"type": "Feature", "geometry": {"type": "Point", "coordinates": [-115.7936782, 50.6155394]}, "properties": {"name": "Dry Gulch", "count": 3, "href": "/wwc/#view=all&community=dry-gulch", "has_page": false}}, {"type": "Feature", "geometry": {"type": "Point", "coordinates": [-116.9526644, 50.1396003]}, "properties": {"name": "Lardeau", "count": 3, "href": "/wwc/#view=all&community=lardeau", "has_page": false}}, {"type": "Feature", "geometry": {"type": "Point", "coordinates": [-121.8804063, 49.53583395]}, "properties": {"name": "Silver River", "count": 2, "href": "/wwc/#view=all&community=silver-river", "has_page": false}}, {"type": "Feature", "geometry": {"type": "Point", "coordinates": [-121.4791747, 51.8183134]}, "properties": {"name": "Lac la Hache", "count": 3, "href": "/wwc/#view=all&community=lac-la-hache", "has_page": false}}, {"type": "Feature", "geometry": {"type": "Point", "coordinates": [-117.4649904, 50.0898276]}, "properties": {"name": "Hills", "count": 1, "href": "/wwc/#view=all&community=hills", "has_page": false}}, {"type": "Feature", "geometry": {"type": "Point", "coordinates": [-121.6341693, 51.8598129]}, "properties": {"name": "Wright", "count": 1, "href": "/wwc/#view=all&community=wright", "has_page": false}}, {"type": "Feature", "geometry": {"type": "Point", "coordinates": [-122.2780025, 52.3253333]}, "properties": {"name": "Hawks", "count": 1, "href": "/wwc/#view=all&community=hawks", "has_page": false}}, {"type": "Feature", "geometry": {"type": "Point", "coordinates": [-124.87203105, 49.27949855]}, "properties": {"name": "Sproat Lake", "count": 8, "href": "/wwc/community/sproat-lake/", "has_page": true}}, {"type": "Feature", "geometry": {"type": "Point", "coordinates": [-126.2107245, 52.43522945]}, "properties": {"name": "Firvale", "count": 2, "href": "/wwc/#view=all&community=firvale", "has_page": false}}, {"type": "Feature", "geometry": {"type": "Point", "coordinates": [-124.9181194, 49.3324058]}, "properties": {"name": "Beaver Creek", "count": 3, "href": "/wwc/#view=all&community=beaver-creek", "has_page": false}}, {"type": "Feature", "geometry": {"type": "Point", "coordinates": [-123.66840545, 49.44985895]}, "properties": {"name": "ts'uḵw'um", "count": 2, "href": "/wwc/#view=all&community=ts-u-w-um", "has_page": false}}, {"type": "Feature", "geometry": {"type": "Point", "coordinates": [-115.4441428, 49.850796]}, "properties": {"name": "Premier Lake", "count": 3, "href": "/wwc/#view=all&community=premier-lake", "has_page": false}}, {"type": "Feature", "geometry": {"type": "Point", "coordinates": [-120.17430970000001, 49.84368325]}, "properties": {"name": "Bankeir", "count": 2, "href": "/wwc/#view=all&community=bankeir", "has_page": false}}, {"type": "Feature", "geometry": {"type": "Point", "coordinates": [-124.3471891, 49.4912834]}, "properties": {"name": "Lasqueti", "count": 1, "href": "/wwc/#view=all&community=lasqueti", "has_page": false}}, {"type": "Feature", "geometry": {"type": "Point", "coordinates": [-119.0085736, 49.2513159]}, "properties": {"name": "Westbridge", "count": 1, "href": "/wwc/#view=all&community=westbridge", "has_page": false}}, {"type": "Feature", "geometry": {"type": "Point", "coordinates": [-117.0332428, 49.0407719]}, "properties": {"name": "Jersey", "count": 1, "href": "/wwc/#view=all&community=jersey", "has_page": false}}, {"type": "Feature", "geometry": {"type": "Point", "coordinates": [-126.8305435, 50.5418496]}, "properties": {"name": "Telegraph Cove", "count": 8, "href": "/wwc/community/telegraph-cove/", "has_page": true}}, {"type": "Feature", "geometry": {"type": "Point", "coordinates": [-121.4366048, 49.8380809]}, "properties": {"name": "Hicks", "count": 1, "href": "/wwc/#view=all&community=hicks", "has_page": false}}, {"type": "Feature", "geometry": {"type": "Point", "coordinates": [-116.38827, 51.2759052]}, "properties": {"name": "Ottertail", "count": 1, "href": "/wwc/#view=all&community=ottertail", "has_page": false}}, {"type": "Feature", "geometry": {"type": "Point", "coordinates": [-117.5439105, 49.114999850000004]}, "properties": {"name": "Fruitvale", "count": 8, "href": "/wwc/community/fruitvale/", "has_page": true}}, {"type": "Feature", "geometry": {"type": "Point", "coordinates": [-122.6716978, 54.0972938]}, "properties": {"name": "Salmon Valley", "count": 1, "href": "/wwc/#view=all&community=salmon-valley", "has_page": false}}, {"type": "Feature", "geometry": {"type": "Point", "coordinates": [-119.6159461, 50.87596304]}, "properties": {"name": "Squilax", "count": 1, "href": "/wwc/#view=all&community=squilax", "has_page": false}}, {"type": "Feature", "geometry": {"type": "Point", "coordinates": [-118.1174356, 49.9150383]}, "properties": {"name": "Edgewood", "count": 1, "href": "/wwc/#view=all&community=edgewood", "has_page": false}}, {"type": "Feature", "geometry": {"type": "Point", "coordinates": [-116.823437, 49.67417075]}, "properties": {"name": "Crawford Bay", "count": 2, "href": "/wwc/#view=all&community=crawford-bay", "has_page": false}}, {"type": "Feature", "geometry": {"type": "Point", "coordinates": [-115.9974456, 50.5146308]}, "properties": {"name": "Windermere", "count": 11, "href": "/wwc/community/windermere/", "has_page": true}}, {"type": "Feature", "geometry": {"type": "Point", "coordinates": [-119.26473279999999, 50.8810152]}, "properties": {"name": "White Lake", "count": 2, "href": "/wwc/#view=all&community=white-lake", "has_page": false}}, {"type": "Feature", "geometry": {"type": "Point", "coordinates": [-116.89887575, 50.227729]}, "properties": {"name": "Cooper Creek", "count": 2, "href": "/wwc/#view=all&community=cooper-creek", "has_page": false}}, {"type": "Feature", "geometry": {"type": "Point", "coordinates": [-121.5592606, 52.6157833]}, "properties": {"name": "Likely", "count": 5, "href": "/wwc/community/likely/", "has_page": true}}, {"type": "Feature", "geometry": {"type": "Point", "coordinates": [-117.0950158, 51.456828]}, "properties": {"name": "Forde", "count": 1, "href": "/wwc/#view=all&community=forde", "has_page": false}}, {"type": "Feature", "geometry": {"type": "Point", "coordinates": [-131.6987318, 53.1164195]}, "properties": {"name": "Cumshewa", "count": 1, "href": "/wwc/#view=all&community=cumshewa", "has_page": false}}, {"type": "Feature", "geometry": {"type": "Point", "coordinates": [-117.8912658, 49.3520973]}, "properties": {"name": "Westley", "count": 1, "href": "/wwc/#view=all&community=westley", "has_page": false}}, {"type": "Feature", "geometry": {"type": "Point", "coordinates": [-123.39515474999999, 52.08819695]}, "properties": {"name": "Alexis Creek", "count": 4, "href": "/wwc/#view=all&community=alexis-creek", "has_page": false}}, {"type": "Feature", "geometry": {"type": "Point", "coordinates": [-128.0630509, 50.851236549999996]}, "properties": {"name": "Bull Harbour", "count": 2, "href": "/wwc/#view=all&community=bull-harbour", "has_page": false}}, {"type": "Feature", "geometry": {"type": "Point", "coordinates": [-119.7275802, 50.9886969]}, "properties": {"name": "Adams Lake", "count": 1, "href": "/wwc/#view=all&community=adams-lake", "has_page": false}}, {"type": "Feature", "geometry": {"type": "Point", "coordinates": [-122.9606913, 55.1182256]}, "properties": {"name": "Kennedy", "count": 1, "href": "/wwc/#view=all&community=kennedy", "has_page": false}}, {"type": "Feature", "geometry": {"type": "Point", "coordinates": [-122.37918435, 49.73822835]}, "properties": {"name": "Port Douglas", "count": 2, "href": "/wwc/#view=all&community=port-douglas", "has_page": false}}, {"type": "Feature", "geometry": {"type": "Point", "coordinates": [-125.0009264, 49.7687848]}, "properties": {"name": "Grantham", "count": 6, "href": "/wwc/community/grantham/", "has_page": true}}, {"type": "Feature", "geometry": {"type": "Point", "coordinates": [-118.9454845, 51.2371195]}, "properties": {"name": "Seymour Arm", "count": 1, "href": "/wwc/#view=all&community=seymour-arm", "has_page": false}}, {"type": "Feature", "geometry": {"type": "Point", "coordinates": [-120.0685143, 55.5415769]}, "properties": {"name": "Tomslake", "count": 1, "href": "/wwc/#view=all&community=tomslake", "has_page": false}}, {"type": "Feature", "geometry": {"type": "Point", "coordinates": [-134.7603131, 59.9032058]}, "properties": {"name": "Pavey", "count": 1, "href": "/wwc/#view=all&community=pavey", "has_page": false}}, {"type": "Feature", "geometry": {"type": "Point", "coordinates": [-128.6103642, 54.47545448]}, "properties": {"name": "Halliday", "count": 1, "href": "/wwc/#view=all&community=halliday", "has_page": false}}, {"type": "Feature", "geometry": {"type": "Point", "coordinates": [-118.6954969, 49.0580074]}, "properties": {"name": "Boundary Falls", "count": 1, "href": "/wwc/#view=all&community=boundary-falls", "has_page": false}}, {"type": "Feature", "geometry": {"type": "Point", "coordinates": [-118.67647, 49.1113328]}, "properties": {"name": "Deadwood", "count": 1, "href": "/wwc/#view=all&community=deadwood", "has_page": false}}, {"type": "Feature", "geometry": {"type": "Point", "coordinates": [-116.23747105, 50.457441]}, "properties": {"name": "Panorama", "count": 6, "href": "/wwc/community/panorama/", "has_page": true}}, {"type": "Feature", "geometry": {"type": "Point", "coordinates": [-124.740251, 50.06662585]}, "properties": {"name": "Theodosia Arm", "count": 2, "href": "/wwc/#view=all&community=theodosia-arm", "has_page": false}}, {"type": "Feature", "geometry": {"type": "Point", "coordinates": [-120.1271525, 51.1728671]}, "properties": {"name": "Barriere", "count": 9, "href": "/wwc/community/barriere/", "has_page": true}}, {"type": "Feature", "geometry": {"type": "Point", "coordinates": [-120.88840350000001, 49.4496391]}, "properties": {"name": "Tulameen", "count": 8, "href": "/wwc/community/tulameen/", "has_page": true}}, {"type": "Feature", "geometry": {"type": "Point", "coordinates": [-125.0232362, 50.10104699]}, "properties": {"name": "Whaletown", "count": 1, "href": "/wwc/#view=all&community=whaletown", "has_page": false}}, {"type": "Feature", "geometry": {"type": "Point", "coordinates": [-120.8423984, 50.7574616]}, "properties": {"name": "Savona", "count": 3, "href": "/wwc/#view=all&community=savona", "has_page": false}}, {"type": "Feature", "geometry": {"type": "Point", "coordinates": [-117.9408506, 49.259667]}, "properties": {"name": "Farron", "count": 1, "href": "/wwc/#view=all&community=farron", "has_page": false}}, {"type": "Feature", "geometry": {"type": "Point", "coordinates": [-124.00894005, 54.015743799999996]}, "properties": {"name": "Vanderhoof", "count": 25, "href": "/wwc/community/vanderhoof/", "has_page": true}}, {"type": "Feature", "geometry": {"type": "Point", "coordinates": [-134.916903, 59.7752121]}, "properties": {"name": "Log Cabin", "count": 1, "href": "/wwc/#view=all&community=log-cabin", "has_page": false}}, {"type": "Feature", "geometry": {"type": "Point", "coordinates": [-129.79446165000002, 56.7443413]}, "properties": {"name": "Bell II", "count": 2, "href": "/wwc/#view=all&community=bell-ii", "has_page": false}}, {"type": "Feature", "geometry": {"type": "Point", "coordinates": [-117.2795935, 49.193077]}, "properties": {"name": "Salmo", "count": 10, "href": "/wwc/community/salmo/", "has_page": true}}, {"type": "Feature", "geometry": {"type": "Point", "coordinates": [-121.0979567, 51.771018]}, "properties": {"name": "Forest Grove", "count": 3, "href": "/wwc/#view=all&community=forest-grove", "has_page": false}}, {"type": "Feature", "geometry": {"type": "Point", "coordinates": [-122.1555293, 53.0510451]}, "properties": {"name": "Cottonwood", "count": 1, "href": "/wwc/#view=all&community=cottonwood", "has_page": false}}, {"type": "Feature", "geometry": {"type": "Point", "coordinates": [-124.5188335, 49.9040602]}, "properties": {"name": "Wildwood", "count": 2, "href": "/wwc/#view=all&community=wildwood", "has_page": false}}, {"type": "Feature", "geometry": {"type": "Point", "coordinates": [-131.8067494, 54.07123235]}, "properties": {"name": "Delkatla", "count": 4, "href": "/wwc/#view=all&community=delkatla", "has_page": false}}, {"type": "Feature", "geometry": {"type": "Point", "coordinates": [-121.76703749014916, 55.81874828623175]}, "properties": {"name": "Moberly Lake", "count": 2, "href": "/wwc/#view=all&community=moberly-lake", "has_page": false}}, {"type": "Feature", "geometry": {"type": "Point", "coordinates": [-116.7856514, 49.5096255]}, "properties": {"name": "Blake", "count": 1, "href": "/wwc/#view=all&community=blake", "has_page": false}}, {"type": "Feature", "geometry": {"type": "Point", "coordinates": [-121.2580219, 51.3977632]}, "properties": {"name": "Graham", "count": 1, "href": "/wwc/#view=all&community=graham", "has_page": false}}, {"type": "Feature", "geometry": {"type": "Point", "coordinates": [-124.75172785, 49.26472675]}, "properties": {"name": "Arrowview Heights", "count": 2, "href": "/wwc/#view=all&community=arrowview-heights", "has_page": false}}, {"type": "Feature", "geometry": {"type": "Point", "coordinates": [-122.5635329, 55.4984214]}, "properties": {"name": "Lemoray", "count": 1, "href": "/wwc/#view=all&community=lemoray", "has_page": false}}, {"type": "Feature", "geometry": {"type": "Point", "coordinates": [-118.67737335000001, 49.08895495]}, "properties": {"name": "Greenwood", "count": 8, "href": "/wwc/community/greenwood/", "has_page": true}}, {"type": "Feature", "geometry": {"type": "Point", "coordinates": [-124.6646183, 49.2933826]}, "properties": {"name": "Arrowsmith", "count": 1, "href": "/wwc/#view=all&community=arrowsmith", "has_page": false}}, {"type": "Feature", "geometry": {"type": "Point", "coordinates": [-128.5289517, 54.3862051]}, "properties": {"name": "Lakelse Lake", "count": 3, "href": "/wwc/#view=all&community=lakelse-lake", "has_page": false}}, {"type": "Feature", "geometry": {"type": "Point", "coordinates": [-118.7240253, 50.974617]}, "properties": {"name": "Craigellachie", "count": 1, "href": "/wwc/#view=all&community=craigellachie", "has_page": false}}, {"type": "Feature", "geometry": {"type": "Point", "coordinates": [-119.3080578, 52.9921568]}, "properties": {"name": "Swiftwater", "count": 1, "href": "/wwc/#view=all&community=swiftwater", "has_page": false}}, {"type": "Feature", "geometry": {"type": "Point", "coordinates": [-116.5929751, 50.3628604]}, "properties": {"name": "Toby Creek", "count": 1, "href": "/wwc/#view=all&community=toby-creek", "has_page": false}}, {"type": "Feature", "geometry": {"type": "Point", "coordinates": [-116.8561408, 49.7722165]}, "properties": {"name": "Riondel", "count": 3, "href": "/wwc/#view=all&community=riondel", "has_page": false}}, {"type": "Feature", "geometry": {"type": "Point", "coordinates": [-121.140511, 50.7939426]}, "properties": {"name": "McAbee", "count": 1, "href": "/wwc/#view=all&community=mcabee", "has_page": false}}, {"type": "Feature", "geometry": {"type": "Point", "coordinates": [-124.55091135, 49.3108488]}, "properties": {"name": "Whisky Creek", "count": 2, "href": "/wwc/#view=all&community=whisky-creek", "has_page": false}}, {"type": "Feature", "geometry": {"type": "Point", "coordinates": [-124.48330675, 49.3616519]}, "properties": {"name": "Dashwood", "count": 2, "href": "/wwc/#view=all&community=dashwood", "has_page": false}}, {"type": "Feature", "geometry": {"type": "Point", "coordinates": [-117.5263585, 51.31642]}, "properties": {"name": "Rogers Pass", "count": 2, "href": "/wwc/#view=all&community=rogers-pass", "has_page": false}}, {"type": "Feature", "geometry": {"type": "Point", "coordinates": [-125.17236321064111, 50.00623789025278]}, "properties": {"name": "Yaculta", "count": 2, "href": "/wwc/#view=all&community=yaculta", "has_page": false}}, {"type": "Feature", "geometry": {"type": "Point", "coordinates": [-119.0416002, 50.6958992]}, "properties": {"name": "Mara", "count": 1, "href": "/wwc/#view=all&community=mara", "has_page": false}}, {"type": "Feature", "geometry": {"type": "Point", "coordinates": [-119.2876416, 52.12267715]}, "properties": {"name": "Blue River East", "count": 2, "href": "/wwc/#view=all&community=blue-river-east", "has_page": false}}, {"type": "Feature", "geometry": {"type": "Point", "coordinates": [-115.651171, 50.8066504]}, "properties": {"name": "Kootenay Crossing", "count": 3, "href": "/wwc/#view=all&community=kootenay-crossing", "has_page": false}}, {"type": "Feature", "geometry": {"type": "Point", "coordinates": [-124.9563766, 49.29130084999995]}, "properties": {"name": "Kleecoot", "count": 6, "href": "/wwc/community/kleecoot/", "has_page": true}}, {"type": "Feature", "geometry": {"type": "Point", "coordinates": [-128.1447409, 52.1627386]}, "properties": {"name": "Bella Bella", "count": 5, "href": "/wwc/community/bella-bella/", "has_page": true}}, {"type": "Feature", "geometry": {"type": "Point", "coordinates": [-127.3703152876441, 50.030057627041764]}, "properties": {"name": "Houpsitas", "count": 1, "href": "/wwc/#view=all&community=houpsitas", "has_page": false}}, {"type": "Feature", "geometry": {"type": "Point", "coordinates": [-124.7949089, 49.4728798]}, "properties": {"name": "Mud Bay", "count": 1, "href": "/wwc/#view=all&community=mud-bay", "has_page": false}}, {"type": "Feature", "geometry": {"type": "Point", "coordinates": [-119.7558066, 49.17814345]}, "properties": {"name": "Cawston", "count": 8, "href": "/wwc/community/cawston/", "has_page": true}}, {"type": "Feature", "geometry": {"type": "Point", "coordinates": [-121.42084270000001, 49.5174245]}, "properties": {"name": "Squeah", "count": 2, "href": "/wwc/#view=all&community=squeah", "has_page": false}}, {"type": "Feature", "geometry": {"type": "Point", "coordinates": [-117.6561585, 50.2320398]}, "properties": {"name": "Summit Lake", "count": 3, "href": "/wwc/#view=all&community=summit-lake", "has_page": false}}, {"type": "Feature", "geometry": {"type": "Point", "coordinates": [-123.93915465, 49.7530716]}, "properties": {"name": "Egmont", "count": 10, "href": "/wwc/community/egmont/", "has_page": true}}, {"type": "Feature", "geometry": {"type": "Point", "coordinates": [-119.22247315, 49.0158172]}, "properties": {"name": "Bridesville", "count": 2, "href": "/wwc/#view=all&community=bridesville", "has_page": false}}, {"type": "Feature", "geometry": {"type": "Point", "coordinates": [-117.6915014, 49.2097056]}, "properties": {"name": "Genelle", "count": 3, "href": "/wwc/#view=all&community=genelle", "has_page": false}}, {"type": "Feature", "geometry": {"type": "Point", "coordinates": [-121.80162595, 56.7285712]}, "properties": {"name": "Wonowon", "count": 4, "href": "/wwc/#view=all&community=wonowon", "has_page": false}}, {"type": "Feature", "geometry": {"type": "Point", "coordinates": [-124.4648486, 49.654738]}, "properties": {"name": "Gillies Bay", "count": 1, "href": "/wwc/#view=all&community=gillies-bay", "has_page": false}}, {"type": "Feature", "geometry": {"type": "Point", "coordinates": [-117.9009912, 49.3558616]}, "properties": {"name": "Coykendahl", "count": 1, "href": "/wwc/#view=all&community=coykendahl", "has_page": false}}, {"type": "Feature", "geometry": {"type": "Point", "coordinates": [-121.0207701, 53.7477232]}, "properties": {"name": "Dome Creek", "count": 1, "href": "/wwc/#view=all&community=dome-creek", "has_page": false}}, {"type": "Feature", "geometry": {"type": "Point", "coordinates": [-124.0087715, 49.747627]}, "properties": {"name": "Earls Cove", "count": 3, "href": "/wwc/#view=all&community=earls-cove", "has_page": false}}, {"type": "Feature", "geometry": {"type": "Point", "coordinates": [-121.368743, 49.3777311]}, "properties": {"name": "Othello", "count": 1, "href": "/wwc/#view=all&community=othello", "has_page": false}}, {"type": "Feature", "geometry": {"type": "Point", "coordinates": [-122.3099768, 52.4249291]}, "properties": {"name": "McLeese Lake", "count": 1, "href": "/wwc/#view=all&community=mcleese-lake", "has_page": false}}, {"type": "Feature", "geometry": {"type": "Point", "coordinates": [-127.1157135, 50.06055367]}, "properties": {"name": "Fair Harbour", "count": 3, "href": "/wwc/#view=all&community=fair-harbour", "has_page": false}}, {"type": "Feature", "geometry": {"type": "Point", "coordinates": [-119.3545963, 50.852523149999996]}, "properties": {"name": "Balmoral", "count": 2, "href": "/wwc/#view=all&community=balmoral", "has_page": false}}, {"type": "Feature", "geometry": {"type": "Point", "coordinates": [-119.5582836, 50.5002978]}, "properties": {"name": "Falkland", "count": 7, "href": "/wwc/community/falkland/", "has_page": true}}, {"type": "Feature", "geometry": {"type": "Point", "coordinates": [-127.4103673, 50.69400243]}, "properties": {"name": "Fort Rupert", "count": 1, "href": "/wwc/#view=all&community=fort-rupert", "has_page": false}}, {"type": "Feature", "geometry": {"type": "Point", "coordinates": [-127.24951087879172, 51.681695108039044]}, "properties": {"name": "Rivers Inlet", "count": 1, "href": "/wwc/#view=all&community=rivers-inlet", "has_page": false}}, {"type": "Feature", "geometry": {"type": "Point", "coordinates": [-119.4621943, 50.5928498]}, "properties": {"name": "Silver Creek", "count": 3, "href": "/wwc/#view=all&community=silver-creek", "has_page": false}}, {"type": "Feature", "geometry": {"type": "Point", "coordinates": [-117.491381, 49.0403085]}, "properties": {"name": "Columbia Gardens", "count": 1, "href": "/wwc/#view=all&community=columbia-gardens", "has_page": false}}, {"type": "Feature", "geometry": {"type": "Point", "coordinates": [-125.15069145, 52.34208015]}, "properties": {"name": "Nimpo Lake", "count": 8, "href": "/wwc/community/nimpo-lake/", "has_page": true}}, {"type": "Feature", "geometry": {"type": "Point", "coordinates": [-117.9808374, 50.9890729]}, "properties": {"name": "Twin Butte", "count": 1, "href": "/wwc/#view=all&community=twin-butte", "has_page": false}}, {"type": "Feature", "geometry": {"type": "Point", "coordinates": [-117.8576934, 51.1389037]}, "properties": {"name": "Canyon Hot Springs", "count": 1, "href": "/wwc/#view=all&community=canyon-hot-springs", "has_page": false}}, {"type": "Feature", "geometry": {"type": "Point", "coordinates": [-129.9636627, 57.8144715]}, "properties": {"name": "Eddontenajon", "count": 1, "href": "/wwc/#view=all&community=eddontenajon", "has_page": false}}, {"type": "Feature", "geometry": {"type": "Point", "coordinates": [-122.2436769, 50.7292918]}, "properties": {"name": "South Shalalth", "count": 1, "href": "/wwc/#view=all&community=south-shalalth", "has_page": false}}, {"type": "Feature", "geometry": {"type": "Point", "coordinates": [-125.1863337, 49.9319971]}, "properties": {"name": "Shelter Point", "count": 1, "href": "/wwc/#view=all&community=shelter-point", "has_page": false}}, {"type": "Feature", "geometry": {"type": "Point", "coordinates": [-122.1428211, 52.27300111]}, "properties": {"name": "Springfield Ranch", "count": 1, "href": "/wwc/#view=all&community=springfield-ranch", "has_page": false}}, {"type": "Feature", "geometry": {"type": "Point", "coordinates": [-126.4570258, 49.7049521]}, "properties": {"name": "Mooyah Bay", "count": 3, "href": "/wwc/#view=all&community=mooyah-bay", "has_page": false}}, {"type": "Feature", "geometry": {"type": "Point", "coordinates": [-127.4180922, 50.00719419]}, "properties": {"name": "Ak:tiis", "count": 1, "href": "/wwc/#view=all&community=ak-tiis", "has_page": false}}, {"type": "Feature", "geometry": {"type": "Point", "coordinates": [-120.5630654, 55.9603355]}, "properties": {"name": "Parkland", "count": 1, "href": "/wwc/#view=all&community=parkland", "has_page": false}}, {"type": "Feature", "geometry": {"type": "Point", "coordinates": [-122.0205177, 52.12002512]}, "properties": {"name": "Sugarcane", "count": 1, "href": "/wwc/#view=all&community=sugarcane", "has_page": false}}, {"type": "Feature", "geometry": {"type": "Point", "coordinates": [-125.01147710000001, 49.7244758]}, "properties": {"name": "Sandwick", "count": 2, "href": "/wwc/#view=all&community=sandwick", "has_page": false}}, {"type": "Feature", "geometry": {"type": "Point", "coordinates": [-125.8780818, 49.4115258]}, "properties": {"name": "Marktosis", "count": 1, "href": "/wwc/#view=all&community=marktosis", "has_page": false}}, {"type": "Feature", "geometry": {"type": "Point", "coordinates": [-128.3674336, 54.8697614]}, "properties": {"name": "Grand Trunk", "count": 1, "href": "/wwc/#view=all&community=grand-trunk", "has_page": false}}, {"type": "Feature", "geometry": {"type": "Point", "coordinates": [-122.62508270000001, 55.39379815]}, "properties": {"name": "Azouzetta", "count": 2, "href": "/wwc/#view=all&community=azouzetta", "has_page": false}}, {"type": "Feature", "geometry": {"type": "Point", "coordinates": [-125.7071613, 54.5160171]}, "properties": {"name": "Pendleton Bay", "count": 1, "href": "/wwc/#view=all&community=pendleton-bay", "has_page": false}}, {"type": "Feature", "geometry": {"type": "Point", "coordinates": [-126.205621, 54.8857913]}, "properties": {"name": "Granisle", "count": 3, "href": "/wwc/#view=all&community=granisle", "has_page": false}}, {"type": "Feature", "geometry": {"type": "Point", "coordinates": [-121.0783119, 50.7786502]}, "properties": {"name": "Semlin", "count": 1, "href": "/wwc/#view=all&community=semlin", "has_page": false}}, {"type": "Feature", "geometry": {"type": "Point", "coordinates": [-117.87240931948224, 50.67674501041062]}, "properties": {"name": "Galena Bay", "count": 1, "href": "/wwc/#view=all&community=galena-bay", "has_page": false}}, {"type": "Feature", "geometry": {"type": "Point", "coordinates": [-119.1942825, 52.6561564]}, "properties": {"name": "Albreda", "count": 1, "href": "/wwc/#view=all&community=albreda", "has_page": false}}, {"type": "Feature", "geometry": {"type": "Point", "coordinates": [-128.6523854, 53.980149]}, "properties": {"name": "Haisla", "count": 1, "href": "/wwc/#view=all&community=haisla", "has_page": false}}, {"type": "Feature", "geometry": {"type": "Point", "coordinates": [-118.3601815, 49.0122457]}, "properties": {"name": "Gilpin", "count": 1, "href": "/wwc/#view=all&community=gilpin", "has_page": false}}, {"type": "Feature", "geometry": {"type": "Point", "coordinates": [-127.38151555, 50.43406895]}, "properties": {"name": "Rumble Beach", "count": 2, "href": "/wwc/#view=all&community=rumble-beach", "has_page": false}}, {"type": "Feature", "geometry": {"type": "Point", "coordinates": [-120.13144015, 55.717331599999994]}, "properties": {"name": "Pouce Coupe", "count": 2, "href": "/wwc/#view=all&community=pouce-coupe", "has_page": false}}, {"type": "Feature", "geometry": {"type": "Point", "coordinates": [-127.0127627, 50.5826222]}, "properties": {"name": "Hyde Creek", "count": 1, "href": "/wwc/#view=all&community=hyde-creek", "has_page": false}}, {"type": "Feature", "geometry": {"type": "Point", "coordinates": [-124.3341638, 49.9346949]}, "properties": {"name": "Cranberry", "count": 7, "href": "/wwc/community/cranberry/", "has_page": true}}, {"type": "Feature", "geometry": {"type": "Point", "coordinates": [-125.2080588, 50.101185]}, "properties": {"name": "Heriot Bay", "count": 5, "href": "/wwc/community/heriot-bay/", "has_page": true}}, {"type": "Feature", "geometry": {"type": "Point", "coordinates": [-124.4195587, 49.7721909]}, "properties": {"name": "Brew Bay", "count": 2, "href": "/wwc/#view=all&community=brew-bay", "has_page": false}}, {"type": "Feature", "geometry": {"type": "Point", "coordinates": [-124.8017408, 49.1470755]}, "properties": {"name": "Cameron Heights", "count": 2, "href": "/wwc/#view=all&community=cameron-heights", "has_page": false}}, {"type": "Feature", "geometry": {"type": "Point", "coordinates": [-119.8373601, 53.123533]}, "properties": {"name": "Dunster", "count": 1, "href": "/wwc/#view=all&community=dunster", "has_page": false}}, {"type": "Feature", "geometry": {"type": "Point", "coordinates": [-121.79599515000001, 52.4339735]}, "properties": {"name": "Big Lake Ranch", "count": 2, "href": "/wwc/#view=all&community=big-lake-ranch", "has_page": false}}, {"type": "Feature", "geometry": {"type": "Point", "coordinates": [-116.8079773, 51.0230447]}, "properties": {"name": "McMurdo", "count": 3, "href": "/wwc/#view=all&community=mcmurdo", "has_page": false}}, {"type": "Feature", "geometry": {"type": "Point", "coordinates": [-128.05425655, 50.5009389]}, "properties": {"name": "Winter Harbour", "count": 2, "href": "/wwc/#view=all&community=winter-harbour", "has_page": false}}, {"type": "Feature", "geometry": {"type": "Point", "coordinates": [-118.213803, 49.0572869]}, "properties": {"name": "Fife", "count": 5, "href": "/wwc/community/fife/", "has_page": true}}, {"type": "Feature", "geometry": {"type": "Point", "coordinates": [-126.91093889999999, 54.89611535]}, "properties": {"name": "Driftwood Creek", "count": 2, "href": "/wwc/#view=all&community=driftwood-creek", "has_page": false}}, {"type": "Feature", "geometry": {"type": "Point", "coordinates": [-129.5732111, 53.6663741]}, "properties": {"name": "Hartley Bay", "count": 1, "href": "/wwc/#view=all&community=hartley-bay", "has_page": false}}, {"type": "Feature", "geometry": {"type": "Point", "coordinates": [-121.3379722, 51.74390195]}, "properties": {"name": "108 Mile Ranch", "count": 4, "href": "/wwc/#view=all&community=108-mile-ranch", "has_page": false}}, {"type": "Feature", "geometry": {"type": "Point", "coordinates": [-124.76142805, 49.969392049999996]}, "properties": {"name": "Lund", "count": 7, "href": "/wwc/community/lund/", "has_page": true}}, {"type": "Feature", "geometry": {"type": "Point", "coordinates": [-121.4488123, 49.781368150000006]}, "properties": {"name": "Hells Gate", "count": 2, "href": "/wwc/#view=all&community=hells-gate", "has_page": false}}, {"type": "Feature", "geometry": {"type": "Point", "coordinates": [-123.67752845, 51.4480164]}, "properties": {"name": "Nemaiah Valley", "count": 4, "href": "/wwc/#view=all&community=nemaiah-valley", "has_page": false}}, {"type": "Feature", "geometry": {"type": "Point", "coordinates": [-126.20460825, 54.78751174]}, "properties": {"name": "Topley Landing", "count": 2, "href": "/wwc/#view=all&community=topley-landing", "has_page": false}}, {"type": "Feature", "geometry": {"type": "Point", "coordinates": [-122.2762859, 51.98339408]}, "properties": {"name": "Springhouse", "count": 1, "href": "/wwc/#view=all&community=springhouse", "has_page": false}}, {"type": "Feature", "geometry": {"type": "Point", "coordinates": [-125.782556, 50.4788967]}, "properties": {"name": "Jackson Bay", "count": 1, "href": "/wwc/#view=all&community=jackson-bay", "has_page": false}}, {"type": "Feature", "geometry": {"type": "Point", "coordinates": [-120.1925834, 51.7166986]}, "properties": {"name": "Blackpool", "count": 3, "href": "/wwc/#view=all&community=blackpool", "has_page": false}}, {"type": "Feature", "geometry": {"type": "Point", "coordinates": [-124.94048055, 49.645034550000005]}, "properties": {"name": "Royston", "count": 6, "href": "/wwc/community/royston/", "has_page": true}}, {"type": "Feature", "geometry": {"type": "Point", "coordinates": [-121.2184238, 53.7627446]}, "properties": {"name": "Bend", "count": 1, "href": "/wwc/#view=all&community=bend", "has_page": false}}, {"type": "Feature", "geometry": {"type": "Point", "coordinates": [-123.4384175, 49.4530114]}, "properties": {"name": "New Brighton", "count": 1, "href": "/wwc/#view=all&community=new-brighton", "has_page": false}}, {"type": "Feature", "geometry": {"type": "Point", "coordinates": [-125.384607, 50.5916401]}, "properties": {"name": "Phillips Arm", "count": 1, "href": "/wwc/#view=all&community=phillips-arm", "has_page": false}}, {"type": "Feature", "geometry": {"type": "Point", "coordinates": [-132.6013345, 54.002911]}, "properties": {"name": "Kung", "count": 1, "href": "/wwc/#view=all&community=kung", "has_page": false}}, {"type": "Feature", "geometry": {"type": "Point", "coordinates": [-122.6712194, 55.3087074]}, "properties": {"name": "Azu Ski Village", "count": 1, "href": "/wwc/#view=all&community=azu-ski-village", "has_page": false}}, {"type": "Feature", "geometry": {"type": "Point", "coordinates": [-119.346115, 51.924025]}, "properties": {"name": "Messiter", "count": 1, "href": "/wwc/#view=all&community=messiter", "has_page": false}}, {"type": "Feature", "geometry": {"type": "Point", "coordinates": [-126.3329764, 49.4285645]}, "properties": {"name": "Stewardson Inlet", "count": 1, "href": "/wwc/#view=all&community=stewardson-inlet", "has_page": false}}, {"type": "Feature", "geometry": {"type": "Point", "coordinates": [-125.129478, 49.8695348]}, "properties": {"name": "Oyster River", "count": 5, "href": "/wwc/community/oyster-river/", "has_page": true}}, {"type": "Feature", "geometry": {"type": "Point", "coordinates": [-117.4019169, 50.0355102]}, "properties": {"name": "Rosebery", "count": 1, "href": "/wwc/#view=all&community=rosebery", "has_page": false}}, {"type": "Feature", "geometry": {"type": "Point", "coordinates": [-128.31854895, 52.17864095]}, "properties": {"name": "Campbell Island", "count": 2, "href": "/wwc/#view=all&community=campbell-island", "has_page": false}}, {"type": "Feature", "geometry": {"type": "Point", "coordinates": [-120.2056863, 51.4248005]}, "properties": {"name": "Little Fort", "count": 6, "href": "/wwc/community/little-fort/", "has_page": true}}, {"type": "Feature", "geometry": {"type": "Point", "coordinates": [-122.6823543, 54.4765741]}, "properties": {"name": "Hart", "count": 1, "href": "/wwc/#view=all&community=hart", "has_page": false}}, {"type": "Feature", "geometry": {"type": "Point", "coordinates": [-123.9200736, 49.5413773]}, "properties": {"name": "Secret Cove", "count": 3, "href": "/wwc/#view=all&community=secret-cove", "has_page": false}}, {"type": "Feature", "geometry": {"type": "Point", "coordinates": [-117.2272359, 49.9756074]}, "properties": {"name": "Sandon", "count": 1, "href": "/wwc/#view=all&community=sandon", "has_page": false}}, {"type": "Feature", "geometry": {"type": "Point", "coordinates": [-123.74562105000001, 49.473631499999996]}, "properties": {"name": "Selma Park", "count": 4, "href": "/wwc/#view=all&community=selma-park", "has_page": false}}, {"type": "Feature", "geometry": {"type": "Point", "coordinates": [-115.2979178, 49.3761095]}, "properties": {"name": "Jaffray", "count": 3, "href": "/wwc/#view=all&community=jaffray", "has_page": false}}, {"type": "Feature", "geometry": {"type": "Point", "coordinates": [-124.7121388, 49.9903542]}, "properties": {"name": "Larsons Landing", "count": 3, "href": "/wwc/#view=all&community=larsons-landing", "has_page": false}}, {"type": "Feature", "geometry": {"type": "Point", "coordinates": [-119.3717767, 50.8741703]}, "properties": {"name": "Blind Bay", "count": 2, "href": "/wwc/#view=all&community=blind-bay", "has_page": false}}, {"type": "Feature", "geometry": {"type": "Point", "coordinates": [-117.8094309, 50.1337121]}, "properties": {"name": "Arrow Park", "count": 1, "href": "/wwc/#view=all&community=arrow-park", "has_page": false}}, {"type": "Feature", "geometry": {"type": "Point", "coordinates": [-119.2360082, 49.1528202]}, "properties": {"name": "Mount Baldy", "count": 1, "href": "/wwc/#view=all&community=mount-baldy", "has_page": false}}, {"type": "Feature", "geometry": {"type": "Point", "coordinates": [-117.515273, 51.2891492]}, "properties": {"name": "Macdonald", "count": 1, "href": "/wwc/#view=all&community=macdonald", "has_page": false}}, {"type": "Feature", "geometry": {"type": "Point", "coordinates": [-118.15944195, 51.1483784]}, "properties": {"name": "Greeley", "count": 2, "href": "/wwc/#view=all&community=greeley", "has_page": false}}, {"type": "Feature", "geometry": {"type": "Point", "coordinates": [-121.5118116, 50.2544279]}, "properties": {"name": "Gladwin", "count": 1, "href": "/wwc/#view=all&community=gladwin", "has_page": false}}, {"type": "Feature", "geometry": {"type": "Point", "coordinates": [-124.600546, 51.9047108]}, "properties": {"name": "Tatla Lake", "count": 5, "href": "/wwc/community/tatla-lake/", "has_page": true}}, {"type": "Feature", "geometry": {"type": "Point", "coordinates": [-120.3347793, 50.7110877]}, "properties": {"name": "Kamloops Junction", "count": 3, "href": "/wwc/#view=all&community=kamloops-junction", "has_page": false}}, {"type": "Feature", "geometry": {"type": "Point", "coordinates": [-116.7946699, 49.603594]}, "properties": {"name": "Gray Creek", "count": 1, "href": "/wwc/#view=all&community=gray-creek", "has_page": false}}, {"type": "Feature", "geometry": {"type": "Point", "coordinates": [-119.3296696, 50.7799256]}, "properties": {"name": "Tappen", "count": 5, "href": "/wwc/community/tappen/", "has_page": true}}, {"type": "Feature", "geometry": {"type": "Point", "coordinates": [-123.3181696, 48.8773305]}, "properties": {"name": "Sturdies Bay", "count": 2, "href": "/wwc/#view=all&community=sturdies-bay", "has_page": false}}, {"type": "Feature", "geometry": {"type": "Point", "coordinates": [-125.8596077, 49.2772005]}, "properties": {"name": "Chetarpe", "count": 1, "href": "/wwc/#view=all&community=chetarpe", "has_page": false}}, {"type": "Feature", "geometry": {"type": "Point", "coordinates": [-117.5580137, 49.4463694]}, "properties": {"name": "Crescent Valley", "count": 3, "href": "/wwc/#view=all&community=crescent-valley", "has_page": false}}, {"type": "Feature", "geometry": {"type": "Point", "coordinates": [-124.0220018, 49.620143350000006]}, "properties": {"name": "Madeira Park", "count": 10, "href": "/wwc/community/madeira-park/", "has_page": true}}, {"type": "Feature", "geometry": {"type": "Point", "coordinates": [-117.2154228, 49.2834867]}, "properties": {"name": "Ymir", "count": 1, "href": "/wwc/#view=all&community=ymir", "has_page": false}}, {"type": "Feature", "geometry": {"type": "Point", "coordinates": [-123.86197715, 49.1074093]}, "properties": {"name": "Cedar", "count": 6, "href": "/wwc/community/cedar/", "has_page": true}}, {"type": "Feature", "geometry": {"type": "Point", "coordinates": [-123.2362507, 49.459829850000006]}, "properties": {"name": "Lions Bay", "count": 2, "href": "/wwc/#view=all&community=lions-bay", "has_page": false}}, {"type": "Feature", "geometry": {"type": "Point", "coordinates": [-117.61972935, 49.51526065]}, "properties": {"name": "Slocan Park", "count": 2, "href": "/wwc/#view=all&community=slocan-park", "has_page": false}}, {"type": "Feature", "geometry": {"type": "Point", "coordinates": [-119.227858, 50.7538234]}, "properties": {"name": "Canoe", "count": 1, "href": "/wwc/#view=all&community=canoe", "has_page": false}}, {"type": "Feature", "geometry": {"type": "Point", "coordinates": [-123.5601257, 49.4072544]}, "properties": {"name": "Area E (Elphinstone)", "count": 2, "href": "/wwc/#view=all&community=area-e-elphinstone", "has_page": false}}, {"type": "Feature", "geometry": {"type": "Point", "coordinates": [-117.6768494, 49.3333577]}, "properties": {"name": "Robson", "count": 1, "href": "/wwc/#view=all&community=robson", "has_page": false}}, {"type": "Feature", "geometry": {"type": "Point", "coordinates": [-128.0095813, 50.6540173]}, "properties": {"name": "Holberg", "count": 1, "href": "/wwc/#view=all&community=holberg", "has_page": false}}, {"type": "Feature", "geometry": {"type": "Point", "coordinates": [-117.5256342, 49.4554232]}, "properties": {"name": "South Slocan", "count": 1, "href": "/wwc/#view=all&community=south-slocan", "has_page": false}}, {"type": "Feature", "geometry": {"type": "Point", "coordinates": [-122.20306819999999, 49.15643485]}, "properties": {"name": "Dewdney", "count": 4, "href": "/wwc/#view=all&community=dewdney", "has_page": false}}, {"type": "Feature", "geometry": {"type": "Point", "coordinates": [-124.07551035, 49.25048865]}, "properties": {"name": "Lantzville", "count": 2, "href": "/wwc/#view=all&community=lantzville", "has_page": false}}, {"type": "Feature", "geometry": {"type": "Point", "coordinates": [-117.5580736, 49.615321449999996]}, "properties": {"name": "Winlaw", "count": 2, "href": "/wwc/#view=all&community=winlaw", "has_page": false}}, {"type": "Feature", "geometry": {"type": "Point", "coordinates": [-125.9559655, 55.4754928]}, "properties": {"name": "Takla Landing", "count": 1, "href": "/wwc/#view=all&community=takla-landing", "has_page": false}}, {"type": "Feature", "geometry": {"type": "Point", "coordinates": [-123.8832889, 49.494782400000005]}, "properties": {"name": "Halfmoon Bay", "count": 2, "href": "/wwc/#view=all&community=halfmoon-bay", "has_page": false}}, {"type": "Feature", "geometry": {"type": "Point", "coordinates": [-124.2176951, 49.2858331]}, "properties": {"name": "Bryn", "count": 1, "href": "/wwc/#view=all&community=bryn", "has_page": false}}, {"type": "Feature", "geometry": {"type": "Point", "coordinates": [-128.4846091, 59.9274335]}, "properties": {"name": "Lower Post", "count": 1, "href": "/wwc/#view=all&community=lower-post", "has_page": false}}, {"type": "Feature", "geometry": {"type": "Point", "coordinates": [-125.772399, 59.0094534]}, "properties": {"name": "Muncho Lake", "count": 1, "href": "/wwc/#view=all&community=muncho-lake", "has_page": false}}, {"type": "Feature", "geometry": {"type": "Point", "coordinates": [-123.4734532, 48.82183985]}, "properties": {"name": "Long Harbour", "count": 2, "href": "/wwc/#view=all&community=long-harbour", "has_page": false}}, {"type": "Feature", "geometry": {"type": "Point", "coordinates": [-117.1632647, 49.44257335]}, "properties": {"name": "Hall", "count": 2, "href": "/wwc/#view=all&community=hall", "has_page": false}}, {"type": "Feature", "geometry": {"type": "Point", "coordinates": [-125.8322632, 54.291835]}, "properties": {"name": "Decker Lake", "count": 1, "href": "/wwc/#view=all&community=decker-lake", "has_page": false}}, {"type": "Feature", "geometry": {"type": "Point", "coordinates": [-120.0306143, 50.6627059]}, "properties": {"name": "Campbell Creek", "count": 1, "href": "/wwc/#view=all&community=campbell-creek", "has_page": false}}, {"type": "Feature", "geometry": {"type": "Point", "coordinates": [-121.9395194, 49.0866071]}, "properties": {"name": "Promontory", "count": 1, "href": "/wwc/#view=all&community=promontory", "has_page": false}}, {"type": "Feature", "geometry": {"type": "Point", "coordinates": [-120.8677361, 51.7683191]}, "properties": {"name": "Canim Lake", "count": 3, "href": "/wwc/#view=all&community=canim-lake", "has_page": false}}, {"type": "Feature", "geometry": {"type": "Point", "coordinates": [-119.64977625, 51.573086]}, "properties": {"name": "Vavenby", "count": 2, "href": "/wwc/#view=all&community=vavenby", "has_page": false}}, {"type": "Feature", "geometry": {"type": "Point", "coordinates": [-123.6344408, 48.3296877]}, "properties": {"name": "East Sooke", "count": 1, "href": "/wwc/#view=all&community=east-sooke", "has_page": false}}, {"type": "Feature", "geometry": {"type": "Point", "coordinates": [-122.57865395, 49.169979999999995]}, "properties": {"name": "Fort Langley", "count": 6, "href": "/wwc/community/fort-langley/", "has_page": true}}, {"type": "Feature", "geometry": {"type": "Point", "coordinates": [-119.6795199, 49.3370111]}, "properties": {"name": "Marron Valley", "count": 2, "href": "/wwc/#view=all&community=marron-valley", "has_page": false}}, {"type": "Feature", "geometry": {"type": "Point", "coordinates": [-123.6429557, 48.8651947]}, "properties": {"name": "Crofton", "count": 1, "href": "/wwc/#view=all&community=crofton", "has_page": false}}, {"type": "Feature", "geometry": {"type": "Point", "coordinates": [-122.2867271, 50.7078839]}, "properties": {"name": "Seton", "count": 1, "href": "/wwc/#view=all&community=seton", "has_page": false}}, {"type": "Feature", "geometry": {"type": "Point", "coordinates": [-119.78009395000001, 50.47391065]}, "properties": {"name": "Westwold", "count": 2, "href": "/wwc/#view=all&community=westwold", "has_page": false}}, {"type": "Feature", "geometry": {"type": "Point", "coordinates": [-122.24198295, 49.208777600000005]}, "properties": {"name": "Durieu", "count": 2, "href": "/wwc/#view=all&community=durieu", "has_page": false}}, {"type": "Feature", "geometry": {"type": "Point", "coordinates": [-119.2350134, 50.9621223]}, "properties": {"name": "Magna Bay", "count": 1, "href": "/wwc/#view=all&community=magna-bay", "has_page": false}}, {"type": "Feature", "geometry": {"type": "Point", "coordinates": [-120.2986325, 50.6813639]}, "properties": {"name": "Valleyview", "count": 4, "href": "/wwc/#view=all&community=valleyview", "has_page": false}}, {"type": "Feature", "geometry": {"type": "Point", "coordinates": [-120.7958193, 51.8908479]}, "properties": {"name": "Eagle Creek", "count": 3, "href": "/wwc/#view=all&community=eagle-creek", "has_page": false}}, {"type": "Feature", "geometry": {"type": "Point", "coordinates": [-119.7190972, 49.3450524]}, "properties": {"name": "Twin Lakes", "count": 1, "href": "/wwc/#view=all&community=twin-lakes", "has_page": false}}, {"type": "Feature", "geometry": {"type": "Point", "coordinates": [-116.9622889, 49.6249615]}, "properties": {"name": "Balfour", "count": 3, "href": "/wwc/#view=all&community=balfour", "has_page": false}}, {"type": "Feature", "geometry": {"type": "Point", "coordinates": [-123.1135807, 50.1391169]}, "properties": {"name": "Sproatt", "count": 1, "href": "/wwc/#view=all&community=sproatt", "has_page": false}}, {"type": "Feature", "geometry": {"type": "Point", "coordinates": [-118.7903004, 50.9306622]}, "properties": {"name": "Malakwa", "count": 4, "href": "/wwc/#view=all&community=malakwa", "has_page": false}}, {"type": "Feature", "geometry": {"type": "Point", "coordinates": [-117.25966932522107, 49.618278000000004]}, "properties": {"name": "Willow Point", "count": 4, "href": "/wwc/#view=all&community=willow-point", "has_page": false}}, {"type": "Feature", "geometry": {"type": "Point", "coordinates": [-129.9900734, 57.8379211]}, "properties": {"name": "Iskut", "count": 1, "href": "/wwc/#view=all&community=iskut", "has_page": false}}, {"type": "Feature", "geometry": {"type": "Point", "coordinates": [-126.9521928, 59.6579376]}, "properties": {"name": "Coal River", "count": 1, "href": "/wwc/#view=all&community=coal-river", "has_page": false}}, {"type": "Feature", "geometry": {"type": "Point", "coordinates": [-119.32360065, 51.783615100000006]}, "properties": {"name": "Avola", "count": 2, "href": "/wwc/#view=all&community=avola", "has_page": false}}, {"type": "Feature", "geometry": {"type": "Point", "coordinates": [-116.91124, 49.7353933]}, "properties": {"name": "Ainsworth Hot Springs", "count": 3, "href": "/wwc/#view=all&community=ainsworth-hot-springs", "has_page": false}}, {"type": "Feature", "geometry": {"type": "Point", "coordinates": [-116.6581139, 51.0812067]}, "properties": {"name": "Parson", "count": 1, "href": "/wwc/#view=all&community=parson", "has_page": false}}, {"type": "Feature", "geometry": {"type": "Point", "coordinates": [-124.3580002, 49.3434791]}, "properties": {"name": "French Creek", "count": 1, "href": "/wwc/#view=all&community=french-creek", "has_page": false}}, {"type": "Feature", "geometry": {"type": "Point", "coordinates": [-123.51361225, 49.4212122]}, "properties": {"name": "Granthams Landing", "count": 2, "href": "/wwc/#view=all&community=granthams-landing", "has_page": false}}, {"type": "Feature", "geometry": {"type": "Point", "coordinates": [-119.19791964999999, 50.92402815]}, "properties": {"name": "Eagle Bay", "count": 2, "href": "/wwc/#view=all&community=eagle-bay", "has_page": false}}, {"type": "Feature", "geometry": {"type": "Point", "coordinates": [-122.4737651, 54.0733791]}, "properties": {"name": "Willow River", "count": 1, "href": "/wwc/#view=all&community=willow-river", "has_page": false}}, {"type": "Feature", "geometry": {"type": "Point", "coordinates": [-128.5189121, 52.5871352]}, "properties": {"name": "Klemtu", "count": 1, "href": "/wwc/#view=all&community=klemtu", "has_page": false}}, {"type": "Feature", "geometry": {"type": "Point", "coordinates": [-129.65127485, 59.25000215]}, "properties": {"name": "Jade City", "count": 2, "href": "/wwc/#view=all&community=jade-city", "has_page": false}}, {"type": "Feature", "geometry": {"type": "Point", "coordinates": [-124.8488891, 49.5254453]}, "properties": {"name": "Fanny Bay", "count": 3, "href": "/wwc/#view=all&community=fanny-bay", "has_page": false}}, {"type": "Feature", "geometry": {"type": "Point", "coordinates": [-125.140285, 48.8356259]}, "properties": {"name": "Port Desire", "count": 3, "href": "/wwc/#view=all&community=port-desire", "has_page": false}}, {"type": "Feature", "geometry": {"type": "Point", "coordinates": [-125.83350974999999, 54.03992195]}, "properties": {"name": "Southbank", "count": 2, "href": "/wwc/#view=all&community=southbank", "has_page": false}}, {"type": "Feature", "geometry": {"type": "Point", "coordinates": [-118.7384745, 50.6136949]}, "properties": {"name": "Kingfisher", "count": 1, "href": "/wwc/#view=all&community=kingfisher", "has_page": false}}, {"type": "Feature", "geometry": {"type": "Point", "coordinates": [-126.67167850000001, 53.979013699999996]}, "properties": {"name": "Noralee", "count": 2, "href": "/wwc/#view=all&community=noralee", "has_page": false}}, {"type": "Feature", "geometry": {"type": "Point", "coordinates": [-126.4606351, 49.7901861]}, "properties": {"name": "Kendrick Camp", "count": 1, "href": "/wwc/#view=all&community=kendrick-camp", "has_page": false}}, {"type": "Feature", "geometry": {"type": "Point", "coordinates": [-123.454768, 49.409629]}, "properties": {"name": "Keats Island", "count": 1, "href": "/wwc/#view=all&community=keats-island", "has_page": false}}, {"type": "Feature", "geometry": {"type": "Point", "coordinates": [-121.49270075000001, 51.5583193]}, "properties": {"name": "93 Mile", "count": 2, "href": "/wwc/#view=all&community=93-mile", "has_page": false}}, {"type": "Feature", "geometry": {"type": "Point", "coordinates": [-117.20373029999999, 50.462424299999995]}, "properties": {"name": "Poplar Creek", "count": 2, "href": "/wwc/#view=all&community=poplar-creek", "has_page": false}}, {"type": "Feature", "geometry": {"type": "Point", "coordinates": [-116.5543909, 49.1807218]}, "properties": {"name": "Wynndel", "count": 1, "href": "/wwc/#view=all&community=wynndel", "has_page": false}}, {"type": "Feature", "geometry": {"type": "Point", "coordinates": [-124.8232636, 49.2607634]}, "properties": {"name": "Alberni", "count": 1, "href": "/wwc/#view=all&community=alberni", "has_page": false}}, {"type": "Feature", "geometry": {"type": "Point", "coordinates": [-116.3505666, 51.441839]}, "properties": {"name": "Hector", "count": 1, "href": "/wwc/#view=all&community=hector", "has_page": false}}, {"type": "Feature", "geometry": {"type": "Point", "coordinates": [-120.1962923, 50.1630994]}, "properties": {"name": "Douglas Lake", "count": 1, "href": "/wwc/#view=all&community=douglas-lake", "has_page": false}}, {"type": "Feature", "geometry": {"type": "Point", "coordinates": [-127.7467677, 50.9111631]}, "properties": {"name": "Shushartie", "count": 1, "href": "/wwc/#view=all&community=shushartie", "has_page": false}}, {"type": "Feature", "geometry": {"type": "Point", "coordinates": [-133.0061041, 54.1904279]}, "properties": {"name": "Yaku", "count": 1, "href": "/wwc/#view=all&community=yaku", "has_page": false}}, {"type": "Feature", "geometry": {"type": "Point", "coordinates": [-121.4519186, 49.9205677]}, "properties": {"name": "Martinson", "count": 3, "href": "/wwc/#view=all&community=martinson", "has_page": false}}, {"type": "Feature", "geometry": {"type": "Point", "coordinates": [-128.54352625, 54.51166605]}, "properties": {"name": "Thornhill", "count": 6, "href": "/wwc/community/thornhill/", "has_page": true}}, {"type": "Feature", "geometry": {"type": "Point", "coordinates": [-119.429348, 52.9539228]}, "properties": {"name": "Harvey", "count": 1, "href": "/wwc/#view=all&community=harvey", "has_page": false}}, {"type": "Feature", "geometry": {"type": "Point", "coordinates": [-120.1373857, 56.3341466]}, "properties": {"name": "Goodlow", "count": 1, "href": "/wwc/#view=all&community=goodlow", "has_page": false}}, {"type": "Feature", "geometry": {"type": "Point", "coordinates": [-124.29049230000001, 49.9018583]}, "properties": {"name": "Lang Bay", "count": 6, "href": "/wwc/community/lang-bay/", "has_page": true}}, {"type": "Feature", "geometry": {"type": "Point", "coordinates": [-120.5779277, 56.3043889]}, "properties": {"name": "Cecil Lake", "count": 1, "href": "/wwc/#view=all&community=cecil-lake", "has_page": false}}, {"type": "Feature", "geometry": {"type": "Point", "coordinates": [-122.590588, 53.4221395]}, "properties": {"name": "Hixon", "count": 1, "href": "/wwc/#view=all&community=hixon", "has_page": false}}, {"type": "Feature", "geometry": {"type": "Point", "coordinates": [-128.1462967, 52.1566971]}, "properties": {"name": "Waglisla", "count": 2, "href": "/wwc/#view=all&community=waglisla", "has_page": false}}, {"type": "Feature", "geometry": {"type": "Point", "coordinates": [-133.0018261, 54.1925076]}, "properties": {"name": "Dadens", "count": 3, "href": "/wwc/#view=all&community=dadens", "has_page": false}}, {"type": "Feature", "geometry": {"type": "Point", "coordinates": [-118.07404125, 49.871382800000006]}, "properties": {"name": "Fauquier", "count": 2, "href": "/wwc/#view=all&community=fauquier", "has_page": false}}, {"type": "Feature", "geometry": {"type": "Point", "coordinates": [-121.4217091, 49.4884071]}, "properties": {"name": "Dogwood Valley", "count": 1, "href": "/wwc/#view=all&community=dogwood-valley", "has_page": false}}, {"type": "Feature", "geometry": {"type": "Point", "coordinates": [-124.35032960000001, 49.49149365]}, "properties": {"name": "False Bay", "count": 2, "href": "/wwc/#view=all&community=false-bay", "has_page": false}}, {"type": "Feature", "geometry": {"type": "Point", "coordinates": [-127.2803042, 56.3237666]}, "properties": {"name": "Bear Lake", "count": 1, "href": "/wwc/#view=all&community=bear-lake", "has_page": false}}, {"type": "Feature", "geometry": {"type": "Point", "coordinates": [-121.39336795, 50.343951749999945]}, "properties": {"name": "Drynoch", "count": 2, "href": "/wwc/#view=all&community=drynoch", "has_page": false}}, {"type": "Feature", "geometry": {"type": "Point", "coordinates": [-122.419271, 52.8326962]}, "properties": {"name": "Kersley", "count": 1, "href": "/wwc/#view=all&community=kersley", "has_page": false}}, {"type": "Feature", "geometry": {"type": "Point", "coordinates": [-124.1157306, 52.1091336]}, "properties": {"name": "Chilanko Forks", "count": 2, "href": "/wwc/#view=all&community=chilanko-forks", "has_page": false}}, {"type": "Feature", "geometry": {"type": "Point", "coordinates": [-116.9610286, 49.617559]}, "properties": {"name": "Procter", "count": 1, "href": "/wwc/#view=all&community=procter", "has_page": false}}, {"type": "Feature", "geometry": {"type": "Point", "coordinates": [-124.8710448, 49.5513182]}, "properties": {"name": "Buckley Bay", "count": 1, "href": "/wwc/#view=all&community=buckley-bay", "has_page": false}}, {"type": "Feature", "geometry": {"type": "Point", "coordinates": [-123.69826334999999, 52.1318158]}, "properties": {"name": "Redstone", "count": 2, "href": "/wwc/#view=all&community=redstone", "has_page": false}}, {"type": "Feature", "geometry": {"type": "Point", "coordinates": [-123.1711932, 52.0117294]}, "properties": {"name": "Tl'etinqox", "count": 1, "href": "/wwc/#view=all&community=tl-etinqox", "has_page": false}}, {"type": "Feature", "geometry": {"type": "Point", "coordinates": [-123.9529241, 52.1408725]}, "properties": {"name": "Tŝideldel", "count": 1, "href": "/wwc/#view=all&community=ts-ideldel", "has_page": false}}, {"type": "Feature", "geometry": {"type": "Point", "coordinates": [-124.6143812, 49.3819735]}, "properties": {"name": "Dunsmuir", "count": 1, "href": "/wwc/#view=all&community=dunsmuir", "has_page": false}}, {"type": "Feature", "geometry": {"type": "Point", "coordinates": [-124.9129186, 50.1177623]}, "properties": {"name": "Squirrel Cove", "count": 1, "href": "/wwc/#view=all&community=squirrel-cove", "has_page": false}}, {"type": "Feature", "geometry": {"type": "Point", "coordinates": [-122.8863753, 50.4039641]}, "properties": {"name": "Pemberton Meadows", "count": 3, "href": "/wwc/#view=all&community=pemberton-meadows", "has_page": false}}, {"type": "Feature", "geometry": {"type": "Point", "coordinates": [-131.1680066, 57.90257815]}, "properties": {"name": "Telegraph Creek", "count": 2, "href": "/wwc/#view=all&community=telegraph-creek", "has_page": false}}, {"type": "Feature", "geometry": {"type": "Point", "coordinates": [-121.5358144, 50.2602194]}, "properties": {"name": "Lasha", "count": 1, "href": "/wwc/#view=all&community=lasha", "has_page": false}}, {"type": "Feature", "geometry": {"type": "Point", "coordinates": [-116.7550135, 49.4377152]}, "properties": {"name": "Boswell", "count": 1, "href": "/wwc/#view=all&community=boswell", "has_page": false}}, {"type": "Feature", "geometry": {"type": "Point", "coordinates": [-124.4600897, 49.3033383]}, "properties": {"name": "Hilliers", "count": 1, "href": "/wwc/#view=all&community=hilliers", "has_page": false}}, {"type": "Feature", "geometry": {"type": "Point", "coordinates": [-124.4656846, 55.673860700000006]}, "properties": {"name": "Manson Creek", "count": 2, "href": "/wwc/#view=all&community=manson-creek", "has_page": false}}, {"type": "Feature", "geometry": {"type": "Point", "coordinates": [-117.01391155, 51.45144415]}, "properties": {"name": "Blaeberry", "count": 2, "href": "/wwc/#view=all&community=blaeberry", "has_page": false}}, {"type": "Feature", "geometry": {"type": "Point", "coordinates": [-125.1587447, 50.3830088]}, "properties": {"name": "Stuart Island", "count": 1, "href": "/wwc/#view=all&community=stuart-island", "has_page": false}}, {"type": "Feature", "geometry": {"type": "Point", "coordinates": [-117.5653542, 50.6637409]}, "properties": {"name": "Trout Lake", "count": 1, "href": "/wwc/#view=all&community=trout-lake", "has_page": false}}, {"type": "Feature", "geometry": {"type": "Point", "coordinates": [-118.50954865, 51.8662179]}, "properties": {"name": "Mica Creek", "count": 2, "href": "/wwc/#view=all&community=mica-creek", "has_page": false}}, {"type": "Feature", "geometry": {"type": "Point", "coordinates": [-125.5583368, 50.21974165]}, "properties": {"name": "Elk Bay", "count": 2, "href": "/wwc/#view=all&community=elk-bay", "has_page": false}}, {"type": "Feature", "geometry": {"type": "Point", "coordinates": [-124.2472654, 51.6656453]}, "properties": {"name": "Tatlayoko Lake", "count": 2, "href": "/wwc/#view=all&community=tatlayoko-lake", "has_page": false}}, {"type": "Feature", "geometry": {"type": "Point", "coordinates": [-119.4674111, 50.877227]}, "properties": {"name": "Sorrento", "count": 3, "href": "/wwc/#view=all&community=sorrento", "has_page": false}}, {"type": "Feature", "geometry": {"type": "Point", "coordinates": [-122.9833309, 52.9874797]}, "properties": {"name": "Baker Creek", "count": 1, "href": "/wwc/#view=all&community=baker-creek", "has_page": false}}, {"type": "Feature", "geometry": {"type": "Point", "coordinates": [-126.9420595, 49.8745151]}, "properties": {"name": "Queens Cove", "count": 1, "href": "/wwc/#view=all&community=queens-cove", "has_page": false}}, {"type": "Feature", "geometry": {"type": "Point", "coordinates": [-121.5212882, 49.9712785]}, "properties": {"name": "Boothroyd", "count": 1, "href": "/wwc/#view=all&community=boothroyd", "has_page": false}}, {"type": "Feature", "geometry": {"type": "Point", "coordinates": [-125.16004430000001, 50.40029965]}, "properties": {"name": "Big Bay", "count": 2, "href": "/wwc/#view=all&community=big-bay", "has_page": false}}, {"type": "Feature", "geometry": {"type": "Point", "coordinates": [-116.6214195, 49.2440685]}, "properties": {"name": "Sirdar", "count": 1, "href": "/wwc/#view=all&community=sirdar", "has_page": false}}, {"type": "Feature", "geometry": {"type": "Point", "coordinates": [-124.621763, 50.2726806]}, "properties": {"name": "Homfray Creek", "count": 1, "href": "/wwc/#view=all&community=homfray-creek", "has_page": false}}, {"type": "Feature", "geometry": {"type": "Point", "coordinates": [-127.6463475, 51.4066493]}, "properties": {"name": "Duncanby Landing", "count": 1, "href": "/wwc/#view=all&community=duncanby-landing", "has_page": false}}, {"type": "Feature", "geometry": {"type": "Point", "coordinates": [-117.7327055, 49.0974684]}, "properties": {"name": "Warfield", "count": 1, "href": "/wwc/#view=all&community=warfield", "has_page": false}}, {"type": "Feature", "geometry": {"type": "Point", "coordinates": [-119.1193952, 50.6267531]}, "properties": {"name": "Grindrod", "count": 1, "href": "/wwc/#view=all&community=grindrod", "has_page": false}}, {"type": "Feature", "geometry": {"type": "Point", "coordinates": [-124.78716155, 48.768718250000006]}, "properties": {"name": "Whyac", "count": 2, "href": "/wwc/#view=all&community=whyac", "has_page": false}}, {"type": "Feature", "geometry": {"type": "Point", "coordinates": [-125.8685173, 53.889295]}, "properties": {"name": "Takysie Lake", "count": 1, "href": "/wwc/#view=all&community=takysie-lake", "has_page": false}}, {"type": "Feature", "geometry": {"type": "Point", "coordinates": [-121.33363575, 49.94451705]}, "properties": {"name": "Canyon Alpine", "count": 2, "href": "/wwc/#view=all&community=canyon-alpine", "has_page": false}}, {"type": "Feature", "geometry": {"type": "Point", "coordinates": [-124.9614043, 56.8918282]}, "properties": {"name": "Tsay Keh Dene", "count": 1, "href": "/wwc/#view=all&community=tsay-keh-dene", "has_page": false}}, {"type": "Feature", "geometry": {"type": "Point", "coordinates": [-117.393142, 50.6631903]}, "properties": {"name": "Five Mile", "count": 1, "href": "/wwc/#view=all&community=five-mile", "has_page": false}}, {"type": "Feature", "geometry": {"type": "Point", "coordinates": [-119.924643, 50.6430749]}, "properties": {"name": "Monte Creek", "count": 1, "href": "/wwc/#view=all&community=monte-creek", "has_page": false}}, {"type": "Feature", "geometry": {"type": "Point", "coordinates": [-128.6197379, 55.6118424]}, "properties": {"name": "Cranberry Junction", "count": 3, "href": "/wwc/#view=all&community=cranberry-junction", "has_page": false}}, {"type": "Feature", "geometry": {"type": "Point", "coordinates": [-125.1765309, 49.9083314]}, "properties": {"name": "Oyster Bay", "count": 1, "href": "/wwc/#view=all&community=oyster-bay", "has_page": false}}, {"type": "Feature", "geometry": {"type": "Point", "coordinates": [-123.8780533, 49.0564101]}, "properties": {"name": "Area A (Cassidy/Cedar)", "count": 1, "href": "/wwc/#view=all&community=area-a-cassidy-cedar", "has_page": false}}, {"type": "Feature", "geometry": {"type": "Point", "coordinates": [-115.81911364999999, 49.74826055]}, "properties": {"name": "Ta Ta Creek", "count": 2, "href": "/wwc/#view=all&community=ta-ta-creek", "has_page": false}}, {"type": "Feature", "geometry": {"type": "Point", "coordinates": [-116.74274145, 50.90188325]}, "properties": {"name": "Seeney", "count": 2, "href": "/wwc/#view=all&community=seeney", "has_page": false}}, {"type": "Feature", "geometry": {"type": "Point", "coordinates": [-118.2406143, 50.9029694]}, "properties": {"name": "Clanwilliam", "count": 1, "href": "/wwc/#view=all&community=clanwilliam", "has_page": false}}, {"type": "Feature", "geometry": {"type": "Point", "coordinates": [-123.2252547, 53.2855268]}, "properties": {"name": "Blackwater", "count": 4, "href": "/wwc/#view=all&community=blackwater", "has_page": false}}, {"type": "Feature", "geometry": {"type": "Point", "coordinates": [-124.9459628, 55.68982845]}, "properties": {"name": "12 Mile", "count": 2, "href": "/wwc/#view=all&community=12-mile", "has_page": false}}, {"type": "Feature", "geometry": {"type": "Point", "coordinates": [-120.5967354, 50.6588536]}, "properties": {"name": "Tranquille", "count": 1, "href": "/wwc/#view=all&community=tranquille", "has_page": false}}, {"type": "Feature", "geometry": {"type": "Point", "coordinates": [-124.2100542, 50.124141800000004]}, "properties": {"name": "McCalls Landing", "count": 4, "href": "/wwc/#view=all&community=mccalls-landing", "has_page": false}}, {"type": "Feature", "geometry": {"type": "Point", "coordinates": [-123.277951, 49.5922056]}, "properties": {"name": "Oliver's Landing", "count": 2, "href": "/wwc/#view=all&community=oliver-s-landing", "has_page": false}}, {"type": "Feature", "geometry": {"type": "Point", "coordinates": [-121.9806127, 51.9266054]}, "properties": {"name": "Johnson", "count": 3, "href": "/wwc/#view=all&community=johnson", "has_page": false}}, {"type": "Feature", "geometry": {"type": "Point", "coordinates": [-116.45277725, 50.99670435]}, "properties": {"name": "Harrogate", "count": 2, "href": "/wwc/#view=all&community=harrogate", "has_page": false}}, {"type": "Feature", "geometry": {"type": "Point", "coordinates": [-126.428729, 50.4767577]}, "properties": {"name": "Cracroft", "count": 1, "href": "/wwc/#view=all&community=cracroft", "has_page": false}}, {"type": "Feature", "geometry": {"type": "Point", "coordinates": [-120.9716579, 50.1960591]}, "properties": {"name": "Canford", "count": 1, "href": "/wwc/#view=all&community=canford", "has_page": false}}, {"type": "Feature", "geometry": {"type": "Point", "coordinates": [-121.10654115, 52.85500125]}, "properties": {"name": "Keithley Creek", "count": 2, "href": "/wwc/#view=all&community=keithley-creek", "has_page": false}}, {"type": "Feature", "geometry": {"type": "Point", "coordinates": [-119.55536724999999, 50.24745585]}, "properties": {"name": "Killiney Beach", "count": 2, "href": "/wwc/#view=all&community=killiney-beach", "has_page": false}}, {"type": "Feature", "geometry": {"type": "Point", "coordinates": [-127.91062475000001, 50.334515]}, "properties": {"name": "Mahatta River", "count": 2, "href": "/wwc/#view=all&community=mahatta-river", "has_page": false}}, {"type": "Feature", "geometry": {"type": "Point", "coordinates": [-128.9467141, 55.3295512]}, "properties": {"name": "Nass Camp", "count": 1, "href": "/wwc/#view=all&community=nass-camp", "has_page": false}}, {"type": "Feature", "geometry": {"type": "Point", "coordinates": [-123.773167, 48.6316484]}, "properties": {"name": "Strathcona Lodge", "count": 1, "href": "/wwc/#view=all&community=strathcona-lodge", "has_page": false}}, {"type": "Feature", "geometry": {"type": "Point", "coordinates": [-117.4448877, 51.655518]}, "properties": {"name": "Beavermouth", "count": 7, "href": "/wwc/community/beavermouth/", "has_page": true}}, {"type": "Feature", "geometry": {"type": "Point", "coordinates": [-119.8663512, 49.6206529]}, "properties": {"name": "Faulder", "count": 3, "href": "/wwc/#view=all&community=faulder", "has_page": false}}, {"type": "Feature", "geometry": {"type": "Point", "coordinates": [-122.1063543, 50.5831601]}, "properties": {"name": "MacNeill", "count": 3, "href": "/wwc/#view=all&community=macneill", "has_page": false}}, {"type": "Feature", "geometry": {"type": "Point", "coordinates": [-117.2647463, 51.529316]}, "properties": {"name": "Redgrave", "count": 1, "href": "/wwc/#view=all&community=redgrave", "has_page": false}}, {"type": "Feature", "geometry": {"type": "Point", "coordinates": [-117.7964098, 50.7450745]}, "properties": {"name": "Beaton", "count": 1, "href": "/wwc/#view=all&community=beaton", "has_page": false}}, {"type": "Feature", "geometry": {"type": "Point", "coordinates": [-117.6325766, 50.2400437]}, "properties": {"name": "Box Lake", "count": 2, "href": "/wwc/#view=all&community=box-lake", "has_page": false}}, {"type": "Feature", "geometry": {"type": "Point", "coordinates": [-115.89748975, 49.96219385]}, "properties": {"name": "Torrent", "count": 4, "href": "/wwc/#view=all&community=torrent", "has_page": false}}, {"type": "Feature", "geometry": {"type": "Point", "coordinates": [-124.43114955, 49.823012399999996]}, "properties": {"name": "Myrtle Point", "count": 2, "href": "/wwc/#view=all&community=myrtle-point", "has_page": false}}, {"type": "Feature", "geometry": {"type": "Point", "coordinates": [-118.8384699, 49.6033852]}, "properties": {"name": "Christian Valley", "count": 1, "href": "/wwc/#view=all&community=christian-valley", "has_page": false}}, {"type": "Feature", "geometry": {"type": "Point", "coordinates": [-118.9583302, 49.3725066]}, "properties": {"name": "Beaverdell", "count": 1, "href": "/wwc/#view=all&community=beaverdell", "has_page": false}}, {"type": "Feature", "geometry": {"type": "Point", "coordinates": [-125.6051705, 50.2864234]}, "properties": {"name": "Rock Bay", "count": 5, "href": "/wwc/community/rock-bay/", "has_page": true}}, {"type": "Feature", "geometry": {"type": "Point", "coordinates": [-119.4770749, 50.490278399999994]}, "properties": {"name": "Sweetsbridge", "count": 2, "href": "/wwc/#view=all&community=sweetsbridge", "has_page": false}}, {"type": "Feature", "geometry": {"type": "Point", "coordinates": [-123.3962555, 49.5493497]}, "properties": {"name": "McNab Creek", "count": 2, "href": "/wwc/#view=all&community=mcnab-creek", "has_page": false}}, {"type": "Feature", "geometry": {"type": "Point", "coordinates": [-120.3679318, 53.285544]}, "properties": {"name": "Lamming Mills", "count": 1, "href": "/wwc/#view=all&community=lamming-mills", "has_page": false}}, {"type": "Feature", "geometry": {"type": "Point", "coordinates": [-118.184667, 49.9154394]}, "properties": {"name": "Needles", "count": 1, "href": "/wwc/#view=all&community=needles", "has_page": false}}, {"type": "Feature", "geometry": {"type": "Point", "coordinates": [-126.60212039999999, 50.85422275]}, "properties": {"name": "Shawl Bay", "count": 2, "href": "/wwc/#view=all&community=shawl-bay", "has_page": false}}, {"type": "Feature", "geometry": {"type": "Point", "coordinates": [-126.772468, 50.8357081]}, "properties": {"name": "Sullivan Bay", "count": 1, "href": "/wwc/#view=all&community=sullivan-bay", "has_page": false}}, {"type": "Feature", "geometry": {"type": "Point", "coordinates": [-127.286153, 50.3713635]}, "properties": {"name": "Benson Lake", "count": 2, "href": "/wwc/#view=all&community=benson-lake", "has_page": false}}, {"type": "Feature", "geometry": {"type": "Point", "coordinates": [-123.1115327, 49.79860615]}, "properties": {"name": "Cheekye", "count": 4, "href": "/wwc/#view=all&community=cheekye", "has_page": false}}, {"type": "Feature", "geometry": {"type": "Point", "coordinates": [-123.9749323, 49.4856571]}, "properties": {"name": "Buccaneer Bay", "count": 2, "href": "/wwc/#view=all&community=buccaneer-bay", "has_page": false}}, {"type": "Feature", "geometry": {"type": "Point", "coordinates": [-122.23762915, 52.341701900000004]}, "properties": {"name": "Soda Creek", "count": 2, "href": "/wwc/#view=all&community=soda-creek", "has_page": false}}, {"type": "Feature", "geometry": {"type": "Point", "coordinates": [-116.8612827, 49.8604343]}, "properties": {"name": "Mirror Lake", "count": 5, "href": "/wwc/community/mirror-lake/", "has_page": true}}, {"type": "Feature", "geometry": {"type": "Point", "coordinates": [-124.2465166, 54.6104873]}, "properties": {"name": "Pinchi Lake", "count": 1, "href": "/wwc/#view=all&community=pinchi-lake", "has_page": false}}, {"type": "Feature", "geometry": {"type": "Point", "coordinates": [-124.29560244999999, 49.6043089]}, "properties": {"name": "Billings Bay", "count": 2, "href": "/wwc/#view=all&community=billings-bay", "has_page": false}}, {"type": "Feature", "geometry": {"type": "Point", "coordinates": [-125.1664545, 49.901931]}, "properties": {"name": "Stories Beach", "count": 1, "href": "/wwc/#view=all&community=stories-beach", "has_page": false}}, {"type": "Feature", "geometry": {"type": "Point", "coordinates": [-116.5931441, 50.830841750000005]}, "properties": {"name": "Spillimacheen", "count": 2, "href": "/wwc/#view=all&community=spillimacheen", "has_page": false}}, {"type": "Feature", "geometry": {"type": "Point", "coordinates": [-115.4192266, 49.1890593]}, "properties": {"name": "Kragmont", "count": 1, "href": "/wwc/#view=all&community=kragmont", "has_page": false}}, {"type": "Feature", "geometry": {"type": "Point", "coordinates": [-114.5626098, 49.1198691]}, "properties": {"name": "Flathead", "count": 5, "href": "/wwc/community/flathead/", "has_page": true}}, {"type": "Feature", "geometry": {"type": "Point", "coordinates": [-119.086514, 49.6052308]}, "properties": {"name": "Carmi", "count": 1, "href": "/wwc/#view=all&community=carmi", "has_page": false}}, {"type": "Feature", "geometry": {"type": "Point", "coordinates": [-128.47206, 54.2439143]}, "properties": {"name": "DuBose", "count": 1, "href": "/wwc/#view=all&community=dubose", "has_page": false}}, {"type": "Feature", "geometry": {"type": "Point", "coordinates": [-121.4309445, 49.4699675]}, "properties": {"name": "Choate", "count": 1, "href": "/wwc/#view=all&community=choate", "has_page": false}}, {"type": "Feature", "geometry": {"type": "Point", "coordinates": [-121.6747331, 52.6664223]}, "properties": {"name": "Quesnel Forks", "count": 1, "href": "/wwc/#view=all&community=quesnel-forks", "has_page": false}}, {"type": "Feature", "geometry": {"type": "Point", "coordinates": [-120.8497525, 50.0163591]}, "properties": {"name": "Collettville", "count": 2, "href": "/wwc/#view=all&community=collettville", "has_page": false}}, {"type": "Feature", "geometry": {"type": "Point", "coordinates": [-117.4947462, 49.2703786]}, "properties": {"name": "Ootischenia", "count": 1, "href": "/wwc/#view=all&community=ootischenia", "has_page": false}}, {"type": "Feature", "geometry": {"type": "Point", "coordinates": [-130.0773665, 57.9846914]}, "properties": {"name": "40 Mile Flats", "count": 1, "href": "/wwc/#view=all&community=40-mile-flats", "has_page": false}}, {"type": "Feature", "geometry": {"type": "Point", "coordinates": [-119.09344765, 49.95920675]}, "properties": {"name": "Skookumchuck", "count": 4, "href": "/wwc/#view=all&community=skookumchuck", "has_page": false}}, {"type": "Feature", "geometry": {"type": "Point", "coordinates": [-119.1627676, 49.1217348]}, "properties": {"name": "Camp McKinney", "count": 1, "href": "/wwc/#view=all&community=camp-mckinney", "has_page": false}}, {"type": "Feature", "geometry": {"type": "Point", "coordinates": [-120.953794, 50.2764357]}, "properties": {"name": "Dot", "count": 2, "href": "/wwc/#view=all&community=dot", "has_page": false}}, {"type": "Feature", "geometry": {"type": "Point", "coordinates": [-119.1704017, 49.7709222]}, "properties": {"name": "McCulloch", "count": 2, "href": "/wwc/#view=all&community=mcculloch", "has_page": false}}, {"type": "Feature", "geometry": {"type": "Point", "coordinates": [-126.565697, 54.9501552]}, "properties": {"name": "Smithers Landing", "count": 1, "href": "/wwc/#view=all&community=smithers-landing", "has_page": false}}, {"type": "Feature", "geometry": {"type": "Point", "coordinates": [-115.9254012, 49.4486378]}, "properties": {"name": "Lumberton", "count": 1, "href": "/wwc/#view=all&community=lumberton", "has_page": false}}, {"type": "Feature", "geometry": {"type": "Point", "coordinates": [-124.1758029, 54.2358297]}, "properties": {"name": "Dog Creek", "count": 1, "href": "/wwc/#view=all&community=dog-creek", "has_page": false}}, {"type": "Feature", "geometry": {"type": "Point", "coordinates": [-121.49097635000001, 50.62719305]}, "properties": {"name": "Basque", "count": 2, "href": "/wwc/#view=all&community=basque", "has_page": false}}, {"type": "Feature", "geometry": {"type": "Point", "coordinates": [-126.8109248, 50.4585535]}, "properties": {"name": "Beaver Cove", "count": 1, "href": "/wwc/#view=all&community=beaver-cove", "has_page": false}}, {"type": "Feature", "geometry": {"type": "Point", "coordinates": [-117.396624, 49.4394394]}, "properties": {"name": "Blewett", "count": 2, "href": "/wwc/#view=all&community=blewett", "has_page": false}}, {"type": "Feature", "geometry": {"type": "Point", "coordinates": [-120.9986193, 50.2882868]}, "properties": {"name": "Agate", "count": 1, "href": "/wwc/#view=all&community=agate", "has_page": false}}, {"type": "Feature", "geometry": {"type": "Point", "coordinates": [-117.4932008, 49.291169]}, "properties": {"name": "Thrums", "count": 1, "href": "/wwc/#view=all&community=thrums", "has_page": false}}, {"type": "Feature", "geometry": {"type": "Point", "coordinates": [-122.2178578, 50.7883168]}, "properties": {"name": "Shalalth", "count": 1, "href": "/wwc/#view=all&community=shalalth", "has_page": false}}, {"type": "Feature", "geometry": {"type": "Point", "coordinates": [-122.36083055, 53.6370734]}, "properties": {"name": "Stoner", "count": 2, "href": "/wwc/#view=all&community=stoner", "has_page": false}}, {"type": "Feature", "geometry": {"type": "Point", "coordinates": [-124.7367762, 55.704863]}, "properties": {"name": "Germansen Landing", "count": 3, "href": "/wwc/#view=all&community=germansen-landing", "has_page": false}}, {"type": "Feature", "geometry": {"type": "Point", "coordinates": [-117.6551095, 49.6826623]}, "properties": {"name": "Appledale", "count": 2, "href": "/wwc/#view=all&community=appledale", "has_page": false}}, {"type": "Feature", "geometry": {"type": "Point", "coordinates": [-123.8029756, 50.1875627]}, "properties": {"name": "Malibu", "count": 1, "href": "/wwc/#view=all&community=malibu", "has_page": false}}, {"type": "Feature", "geometry": {"type": "Point", "coordinates": [-122.5609118, 53.9092021]}, "properties": {"name": "Bonnet Hill", "count": 1, "href": "/wwc/#view=all&community=bonnet-hill", "has_page": false}}, {"type": "Feature", "geometry": {"type": "Point", "coordinates": [-118.0143798, 49.234909]}, "properties": {"name": "Paulson", "count": 1, "href": "/wwc/#view=all&community=paulson", "has_page": false}}, {"type": "Feature", "geometry": {"type": "Point", "coordinates": [-124.6438538, 54.1761844]}, "properties": {"name": "Encombe", "count": 1, "href": "/wwc/#view=all&community=encombe", "has_page": false}}, {"type": "Feature", "geometry": {"type": "Point", "coordinates": [-120.3731933, 50.3513653]}, "properties": {"name": "Stump Lake", "count": 1, "href": "/wwc/#view=all&community=stump-lake", "has_page": false}}, {"type": "Feature", "geometry": {"type": "Point", "coordinates": [-119.1302703, 50.10185905]}, "properties": {"name": "Lavington", "count": 2, "href": "/wwc/#view=all&community=lavington", "has_page": false}}, {"type": "Feature", "geometry": {"type": "Point", "coordinates": [-124.4098349, 54.5233529]}, "properties": {"name": "Pinchi", "count": 1, "href": "/wwc/#view=all&community=pinchi", "has_page": false}}, {"type": "Feature", "geometry": {"type": "Point", "coordinates": [-123.3417173, 49.5004997]}, "properties": {"name": "Camp Artaban", "count": 1, "href": "/wwc/#view=all&community=camp-artaban", "has_page": false}}, {"type": "Feature", "geometry": {"type": "Point", "coordinates": [-122.550865, 54.7460562]}, "properties": {"name": "Anzac", "count": 2, "href": "/wwc/#view=all&community=anzac", "has_page": false}}, {"type": "Feature", "geometry": {"type": "Point", "coordinates": [-120.7059561, 50.6565539]}, "properties": {"name": "Six Mile Ranch", "count": 1, "href": "/wwc/#view=all&community=six-mile-ranch", "has_page": false}}, {"type": "Feature", "geometry": {"type": "Point", "coordinates": [-117.3881607, 49.262189]}, "properties": {"name": "Erie", "count": 1, "href": "/wwc/#view=all&community=erie", "has_page": false}}, {"type": "Feature", "geometry": {"type": "Point", "coordinates": [-117.7267274, 49.424183]}, "properties": {"name": "Pass Creek", "count": 1, "href": "/wwc/#view=all&community=pass-creek", "has_page": false}}, {"type": "Feature", "geometry": {"type": "Point", "coordinates": [-120.63235165, 50.08106215]}, "properties": {"name": "Nicola", "count": 2, "href": "/wwc/#view=all&community=nicola", "has_page": false}}, {"type": "Feature", "geometry": {"type": "Point", "coordinates": [-115.2578125, 49.0909679]}, "properties": {"name": "Newgate", "count": 1, "href": "/wwc/#view=all&community=newgate", "has_page": false}}, {"type": "Feature", "geometry": {"type": "Point", "coordinates": [-128.1910037, 55.083313]}, "properties": {"name": "Woodcock", "count": 1, "href": "/wwc/#view=all&community=woodcock", "has_page": false}}, {"type": "Feature", "geometry": {"type": "Point", "coordinates": [-125.3077465, 54.139219]}, "properties": {"name": "Watson", "count": 1, "href": "/wwc/#view=all&community=watson", "has_page": false}}, {"type": "Feature", "geometry": {"type": "Point", "coordinates": [-121.4402168, 50.45273735]}, "properties": {"name": "Spences Bridge", "count": 2, "href": "/wwc/#view=all&community=spences-bridge", "has_page": false}}, {"type": "Feature", "geometry": {"type": "Point", "coordinates": [-118.15253, 49.534684]}, "properties": {"name": "Renata", "count": 1, "href": "/wwc/#view=all&community=renata", "has_page": false}}, {"type": "Feature", "geometry": {"type": "Point", "coordinates": [-126.3506354, 54.4948811]}, "properties": {"name": "Wiley", "count": 1, "href": "/wwc/#view=all&community=wiley", "has_page": false}}, {"type": "Feature", "geometry": {"type": "Point", "coordinates": [-122.5866133, 50.5643626]}, "properties": {"name": "D'Arcy", "count": 1, "href": "/wwc/#view=all&community=d-arcy", "has_page": false}}, {"type": "Feature", "geometry": {"type": "Point", "coordinates": [-122.7295009, 50.3508524]}, "properties": {"name": "Owl Creek", "count": 1, "href": "/wwc/#view=all&community=owl-creek", "has_page": false}}, {"type": "Feature", "geometry": {"type": "Point", "coordinates": [-124.599346, 49.9546379]}, "properties": {"name": "t̓ɩšosəm", "count": 1, "href": "/wwc/#view=all&community=t-os-m", "has_page": false}}, {"type": "Feature", "geometry": {"type": "Point", "coordinates": [-118.7917479, 50.645067]}, "properties": {"name": "Hupel", "count": 3, "href": "/wwc/#view=all&community=hupel", "has_page": false}}, {"type": "Feature", "geometry": {"type": "Point", "coordinates": [-116.3573467, 49.6638667]}, "properties": {"name": "Meachen", "count": 2, "href": "/wwc/#view=all&community=meachen", "has_page": false}}, {"type": "Feature", "geometry": {"type": "Point", "coordinates": [-122.4024602, 49.0575037]}, "properties": {"name": "Bradner", "count": 1, "href": "/wwc/#view=all&community=bradner", "has_page": false}}, {"type": "Feature", "geometry": {"type": "Point", "coordinates": [-126.9167552, 50.2968]}, "properties": {"name": "Nimpkish", "count": 1, "href": "/wwc/#view=all&community=nimpkish", "has_page": false}}, {"type": "Feature", "geometry": {"type": "Point", "coordinates": [-125.2233003, 53.9089605]}, "properties": {"name": "Glenannan", "count": 1, "href": "/wwc/#view=all&community=glenannan", "has_page": false}}, {"type": "Feature", "geometry": {"type": "Point", "coordinates": [-117.9505401, 49.0878564]}, "properties": {"name": "Silica", "count": 1, "href": "/wwc/#view=all&community=silica", "has_page": false}}, {"type": "Feature", "geometry": {"type": "Point", "coordinates": [-121.00599365, 49.7926599]}, "properties": {"name": "Brookmere", "count": 2, "href": "/wwc/#view=all&community=brookmere", "has_page": false}}, {"type": "Feature", "geometry": {"type": "Point", "coordinates": [-132.0467527, 53.0621373]}, "properties": {"name": "Moresby Camp", "count": 2, "href": "/wwc/#view=all&community=moresby-camp", "has_page": false}}, {"type": "Feature", "geometry": {"type": "Point", "coordinates": [-119.1465265, 50.0822013]}, "properties": {"name": "Oyama", "count": 1, "href": "/wwc/#view=all&community=oyama", "has_page": false}}, {"type": "Feature", "geometry": {"type": "Point", "coordinates": [-125.9054307, 54.0546169]}, "properties": {"name": "Tatalrose", "count": 1, "href": "/wwc/#view=all&community=tatalrose", "has_page": false}}, {"type": "Feature", "geometry": {"type": "Point", "coordinates": [-121.1580545, 55.9616047]}, "properties": {"name": "Monias", "count": 1, "href": "/wwc/#view=all&community=monias", "has_page": false}}, {"type": "Feature", "geometry": {"type": "Point", "coordinates": [-133.419008, 59.6326001]}, "properties": {"name": "Surprise", "count": 1, "href": "/wwc/#view=all&community=surprise", "has_page": false}}, {"type": "Feature", "geometry": {"type": "Point", "coordinates": [-121.10385260000001, 50.4025214]}, "properties": {"name": "Clapperton", "count": 2, "href": "/wwc/#view=all&community=clapperton", "has_page": false}}, {"type": "Feature", "geometry": {"type": "Point", "coordinates": [-122.0011426, 50.9804115]}, "properties": {"name": "Hilltop", "count": 1, "href": "/wwc/#view=all&community=hilltop", "has_page": false}}, {"type": "Feature", "geometry": {"type": "Point", "coordinates": [-118.69177479999999, 50.0810732]}, "properties": {"name": "Creighton Valley", "count": 2, "href": "/wwc/#view=all&community=creighton-valley", "has_page": false}}, {"type": "Feature", "geometry": {"type": "Point", "coordinates": [-121.5482497, 50.3790007]}, "properties": {"name": "Skoonka", "count": 1, "href": "/wwc/#view=all&community=skoonka", "has_page": false}}, {"type": "Feature", "geometry": {"type": "Point", "coordinates": [-120.93701915, 49.8989457]}, "properties": {"name": "Kingsvale", "count": 2, "href": "/wwc/#view=all&community=kingsvale", "has_page": false}}, {"type": "Feature", "geometry": {"type": "Point", "coordinates": [-116.9522461, 49.940617]}, "properties": {"name": "Shutty Bench", "count": 1, "href": "/wwc/#view=all&community=shutty-bench", "has_page": false}}, {"type": "Feature", "geometry": {"type": "Point", "coordinates": [-121.9115976, 52.1665769]}, "properties": {"name": "Dugan Lake", "count": 1, "href": "/wwc/#view=all&community=dugan-lake", "has_page": false}}, {"type": "Feature", "geometry": {"type": "Point", "coordinates": [-123.1871878, 49.8350292]}, "properties": {"name": "Cheakamus", "count": 1, "href": "/wwc/#view=all&community=cheakamus", "has_page": false}}, {"type": "Feature", "geometry": {"type": "Point", "coordinates": [-122.41103659999999, 53.74146235]}, "properties": {"name": "Cale", "count": 2, "href": "/wwc/#view=all&community=cale", "has_page": false}}, {"type": "Feature", "geometry": {"type": "Point", "coordinates": [-119.9674188, 49.3988234]}, "properties": {"name": "Apex Mountain", "count": 1, "href": "/wwc/#view=all&community=apex-mountain", "has_page": false}}, {"type": "Feature", "geometry": {"type": "Point", "coordinates": [-114.9390775, 50.104561]}, "properties": {"name": "Round Prairie", "count": 1, "href": "/wwc/#view=all&community=round-prairie", "has_page": false}}, {"type": "Feature", "geometry": {"type": "Point", "coordinates": [-120.4022729, 50.8457278]}, "properties": {"name": "Rayleigh", "count": 1, "href": "/wwc/#view=all&community=rayleigh", "has_page": false}}, {"type": "Feature", "geometry": {"type": "Point", "coordinates": [-120.675147, 49.5025509]}, "properties": {"name": "Coalmont", "count": 1, "href": "/wwc/#view=all&community=coalmont", "has_page": false}}, {"type": "Feature", "geometry": {"type": "Point", "coordinates": [-122.8021825, 57.1723833]}, "properties": {"name": "Sikanni Chief", "count": 1, "href": "/wwc/#view=all&community=sikanni-chief", "has_page": false}}, {"type": "Feature", "geometry": {"type": "Point", "coordinates": [-123.0836149, 49.3098598]}, "properties": {"name": "Lower Lonsdale", "count": 1, "href": "/wwc/#view=all&community=lower-lonsdale", "has_page": false}}, {"type": "Feature", "geometry": {"type": "Point", "coordinates": [-116.91123, 49.694449]}, "properties": {"name": "Walkers", "count": 1, "href": "/wwc/#view=all&community=walkers", "has_page": false}}, {"type": "Feature", "geometry": {"type": "Point", "coordinates": [-121.595972, 53.830069]}, "properties": {"name": "Longworth", "count": 1, "href": "/wwc/#view=all&community=longworth", "has_page": false}}, {"type": "Feature", "geometry": {"type": "Point", "coordinates": [-122.86078, 53.736421]}, "properties": {"name": "Beaverley", "count": 1, "href": "/wwc/#view=all&community=beaverley", "has_page": false}}, {"type": "Feature", "geometry": {"type": "Point", "coordinates": [-125.209822, 50.206453]}, "properties": {"name": "Bold Point", "count": 1, "href": "/wwc/#view=all&community=bold-point", "has_page": false}}, {"type": "Feature", "geometry": {"type": "Point", "coordinates": [-128.917516, 53.845665]}, "properties": {"name": "Weewanie", "count": 2, "href": "/wwc/#view=all&community=weewanie", "has_page": false}}, {"type": "Feature", "geometry": {"type": "Point", "coordinates": [-121.737622, 50.864904]}, "properties": {"name": "Pavilion", "count": 1, "href": "/wwc/#view=all&community=pavilion", "has_page": false}}, {"type": "Feature", "geometry": {"type": "Point", "coordinates": [-129.081286, 55.189589]}, "properties": {"name": "New Aiyansh", "count": 1, "href": "/wwc/#view=all&community=new-aiyansh", "has_page": false}}, {"type": "Feature", "geometry": {"type": "Point", "coordinates": [-123.693276, 48.3881206]}, "properties": {"name": "Milnes Landing", "count": 1, "href": "/wwc/#view=all&community=milnes-landing", "has_page": false}}, {"type": "Feature", "geometry": {"type": "Point", "coordinates": [-117.5921923, 49.0794137]}, "properties": {"name": "Montrose", "count": 1, "href": "/wwc/#view=all&community=montrose", "has_page": false}}, {"type": "Feature", "geometry": {"type": "Point", "coordinates": [-117.5404006, 49.4108422]}, "properties": {"name": "Glade", "count": 1, "href": "/wwc/#view=all&community=glade", "has_page": false}}, {"type": "Feature", "geometry": {"type": "Point", "coordinates": [-121.9273451, 52.1039138]}, "properties": {"name": "150 Mile House", "count": 1, "href": "/wwc/#view=all&community=150-mile-house", "has_page": false}}, {"type": "Feature", "geometry": {"type": "Point", "coordinates": [-120.9386426, 50.7700891]}, "properties": {"name": "Skeetchestn", "count": 1, "href": "/wwc/#view=all&community=skeetchestn", "has_page": false}}]}