<?xml version="1.0" encoding="UTF-8"?>
<gpx version="1.1" creator="BC Bike Stops (bccycletourism.ca)" xmlns="http://www.topografix.com/GPX/1/1">
<metadata>
<name>BC Part One — cycling stops</name>
<link href="https://bccycletourism.ca/route/bc-part-one/"><text>BC Bike Stops</text></link>
</metadata>
<wpt lat="49.328089" lon="-123.156079">
<name>Thai Pudpong</name>
<cmt>food</cmt>
<desc>Restaurant</desc>
<sym>Dot</sym>
<type>food</type>
</wpt>
<wpt lat="49.328042" lon="-123.155809">
<name>Golestan Bakery</name>
<cmt>food</cmt>
<desc>Bakery / Donuts</desc>
<sym>Dot</sym>
<type>food</type>
</wpt>
<wpt lat="49.328501" lon="-123.161089">
<name>Swad Indian Kitchen</name>
<cmt>food</cmt>
<desc>Restaurant</desc>
<sym>Dot</sym>
<type>food</type>
</wpt>
<wpt lat="49.328484" lon="-123.160865">
<name>Starbucks</name>
<cmt>food</cmt>
<desc>Fast Food / Chain</desc>
<sym>Dot</sym>
<type>food</type>
</wpt>
<wpt lat="49.328008" lon="-123.155488">
<name>Carmelo's</name>
<cmt>food</cmt>
<desc>Restaurant</desc>
<sym>Dot</sym>
<type>food</type>
</wpt>
<wpt lat="49.328008" lon="-123.155488">
<name>BC Liquor Store</name>
<cmt>convenience_store</cmt>
<desc>Liquor Store</desc>
<sym>Dot</sym>
<type>store</type>
</wpt>
<wpt lat="49.328494" lon="-123.161600">
<name>Dairy Queen</name>
<cmt>food</cmt>
<desc>Ice Cream</desc>
<sym>Dot</sym>
<type>food</type>
</wpt>
<wpt lat="49.334568" lon="-123.180363">
<name>The Red Lion Bar &amp; Grill</name>
<cmt>food</cmt>
<desc>Restaurant</desc>
<sym>Dot</sym>
<type>food</type>
</wpt>
<wpt lat="49.334731" lon="-123.180938">
<name>The Bakehouse</name>
<cmt>food</cmt>
<desc>Bakery / Donuts</desc>
<sym>Dot</sym>
<type>food</type>
</wpt>
<wpt lat="49.335074" lon="-123.182179">
<name>IGA</name>
<cmt>convenience_store</cmt>
<desc>Grocery Store</desc>
<sym>Dot</sym>
<type>store</type>
</wpt>
<wpt lat="49.334171" lon="-123.178624">
<name>Sorrento's Pizza</name>
<cmt>food</cmt>
<desc>Restaurant</desc>
<sym>Dot</sym>
<type>food</type>
</wpt>
<wpt lat="49.328271" lon="-123.157384">
<name>Bean Around The World Coffees</name>
<cmt>coffee</cmt>
<desc>Café / Coffee</desc>
<sym>Dot</sym>
<type>food</type>
</wpt>
<wpt lat="49.328271" lon="-123.157314">
<name>The Anchor Eatery</name>
<cmt>coffee</cmt>
<desc>Café / Coffee</desc>
<sym>Dot</sym>
<type>food</type>
</wpt>
<wpt lat="49.328315" lon="-123.157649">
<name>KI-ISU Japanese Restaurant</name>
<cmt>food</cmt>
<desc>Restaurant</desc>
<sym>Dot</sym>
<type>food</type>
</wpt>
<wpt lat="49.328395" lon="-123.158427">
<name>Bene Sushi Lounge</name>
<cmt>food</cmt>
<desc>Restaurant</desc>
<sym>Dot</sym>
<type>food</type>
</wpt>
<wpt lat="49.328377" lon="-123.158127">
<name>The Bridge</name>
<cmt>food</cmt>
<desc>Restaurant</desc>
<sym>Dot</sym>
<type>food</type>
</wpt>
<wpt lat="49.328093" lon="-123.154578">
<name>Wooden Fish</name>
<cmt>food</cmt>
<desc>Restaurant</desc>
<sym>Dot</sym>
<type>food</type>
</wpt>
<wpt lat="49.328891" lon="-123.165460">
<name>West Vancouver Memorial Library</name>
<cmt>library</cmt>
<desc>Library</desc>
<sym>Dot</sym>
<type>info</type>
</wpt>
<wpt lat="49.331079" lon="-123.171312">
<name>Casa Mia</name>
<cmt>food</cmt>
<desc>Restaurant</desc>
<sym>Dot</sym>
<type>food</type>
</wpt>
<wpt lat="49.328498" lon="-123.163355">
<name>Cindy's</name>
<cmt>food</cmt>
<desc>Restaurant</desc>
<sym>Dot</sym>
<type>food</type>
</wpt>
<wpt lat="49.328044" lon="-123.154183">
<name>7-Eleven</name>
<cmt>convenience_store</cmt>
<desc>Convenience Store</desc>
<sym>Dot</sym>
<type>store</type>
</wpt>
<wpt lat="49.331072" lon="-123.172360">
<name>The Modern Pantry</name>
<cmt>food</cmt>
<desc>Bakery / Donuts</desc>
<sym>Dot</sym>
<type>food</type>
</wpt>
<wpt lat="49.331003" lon="-123.172299">
<name>Zen Japanese Restaurant</name>
<cmt>food</cmt>
<desc>Restaurant</desc>
<sym>Dot</sym>
<type>food</type>
</wpt>
<wpt lat="49.328218" lon="-123.155112">
<name>Lao Cai Chinese Cuisine</name>
<cmt>food</cmt>
<desc>Restaurant</desc>
<sym>Dot</sym>
<type>food</type>
</wpt>
<wpt lat="49.327463" lon="-123.153993">
<name>Earls</name>
<cmt>food</cmt>
<desc>Restaurant</desc>
<sym>Dot</sym>
<type>food</type>
</wpt>
<wpt lat="49.328436" lon="-123.163550">
<name>Raku Japanese Kitchen</name>
<cmt>food</cmt>
<desc>Restaurant</desc>
<sym>Dot</sym>
<type>food</type>
</wpt>
<wpt lat="49.323937" lon="-123.131247">
<name>Capilano RV Park</name>
<cmt>camping</cmt>
<desc>Private Campground</desc>
<sym>Dot</sym>
<type>campsite</type>
</wpt>
<wpt lat="49.328774" lon="-123.161237">
<name>Hatam</name>
<cmt>food</cmt>
<desc>Restaurant</desc>
<sym>Dot</sym>
<type>food</type>
</wpt>
<wpt lat="49.334145" lon="-123.180058">
<name>Delany's Coffee House</name>
<cmt>coffee</cmt>
<desc>Café / Coffee</desc>
<sym>Dot</sym>
<type>food</type>
</wpt>
<wpt lat="49.328773" lon="-123.161118">
<name>SSal Sushi &amp; Grill</name>
<cmt>food</cmt>
<desc>Restaurant</desc>
<sym>Dot</sym>
<type>food</type>
</wpt>
<wpt lat="49.328355" lon="-123.155971">
<name>Persia Foods Produce Markets</name>
<cmt>convenience_store</cmt>
<desc>Grocery Store</desc>
<sym>Dot</sym>
<type>store</type>
</wpt>
<wpt lat="49.328773" lon="-123.160993">
<name>Gandoum Bakery</name>
<cmt>food</cmt>
<desc>Bakery / Donuts</desc>
<sym>Dot</sym>
<type>food</type>
</wpt>
<wpt lat="49.328101" lon="-123.160036">
<name>Fresh St. Market</name>
<cmt>convenience_store</cmt>
<desc>Grocery Store</desc>
<sym>Dot</sym>
<type>store</type>
</wpt>
<wpt lat="49.335070" lon="-123.181239">
<name>Angry Otter Liquor</name>
<cmt>convenience_store</cmt>
<desc>Liquor Store</desc>
<sym>Dot</sym>
<type>store</type>
</wpt>
<wpt lat="49.328010" lon="-123.153944">
<name>Freshslice Pizza</name>
<cmt>food</cmt>
<desc>Fast Food / Chain</desc>
<sym>Dot</sym>
<type>food</type>
</wpt>
<wpt lat="49.328050" lon="-123.159900">
<name>Okanagan Estate Wine Cellar</name>
<cmt>winery</cmt>
<desc>Winery / Cidery</desc>
<sym>Dot</sym>
<type>food</type>
</wpt>
<wpt lat="49.334793" lon="-123.182934">
<name>Vina Vietnamese Restaurant</name>
<cmt>food</cmt>
<desc>Restaurant</desc>
<sym>Dot</sym>
<type>food</type>
</wpt>
<wpt lat="49.327889" lon="-123.158346">
<name>16th Street Liquor Store</name>
<cmt>convenience_store</cmt>
<desc>Liquor Store</desc>
<sym>Dot</sym>
<type>store</type>
</wpt>
<wpt lat="49.328162" lon="-123.161789">
<name>Panago</name>
<cmt>food</cmt>
<desc>Fast Food / Chain</desc>
<sym>Dot</sym>
<type>food</type>
</wpt>
<wpt lat="49.326962" lon="-123.154865">
<name>Ferry Building Gallery</name>
<cmt>monument</cmt>
<desc>Museum / Gallery</desc>
<sym>Dot</sym>
<type>info</type>
</wpt>
<wpt lat="49.328377" lon="-123.155020">
<name>Squarerigger Pub</name>
<cmt>bar</cmt>
<desc>Brewery / Pub</desc>
<sym>Dot</sym>
<type>food</type>
</wpt>
<wpt lat="49.328159" lon="-123.161922">
<name>Kin Sushi</name>
<cmt>food</cmt>
<desc>Restaurant</desc>
<sym>Dot</sym>
<type>food</type>
</wpt>
<wpt lat="49.330988" lon="-123.170201">
<name>West Vancouver Recreation Centre</name>
<cmt>rest_stop</cmt>
<desc>Community Centre</desc>
<sym>Dot</sym>
<type>rest_area</type>
</wpt>
<wpt lat="49.328597" lon="-123.157583">
<name>Savary Island Pie Company</name>
<cmt>food</cmt>
<desc>Bakery / Donuts</desc>
<sym>Dot</sym>
<type>food</type>
</wpt>
<wpt lat="49.327243" lon="-123.152888">
<name>Thierry</name>
<cmt>coffee</cmt>
<desc>Café / Coffee</desc>
<sym>Dot</sym>
<type>food</type>
</wpt>
<wpt lat="49.328537" lon="-123.156626">
<name>Subway</name>
<cmt>food</cmt>
<desc>Fast Food / Chain</desc>
<sym>Dot</sym>
<type>food</type>
</wpt>
<wpt lat="49.327348" lon="-123.153330">
<name>Ancora</name>
<cmt>food</cmt>
<desc>Restaurant</desc>
<sym>Dot</sym>
<type>food</type>
</wpt>
<wpt lat="49.325188" lon="-123.133820">
<name>Oceanside Liquor Store</name>
<cmt>convenience_store</cmt>
<desc>Liquor Store</desc>
<sym>Dot</sym>
<type>store</type>
</wpt>
<wpt lat="49.327644" lon="-123.153644">
<name>BLAH</name>
<cmt>monument</cmt>
<desc>Museum / Gallery</desc>
<sym>Dot</sym>
<type>info</type>
</wpt>
<wpt lat="49.327633" lon="-123.156601">
<name>Patisserie Le Pont</name>
<cmt>food</cmt>
<desc>Bakery / Donuts</desc>
<sym>Dot</sym>
<type>food</type>
</wpt>
<wpt lat="49.328482" lon="-123.155004">
<name>Mani</name>
<cmt>food</cmt>
<desc>Restaurant</desc>
<sym>Dot</sym>
<type>food</type>
</wpt>
<wpt lat="49.328694" lon="-123.157425">
<name>Esso</name>
<cmt>convenience_store</cmt>
<desc>Convenience Store</desc>
<sym>Dot</sym>
<type>store</type>
</wpt>
<wpt lat="49.328529" lon="-123.154561">
<name>Cafe C'est si bon</name>
<cmt>coffee</cmt>
<desc>Café / Coffee</desc>
<sym>Dot</sym>
<type>food</type>
</wpt>
<wpt lat="49.327502" lon="-123.156267">
<name>Fred's</name>
<cmt>food</cmt>
<desc>Restaurant</desc>
<sym>Dot</sym>
<type>food</type>
</wpt>
<wpt lat="49.327519" lon="-123.156601">
<name>Crema Cafe &amp; Bar</name>
<cmt>coffee</cmt>
<desc>Café / Coffee</desc>
<sym>Dot</sym>
<type>food</type>
</wpt>
<wpt lat="49.327545" lon="-123.156972">
<name>TCBY</name>
<cmt>food</cmt>
<desc>Ice Cream</desc>
<sym>Dot</sym>
<type>food</type>
</wpt>
<wpt lat="49.329031" lon="-123.159483">
<name>Chevron Convenience Store</name>
<cmt>convenience_store</cmt>
<desc>Convenience Store</desc>
<sym>Dot</sym>
<type>store</type>
</wpt>
<wpt lat="49.327566" lon="-123.153123">
<name>ABURI Market</name>
<cmt>convenience_store</cmt>
<desc>Convenience Store</desc>
<sym>Dot</sym>
<type>store</type>
</wpt>
<wpt lat="49.346057" lon="-123.217784">
<name>Chevron</name>
<cmt>convenience_store</cmt>
<desc>Convenience Store</desc>
<sym>Dot</sym>
<type>store</type>
</wpt>
<wpt lat="49.328910" lon="-123.156216">
<name>Mereon</name>
<cmt>food</cmt>
<desc>Restaurant</desc>
<sym>Dot</sym>
<type>food</type>
</wpt>
<wpt lat="49.324857" lon="-123.136360">
<name>New York Fries</name>
<cmt>food</cmt>
<desc>Fast Food / Chain</desc>
<sym>Dot</sym>
<type>food</type>
</wpt>
<wpt lat="49.328899" lon="-123.155834">
<name>Mitra's Market</name>
<cmt>convenience_store</cmt>
<desc>Grocery Store</desc>
<sym>Dot</sym>
<type>store</type>
</wpt>
<wpt lat="49.328861" lon="-123.155239">
<name>More Bikes West Van</name>
<cmt>bike_shop</cmt>
<desc>Repair Shop</desc>
<sym>Dot</sym>
<type>gear</type>
</wpt>
<wpt lat="49.324923" lon="-123.136254">
<name>Subway</name>
<cmt>food</cmt>
<desc>Fast Food / Chain</desc>
<sym>Dot</sym>
<type>food</type>
</wpt>
<wpt lat="49.324857" lon="-123.136475">
<name>Thaigo</name>
<cmt>food</cmt>
<desc>Fast Food / Chain</desc>
<sym>Dot</sym>
<type>food</type>
</wpt>
<wpt lat="49.324980" lon="-123.136254">
<name>Vina Vietnamese</name>
<cmt>food</cmt>
<desc>Fast Food / Chain</desc>
<sym>Dot</sym>
<type>food</type>
</wpt>
<wpt lat="49.324857" lon="-123.136630">
<name>Chatime</name>
<cmt>coffee</cmt>
<desc>Café / Coffee</desc>
<sym>Dot</sym>
<type>food</type>
</wpt>
<wpt lat="49.325036" lon="-123.136254">
<name>A&amp;W</name>
<cmt>food</cmt>
<desc>Fast Food / Chain</desc>
<sym>Dot</sym>
<type>food</type>
</wpt>
<wpt lat="49.324953" lon="-123.136467">
<name>Mr. Pretzels</name>
<cmt>food</cmt>
<desc>Fast Food / Chain</desc>
<sym>Dot</sym>
<type>food</type>
</wpt>
<wpt lat="49.324729" lon="-123.138618">
<name>Osaka - Park Royal</name>
<cmt>convenience_store</cmt>
<desc>Grocery Store</desc>
<sym>Dot</sym>
<type>store</type>
</wpt>
<wpt lat="49.327098" lon="-123.155936">
<name>Argyle Village Pollinator Garden</name>
<cmt>park</cmt>
<desc>Park / Nature</desc>
<sym>Dot</sym>
<type>rest_area</type>
</wpt>
<wpt lat="49.324774" lon="-123.137165">
<name>Winners</name>
<cmt>convenience_store</cmt>
<desc>Grocery Store</desc>
<sym>Dot</sym>
<type>store</type>
</wpt>
<wpt lat="49.325093" lon="-123.136254">
<name>OPA! of Greece</name>
<cmt>food</cmt>
<desc>Restaurant</desc>
<sym>Dot</sym>
<type>food</type>
</wpt>
<wpt lat="49.325153" lon="-123.136253">
<name>Bourbon St. Grill</name>
<cmt>food</cmt>
<desc>Fast Food / Chain</desc>
<sym>Dot</sym>
<type>food</type>
</wpt>
<wpt lat="49.325130" lon="-123.136319">
<name>Park Royal South Food Court</name>
<cmt>food</cmt>
<desc>Restaurant</desc>
<sym>Dot</sym>
<type>food</type>
</wpt>
<wpt lat="49.325052" lon="-123.150682">
<name>The Boatshed Ambleside</name>
<cmt>food</cmt>
<desc>Restaurant</desc>
<sym>Dot</sym>
<type>food</type>
</wpt>
<wpt lat="49.325209" lon="-123.136253">
<name>KFC</name>
<cmt>food</cmt>
<desc>Fast Food / Chain</desc>
<sym>Dot</sym>
<type>food</type>
</wpt>
<wpt lat="49.325084" lon="-123.136728">
<name>Orange Julius</name>
<cmt>food</cmt>
<desc>Fast Food / Chain</desc>
<sym>Dot</sym>
<type>food</type>
</wpt>
<wpt lat="49.325679" lon="-123.135353">
<name>Starbucks</name>
<cmt>food</cmt>
<desc>Fast Food / Chain</desc>
<sym>Dot</sym>
<type>food</type>
</wpt>
<wpt lat="49.325355" lon="-123.136174">
<name>Tim Hortons</name>
<cmt>food</cmt>
<desc>Fast Food / Chain</desc>
<sym>Dot</sym>
<type>food</type>
</wpt>
<wpt lat="49.327998" lon="-123.152581">
<name>Shell Select</name>
<cmt>convenience_store</cmt>
<desc>Convenience Store</desc>
<sym>Dot</sym>
<type>store</type>
</wpt>
<wpt lat="49.325284" lon="-123.136386">
<name>Booster Juice</name>
<cmt>food</cmt>
<desc>Fast Food / Chain</desc>
<sym>Dot</sym>
<type>food</type>
</wpt>
<wpt lat="49.348265" lon="-123.222567">
<name>The Shed Cypress</name>
<cmt>food</cmt>
<desc>Restaurant</desc>
<sym>Dot</sym>
<type>food</type>
</wpt>
<wpt lat="49.326805" lon="-123.158234">
<name>Silk Purse</name>
<cmt>monument</cmt>
<desc>Museum / Gallery</desc>
<sym>Dot</sym>
<type>info</type>
</wpt>
<wpt lat="49.321939" lon="-123.129913">
<name>Talaysay Tours</name>
<cmt>viewpoint</cmt>
<desc>Activity / Experience</desc>
<sym>Dot</sym>
<type>overlook</type>
</wpt>
<wpt lat="49.332466" lon="-123.170664">
<name>West Vancouver Ice Arena</name>
<cmt>rest_stop</cmt>
<desc>Community Centre</desc>
<sym>Dot</sym>
<type>rest_area</type>
</wpt>
<wpt lat="49.326226" lon="-123.135169">
<name>Pizza Garden</name>
<cmt>food</cmt>
<desc>Fast Food / Chain</desc>
<sym>Dot</sym>
<type>food</type>
</wpt>
<wpt lat="49.351062" lon="-123.253184">
<name>Safeway</name>
<cmt>convenience_store</cmt>
<desc>Grocery Store</desc>
<sym>Dot</sym>
<type>store</type>
</wpt>
<wpt lat="49.325408" lon="-123.138338">
<name>Sport Chek</name>
<cmt>convenience_store</cmt>
<desc>Outdoor Gear</desc>
<sym>Dot</sym>
<type>store</type>
</wpt>
<wpt lat="49.325409" lon="-123.138475">
<name>Freshly Squeezed</name>
<cmt>food</cmt>
<desc>Fast Food / Chain</desc>
<sym>Dot</sym>
<type>food</type>
</wpt>
<wpt lat="49.351148" lon="-123.253673">
<name>Subway</name>
<cmt>food</cmt>
<desc>Fast Food / Chain</desc>
<sym>Dot</sym>
<type>food</type>
</wpt>
<wpt lat="49.333184" lon="-123.182328">
<name>Beach House Restaurant</name>
<cmt>food</cmt>
<desc>Restaurant</desc>
<sym>Dot</sym>
<type>food</type>
</wpt>
<wpt lat="49.364221" lon="-123.278056">
<name>Gleneagles Community Centre</name>
<cmt>rest_stop</cmt>
<desc>Community Centre</desc>
<sym>Dot</sym>
<type>rest_area</type>
</wpt>
<wpt lat="49.326226" lon="-123.136137">
<name>Nando's</name>
<cmt>food</cmt>
<desc>Restaurant</desc>
<sym>Dot</sym>
<type>food</type>
</wpt>
<wpt lat="49.325274" lon="-123.142900">
<name>The Village Taphouse Fine Wines Spirits &amp; Ales</name>
<cmt>winery</cmt>
<desc>Winery / Cidery</desc>
<sym>Dot</sym>
<type>food</type>
</wpt>
<wpt lat="49.330400" lon="-123.159861">
<name>West Vancouver Art Museum</name>
<cmt>monument</cmt>
<desc>Museum / Gallery</desc>
<sym>Dot</sym>
<type>info</type>
</wpt>
<wpt lat="49.325262" lon="-123.142612">
<name>The Village Taphouse</name>
<cmt>bar</cmt>
<desc>Brewery / Pub</desc>
<sym>Dot</sym>
<type>food</type>
</wpt>
<wpt lat="49.326226" lon="-123.136463">
<name>Five Guys</name>
<cmt>food</cmt>
<desc>Fast Food / Chain</desc>
<sym>Dot</sym>
<type>food</type>
</wpt>
<wpt lat="49.325733" lon="-123.143593">
<name>Deville Coffee</name>
<cmt>coffee</cmt>
<desc>Café / Coffee</desc>
<sym>Dot</sym>
<type>food</type>
</wpt>
<wpt lat="49.325669" lon="-123.140706">
<name>Starbucks</name>
<cmt>food</cmt>
<desc>Fast Food / Chain</desc>
<sym>Dot</sym>
<type>food</type>
</wpt>
<wpt lat="49.350935" lon="-123.254445">
<name>BC Liquor Store</name>
<cmt>convenience_store</cmt>
<desc>Liquor Store</desc>
<sym>Dot</sym>
<type>store</type>
</wpt>
<wpt lat="49.374216" lon="-123.273054">
<name>Blenz</name>
<cmt>coffee</cmt>
<desc>Café / Coffee</desc>
<sym>Dot</sym>
<type>food</type>
</wpt>
<wpt lat="49.326033" lon="-123.139484">
<name>Big Way Hot Pot</name>
<cmt>food</cmt>
<desc>Restaurant</desc>
<sym>Dot</sym>
<type>food</type>
</wpt>
<wpt lat="49.374243" lon="-123.273188">
<name>Baskin-Robbins</name>
<cmt>food</cmt>
<desc>Ice Cream</desc>
<sym>Dot</sym>
<type>food</type>
</wpt>
<wpt lat="49.326148" lon="-123.139096">
<name>ZUBU Ramen</name>
<cmt>food</cmt>
<desc>Restaurant</desc>
<sym>Dot</sym>
<type>food</type>
</wpt>
<wpt lat="49.326147" lon="-123.139359">
<name>Angus T</name>
<cmt>food</cmt>
<desc>Bakery / Donuts</desc>
<sym>Dot</sym>
<type>food</type>
</wpt>
<wpt lat="49.326091" lon="-123.143486">
<name>Whole Foods Market</name>
<cmt>convenience_store</cmt>
<desc>Grocery Store</desc>
<sym>Dot</sym>
<type>store</type>
</wpt>
<wpt lat="49.326203" lon="-123.139009">
<name>Tractor</name>
<cmt>food</cmt>
<desc>Restaurant</desc>
<sym>Dot</sym>
<type>food</type>
</wpt>
<wpt lat="49.326303" lon="-123.143709">
<name>Milestones</name>
<cmt>food</cmt>
<desc>Restaurant</desc>
<sym>Dot</sym>
<type>food</type>
</wpt>
<wpt lat="49.374261" lon="-123.273524">
<name>Troller Ale House</name>
<cmt>bar</cmt>
<desc>Brewery / Pub</desc>
<sym>Dot</sym>
<type>food</type>
</wpt>
<wpt lat="49.358938" lon="-123.267010">
<name>JJ's Kitchen</name>
<cmt>food</cmt>
<desc>Restaurant</desc>
<sym>Dot</sym>
<type>food</type>
</wpt>
<wpt lat="49.326481" lon="-123.137474">
<name>Hello Nori</name>
<cmt>food</cmt>
<desc>Restaurant</desc>
<sym>Dot</sym>
<type>food</type>
</wpt>
<wpt lat="49.325981" lon="-123.142336">
<name>Cactus Club Cafe</name>
<cmt>food</cmt>
<desc>Restaurant</desc>
<sym>Dot</sym>
<type>food</type>
</wpt>
<wpt lat="49.374276" lon="-123.273828">
<name>Fresh Bay Pizza</name>
<cmt>food</cmt>
<desc>Restaurant</desc>
<sym>Dot</sym>
<type>food</type>
</wpt>
<wpt lat="49.373344" lon="-123.274863">
<name>Horseshoe Bay Motel</name>
<cmt>lodging</cmt>
<desc>Hotel / Motel</desc>
<sym>Dot</sym>
<type>shelter</type>
</wpt>
<wpt lat="49.326773" lon="-123.137509">
<name>The Keg</name>
<cmt>food</cmt>
<desc>Restaurant</desc>
<sym>Dot</sym>
<type>food</type>
</wpt>
<wpt lat="49.326635" lon="-123.139869">
<name>McDonald's</name>
<cmt>food</cmt>
<desc>Fast Food / Chain</desc>
<sym>Dot</sym>
<type>food</type>
</wpt>
<wpt lat="49.374281" lon="-123.274115">
<name>Starbucks</name>
<cmt>food</cmt>
<desc>Fast Food / Chain</desc>
<sym>Dot</sym>
<type>food</type>
</wpt>
<wpt lat="49.373735" lon="-123.274675">
<name>Subway</name>
<cmt>food</cmt>
<desc>Fast Food / Chain</desc>
<sym>Dot</sym>
<type>food</type>
</wpt>
<wpt lat="49.373832" lon="-123.274601">
<name>Horseshoe Bay Chinese Restaurant</name>
<cmt>food</cmt>
<desc>Restaurant</desc>
<sym>Dot</sym>
<type>food</type>
</wpt>
<wpt lat="49.373866" lon="-123.274560">
<name>Pudgie's Pizza &amp; Pasta</name>
<cmt>food</cmt>
<desc>Restaurant</desc>
<sym>Dot</sym>
<type>food</type>
</wpt>
<wpt lat="49.373971" lon="-123.274435">
<name>C Lovers</name>
<cmt>food</cmt>
<desc>Restaurant</desc>
<sym>Dot</sym>
<type>food</type>
</wpt>
<wpt lat="49.327770" lon="-123.135348">
<name>Pizza Rubato</name>
<cmt>food</cmt>
<desc>Restaurant</desc>
<sym>Dot</sym>
<type>food</type>
</wpt>
<wpt lat="49.374433" lon="-123.274436">
<name>Troll's</name>
<cmt>food</cmt>
<desc>Restaurant</desc>
<sym>Dot</sym>
<type>food</type>
</wpt>
<wpt lat="49.374068" lon="-123.274785">
<name>Seaside Village Cafe</name>
<cmt>coffee</cmt>
<desc>Café / Coffee</desc>
<sym>Dot</sym>
<type>food</type>
</wpt>
<wpt lat="49.374596" lon="-123.274800">
<name>Olive &amp; Anchor</name>
<cmt>food</cmt>
<desc>Restaurant</desc>
<sym>Dot</sym>
<type>food</type>
</wpt>
<wpt lat="49.327585" lon="-123.139419">
<name>Loblaws</name>
<cmt>convenience_store</cmt>
<desc>Grocery Store</desc>
<sym>Dot</sym>
<type>store</type>
</wpt>
<wpt lat="49.327740" lon="-123.139511">
<name>Chipotle</name>
<cmt>food</cmt>
<desc>Fast Food / Chain</desc>
<sym>Dot</sym>
<type>food</type>
</wpt>
<wpt lat="49.327769" lon="-123.139677">
<name>Popeyes</name>
<cmt>food</cmt>
<desc>Fast Food / Chain</desc>
<sym>Dot</sym>
<type>food</type>
</wpt>
<wpt lat="49.328402" lon="-123.137317">
<name>BC Liquor Store</name>
<cmt>convenience_store</cmt>
<desc>Liquor Store</desc>
<sym>Dot</sym>
<type>store</type>
</wpt>
<wpt lat="49.375750" lon="-123.275880">
<name>Goldie's Donuts and Bakery</name>
<cmt>food</cmt>
<desc>Bakery / Donuts</desc>
<sym>Dot</sym>
<type>food</type>
</wpt>
<wpt lat="50.039954" lon="-123.103010">
<name>Whistler Bungee</name>
<cmt>viewpoint</cmt>
<desc>Activity / Experience</desc>
<sym>Dot</sym>
<type>overlook</type>
</wpt>
<wpt lat="50.115990" lon="-122.954719">
<name>Pan Pacific Whistler Village Centre</name>
<cmt>lodging</cmt>
<desc>Hotel / Motel</desc>
<sym>Dot</sym>
<type>shelter</type>
</wpt>
<wpt lat="50.096152" lon="-122.996551">
<name>Nita Lake Lodge</name>
<cmt>lodging</cmt>
<desc>Hotel / Motel</desc>
<sym>Dot</sym>
<type>shelter</type>
</wpt>
<wpt lat="50.115345" lon="-122.958416">
<name>Fuji Market</name>
<cmt>food</cmt>
<desc>Restaurant</desc>
<sym>Dot</sym>
<type>food</type>
</wpt>
<wpt lat="50.061627" lon="-123.098575">
<name>Cal Cheak Central Camp</name>
<cmt>camping</cmt>
<desc>Private Campground</desc>
<sym>Dot</sym>
<type>campsite</type>
</wpt>
<wpt lat="50.115322" lon="-122.958337">
<name>Ohyama Ramen</name>
<cmt>food</cmt>
<desc>Restaurant</desc>
<sym>Dot</sym>
<type>food</type>
</wpt>
<wpt lat="50.115338" lon="-122.958299">
<name>Harajuku</name>
<cmt>food</cmt>
<desc>Restaurant</desc>
<sym>Dot</sym>
<type>food</type>
</wpt>
<wpt lat="50.116299" lon="-122.955363">
<name>Delta Whistler Village Suites</name>
<cmt>lodging</cmt>
<desc>Hotel / Motel</desc>
<sym>Dot</sym>
<type>shelter</type>
</wpt>
<wpt lat="50.115464" lon="-122.958182">
<name>Subway</name>
<cmt>food</cmt>
<desc>Fast Food / Chain</desc>
<sym>Dot</sym>
<type>food</type>
</wpt>
<wpt lat="50.115739" lon="-122.956331">
<name>Epic Ride</name>
<cmt>transit</cmt>
<desc>Shuttle</desc>
<sym>Dot</sym>
<type>transport</type>
</wpt>
<wpt lat="50.120378" lon="-122.948274">
<name>Connection Café (Lost Lake Passivhaus)</name>
<cmt>coffee</cmt>
<desc>Café / Coffee</desc>
<sym>Dot</sym>
<type>food</type>
</wpt>
<wpt lat="50.059856" lon="-123.099673">
<name>Cal Cheak South Camp</name>
<cmt>camping</cmt>
<desc>Public Campground</desc>
<sym>Dot</sym>
<type>campsite</type>
</wpt>
<wpt lat="50.115692" lon="-122.955273">
<name>The Village Gate House</name>
<cmt>lodging</cmt>
<desc>Hotel / Motel</desc>
<sym>Dot</sym>
<type>shelter</type>
</wpt>
<wpt lat="50.116434" lon="-122.954933">
<name>Cow's Ice cream</name>
<cmt>food</cmt>
<desc>Ice Cream</desc>
<sym>Dot</sym>
<type>food</type>
</wpt>
<wpt lat="50.115637" lon="-122.955696">
<name>Whistler Visitor Centre</name>
<cmt>generic</cmt>
<desc>Visitor Centre</desc>
<sym>Dot</sym>
<type>generic</type>
</wpt>
<wpt lat="50.115297" lon="-122.954201">
<name>Earls</name>
<cmt>food</cmt>
<desc>Restaurant</desc>
<sym>Dot</sym>
<type>food</type>
</wpt>
<wpt lat="50.115309" lon="-122.954245">
<name>% Arabica</name>
<cmt>coffee</cmt>
<desc>Café / Coffee</desc>
<sym>Dot</sym>
<type>food</type>
</wpt>
<wpt lat="50.114345" lon="-122.953549">
<name>Joe Fortes</name>
<cmt>food</cmt>
<desc>Restaurant</desc>
<sym>Dot</sym>
<type>food</type>
</wpt>
<wpt lat="50.115482" lon="-122.955356">
<name>Avalanche Pizza</name>
<cmt>food</cmt>
<desc>Fast Food / Chain</desc>
<sym>Dot</sym>
<type>food</type>
</wpt>
<wpt lat="50.116639" lon="-122.957242">
<name>HY's Steakhouse and Cocktail Bar</name>
<cmt>food</cmt>
<desc>Restaurant</desc>
<sym>Dot</sym>
<type>food</type>
</wpt>
<wpt lat="50.113965" lon="-122.957639">
<name>Aava Hotel</name>
<cmt>lodging</cmt>
<desc>Hotel / Motel</desc>
<sym>Dot</sym>
<type>shelter</type>
</wpt>
<wpt lat="50.115431" lon="-122.954599">
<name>Freshii</name>
<cmt>food</cmt>
<desc>Restaurant</desc>
<sym>Dot</sym>
<type>food</type>
</wpt>
<wpt lat="50.111520" lon="-122.960300">
<name>Tantalus Resort Lodge</name>
<cmt>lodging</cmt>
<desc>Resort</desc>
<sym>Dot</sym>
<type>shelter</type>
</wpt>
<wpt lat="50.114881" lon="-122.954293">
<name>The Keg</name>
<cmt>food</cmt>
<desc>Restaurant</desc>
<sym>Dot</sym>
<type>food</type>
</wpt>
<wpt lat="50.115344" lon="-122.954760">
<name>Mongolie Gril</name>
<cmt>food</cmt>
<desc>Restaurant</desc>
<sym>Dot</sym>
<type>food</type>
</wpt>
<wpt lat="50.114855" lon="-122.954337">
<name>Whistler Village Inn &amp; Suites</name>
<cmt>lodging</cmt>
<desc>Hotel / Motel</desc>
<sym>Dot</sym>
<type>shelter</type>
</wpt>
<wpt lat="50.115302" lon="-122.955822">
<name>Blackcomb Lodge</name>
<cmt>lodging</cmt>
<desc>Hotel / Motel</desc>
<sym>Dot</sym>
<type>shelter</type>
</wpt>
<wpt lat="50.115307" lon="-122.954802">
<name>Whistler Peak Lodge</name>
<cmt>lodging</cmt>
<desc>Hotel / Motel</desc>
<sym>Dot</sym>
<type>shelter</type>
</wpt>
<wpt lat="50.115027" lon="-122.954460">
<name>Naked Sprout</name>
<cmt>coffee</cmt>
<desc>Café / Coffee</desc>
<sym>Dot</sym>
<type>food</type>
</wpt>
<wpt lat="50.114514" lon="-122.957156">
<name>The Core</name>
<cmt>rest_stop</cmt>
<desc>Community Centre</desc>
<sym>Dot</sym>
<type>rest_area</type>
</wpt>
<wpt lat="50.115261" lon="-122.955207">
<name>Provisions</name>
<cmt>food</cmt>
<desc>Restaurant</desc>
<sym>Dot</sym>
<type>food</type>
</wpt>
<wpt lat="50.095945" lon="-122.995073">
<name>Roland's Creekside Pub</name>
<cmt>bar</cmt>
<desc>Brewery / Pub</desc>
<sym>Dot</sym>
<type>food</type>
</wpt>
<wpt lat="50.116919" lon="-122.956568">
<name>Brickworks Public House</name>
<cmt>bar</cmt>
<desc>Brewery / Pub</desc>
<sym>Dot</sym>
<type>food</type>
</wpt>
<wpt lat="50.116944" lon="-122.954910">
<name>All Seasons Grill</name>
<cmt>food</cmt>
<desc>Restaurant</desc>
<sym>Dot</sym>
<type>food</type>
</wpt>
<wpt lat="50.115141" lon="-122.956729">
<name>Gone Village Eatery</name>
<cmt>food</cmt>
<desc>Restaurant</desc>
<sym>Dot</sym>
<type>food</type>
</wpt>
<wpt lat="50.115143" lon="-122.955212">
<name>Bar Oso</name>
<cmt>bar</cmt>
<desc>Brewery / Pub</desc>
<sym>Dot</sym>
<type>food</type>
</wpt>
<wpt lat="50.114176" lon="-122.956965">
<name>StonesEdge</name>
<cmt>food</cmt>
<desc>Restaurant</desc>
<sym>Dot</sym>
<type>food</type>
</wpt>
<wpt lat="50.115096" lon="-122.956167">
<name>Moguls Coffee</name>
<cmt>coffee</cmt>
<desc>Café / Coffee</desc>
<sym>Dot</sym>
<type>food</type>
</wpt>
<wpt lat="50.114341" lon="-122.956868">
<name>Buffalo Bill's</name>
<cmt>bar</cmt>
<desc>Brewery / Pub</desc>
<sym>Dot</sym>
<type>food</type>
</wpt>
<wpt lat="50.117018" lon="-122.954821">
<name>Bear Lodge</name>
<cmt>lodging</cmt>
<desc>Hotel / Motel</desc>
<sym>Dot</sym>
<type>shelter</type>
</wpt>
<wpt lat="50.115083" lon="-122.956593">
<name>Hearthstone Lodge</name>
<cmt>lodging</cmt>
<desc>Hotel / Motel</desc>
<sym>Dot</sym>
<type>shelter</type>
</wpt>
<wpt lat="50.114662" lon="-122.956879">
<name>Tapley's Neighbourhood Pub</name>
<cmt>bar</cmt>
<desc>Brewery / Pub</desc>
<sym>Dot</sym>
<type>food</type>
</wpt>
<wpt lat="50.117049" lon="-122.957992">
<name>WorldMark Whistler - Cascade Lodge</name>
<cmt>lodging</cmt>
<desc>Hotel / Motel</desc>
<sym>Dot</sym>
<type>shelter</type>
</wpt>
<wpt lat="50.113891" lon="-122.953730">
<name>Pan Pacific Whistler Mountainside</name>
<cmt>lodging</cmt>
<desc>Hotel / Motel</desc>
<sym>Dot</sym>
<type>shelter</type>
</wpt>
<wpt lat="50.114989" lon="-122.954927">
<name>21 Steps Kitchen &amp; Bar</name>
<cmt>food</cmt>
<desc>Restaurant</desc>
<sym>Dot</sym>
<type>food</type>
</wpt>
<wpt lat="50.114049" lon="-122.956769">
<name>Fat Tony's Pizza</name>
<cmt>food</cmt>
<desc>Fast Food / Chain</desc>
<sym>Dot</sym>
<type>food</type>
</wpt>
<wpt lat="50.113976" lon="-122.954164">
<name>Sundial Boutique Hotel</name>
<cmt>lodging</cmt>
<desc>Hotel / Motel</desc>
<sym>Dot</sym>
<type>shelter</type>
</wpt>
<wpt lat="50.114956" lon="-122.956604">
<name>Hundo-P</name>
<cmt>convenience_store</cmt>
<desc>Specialty / Health Food</desc>
<sym>Dot</sym>
<type>store</type>
</wpt>
<wpt lat="50.117747" lon="-122.953290">
<name>Audain Art Museum</name>
<cmt>monument</cmt>
<desc>Museum / Gallery</desc>
<sym>Dot</sym>
<type>info</type>
</wpt>
<wpt lat="50.114464" lon="-122.956646">
<name>Chubby Duck's</name>
<cmt>food</cmt>
<desc>Restaurant</desc>
<sym>Dot</sym>
<type>food</type>
</wpt>
<wpt lat="50.113762" lon="-122.956949">
<name>Bearfoot Bistro</name>
<cmt>food</cmt>
<desc>Restaurant</desc>
<sym>Dot</sym>
<type>food</type>
</wpt>
<wpt lat="50.113739" lon="-122.953219">
<name>Dubh Linn Gate</name>
<cmt>bar</cmt>
<desc>Brewery / Pub</desc>
<sym>Dot</sym>
<type>food</type>
</wpt>
<wpt lat="50.114937" lon="-122.955813">
<name>Araxi</name>
<cmt>food</cmt>
<desc>Restaurant</desc>
<sym>Dot</sym>
<type>food</type>
</wpt>
<wpt lat="50.117150" lon="-122.957544">
<name>Pinnacle Hotel Whistler Village</name>
<cmt>lodging</cmt>
<desc>Hotel / Motel</desc>
<sym>Dot</sym>
<type>shelter</type>
</wpt>
<wpt lat="50.114926" lon="-122.956432">
<name>The Whistler Grocery Store</name>
<cmt>convenience_store</cmt>
<desc>Grocery Store</desc>
<sym>Dot</sym>
<type>store</type>
</wpt>
<wpt lat="50.114721" lon="-122.956671">
<name>Rainbow Suites</name>
<cmt>lodging</cmt>
<desc>Hotel / Motel</desc>
<sym>Dot</sym>
<type>shelter</type>
</wpt>
<wpt lat="50.117194" lon="-122.955408">
<name>El Furniture Warehouse</name>
<cmt>food</cmt>
<desc>Restaurant</desc>
<sym>Dot</sym>
<type>food</type>
</wpt>
<wpt lat="50.117199" lon="-122.954882">
<name>Caramba! Restaurante</name>
<cmt>food</cmt>
<desc>Restaurant</desc>
<sym>Dot</sym>
<type>food</type>
</wpt>
<wpt lat="50.114910" lon="-122.955046">
<name>Fanatyk Co Ski &amp; Cycle</name>
<cmt>bike_shop</cmt>
<desc>Repair Shop</desc>
<sym>Dot</sym>
<type>gear</type>
</wpt>
<wpt lat="50.117186" lon="-122.957470">
<name>Alta Bistro</name>
<cmt>food</cmt>
<desc>Restaurant</desc>
<sym>Dot</sym>
<type>food</type>
</wpt>
<wpt lat="50.114470" lon="-122.956448">
<name>Sportstop</name>
<cmt>convenience_store</cmt>
<desc>Outdoor Gear</desc>
<sym>Dot</sym>
<type>store</type>
</wpt>
<wpt lat="50.114822" lon="-122.955295">
<name>Evo</name>
<cmt>convenience_store</cmt>
<desc>Outdoor Gear</desc>
<sym>Dot</sym>
<type>store</type>
</wpt>
<wpt lat="50.113762" lon="-122.954090">
<name>Black's Pub</name>
<cmt>food</cmt>
<desc>Restaurant</desc>
<sym>Dot</sym>
<type>food</type>
</wpt>
<wpt lat="50.114362" lon="-122.956412">
<name>Adara Hotel</name>
<cmt>lodging</cmt>
<desc>Hotel / Motel</desc>
<sym>Dot</sym>
<type>shelter</type>
</wpt>
<wpt lat="50.114797" lon="-122.956403">
<name>BC Liquor Store</name>
<cmt>convenience_store</cmt>
<desc>Liquor Store</desc>
<sym>Dot</sym>
<type>store</type>
</wpt>
<wpt lat="50.113801" lon="-122.954323">
<name>The Mexican Corner</name>
<cmt>food</cmt>
<desc>Restaurant</desc>
<sym>Dot</sym>
<type>food</type>
</wpt>
<wpt lat="50.064052" lon="-123.095227">
<name>Cal Cheak North Camp</name>
<cmt>camping</cmt>
<desc>Public Campground</desc>
<sym>Dot</sym>
<type>campsite</type>
</wpt>
<wpt lat="50.114734" lon="-122.955731">
<name>Amsterdam Pub</name>
<cmt>bar</cmt>
<desc>Brewery / Pub</desc>
<sym>Dot</sym>
<type>food</type>
</wpt>
<wpt lat="50.113846" lon="-122.954497">
<name>Sushi Village</name>
<cmt>food</cmt>
<desc>Restaurant</desc>
<sym>Dot</sym>
<type>food</type>
</wpt>
<wpt lat="50.118822" lon="-122.947395">
<name>Squamish Lil'wat Cultural Centre</name>
<cmt>monument</cmt>
<desc>Museum / Gallery</desc>
<sym>Dot</sym>
<type>info</type>
</wpt>
<wpt lat="50.118769" lon="-122.947529">
<name>Thunderbird Cafe</name>
<cmt>coffee</cmt>
<desc>Café / Coffee</desc>
<sym>Dot</sym>
<type>food</type>
</wpt>
<wpt lat="50.114704" lon="-122.956092">
<name>The Crystal Lodge</name>
<cmt>lodging</cmt>
<desc>Hotel / Motel</desc>
<sym>Dot</sym>
<type>shelter</type>
</wpt>
<wpt lat="50.114555" lon="-122.956210">
<name>Beacon Pub &amp; Eatery</name>
<cmt>bar</cmt>
<desc>Brewery / Pub</desc>
<sym>Dot</sym>
<type>food</type>
</wpt>
<wpt lat="50.114663" lon="-122.955845">
<name>La Bocca</name>
<cmt>food</cmt>
<desc>Restaurant</desc>
<sym>Dot</sym>
<type>food</type>
</wpt>
<wpt lat="50.113943" lon="-122.954873">
<name>Evo Village Sports</name>
<cmt>convenience_store</cmt>
<desc>Outdoor Gear</desc>
<sym>Dot</sym>
<type>store</type>
</wpt>
<wpt lat="50.117482" lon="-122.956840">
<name>Whistler Public Library</name>
<cmt>library</cmt>
<desc>Library</desc>
<sym>Dot</sym>
<type>info</type>
</wpt>
<wpt lat="50.117526" lon="-122.956800">
<name>Whistler Museum &amp; Archives</name>
<cmt>monument</cmt>
<desc>Museum / Gallery</desc>
<sym>Dot</sym>
<type>info</type>
</wpt>
<wpt lat="50.114291" lon="-122.955955">
<name>Starbucks</name>
<cmt>food</cmt>
<desc>Fast Food / Chain</desc>
<sym>Dot</sym>
<type>food</type>
</wpt>
<wpt lat="50.114499" lon="-122.955555">
<name>Hot Buns Bakery</name>
<cmt>food</cmt>
<desc>Bakery / Donuts</desc>
<sym>Dot</sym>
<type>food</type>
</wpt>
<wpt lat="50.114484" lon="-122.955748">
<name>La Brasserie</name>
<cmt>food</cmt>
<desc>Restaurant</desc>
<sym>Dot</sym>
<type>food</type>
</wpt>
<wpt lat="50.113520" lon="-122.954462">
<name>Carleton Lodge</name>
<cmt>lodging</cmt>
<desc>Hotel / Motel</desc>
<sym>Dot</sym>
<type>shelter</type>
</wpt>
<wpt lat="50.114164" lon="-122.955916">
<name>Basalt Wine</name>
<cmt>food</cmt>
<desc>Restaurant</desc>
<sym>Dot</sym>
<type>food</type>
</wpt>
<wpt lat="50.114071" lon="-122.955337">
<name>Executive Inn Whistler</name>
<cmt>lodging</cmt>
<desc>Hotel / Motel</desc>
<sym>Dot</sym>
<type>shelter</type>
</wpt>
<wpt lat="50.117669" lon="-122.954883">
<name>Stinky's on the Stroll</name>
<cmt>bar</cmt>
<desc>Brewery / Pub</desc>
<sym>Dot</sym>
<type>food</type>
</wpt>
<wpt lat="50.114096" lon="-122.955383">
<name>Il Caminetto di Umberto</name>
<cmt>food</cmt>
<desc>Restaurant</desc>
<sym>Dot</sym>
<type>food</type>
</wpt>
<wpt lat="50.113868" lon="-122.955939">
<name>The Listel Hotel Whistler</name>
<cmt>lodging</cmt>
<desc>Hotel / Motel</desc>
<sym>Dot</sym>
<type>shelter</type>
</wpt>
<wpt lat="50.117727" lon="-122.954883">
<name>Eagle Lodge</name>
<cmt>lodging</cmt>
<desc>Hotel / Motel</desc>
<sym>Dot</sym>
<type>shelter</type>
</wpt>
<wpt lat="50.114330" lon="-122.955731">
<name>Pangea Pod Hotel</name>
<cmt>lodging</cmt>
<desc>Hotel / Motel</desc>
<sym>Dot</sym>
<type>shelter</type>
</wpt>
<wpt lat="50.117770" lon="-122.954738">
<name>The Plaza Galleries</name>
<cmt>monument</cmt>
<desc>Museum / Gallery</desc>
<sym>Dot</sym>
<type>info</type>
</wpt>
<wpt lat="50.113408" lon="-122.954620">
<name>Wedge Rafting (The Adventure Group)</name>
<cmt>viewpoint</cmt>
<desc>Activity / Experience</desc>
<sym>Dot</sym>
<type>overlook</type>
</wpt>
<wpt lat="50.113280" lon="-122.954297">
<name>The Longhorn Saloon</name>
<cmt>food</cmt>
<desc>Restaurant</desc>
<sym>Dot</sym>
<type>food</type>
</wpt>
<wpt lat="50.113900" lon="-122.955464">
<name>Evo Backcountry</name>
<cmt>convenience_store</cmt>
<desc>Outdoor Gear</desc>
<sym>Dot</sym>
<type>store</type>
</wpt>
<wpt lat="50.102356" lon="-122.995398">
<name>Tyrol Lodge</name>
<cmt>lodging</cmt>
<desc>Resort</desc>
<sym>Dot</sym>
<type>shelter</type>
</wpt>
<wpt lat="50.117845" lon="-122.954452">
<name>Maury Young Arts Centre</name>
<cmt>monument</cmt>
<desc>Museum / Gallery</desc>
<sym>Dot</sym>
<type>info</type>
</wpt>
<wpt lat="50.117847" lon="-122.955262">
<name>Deer Lodge</name>
<cmt>lodging</cmt>
<desc>Hotel / Motel</desc>
<sym>Dot</sym>
<type>shelter</type>
</wpt>
<wpt lat="50.113065" lon="-122.953448">
<name>Whistler Blackcomb</name>
<cmt>rest_stop</cmt>
<desc>Community Centre</desc>
<sym>Dot</sym>
<type>rest_area</type>
</wpt>
<wpt lat="50.113781" lon="-122.955417">
<name>The Old Spaghetti Factory</name>
<cmt>food</cmt>
<desc>Restaurant</desc>
<sym>Dot</sym>
<type>food</type>
</wpt>
<wpt lat="50.118703" lon="-122.945642">
<name>Four Seasons Resort Whistler</name>
<cmt>lodging</cmt>
<desc>Hotel / Motel</desc>
<sym>Dot</sym>
<type>shelter</type>
</wpt>
<wpt lat="50.113715" lon="-122.955552">
<name>Crystal Lounge</name>
<cmt>bar</cmt>
<desc>Brewery / Pub</desc>
<sym>Dot</sym>
<type>food</type>
</wpt>
<wpt lat="50.065095" lon="-123.100656">
<name>Cal Cheak Callaghan Camp</name>
<cmt>camping</cmt>
<desc>Public Campground</desc>
<sym>Dot</sym>
<type>campsite</type>
</wpt>
<wpt lat="50.118232" lon="-122.954482">
<name>High Mountain Brewing</name>
<cmt>bar</cmt>
<desc>Brewery / Pub</desc>
<sym>Dot</sym>
<type>food</type>
</wpt>
<wpt lat="50.113426" lon="-122.955213">
<name>Misty Mountain Pizza</name>
<cmt>food</cmt>
<desc>Fast Food / Chain</desc>
<sym>Dot</sym>
<type>food</type>
</wpt>
<wpt lat="50.113567" lon="-122.955456">
<name>Hilton Whistler Resort</name>
<cmt>lodging</cmt>
<desc>Hotel / Motel</desc>
<sym>Dot</sym>
<type>shelter</type>
</wpt>
<wpt lat="50.095358" lon="-122.992711">
<name>Co-op</name>
<cmt>convenience_store</cmt>
<desc>Convenience Store</desc>
<sym>Dot</sym>
<type>store</type>
</wpt>
<wpt lat="50.118014" lon="-122.957696">
<name>The Alpenglow Lodge</name>
<cmt>lodging</cmt>
<desc>Hotel / Motel</desc>
<sym>Dot</sym>
<type>shelter</type>
</wpt>
<wpt lat="50.113308" lon="-122.955119">
<name>Teppan Village</name>
<cmt>food</cmt>
<desc>Restaurant</desc>
<sym>Dot</sym>
<type>food</type>
</wpt>
<wpt lat="50.113385" lon="-122.955278">
<name>Indian Masala Bistro</name>
<cmt>food</cmt>
<desc>Restaurant</desc>
<sym>Dot</sym>
<type>food</type>
</wpt>
<wpt lat="50.115624" lon="-122.948387">
<name>Merlins</name>
<cmt>food</cmt>
<desc>Restaurant</desc>
<sym>Dot</sym>
<type>food</type>
</wpt>
<wpt lat="50.094786" lon="-122.993539">
<name>Southside Lodge</name>
<cmt>lodging</cmt>
<desc>Hostel</desc>
<sym>Dot</sym>
<type>shelter</type>
</wpt>
<wpt lat="50.115722" lon="-122.948377">
<name>The Wizard Grill</name>
<cmt>food</cmt>
<desc>Restaurant</desc>
<sym>Dot</sym>
<type>food</type>
</wpt>
<wpt lat="50.118138" lon="-122.955273">
<name>Comor</name>
<cmt>bike_shop</cmt>
<desc>Repair Shop</desc>
<sym>Dot</sym>
<type>gear</type>
</wpt>
<wpt lat="50.098502" lon="-122.989399">
<name>Rimrock Cafe</name>
<cmt>food</cmt>
<desc>Restaurant</desc>
<sym>Dot</sym>
<type>food</type>
</wpt>
<wpt lat="50.118132" lon="-122.958019">
<name>Pizzeria Antico</name>
<cmt>food</cmt>
<desc>Restaurant</desc>
<sym>Dot</sym>
<type>food</type>
</wpt>
<wpt lat="50.079565" lon="-123.042330">
<name>HI Whistler</name>
<cmt>lodging</cmt>
<desc>Hostel</desc>
<sym>Dot</sym>
<type>shelter</type>
</wpt>
<wpt lat="50.117953" lon="-122.946958">
<name>Embarc</name>
<cmt>lodging</cmt>
<desc>Resort</desc>
<sym>Dot</sym>
<type>shelter</type>
</wpt>
<wpt lat="50.118294" lon="-122.954861">
<name>BrewHouse</name>
<cmt>bar</cmt>
<desc>Brewery / Pub</desc>
<sym>Dot</sym>
<type>food</type>
</wpt>
<wpt lat="50.112980" lon="-122.954926">
<name>Summitsport</name>
<cmt>bike_shop</cmt>
<desc>Repair Shop</desc>
<sym>Dot</sym>
<type>gear</type>
</wpt>
<wpt lat="50.094675" lon="-122.993407">
<name>Southside Diner</name>
<cmt>food</cmt>
<desc>Restaurant</desc>
<sym>Dot</sym>
<type>food</type>
</wpt>
<wpt lat="50.116390" lon="-122.948159">
<name>Evo Blackcomb</name>
<cmt>convenience_store</cmt>
<desc>Outdoor Gear</desc>
<sym>Dot</sym>
<type>store</type>
</wpt>
<wpt lat="50.118244" lon="-122.957735">
<name>Splitz Grill</name>
<cmt>food</cmt>
<desc>Restaurant</desc>
<sym>Dot</sym>
<type>food</type>
</wpt>
<wpt lat="50.116517" lon="-122.948138">
<name>HandleBar Pizza</name>
<cmt>bar</cmt>
<desc>Brewery / Pub</desc>
<sym>Dot</sym>
<type>food</type>
</wpt>
<wpt lat="50.118261" lon="-122.957837">
<name>Mount Currie Coffee Co</name>
<cmt>coffee</cmt>
<desc>Café / Coffee</desc>
<sym>Dot</sym>
<type>food</type>
</wpt>
<wpt lat="50.118266" lon="-122.957657">
<name>Peaked Pies</name>
<cmt>food</cmt>
<desc>Restaurant</desc>
<sym>Dot</sym>
<type>food</type>
</wpt>
<wpt lat="50.112712" lon="-122.954166">
<name>Garibaldi Lift Company</name>
<cmt>bar</cmt>
<desc>Brewery / Pub</desc>
<sym>Dot</sym>
<type>food</type>
</wpt>
<wpt lat="50.096115" lon="-122.991459">
<name>Creekbread</name>
<cmt>food</cmt>
<desc>Restaurant</desc>
<sym>Dot</sym>
<type>food</type>
</wpt>
<wpt lat="50.112867" lon="-122.954972">
<name>Lift Coffee Company</name>
<cmt>coffee</cmt>
<desc>Café / Coffee</desc>
<sym>Dot</sym>
<type>food</type>
</wpt>
<wpt lat="50.118344" lon="-122.956505">
<name>Sachi Sushi</name>
<cmt>food</cmt>
<desc>Restaurant</desc>
<sym>Dot</sym>
<type>food</type>
</wpt>
<wpt lat="50.122926" lon="-122.935769">
<name>Lost Lake Lodge</name>
<cmt>lodging</cmt>
<desc>Hotel / Motel</desc>
<sym>Dot</sym>
<type>shelter</type>
</wpt>
<wpt lat="50.116586" lon="-122.947967">
<name>Arbutus Routes</name>
<cmt>bike_shop</cmt>
<desc>Repair Shop</desc>
<sym>Dot</sym>
<type>gear</type>
</wpt>
<wpt lat="50.118438" lon="-122.955255">
<name>Whistler Village Host</name>
<cmt>generic</cmt>
<desc>Visitor Centre</desc>
<sym>Dot</sym>
<type>generic</type>
</wpt>
<wpt lat="50.078682" lon="-123.043717">
<name>Cheaky's Café</name>
<cmt>coffee</cmt>
<desc>Café / Coffee</desc>
<sym>Dot</sym>
<type>food</type>
</wpt>
<wpt lat="50.118425" lon="-122.957240">
<name>Summit Lodge Boutique Hotel</name>
<cmt>lodging</cmt>
<desc>Hotel / Motel</desc>
<sym>Dot</sym>
<type>shelter</type>
</wpt>
<wpt lat="50.116589" lon="-122.947873">
<name>RMU</name>
<cmt>food</cmt>
<desc>Restaurant</desc>
<sym>Dot</sym>
<type>food</type>
</wpt>
<wpt lat="50.116898" lon="-122.947826">
<name>Glacier Lodge</name>
<cmt>lodging</cmt>
<desc>Hotel / Motel</desc>
<sym>Dot</sym>
<type>shelter</type>
</wpt>
<wpt lat="50.118471" lon="-122.955656">
<name>purebread</name>
<cmt>coffee</cmt>
<desc>Café / Coffee</desc>
<sym>Dot</sym>
<type>food</type>
</wpt>
<wpt lat="50.118507" lon="-122.955996">
<name>Tyndall Stone Lodge</name>
<cmt>lodging</cmt>
<desc>Hotel / Motel</desc>
<sym>Dot</sym>
<type>shelter</type>
</wpt>
<wpt lat="50.118507" lon="-122.956896">
<name>Cycle Whistler</name>
<cmt>bike_shop</cmt>
<desc>Repair Shop</desc>
<sym>Dot</sym>
<type>gear</type>
</wpt>
<wpt lat="50.118555" lon="-122.957923">
<name>Tandoori Grill</name>
<cmt>food</cmt>
<desc>Restaurant</desc>
<sym>Dot</sym>
<type>food</type>
</wpt>
<wpt lat="50.116291" lon="-122.947669">
<name>Milestones</name>
<cmt>food</cmt>
<desc>Restaurant</desc>
<sym>Dot</sym>
<type>food</type>
</wpt>
<wpt lat="50.118557" lon="-122.957981">
<name>Hunter Gatherer</name>
<cmt>food</cmt>
<desc>Restaurant</desc>
<sym>Dot</sym>
<type>food</type>
</wpt>
<wpt lat="50.118423" lon="-122.943912">
<name>Fairmont Chateau Whistler</name>
<cmt>lodging</cmt>
<desc>Hotel / Motel</desc>
<sym>Dot</sym>
<type>shelter</type>
</wpt>
<wpt lat="50.112341" lon="-122.956016">
<name>Firerock Lounge</name>
<cmt>food</cmt>
<desc>Restaurant</desc>
<sym>Dot</sym>
<type>food</type>
</wpt>
<wpt lat="50.118588" lon="-122.957838">
<name>Pasta Lupino</name>
<cmt>food</cmt>
<desc>Restaurant</desc>
<sym>Dot</sym>
<type>food</type>
</wpt>
<wpt lat="50.116709" lon="-122.947591">
<name>Le Chamois</name>
<cmt>lodging</cmt>
<desc>Hotel / Motel</desc>
<sym>Dot</sym>
<type>shelter</type>
</wpt>
<wpt lat="50.118617" lon="-122.957754">
<name>Domino's</name>
<cmt>food</cmt>
<desc>Fast Food / Chain</desc>
<sym>Dot</sym>
<type>food</type>
</wpt>
<wpt lat="50.087565" lon="-123.040074">
<name>PureBread</name>
<cmt>coffee</cmt>
<desc>Café / Coffee</desc>
<sym>Dot</sym>
<type>food</type>
</wpt>
<wpt lat="50.118702" lon="-122.957440">
<name>Crêpe Montagne</name>
<cmt>food</cmt>
<desc>Restaurant</desc>
<sym>Dot</sym>
<type>food</type>
</wpt>
<wpt lat="50.117159" lon="-122.946904">
<name>Blackcomb Liquor Store</name>
<cmt>convenience_store</cmt>
<desc>Liquor Store</desc>
<sym>Dot</sym>
<type>store</type>
</wpt>
<wpt lat="50.118736" lon="-122.957310">
<name>Main Street Noodles</name>
<cmt>food</cmt>
<desc>Restaurant</desc>
<sym>Dot</sym>
<type>food</type>
</wpt>
<wpt lat="50.112422" lon="-122.955489">
<name>The Westin Resort &amp; Spa Whistler</name>
<cmt>lodging</cmt>
<desc>Hotel / Motel</desc>
<sym>Dot</sym>
<type>shelter</type>
</wpt>
<wpt lat="50.096588" lon="-122.989668">
<name>Coastal Culture Sports</name>
<cmt>bike_shop</cmt>
<desc>Repair Shop</desc>
<sym>Dot</sym>
<type>gear</type>
</wpt>
<wpt lat="50.112184" lon="-122.955928">
<name>Grill &amp; Vine</name>
<cmt>food</cmt>
<desc>Restaurant</desc>
<sym>Dot</sym>
<type>food</type>
</wpt>
<wpt lat="50.117064" lon="-122.946967">
<name>Purple panda</name>
<cmt>food</cmt>
<desc>Restaurant</desc>
<sym>Dot</sym>
<type>food</type>
</wpt>
<wpt lat="50.096513" lon="-122.989724">
<name>Tim Hortons</name>
<cmt>food</cmt>
<desc>Fast Food / Chain</desc>
<sym>Dot</sym>
<type>food</type>
</wpt>
<wpt lat="50.112194" lon="-122.955790">
<name>Kaze - Sushi And Beyond</name>
<cmt>food</cmt>
<desc>Restaurant</desc>
<sym>Dot</sym>
<type>food</type>
</wpt>
<wpt lat="50.117663" lon="-122.945922">
<name>Upper Village Market</name>
<cmt>convenience_store</cmt>
<desc>Grocery Store</desc>
<sym>Dot</sym>
<type>store</type>
</wpt>
<wpt lat="50.118820" lon="-122.957173">
<name>Main Street Poke</name>
<cmt>food</cmt>
<desc>Restaurant</desc>
<sym>Dot</sym>
<type>food</type>
</wpt>
<wpt lat="50.118874" lon="-122.956270">
<name>Blenz Coffee</name>
<cmt>coffee</cmt>
<desc>Café / Coffee</desc>
<sym>Dot</sym>
<type>food</type>
</wpt>
<wpt lat="50.094893" lon="-122.991451">
<name>Creekside Market</name>
<cmt>convenience_store</cmt>
<desc>Grocery Store</desc>
<sym>Dot</sym>
<type>store</type>
</wpt>
<wpt lat="50.094756" lon="-122.991601">
<name>BC Liquor Store</name>
<cmt>convenience_store</cmt>
<desc>Liquor Store</desc>
<sym>Dot</sym>
<type>store</type>
</wpt>
<wpt lat="50.094021" lon="-122.992734">
<name>Subway</name>
<cmt>food</cmt>
<desc>Fast Food / Chain</desc>
<sym>Dot</sym>
<type>food</type>
</wpt>
<wpt lat="50.118975" lon="-122.956456">
<name>Artigiano</name>
<cmt>coffee</cmt>
<desc>Café / Coffee</desc>
<sym>Dot</sym>
<type>food</type>
</wpt>
<wpt lat="50.087452" lon="-123.040653">
<name>Camp Lifestyle and Coffee Co</name>
<cmt>coffee</cmt>
<desc>Café / Coffee</desc>
<sym>Dot</sym>
<type>food</type>
</wpt>
<wpt lat="50.118976" lon="-122.956947">
<name>La Cantina</name>
<cmt>food</cmt>
<desc>Restaurant</desc>
<sym>Dot</sym>
<type>food</type>
</wpt>
<wpt lat="50.087986" lon="-123.040140">
<name>Whistler Brewing Company</name>
<cmt>bar</cmt>
<desc>Brewery / Pub</desc>
<sym>Dot</sym>
<type>food</type>
</wpt>
<wpt lat="50.119009" lon="-122.957160">
<name>KFC</name>
<cmt>food</cmt>
<desc>Fast Food / Chain</desc>
<sym>Dot</sym>
<type>food</type>
</wpt>
<wpt lat="50.116754" lon="-122.946803">
<name>Portobello</name>
<cmt>food</cmt>
<desc>Restaurant</desc>
<sym>Dot</sym>
<type>food</type>
</wpt>
<wpt lat="50.093987" lon="-122.992556">
<name>Samurai Bowl</name>
<cmt>food</cmt>
<desc>Restaurant</desc>
<sym>Dot</sym>
<type>food</type>
</wpt>
<wpt lat="50.094518" lon="-122.991495">
<name>Mekong</name>
<cmt>food</cmt>
<desc>Restaurant</desc>
<sym>Dot</sym>
<type>food</type>
</wpt>
<wpt lat="50.089148" lon="-123.038172">
<name>Coast Mountain Brewing</name>
<cmt>bar</cmt>
<desc>Brewery / Pub</desc>
<sym>Dot</sym>
<type>food</type>
</wpt>
<wpt lat="50.094482" lon="-122.991414">
<name>BReD - Organic Sourdough</name>
<cmt>food</cmt>
<desc>Bakery / Donuts</desc>
<sym>Dot</sym>
<type>food</type>
</wpt>
<wpt lat="50.094595" lon="-122.990986">
<name>Rockit Coffee Co.</name>
<cmt>coffee</cmt>
<desc>Café / Coffee</desc>
<sym>Dot</sym>
<type>food</type>
</wpt>
<wpt lat="50.119423" lon="-122.957829">
<name>Tim Hortons</name>
<cmt>food</cmt>
<desc>Fast Food / Chain</desc>
<sym>Dot</sym>
<type>food</type>
</wpt>
<wpt lat="50.117856" lon="-122.942402">
<name>Wildwood Lodge</name>
<cmt>lodging</cmt>
<desc>Hotel / Motel</desc>
<sym>Dot</sym>
<type>shelter</type>
</wpt>
<wpt lat="50.120969" lon="-122.936881">
<name>Horstman House</name>
<cmt>lodging</cmt>
<desc>Hotel / Motel</desc>
<sym>Dot</sym>
<type>shelter</type>
</wpt>
<wpt lat="50.119514" lon="-122.957853">
<name>Fresh St. Market</name>
<cmt>convenience_store</cmt>
<desc>Grocery Store</desc>
<sym>Dot</sym>
<type>store</type>
</wpt>
<wpt lat="50.095918" lon="-122.988842">
<name>Evolution Whistler</name>
<cmt>lodging</cmt>
<desc>Hotel / Motel</desc>
<sym>Dot</sym>
<type>shelter</type>
</wpt>
<wpt lat="50.116944" lon="-122.945267">
<name>Wildflower</name>
<cmt>food</cmt>
<desc>Restaurant</desc>
<sym>Dot</sym>
<type>food</type>
</wpt>
<wpt lat="50.118135" lon="-122.941052">
<name>Snowbird Ski &amp; Summer Resort</name>
<cmt>lodging</cmt>
<desc>Hotel / Motel</desc>
<sym>Dot</sym>
<type>shelter</type>
</wpt>
<wpt lat="50.119929" lon="-122.956065">
<name>BC Liquor Stores</name>
<cmt>convenience_store</cmt>
<desc>Liquor Store</desc>
<sym>Dot</sym>
<type>store</type>
</wpt>
<wpt lat="50.119849" lon="-122.957812">
<name>McDonald's</name>
<cmt>food</cmt>
<desc>Fast Food / Chain</desc>
<sym>Dot</sym>
<type>food</type>
</wpt>
<wpt lat="50.087563" lon="-123.042147">
<name>Functional Pi Pizzeria</name>
<cmt>food</cmt>
<desc>Restaurant</desc>
<sym>Dot</sym>
<type>food</type>
</wpt>
<wpt lat="50.119945" lon="-122.957594">
<name>Circle K</name>
<cmt>convenience_store</cmt>
<desc>Convenience Store</desc>
<sym>Dot</sym>
<type>store</type>
</wpt>
<wpt lat="50.094583" lon="-122.989359">
<name>Legends Hotel</name>
<cmt>lodging</cmt>
<desc>Hotel / Motel</desc>
<sym>Dot</sym>
<type>shelter</type>
</wpt>
<wpt lat="50.116882" lon="-122.942994">
<name>The Marquise</name>
<cmt>lodging</cmt>
<desc>Hotel / Motel</desc>
<sym>Dot</sym>
<type>shelter</type>
</wpt>
<wpt lat="50.094294" lon="-122.989424">
<name>The Legends</name>
<cmt>lodging</cmt>
<desc>Hotel / Motel</desc>
<sym>Dot</sym>
<type>shelter</type>
</wpt>
<wpt lat="50.116306" lon="-122.944366">
<name>The Aspens</name>
<cmt>lodging</cmt>
<desc>Hotel / Motel</desc>
<sym>Dot</sym>
<type>shelter</type>
</wpt>
<wpt lat="50.116980" lon="-122.941695">
<name>Powderhorn</name>
<cmt>lodging</cmt>
<desc>Hotel / Motel</desc>
<sym>Dot</sym>
<type>shelter</type>
</wpt>
<wpt lat="50.136830" lon="-122.948724">
<name>Riverside Resort Campground</name>
<cmt>camping</cmt>
<desc>Private Campground</desc>
<sym>Dot</sym>
<type>campsite</type>
</wpt>
<wpt lat="49.459871" lon="-123.236331">
<name>Lions Bay General Store &amp; Café</name>
<cmt>coffee</cmt>
<desc>Café / Coffee</desc>
<sym>Dot</sym>
<type>food</type>
</wpt>
<wpt lat="49.459789" lon="-123.236171">
<name>Lions Bay Liquor</name>
<cmt>convenience_store</cmt>
<desc>Liquor Store</desc>
<sym>Dot</sym>
<type>store</type>
</wpt>
<wpt lat="49.702397" lon="-123.144021">
<name>Squamish Adventure Inn</name>
<cmt>lodging</cmt>
<desc>Hostel</desc>
<sym>Dot</sym>
<type>shelter</type>
</wpt>
<wpt lat="49.831701" lon="-123.150251">
<name>Paradise Valley Campground</name>
<cmt>camping</cmt>
<desc>Private Campground</desc>
<sym>Dot</sym>
<type>campsite</type>
</wpt>
<wpt lat="49.690404" lon="-123.146039">
<name>Squamish Valley Gas Bar</name>
<cmt>convenience_store</cmt>
<desc>Convenience Store</desc>
<sym>Dot</sym>
<type>store</type>
</wpt>
<wpt lat="49.783333" lon="-123.127038">
<name>Alice Lake Campground</name>
<cmt>camping</cmt>
<desc>Public Campground</desc>
<sym>Dot</sym>
<type>campsite</type>
</wpt>
<wpt lat="49.798932" lon="-123.156546">
<name>Sunwolf Riverside Resort</name>
<cmt>lodging</cmt>
<desc>Hotel / Motel</desc>
<sym>Dot</sym>
<type>shelter</type>
</wpt>
<wpt lat="49.799229" lon="-123.156474">
<name>Fergie's Cafe</name>
<cmt>coffee</cmt>
<desc>Café / Coffee</desc>
<sym>Dot</sym>
<type>food</type>
</wpt>
<wpt lat="49.678711" lon="-123.154911">
<name>Stawamus Chief Campground</name>
<cmt>camping</cmt>
<desc>Public Campground</desc>
<sym>Dot</sym>
<type>campsite</type>
</wpt>
<wpt lat="49.699586" lon="-123.144835">
<name>Shell</name>
<cmt>convenience_store</cmt>
<desc>Convenience Store</desc>
<sym>Dot</sym>
<type>store</type>
</wpt>
<wpt lat="49.700033" lon="-123.145031">
<name>Sunny Chibas Fried Chicken Mexican Cantina</name>
<cmt>food</cmt>
<desc>Restaurant</desc>
<sym>Dot</sym>
<type>food</type>
</wpt>
<wpt lat="49.703650" lon="-123.145464">
<name>White Spot</name>
<cmt>food</cmt>
<desc>Fast Food / Chain</desc>
<sym>Dot</sym>
<type>food</type>
</wpt>
<wpt lat="49.706996" lon="-123.145814">
<name>Squamish Adventure Cenre</name>
<cmt>park</cmt>
<desc>Park / Nature</desc>
<sym>Dot</sym>
<type>rest_area</type>
</wpt>
<wpt lat="49.675100" lon="-123.157044">
<name>Sea to Sky Gondola</name>
<cmt>viewpoint</cmt>
<desc>Activity / Experience</desc>
<sym>Dot</sym>
<type>overlook</type>
</wpt>
<wpt lat="49.704640" lon="-123.146285">
<name>McDonald's</name>
<cmt>food</cmt>
<desc>Fast Food / Chain</desc>
<sym>Dot</sym>
<type>food</type>
</wpt>
<wpt lat="49.703577" lon="-123.146080">
<name>Starbucks</name>
<cmt>food</cmt>
<desc>Fast Food / Chain</desc>
<sym>Dot</sym>
<type>food</type>
</wpt>
<wpt lat="49.704018" lon="-123.146311">
<name>A&amp;W</name>
<cmt>food</cmt>
<desc>Fast Food / Chain</desc>
<sym>Dot</sym>
<type>food</type>
</wpt>
<wpt lat="49.703566" lon="-123.146202">
<name>Tacofino</name>
<cmt>food</cmt>
<desc>Restaurant</desc>
<sym>Dot</sym>
<type>food</type>
</wpt>
<wpt lat="49.725110" lon="-123.142958">
<name>Brennan Park Recreation Centre</name>
<cmt>rest_stop</cmt>
<desc>Community Centre</desc>
<sym>Dot</sym>
<type>rest_area</type>
</wpt>
<wpt lat="49.705079" lon="-123.146552">
<name>7-Eleven</name>
<cmt>convenience_store</cmt>
<desc>Convenience Store</desc>
<sym>Dot</sym>
<type>store</type>
</wpt>
<wpt lat="49.726921" lon="-123.138233">
<name>Eagle Vista RV Resort &amp; Campground</name>
<cmt>camping</cmt>
<desc>Private Campground</desc>
<sym>Dot</sym>
<type>campsite</type>
</wpt>
<wpt lat="49.703369" lon="-123.147010">
<name>Nesters Market</name>
<cmt>convenience_store</cmt>
<desc>Grocery Store</desc>
<sym>Dot</sym>
<type>store</type>
</wpt>
<wpt lat="49.672426" lon="-123.165416">
<name>Klahanie Campground</name>
<cmt>camping</cmt>
<desc>Private Campground</desc>
<sym>Dot</sym>
<type>campsite</type>
</wpt>
<wpt lat="49.780830" lon="-123.126709">
<name>Group Campground</name>
<cmt>camping</cmt>
<desc>Public Campground</desc>
<sym>Dot</sym>
<type>campsite</type>
</wpt>
<wpt lat="49.703288" lon="-123.148093">
<name>Pizza Hut</name>
<cmt>food</cmt>
<desc>Fast Food / Chain</desc>
<sym>Dot</sym>
<type>food</type>
</wpt>
<wpt lat="49.727138" lon="-123.132908">
<name>Mamquam River Campground</name>
<cmt>camping</cmt>
<desc>Private Campground</desc>
<sym>Dot</sym>
<type>campsite</type>
</wpt>
<wpt lat="49.703790" lon="-123.148994">
<name>Steve's poke bar</name>
<cmt>food</cmt>
<desc>Restaurant</desc>
<sym>Dot</sym>
<type>food</type>
</wpt>
<wpt lat="49.735248" lon="-123.132466">
<name>Cloudburst Coffee</name>
<cmt>coffee</cmt>
<desc>Café / Coffee</desc>
<sym>Dot</sym>
<type>food</type>
</wpt>
<wpt lat="49.735265" lon="-123.132636">
<name>The Locavore Bar &amp; Grill</name>
<cmt>food</cmt>
<desc>Restaurant</desc>
<sym>Dot</sym>
<type>food</type>
</wpt>
<wpt lat="49.735419" lon="-123.131692">
<name>Alice &amp; Brohms</name>
<cmt>food</cmt>
<desc>Ice Cream</desc>
<sym>Dot</sym>
<type>food</type>
</wpt>
<wpt lat="49.735579" lon="-123.132456">
<name>The Locavore Bar &amp; Grill</name>
<cmt>food</cmt>
<desc>Fast Food / Chain</desc>
<sym>Dot</sym>
<type>food</type>
</wpt>
<wpt lat="49.701467" lon="-123.150352">
<name>Mountain Burger House</name>
<cmt>food</cmt>
<desc>Restaurant</desc>
<sym>Dot</sym>
<type>food</type>
</wpt>
<wpt lat="49.735948" lon="-123.133390">
<name>Canadian Tire</name>
<cmt>convenience_store</cmt>
<desc>General merchandise</desc>
<sym>Dot</sym>
<type>store</type>
</wpt>
<wpt lat="49.702527" lon="-123.151116">
<name>Squamish Liquor Store</name>
<cmt>convenience_store</cmt>
<desc>Liquor Store</desc>
<sym>Dot</sym>
<type>store</type>
</wpt>
<wpt lat="49.714897" lon="-123.149033">
<name>Gillespie's Fine Spirits</name>
<cmt>winery</cmt>
<desc>Winery / Cidery</desc>
<sym>Dot</sym>
<type>food</type>
</wpt>
<wpt lat="49.270572" lon="-123.147691">
<name>Toyokan Bowl</name>
<cmt>food</cmt>
<desc>Restaurant</desc>
<sym>Dot</sym>
<type>food</type>
</wpt>
<wpt lat="49.288578" lon="-123.142644">
<name>Sylvia's Bar</name>
<cmt>bar</cmt>
<desc>Brewery / Pub</desc>
<sym>Dot</sym>
<type>food</type>
</wpt>
<wpt lat="49.270906" lon="-123.147654">
<name>Pane From Heaven</name>
<cmt>coffee</cmt>
<desc>Café / Coffee</desc>
<sym>Dot</sym>
<type>food</type>
</wpt>
<wpt lat="49.270822" lon="-123.147657">
<name>Oddfish Restaurant</name>
<cmt>food</cmt>
<desc>Restaurant</desc>
<sym>Dot</sym>
<type>food</type>
</wpt>
<wpt lat="49.263946" lon="-123.148331">
<name>Akbar's Own</name>
<cmt>food</cmt>
<desc>Restaurant</desc>
<sym>Dot</sym>
<type>food</type>
</wpt>
<wpt lat="49.286591" lon="-123.142845">
<name>Cactus Club Cafe</name>
<cmt>food</cmt>
<desc>Restaurant</desc>
<sym>Dot</sym>
<type>food</type>
</wpt>
<wpt lat="49.268178" lon="-123.148186">
<name>Tractor</name>
<cmt>food</cmt>
<desc>Restaurant</desc>
<sym>Dot</sym>
<type>food</type>
</wpt>
<wpt lat="49.267783" lon="-123.147632">
<name>Petro-Canada</name>
<cmt>convenience_store</cmt>
<desc>Convenience Store</desc>
<sym>Dot</sym>
<type>store</type>
</wpt>
<wpt lat="49.286742" lon="-123.142240">
<name>CRAFT Beer Market</name>
<cmt>food</cmt>
<desc>Restaurant</desc>
<sym>Dot</sym>
<type>food</type>
</wpt>
<wpt lat="49.270818" lon="-123.147438">
<name>Superbolt Lab</name>
<cmt>coffee</cmt>
<desc>Café / Coffee</desc>
<sym>Dot</sym>
<type>food</type>
</wpt>
<wpt lat="49.270621" lon="-123.148192">
<name>Be Fresh Market</name>
<cmt>coffee</cmt>
<desc>Café / Coffee</desc>
<sym>Dot</sym>
<type>food</type>
</wpt>
<wpt lat="49.263552" lon="-123.147729">
<name>Le Coq Frit</name>
<cmt>food</cmt>
<desc>Restaurant</desc>
<sym>Dot</sym>
<type>food</type>
</wpt>
<wpt lat="49.276927" lon="-123.131903">
<name>Bicycle Sports Pacific</name>
<cmt>bike_shop</cmt>
<desc>Repair Shop</desc>
<sym>Dot</sym>
<type>gear</type>
</wpt>
<wpt lat="49.275634" lon="-123.135287">
<name>Hoshi</name>
<cmt>food</cmt>
<desc>Restaurant</desc>
<sym>Dot</sym>
<type>food</type>
</wpt>
<wpt lat="49.275544" lon="-123.135539">
<name>Beach Ave Bar &amp; Grill</name>
<cmt>food</cmt>
<desc>Restaurant</desc>
<sym>Dot</sym>
<type>food</type>
</wpt>
<wpt lat="49.267919" lon="-123.148362">
<name>Circle K</name>
<cmt>convenience_store</cmt>
<desc>Convenience Store</desc>
<sym>Dot</sym>
<type>store</type>
</wpt>
<wpt lat="49.268247" lon="-123.148392">
<name>Tacofino</name>
<cmt>food</cmt>
<desc>Restaurant</desc>
<sym>Dot</sym>
<type>food</type>
</wpt>
<wpt lat="49.286945" lon="-123.141990">
<name>Hook Cantina</name>
<cmt>food</cmt>
<desc>Restaurant</desc>
<sym>Dot</sym>
<type>food</type>
</wpt>
<wpt lat="49.275892" lon="-123.134216">
<name>The Grind</name>
<cmt>coffee</cmt>
<desc>Café / Coffee</desc>
<sym>Dot</sym>
<type>food</type>
</wpt>
<wpt lat="49.270570" lon="-123.147257">
<name>Radish</name>
<cmt>food</cmt>
<desc>Restaurant</desc>
<sym>Dot</sym>
<type>food</type>
</wpt>
<wpt lat="49.204433" lon="-123.139421">
<name>Thai Son Restaurant</name>
<cmt>food</cmt>
<desc>Restaurant</desc>
<sym>Dot</sym>
<type>food</type>
</wpt>
<wpt lat="49.206451" lon="-123.142482">
<name>Colbourne House</name>
<cmt>monument</cmt>
<desc>Museum / Gallery</desc>
<sym>Dot</sym>
<type>info</type>
</wpt>
<wpt lat="49.268180" lon="-123.147259">
<name>Fred's</name>
<cmt>food</cmt>
<desc>Restaurant</desc>
<sym>Dot</sym>
<type>food</type>
</wpt>
<wpt lat="49.288739" lon="-123.142156">
<name>Sylvia Hotel</name>
<cmt>lodging</cmt>
<desc>Hotel / Motel</desc>
<sym>Dot</sym>
<type>shelter</type>
</wpt>
<wpt lat="49.268252" lon="-123.148613">
<name>cowdog</name>
<cmt>coffee</cmt>
<desc>Café / Coffee</desc>
<sym>Dot</sym>
<type>food</type>
</wpt>
<wpt lat="49.287073" lon="-123.141800">
<name>The Three Brits Public House</name>
<cmt>bar</cmt>
<desc>Brewery / Pub</desc>
<sym>Dot</sym>
<type>food</type>
</wpt>
<wpt lat="49.294400" lon="-123.137873">
<name>Lost Lagoon Nature House</name>
<cmt>park</cmt>
<desc>Park / Nature</desc>
<sym>Dot</sym>
<type>rest_area</type>
</wpt>
<wpt lat="49.267924" lon="-123.148654">
<name>Rain or Shine Ice Cream</name>
<cmt>food</cmt>
<desc>Ice Cream</desc>
<sym>Dot</sym>
<type>food</type>
</wpt>
<wpt lat="49.270829" lon="-123.147043">
<name>New Fuji</name>
<cmt>food</cmt>
<desc>Restaurant</desc>
<sym>Dot</sym>
<type>food</type>
</wpt>
<wpt lat="49.287014" lon="-123.141696">
<name>Oakberry Açaí bowls</name>
<cmt>food</cmt>
<desc>Fast Food / Chain</desc>
<sym>Dot</sym>
<type>food</type>
</wpt>
<wpt lat="49.292169" lon="-123.141371">
<name>Rosellen Suites at Stanley Park</name>
<cmt>lodging</cmt>
<desc>Hotel / Motel</desc>
<sym>Dot</sym>
<type>shelter</type>
</wpt>
<wpt lat="49.268158" lon="-123.147082">
<name>Noodle Box</name>
<cmt>food</cmt>
<desc>Fast Food / Chain</desc>
<sym>Dot</sym>
<type>food</type>
</wpt>
<wpt lat="49.268215" lon="-123.147041">
<name>Best Falafel</name>
<cmt>food</cmt>
<desc>Fast Food / Chain</desc>
<sym>Dot</sym>
<type>food</type>
</wpt>
<wpt lat="49.219336" lon="-123.149163">
<name>Bean Around The World</name>
<cmt>coffee</cmt>
<desc>Café / Coffee</desc>
<sym>Dot</sym>
<type>food</type>
</wpt>
<wpt lat="49.268209" lon="-123.148844">
<name>GlassHouse</name>
<cmt>food</cmt>
<desc>Restaurant</desc>
<sym>Dot</sym>
<type>food</type>
</wpt>
<wpt lat="49.287266" lon="-123.141527">
<name>Bayside Lounge</name>
<cmt>bar</cmt>
<desc>Brewery / Pub</desc>
<sym>Dot</sym>
<type>food</type>
</wpt>
<wpt lat="49.270827" lon="-123.146857">
<name>Okanagan Estate Wine Cellars</name>
<cmt>winery</cmt>
<desc>Winery / Cidery</desc>
<sym>Dot</sym>
<type>food</type>
</wpt>
<wpt lat="49.204331" lon="-123.139858">
<name>Value on Liquor Store</name>
<cmt>convenience_store</cmt>
<desc>Liquor Store</desc>
<sym>Dot</sym>
<type>store</type>
</wpt>
<wpt lat="49.298469" lon="-123.136978">
<name>Stanley Park Rose Garden</name>
<cmt>park</cmt>
<desc>Park / Nature</desc>
<sym>Dot</sym>
<type>rest_area</type>
</wpt>
<wpt lat="49.287329" lon="-123.141457">
<name>Lucky Sushi Company</name>
<cmt>food</cmt>
<desc>Restaurant</desc>
<sym>Dot</sym>
<type>food</type>
</wpt>
<wpt lat="49.204082" lon="-123.135383">
<name>Ipoh Malay Cuisine</name>
<cmt>food</cmt>
<desc>Restaurant</desc>
<sym>Dot</sym>
<type>food</type>
</wpt>
<wpt lat="49.267964" lon="-123.148959">
<name>Maenam</name>
<cmt>food</cmt>
<desc>Restaurant</desc>
<sym>Dot</sym>
<type>food</type>
</wpt>
<wpt lat="49.277574" lon="-123.131850">
<name>Osaka Sushi</name>
<cmt>food</cmt>
<desc>Restaurant</desc>
<sym>Dot</sym>
<type>food</type>
</wpt>
<wpt lat="49.287358" lon="-123.141418">
<name>Vonns</name>
<cmt>food</cmt>
<desc>Restaurant</desc>
<sym>Dot</sym>
<type>food</type>
</wpt>
<wpt lat="49.270826" lon="-123.146765">
<name>Annalena</name>
<cmt>food</cmt>
<desc>Restaurant</desc>
<sym>Dot</sym>
<type>food</type>
</wpt>
<wpt lat="49.287236" lon="-123.141423">
<name>Starbucks</name>
<cmt>food</cmt>
<desc>Fast Food / Chain</desc>
<sym>Dot</sym>
<type>food</type>
</wpt>
<wpt lat="49.287745" lon="-123.141335">
<name>Papi's Seafood and Oyster Bar</name>
<cmt>food</cmt>
<desc>Restaurant</desc>
<sym>Dot</sym>
<type>food</type>
</wpt>
<wpt lat="49.287389" lon="-123.141354">
<name>Marble Slab Creamery</name>
<cmt>food</cmt>
<desc>Ice Cream</desc>
<sym>Dot</sym>
<type>food</type>
</wpt>
<wpt lat="49.204057" lon="-123.135104">
<name>Bespoke &amp; Sushi</name>
<cmt>food</cmt>
<desc>Restaurant</desc>
<sym>Dot</sym>
<type>food</type>
</wpt>
<wpt lat="49.287425" lon="-123.141310">
<name>Shamrock Storehouse</name>
<cmt>bar</cmt>
<desc>Brewery / Pub</desc>
<sym>Dot</sym>
<type>food</type>
</wpt>
<wpt lat="49.267966" lon="-123.149066">
<name>Fable</name>
<cmt>food</cmt>
<desc>Restaurant</desc>
<sym>Dot</sym>
<type>food</type>
</wpt>
<wpt lat="49.219334" lon="-123.149414">
<name>Okini</name>
<cmt>food</cmt>
<desc>Restaurant</desc>
<sym>Dot</sym>
<type>food</type>
</wpt>
<wpt lat="49.204195" lon="-123.135382">
<name>Cafe de L'Orangerie</name>
<cmt>food</cmt>
<desc>Restaurant</desc>
<sym>Dot</sym>
<type>food</type>
</wpt>
<wpt lat="49.287810" lon="-123.141219">
<name>Chicken World</name>
<cmt>food</cmt>
<desc>Fast Food / Chain</desc>
<sym>Dot</sym>
<type>food</type>
</wpt>
<wpt lat="49.287433" lon="-123.141266">
<name>Taqueria Jalisco Mexican Restaurant</name>
<cmt>food</cmt>
<desc>Restaurant</desc>
<sym>Dot</sym>
<type>food</type>
</wpt>
<wpt lat="49.204056" lon="-123.134982">
<name>Wick's Cafe</name>
<cmt>coffee</cmt>
<desc>Café / Coffee</desc>
<sym>Dot</sym>
<type>food</type>
</wpt>
<wpt lat="49.286779" lon="-123.141341">
<name>Freshslice Pizza</name>
<cmt>food</cmt>
<desc>Fast Food / Chain</desc>
<sym>Dot</sym>
<type>food</type>
</wpt>
<wpt lat="49.267910" lon="-123.146698">
<name>Ocean Goose</name>
<cmt>food</cmt>
<desc>Restaurant</desc>
<sym>Dot</sym>
<type>food</type>
</wpt>
<wpt lat="49.277454" lon="-123.131337">
<name>Daikichi Sushi</name>
<cmt>food</cmt>
<desc>Restaurant</desc>
<sym>Dot</sym>
<type>food</type>
</wpt>
<wpt lat="49.287577" lon="-123.141151">
<name>English Bay Hotel</name>
<cmt>lodging</cmt>
<desc>Hotel / Motel</desc>
<sym>Dot</sym>
<type>shelter</type>
</wpt>
<wpt lat="49.267943" lon="-123.149274">
<name>Döner Kebab</name>
<cmt>food</cmt>
<desc>Fast Food / Chain</desc>
<sym>Dot</sym>
<type>food</type>
</wpt>
<wpt lat="49.286693" lon="-123.141203">
<name>English Bay Bike Rentals</name>
<cmt>bike_shop</cmt>
<desc>Rentals</desc>
<sym>Dot</sym>
<type>gear</type>
</wpt>
<wpt lat="49.312704" lon="-123.142586">
<name>Prospect Point Bar &amp; Grill</name>
<cmt>food</cmt>
<desc>Restaurant</desc>
<sym>Dot</sym>
<type>food</type>
</wpt>
<wpt lat="49.267879" lon="-123.146533">
<name>Oakberry Açaí bowls</name>
<cmt>food</cmt>
<desc>Fast Food / Chain</desc>
<sym>Dot</sym>
<type>food</type>
</wpt>
<wpt lat="49.267943" lon="-123.149326">
<name>NUTTEA</name>
<cmt>coffee</cmt>
<desc>Café / Coffee</desc>
<sym>Dot</sym>
<type>food</type>
</wpt>
<wpt lat="49.268173" lon="-123.146494">
<name>The Hungry Duck Grill Kitchen</name>
<cmt>food</cmt>
<desc>Restaurant</desc>
<sym>Dot</sym>
<type>food</type>
</wpt>
<wpt lat="49.219346" lon="-123.149695">
<name>Choices Market</name>
<cmt>convenience_store</cmt>
<desc>Grocery Store</desc>
<sym>Dot</sym>
<type>store</type>
</wpt>
<wpt lat="49.286954" lon="-123.141081">
<name>The Park at English Bay</name>
<cmt>bar</cmt>
<desc>Brewery / Pub</desc>
<sym>Dot</sym>
<type>food</type>
</wpt>
<wpt lat="49.287115" lon="-123.141050">
<name>Best Western Plus Sands</name>
<cmt>lodging</cmt>
<desc>Hotel / Motel</desc>
<sym>Dot</sym>
<type>shelter</type>
</wpt>
<wpt lat="49.268147" lon="-123.146459">
<name>Ramen Danbo</name>
<cmt>food</cmt>
<desc>Restaurant</desc>
<sym>Dot</sym>
<type>food</type>
</wpt>
<wpt lat="49.286631" lon="-123.141090">
<name>Bella Gellataria</name>
<cmt>food</cmt>
<desc>Ice Cream</desc>
<sym>Dot</sym>
<type>food</type>
</wpt>
<wpt lat="49.287704" lon="-123.140923">
<name>Babylon Cafe</name>
<cmt>coffee</cmt>
<desc>Café / Coffee</desc>
<sym>Dot</sym>
<type>food</type>
</wpt>
<wpt lat="49.275768" lon="-123.132430">
<name>Long Table Distillery</name>
<cmt>bar</cmt>
<desc>Brewery / Pub</desc>
<sym>Dot</sym>
<type>food</type>
</wpt>
<wpt lat="49.312665" lon="-123.142763">
<name>Prospect Point Cafe</name>
<cmt>coffee</cmt>
<desc>Café / Coffee</desc>
<sym>Dot</sym>
<type>food</type>
</wpt>
<wpt lat="49.276914" lon="-123.130785">
<name>Desi Indian Lounge</name>
<cmt>food</cmt>
<desc>Restaurant</desc>
<sym>Dot</sym>
<type>food</type>
</wpt>
<wpt lat="49.204031" lon="-123.134290">
<name>Oriole Cafe</name>
<cmt>coffee</cmt>
<desc>Café / Coffee</desc>
<sym>Dot</sym>
<type>food</type>
</wpt>
<wpt lat="49.270546" lon="-123.146073">
<name>Bento Cafe</name>
<cmt>food</cmt>
<desc>Restaurant</desc>
<sym>Dot</sym>
<type>food</type>
</wpt>
<wpt lat="49.268196" lon="-123.149439">
<name>Lavidas Restaurant</name>
<cmt>food</cmt>
<desc>Restaurant</desc>
<sym>Dot</sym>
<type>food</type>
</wpt>
<wpt lat="49.267945" lon="-123.149450">
<name>Lokal Sekondo</name>
<cmt>coffee</cmt>
<desc>Café / Coffee</desc>
<sym>Dot</sym>
<type>food</type>
</wpt>
<wpt lat="49.287738" lon="-123.140863">
<name>Mediterranean Grill</name>
<cmt>coffee</cmt>
<desc>Café / Coffee</desc>
<sym>Dot</sym>
<type>food</type>
</wpt>
<wpt lat="49.267793" lon="-123.146373">
<name>More Bikes</name>
<cmt>bike_shop</cmt>
<desc>Repair Shop</desc>
<sym>Dot</sym>
<type>gear</type>
</wpt>
<wpt lat="49.286557" lon="-123.140981">
<name>Mumu Kitchen</name>
<cmt>food</cmt>
<desc>Restaurant</desc>
<sym>Dot</sym>
<type>food</type>
</wpt>
<wpt lat="49.286485" lon="-123.144217">
<name>Waterslide</name>
<cmt>viewpoint</cmt>
<desc>Activity / Experience</desc>
<sym>Dot</sym>
<type>overlook</type>
</wpt>
<wpt lat="49.268203" lon="-123.146300">
<name>Pizza Hut</name>
<cmt>food</cmt>
<desc>Fast Food / Chain</desc>
<sym>Dot</sym>
<type>food</type>
</wpt>
<wpt lat="49.277633" lon="-123.131088">
<name>Place2be Cafe</name>
<cmt>coffee</cmt>
<desc>Café / Coffee</desc>
<sym>Dot</sym>
<type>food</type>
</wpt>
<wpt lat="49.272644" lon="-123.147279">
<name>Triple-O's</name>
<cmt>food</cmt>
<desc>Restaurant</desc>
<sym>Dot</sym>
<type>food</type>
</wpt>
<wpt lat="49.267876" lon="-123.146273">
<name>Ajiya Sushi</name>
<cmt>food</cmt>
<desc>Restaurant</desc>
<sym>Dot</sym>
<type>food</type>
</wpt>
<wpt lat="49.272614" lon="-123.148291">
<name>Vera's Burger Shack</name>
<cmt>food</cmt>
<desc>Fast Food / Chain</desc>
<sym>Dot</sym>
<type>food</type>
</wpt>
<wpt lat="49.277890" lon="-123.131368">
<name>Maxine's Cafe &amp; Bar</name>
<cmt>food</cmt>
<desc>Restaurant</desc>
<sym>Dot</sym>
<type>food</type>
</wpt>
<wpt lat="49.272699" lon="-123.147278">
<name>Siegel's Bagels</name>
<cmt>food</cmt>
<desc>Bakery / Donuts</desc>
<sym>Dot</sym>
<type>food</type>
</wpt>
<wpt lat="49.263544" lon="-123.146368">
<name>Viet Flavour Restaurant</name>
<cmt>food</cmt>
<desc>Restaurant</desc>
<sym>Dot</sym>
<type>food</type>
</wpt>
<wpt lat="49.288258" lon="-123.140591">
<name>Delany's Coffee</name>
<cmt>coffee</cmt>
<desc>Café / Coffee</desc>
<sym>Dot</sym>
<type>food</type>
</wpt>
<wpt lat="49.272625" lon="-123.148484">
<name>Cockney Kings</name>
<cmt>food</cmt>
<desc>Fast Food / Chain</desc>
<sym>Dot</sym>
<type>food</type>
</wpt>
<wpt lat="49.272627" lon="-123.148532">
<name>Al Basha</name>
<cmt>food</cmt>
<desc>Fast Food / Chain</desc>
<sym>Dot</sym>
<type>food</type>
</wpt>
<wpt lat="49.277710" lon="-123.130968">
<name>Number e Food</name>
<cmt>coffee</cmt>
<desc>Café / Coffee</desc>
<sym>Dot</sym>
<type>food</type>
</wpt>
<wpt lat="49.272629" lon="-123.148604">
<name>Panne Rizo</name>
<cmt>coffee</cmt>
<desc>Café / Coffee</desc>
<sym>Dot</sym>
<type>food</type>
</wpt>
<wpt lat="49.288296" lon="-123.140510">
<name>Big Bang Sushi</name>
<cmt>food</cmt>
<desc>Restaurant</desc>
<sym>Dot</sym>
<type>food</type>
</wpt>
<wpt lat="49.263616" lon="-123.149952">
<name>Greens Organic and Natural Market</name>
<cmt>convenience_store</cmt>
<desc>Grocery Store</desc>
<sym>Dot</sym>
<type>store</type>
</wpt>
<wpt lat="49.272630" lon="-123.148677">
<name>Moltan</name>
<cmt>food</cmt>
<desc>Restaurant</desc>
<sym>Dot</sym>
<type>food</type>
</wpt>
<wpt lat="49.286377" lon="-123.140724">
<name>Circle K</name>
<cmt>convenience_store</cmt>
<desc>Convenience Store</desc>
<sym>Dot</sym>
<type>store</type>
</wpt>
<wpt lat="49.288346" lon="-123.140457">
<name>Frying Pan</name>
<cmt>food</cmt>
<desc>Restaurant</desc>
<sym>Dot</sym>
<type>food</type>
</wpt>
<wpt lat="49.269248" lon="-123.145988">
<name>Sushi Flamingo</name>
<cmt>food</cmt>
<desc>Restaurant</desc>
<sym>Dot</sym>
<type>food</type>
</wpt>
<wpt lat="49.287992" lon="-123.140464">
<name>Rio Brazilian Steakhouse</name>
<cmt>food</cmt>
<desc>Restaurant</desc>
<sym>Dot</sym>
<type>food</type>
</wpt>
<wpt lat="49.269674" lon="-123.145961">
<name>Subway</name>
<cmt>food</cmt>
<desc>Fast Food / Chain</desc>
<sym>Dot</sym>
<type>food</type>
</wpt>
<wpt lat="49.272813" lon="-123.147603">
<name>Starbucks</name>
<cmt>food</cmt>
<desc>Fast Food / Chain</desc>
<sym>Dot</sym>
<type>food</type>
</wpt>
<wpt lat="49.272812" lon="-123.147494">
<name>Pizza Pizza</name>
<cmt>food</cmt>
<desc>Fast Food / Chain</desc>
<sym>Dot</sym>
<type>food</type>
</wpt>
<wpt lat="49.276741" lon="-123.130413">
<name>Sashimiya</name>
<cmt>convenience_store</cmt>
<desc>Grocery Store</desc>
<sym>Dot</sym>
<type>store</type>
</wpt>
<wpt lat="49.277971" lon="-123.131223">
<name>Bee's Knees eBike Tours and Rentals</name>
<cmt>bike_shop</cmt>
<desc>Rentals</desc>
<sym>Dot</sym>
<type>gear</type>
</wpt>
<wpt lat="49.288022" lon="-123.140440">
<name>Cafe Portrait</name>
<cmt>coffee</cmt>
<desc>Café / Coffee</desc>
<sym>Dot</sym>
<type>food</type>
</wpt>
<wpt lat="49.278767" lon="-123.137862">
<name>Sunset Beach Consession Stand</name>
<cmt>coffee</cmt>
<desc>Café / Coffee</desc>
<sym>Dot</sym>
<type>food</type>
</wpt>
<wpt lat="49.272633" lon="-123.148822">
<name>Kits Beach Coffee</name>
<cmt>coffee</cmt>
<desc>Café / Coffee</desc>
<sym>Dot</sym>
<type>food</type>
</wpt>
<wpt lat="49.287919" lon="-123.140435">
<name>Diba</name>
<cmt>food</cmt>
<desc>Restaurant</desc>
<sym>Dot</sym>
<type>food</type>
</wpt>
<wpt lat="49.288049" lon="-123.140402">
<name>España Restaurant</name>
<cmt>food</cmt>
<desc>Restaurant</desc>
<sym>Dot</sym>
<type>food</type>
</wpt>
<wpt lat="49.275078" lon="-123.133506">
<name>inBtwn Cafe</name>
<cmt>coffee</cmt>
<desc>Café / Coffee</desc>
<sym>Dot</sym>
<type>food</type>
</wpt>
<wpt lat="49.286609" lon="-123.140588">
<name>Pho in Love</name>
<cmt>food</cmt>
<desc>Restaurant</desc>
<sym>Dot</sym>
<type>food</type>
</wpt>
<wpt lat="49.286318" lon="-123.140629">
<name>Sula Indian Restaurant</name>
<cmt>food</cmt>
<desc>Restaurant</desc>
<sym>Dot</sym>
<type>food</type>
</wpt>
<wpt lat="49.286176" lon="-123.140621">
<name>JJ Bean</name>
<cmt>coffee</cmt>
<desc>Café / Coffee</desc>
<sym>Dot</sym>
<type>food</type>
</wpt>
<wpt lat="49.288123" lon="-123.140291">
<name>Tre Viet</name>
<cmt>food</cmt>
<desc>Restaurant</desc>
<sym>Dot</sym>
<type>food</type>
</wpt>
<wpt lat="49.267801" lon="-123.145886">
<name>Mi Casa Mexicana</name>
<cmt>food</cmt>
<desc>Restaurant</desc>
<sym>Dot</sym>
<type>food</type>
</wpt>
<wpt lat="49.268207" lon="-123.149982">
<name>Las Margaritas</name>
<cmt>food</cmt>
<desc>Restaurant</desc>
<sym>Dot</sym>
<type>food</type>
</wpt>
<wpt lat="49.286615" lon="-123.140494">
<name>Davie Street Market</name>
<cmt>convenience_store</cmt>
<desc>Convenience Store</desc>
<sym>Dot</sym>
<type>store</type>
</wpt>
<wpt lat="49.265884" lon="-123.145903">
<name>Gateau de Henry</name>
<cmt>coffee</cmt>
<desc>Café / Coffee</desc>
<sym>Dot</sym>
<type>food</type>
</wpt>
<wpt lat="49.264158" lon="-123.145958">
<name>Papaya Hut Restaurant</name>
<cmt>food</cmt>
<desc>Restaurant</desc>
<sym>Dot</sym>
<type>food</type>
</wpt>
<wpt lat="49.264069" lon="-123.145959">
<name>DS Indian Kitchen</name>
<cmt>food</cmt>
<desc>Restaurant</desc>
<sym>Dot</sym>
<type>food</type>
</wpt>
<wpt lat="49.288177" lon="-123.140203">
<name>Falafel King</name>
<cmt>food</cmt>
<desc>Restaurant</desc>
<sym>Dot</sym>
<type>food</type>
</wpt>
<wpt lat="49.264421" lon="-123.145942">
<name>Burrard Liquor Store</name>
<cmt>convenience_store</cmt>
<desc>Liquor Store</desc>
<sym>Dot</sym>
<type>store</type>
</wpt>
<wpt lat="49.272640" lon="-123.149178">
<name>Charqui Grill</name>
<cmt>food</cmt>
<desc>Restaurant</desc>
<sym>Dot</sym>
<type>food</type>
</wpt>
<wpt lat="49.265019" lon="-123.145884">
<name>Unchai Thai Restaurant</name>
<cmt>food</cmt>
<desc>Restaurant</desc>
<sym>Dot</sym>
<type>food</type>
</wpt>
<wpt lat="49.263621" lon="-123.150288">
<name>Blenz Coffee</name>
<cmt>coffee</cmt>
<desc>Café / Coffee</desc>
<sym>Dot</sym>
<type>food</type>
</wpt>
<wpt lat="49.276950" lon="-123.130068">
<name>Giardino Restaurant</name>
<cmt>food</cmt>
<desc>Restaurant</desc>
<sym>Dot</sym>
<type>food</type>
</wpt>
<wpt lat="49.288544" lon="-123.140147">
<name>Akira Sushi</name>
<cmt>food</cmt>
<desc>Restaurant</desc>
<sym>Dot</sym>
<type>food</type>
</wpt>
<wpt lat="49.288557" lon="-123.140120">
<name>Bombay Kitchen + Bar</name>
<cmt>food</cmt>
<desc>Restaurant</desc>
<sym>Dot</sym>
<type>food</type>
</wpt>
<wpt lat="49.288292" lon="-123.140050">
<name>Noah's Cafe</name>
<cmt>food</cmt>
<desc>Restaurant</desc>
<sym>Dot</sym>
<type>food</type>
</wpt>
<wpt lat="49.288583" lon="-123.140079">
<name>Bombay Kitchen On Denman</name>
<cmt>food</cmt>
<desc>Restaurant</desc>
<sym>Dot</sym>
<type>food</type>
</wpt>
<wpt lat="49.288314" lon="-123.140013">
<name>D'oro Gelato e Caffè</name>
<cmt>food</cmt>
<desc>Ice Cream</desc>
<sym>Dot</sym>
<type>food</type>
</wpt>
<wpt lat="49.286421" lon="-123.140262">
<name>Red Umbrella Cafe</name>
<cmt>food</cmt>
<desc>Restaurant</desc>
<sym>Dot</sym>
<type>food</type>
</wpt>
<wpt lat="49.293299" lon="-123.135281">
<name>Lord Stanley Suites On The Park</name>
<cmt>lodging</cmt>
<desc>Hotel / Motel</desc>
<sym>Dot</sym>
<type>shelter</type>
</wpt>
<wpt lat="49.248615" lon="-123.153580">
<name>Starbucks</name>
<cmt>food</cmt>
<desc>Fast Food / Chain</desc>
<sym>Dot</sym>
<type>food</type>
</wpt>
<wpt lat="49.288661" lon="-123.139973">
<name>Kin's Farm Market</name>
<cmt>convenience_store</cmt>
<desc>Farmers' Market</desc>
<sym>Dot</sym>
<type>store</type>
</wpt>
<wpt lat="49.288421" lon="-123.139860">
<name>Nat's New York Pizzeria</name>
<cmt>food</cmt>
<desc>Fast Food / Chain</desc>
<sym>Dot</sym>
<type>food</type>
</wpt>
<wpt lat="49.275946" lon="-123.130239">
<name>The Parker Hotel Vancouver</name>
<cmt>lodging</cmt>
<desc>Hotel / Motel</desc>
<sym>Dot</sym>
<type>shelter</type>
</wpt>
<wpt lat="49.288454" lon="-123.139806">
<name>Legendary Noodle House</name>
<cmt>food</cmt>
<desc>Restaurant</desc>
<sym>Dot</sym>
<type>food</type>
</wpt>
<wpt lat="49.266623" lon="-123.145409">
<name>Novo Pizzeria &amp; Winery</name>
<cmt>food</cmt>
<desc>Fast Food / Chain</desc>
<sym>Dot</sym>
<type>food</type>
</wpt>
<wpt lat="49.272641" lon="-123.149817">
<name>Octopus Garden</name>
<cmt>food</cmt>
<desc>Restaurant</desc>
<sym>Dot</sym>
<type>food</type>
</wpt>
<wpt lat="49.267923" lon="-123.150566">
<name>La Routa Pizzeria</name>
<cmt>food</cmt>
<desc>Restaurant</desc>
<sym>Dot</sym>
<type>food</type>
</wpt>
<wpt lat="49.268209" lon="-123.145272">
<name>Comor Sports</name>
<cmt>bike_shop</cmt>
<desc>Repair Shop</desc>
<sym>Dot</sym>
<type>gear</type>
</wpt>
<wpt lat="49.277133" lon="-123.129676">
<name>Starbucks</name>
<cmt>food</cmt>
<desc>Fast Food / Chain</desc>
<sym>Dot</sym>
<type>food</type>
</wpt>
<wpt lat="49.208765" lon="-123.141555">
<name>BC Liquor Store</name>
<cmt>convenience_store</cmt>
<desc>Liquor Store</desc>
<sym>Dot</sym>
<type>store</type>
</wpt>
<wpt lat="49.267925" lon="-123.150640">
<name>La Ruota</name>
<cmt>food</cmt>
<desc>Restaurant</desc>
<sym>Dot</sym>
<type>food</type>
</wpt>
<wpt lat="49.248607" lon="-123.153902">
<name>Safeway</name>
<cmt>convenience_store</cmt>
<desc>Grocery Store</desc>
<sym>Dot</sym>
<type>store</type>
</wpt>
<wpt lat="49.263603" lon="-123.150833">
<name>Pallet Coffee Roasters</name>
<cmt>coffee</cmt>
<desc>Café / Coffee</desc>
<sym>Dot</sym>
<type>food</type>
</wpt>
<wpt lat="49.286343" lon="-123.139873">
<name>Bisou Premium Baked Goods</name>
<cmt>food</cmt>
<desc>Bakery / Donuts</desc>
<sym>Dot</sym>
<type>food</type>
</wpt>
<wpt lat="49.268772" lon="-123.145147">
<name>TV Dinner Market &amp; Café</name>
<cmt>coffee</cmt>
<desc>Café / Coffee</desc>
<sym>Dot</sym>
<type>food</type>
</wpt>
<wpt lat="49.272646" lon="-123.149985">
<name>Circle K</name>
<cmt>convenience_store</cmt>
<desc>Convenience Store</desc>
<sym>Dot</sym>
<type>store</type>
</wpt>
<wpt lat="49.279859" lon="-123.132891">
<name>Hostelling International</name>
<cmt>lodging</cmt>
<desc>Hostel</desc>
<sym>Dot</sym>
<type>shelter</type>
</wpt>
<wpt lat="49.263542" lon="-123.145334">
<name>Osaka Steak &amp; Seafood</name>
<cmt>food</cmt>
<desc>Restaurant</desc>
<sym>Dot</sym>
<type>food</type>
</wpt>
<wpt lat="49.272022" lon="-123.150471">
<name>Maple Beach Bed and Breakfast</name>
<cmt>lodging</cmt>
<desc>B&amp;B / Inn</desc>
<sym>Dot</sym>
<type>shelter</type>
</wpt>
<wpt lat="49.267926" lon="-123.150714">
<name>Indian Oven</name>
<cmt>food</cmt>
<desc>Restaurant</desc>
<sym>Dot</sym>
<type>food</type>
</wpt>
<wpt lat="49.288827" lon="-123.139684">
<name>7-Eleven</name>
<cmt>convenience_store</cmt>
<desc>Convenience Store</desc>
<sym>Dot</sym>
<type>store</type>
</wpt>
<wpt lat="49.267022" lon="-123.145120">
<name>Elysian Coffee Roasters</name>
<cmt>coffee</cmt>
<desc>Café / Coffee</desc>
<sym>Dot</sym>
<type>food</type>
</wpt>
<wpt lat="49.275371" lon="-123.130507">
<name>Fresh Street Market</name>
<cmt>convenience_store</cmt>
<desc>Grocery Store</desc>
<sym>Dot</sym>
<type>store</type>
</wpt>
<wpt lat="49.248337" lon="-123.153964">
<name>BC Liquor Store</name>
<cmt>convenience_store</cmt>
<desc>Liquor Store</desc>
<sym>Dot</sym>
<type>store</type>
</wpt>
<wpt lat="49.268220" lon="-123.150879">
<name>Goldie's Donuts &amp; Bakery</name>
<cmt>food</cmt>
<desc>Bakery / Donuts</desc>
<sym>Dot</sym>
<type>food</type>
</wpt>
<wpt lat="49.288667" lon="-123.139430">
<name>Denman Liquor Store</name>
<cmt>convenience_store</cmt>
<desc>Liquor Store</desc>
<sym>Dot</sym>
<type>store</type>
</wpt>
<wpt lat="49.263541" lon="-123.145100">
<name>Happy Lamb Hot Pot</name>
<cmt>food</cmt>
<desc>Restaurant</desc>
<sym>Dot</sym>
<type>food</type>
</wpt>
<wpt lat="49.288932" lon="-123.139514">
<name>Sushi Aboard</name>
<cmt>food</cmt>
<desc>Restaurant</desc>
<sym>Dot</sym>
<type>food</type>
</wpt>
<wpt lat="49.267996" lon="-123.150958">
<name>The Bimini</name>
<cmt>food</cmt>
<desc>Restaurant</desc>
<sym>Dot</sym>
<type>food</type>
</wpt>
<wpt lat="49.267902" lon="-123.144844">
<name>Comor Sports Outlet Store</name>
<cmt>bike_shop</cmt>
<desc>Repair Shop</desc>
<sym>Dot</sym>
<type>gear</type>
</wpt>
<wpt lat="49.265296" lon="-123.144931">
<name>Delhi 6</name>
<cmt>food</cmt>
<desc>Restaurant</desc>
<sym>Dot</sym>
<type>food</type>
</wpt>
<wpt lat="49.289263" lon="-123.139653">
<name>The Como Hotel</name>
<cmt>lodging</cmt>
<desc>Hotel / Motel</desc>
<sym>Dot</sym>
<type>shelter</type>
</wpt>
<wpt lat="49.286023" lon="-123.139526">
<name>BC Liquor Store</name>
<cmt>convenience_store</cmt>
<desc>Liquor Store</desc>
<sym>Dot</sym>
<type>store</type>
</wpt>
<wpt lat="49.208128" lon="-123.140774">
<name>Fighter Chicken</name>
<cmt>food</cmt>
<desc>Fast Food / Chain</desc>
<sym>Dot</sym>
<type>food</type>
</wpt>
<wpt lat="49.289014" lon="-123.139401">
<name>Chef Ron Restaurant &amp; Bar</name>
<cmt>food</cmt>
<desc>Restaurant</desc>
<sym>Dot</sym>
<type>food</type>
</wpt>
<wpt lat="49.288501" lon="-123.139164">
<name>93 Coffee</name>
<cmt>coffee</cmt>
<desc>Café / Coffee</desc>
<sym>Dot</sym>
<type>food</type>
</wpt>
<wpt lat="49.267965" lon="-123.151128">
<name>Bimini's Private Liquor Store</name>
<cmt>convenience_store</cmt>
<desc>Liquor Store</desc>
<sym>Dot</sym>
<type>store</type>
</wpt>
<wpt lat="49.263908" lon="-123.144769">
<name>Denny's</name>
<cmt>food</cmt>
<desc>Restaurant</desc>
<sym>Dot</sym>
<type>food</type>
</wpt>
<wpt lat="49.293631" lon="-123.142719">
<name>Ted and Mary Greig Rhododendron Garden</name>
<cmt>park</cmt>
<desc>Park / Nature</desc>
<sym>Dot</sym>
<type>rest_area</type>
</wpt>
<wpt lat="49.267968" lon="-123.151311">
<name>Kagura Hand Roll Bar</name>
<cmt>food</cmt>
<desc>Restaurant</desc>
<sym>Dot</sym>
<type>food</type>
</wpt>
<wpt lat="49.278703" lon="-123.130204">
<name>Maple Leaf Delicatessen Coffe Shop</name>
<cmt>coffee</cmt>
<desc>Café / Coffee</desc>
<sym>Dot</sym>
<type>food</type>
</wpt>
<wpt lat="49.280188" lon="-123.132411">
<name>The Sunset Hotel West End</name>
<cmt>lodging</cmt>
<desc>Hotel / Motel</desc>
<sym>Dot</sym>
<type>shelter</type>
</wpt>
<wpt lat="49.207907" lon="-123.140301">
<name>AT Cafe</name>
<cmt>food</cmt>
<desc>Restaurant</desc>
<sym>Dot</sym>
<type>food</type>
</wpt>
<wpt lat="49.269644" lon="-123.143976">
<name>Pâtisserie Lebeau</name>
<cmt>food</cmt>
<desc>Bakery / Donuts</desc>
<sym>Dot</sym>
<type>food</type>
</wpt>
<wpt lat="49.288943" lon="-123.139016">
<name>Burger King</name>
<cmt>food</cmt>
<desc>Fast Food / Chain</desc>
<sym>Dot</sym>
<type>food</type>
</wpt>
<wpt lat="49.267970" lon="-123.151428">
<name>Their There</name>
<cmt>food</cmt>
<desc>Restaurant</desc>
<sym>Dot</sym>
<type>food</type>
</wpt>
<wpt lat="49.291828" lon="-123.135764">
<name>Tavola</name>
<cmt>food</cmt>
<desc>Restaurant</desc>
<sym>Dot</sym>
<type>food</type>
</wpt>
<wpt lat="49.278756" lon="-123.130101">
<name>Caffe Mira</name>
<cmt>coffee</cmt>
<desc>Café / Coffee</desc>
<sym>Dot</sym>
<type>food</type>
</wpt>
<wpt lat="49.209300" lon="-123.140899">
<name>Safeway</name>
<cmt>convenience_store</cmt>
<desc>Grocery Store</desc>
<sym>Dot</sym>
<type>store</type>
</wpt>
<wpt lat="49.288442" lon="-123.138761">
<name>Sonder at Revival</name>
<cmt>lodging</cmt>
<desc>Hotel / Motel</desc>
<sym>Dot</sym>
<type>shelter</type>
</wpt>
<wpt lat="49.274471" lon="-123.131707">
<name>Tartine Bread &amp; Pies</name>
<cmt>food</cmt>
<desc>Bakery / Donuts</desc>
<sym>Dot</sym>
<type>food</type>
</wpt>
<wpt lat="49.268233" lon="-123.151579">
<name>TurF</name>
<cmt>food</cmt>
<desc>Restaurant</desc>
<sym>Dot</sym>
<type>food</type>
</wpt>
<wpt lat="49.277800" lon="-123.128890">
<name>Residence Inn Vancouver Downtown</name>
<cmt>lodging</cmt>
<desc>Hotel / Motel</desc>
<sym>Dot</sym>
<type>shelter</type>
</wpt>
<wpt lat="49.277075" lon="-123.128590">
<name>Freshii</name>
<cmt>food</cmt>
<desc>Restaurant</desc>
<sym>Dot</sym>
<type>food</type>
</wpt>
<wpt lat="49.208107" lon="-123.140125">
<name>T-Bay Bistro</name>
<cmt>food</cmt>
<desc>Restaurant</desc>
<sym>Dot</sym>
<type>food</type>
</wpt>
<wpt lat="49.285288" lon="-123.139022">
<name>McDonald's</name>
<cmt>food</cmt>
<desc>Fast Food / Chain</desc>
<sym>Dot</sym>
<type>food</type>
</wpt>
<wpt lat="49.208153" lon="-123.140135">
<name>Solo Pasta</name>
<cmt>food</cmt>
<desc>Restaurant</desc>
<sym>Dot</sym>
<type>food</type>
</wpt>
<wpt lat="49.291716" lon="-123.135590">
<name>Times Square Suites Hotel</name>
<cmt>lodging</cmt>
<desc>Hotel / Motel</desc>
<sym>Dot</sym>
<type>shelter</type>
</wpt>
<wpt lat="49.208190" lon="-123.140133">
<name>Freshslice Pizza</name>
<cmt>food</cmt>
<desc>Fast Food / Chain</desc>
<sym>Dot</sym>
<type>food</type>
</wpt>
<wpt lat="49.263674" lon="-123.151882">
<name>BC Liquor</name>
<cmt>convenience_store</cmt>
<desc>Liquor Store</desc>
<sym>Dot</sym>
<type>store</type>
</wpt>
<wpt lat="49.299035" lon="-123.133869">
<name>Malkin Bowl</name>
<cmt>monument</cmt>
<desc>Museum / Gallery</desc>
<sym>Dot</sym>
<type>info</type>
</wpt>
<wpt lat="49.274599" lon="-123.130842">
<name>Ça Marche</name>
<cmt>food</cmt>
<desc>Fast Food / Chain</desc>
<sym>Dot</sym>
<type>food</type>
</wpt>
<wpt lat="49.274989" lon="-123.129841">
<name>Monzo Burger</name>
<cmt>food</cmt>
<desc>Restaurant</desc>
<sym>Dot</sym>
<type>food</type>
</wpt>
<wpt lat="49.268231" lon="-123.151742">
<name>Sushi Nova</name>
<cmt>food</cmt>
<desc>Restaurant</desc>
<sym>Dot</sym>
<type>food</type>
</wpt>
<wpt lat="49.289384" lon="-123.138909">
<name>Tim Hortons</name>
<cmt>food</cmt>
<desc>Fast Food / Chain</desc>
<sym>Dot</sym>
<type>food</type>
</wpt>
<wpt lat="49.281396" lon="-123.133708">
<name>Okami Sushi</name>
<cmt>food</cmt>
<desc>Restaurant</desc>
<sym>Dot</sym>
<type>food</type>
</wpt>
<wpt lat="49.280967" lon="-123.133016">
<name>Sandman Suites Vancouver on Davie</name>
<cmt>lodging</cmt>
<desc>Hotel / Motel</desc>
<sym>Dot</sym>
<type>shelter</type>
</wpt>
<wpt lat="49.273893" lon="-123.132775">
<name>Ancora</name>
<cmt>food</cmt>
<desc>Restaurant</desc>
<sym>Dot</sym>
<type>food</type>
</wpt>
<wpt lat="49.291170" lon="-123.136190">
<name>Zakkushi</name>
<cmt>food</cmt>
<desc>Restaurant</desc>
<sym>Dot</sym>
<type>food</type>
</wpt>
<wpt lat="49.291112" lon="-123.136277">
<name>Modern Handi Indian Cuisine</name>
<cmt>food</cmt>
<desc>Restaurant</desc>
<sym>Dot</sym>
<type>food</type>
</wpt>
<wpt lat="49.291025" lon="-123.136408">
<name>Damaskino Shawarma</name>
<cmt>food</cmt>
<desc>Restaurant</desc>
<sym>Dot</sym>
<type>food</type>
</wpt>
<wpt lat="49.290939" lon="-123.136538">
<name>Milano Coffee</name>
<cmt>coffee</cmt>
<desc>Café / Coffee</desc>
<sym>Dot</sym>
<type>food</type>
</wpt>
<wpt lat="49.292407" lon="-123.134321">
<name>Yes Cycle</name>
<cmt>bike_shop</cmt>
<desc>Repair Shop</desc>
<sym>Dot</sym>
<type>gear</type>
</wpt>
<wpt lat="49.291798" lon="-123.135226">
<name>Domino's</name>
<cmt>food</cmt>
<desc>Fast Food / Chain</desc>
<sym>Dot</sym>
<type>food</type>
</wpt>
<wpt lat="49.289756" lon="-123.138326">
<name>Panago</name>
<cmt>food</cmt>
<desc>Fast Food / Chain</desc>
<sym>Dot</sym>
<type>food</type>
</wpt>
<wpt lat="49.272663" lon="-123.136526">
<name>Tap &amp; Barrel Bridges</name>
<cmt>food</cmt>
<desc>Restaurant</desc>
<sym>Dot</sym>
<type>food</type>
</wpt>
<wpt lat="49.291771" lon="-123.135260">
<name>Lucifer's</name>
<cmt>convenience_store</cmt>
<desc>Grocery Store</desc>
<sym>Dot</sym>
<type>store</type>
</wpt>
<wpt lat="49.291740" lon="-123.135304">
<name>Nook</name>
<cmt>food</cmt>
<desc>Restaurant</desc>
<sym>Dot</sym>
<type>food</type>
</wpt>
<wpt lat="49.289715" lon="-123.138378">
<name>Peaked Pies</name>
<cmt>food</cmt>
<desc>Fast Food / Chain</desc>
<sym>Dot</sym>
<type>food</type>
</wpt>
<wpt lat="49.291321" lon="-123.135935">
<name>Breka Bakery &amp; Cafe</name>
<cmt>food</cmt>
<desc>Bakery / Donuts</desc>
<sym>Dot</sym>
<type>food</type>
</wpt>
<wpt lat="49.291480" lon="-123.135691">
<name>Holy Guacamole</name>
<cmt>food</cmt>
<desc>Restaurant</desc>
<sym>Dot</sym>
<type>food</type>
</wpt>
<wpt lat="49.289610" lon="-123.138533">
<name>A&amp;W</name>
<cmt>food</cmt>
<desc>Fast Food / Chain</desc>
<sym>Dot</sym>
<type>food</type>
</wpt>
<wpt lat="49.291810" lon="-123.135189">
<name>Tetsu Sushi Bar</name>
<cmt>food</cmt>
<desc>Restaurant</desc>
<sym>Dot</sym>
<type>food</type>
</wpt>
<wpt lat="49.290237" lon="-123.137573">
<name>Blenz Coffee</name>
<cmt>coffee</cmt>
<desc>Café / Coffee</desc>
<sym>Dot</sym>
<type>food</type>
</wpt>
<wpt lat="49.290775" lon="-123.136750">
<name>Khaghan Restaurant</name>
<cmt>food</cmt>
<desc>Restaurant</desc>
<sym>Dot</sym>
<type>food</type>
</wpt>
<wpt lat="49.290679" lon="-123.136893">
<name>The Sauce Pasta Cafe</name>
<cmt>food</cmt>
<desc>Restaurant</desc>
<sym>Dot</sym>
<type>food</type>
</wpt>
<wpt lat="49.290626" lon="-123.136971">
<name>Damso Modern Korean Cuisine</name>
<cmt>food</cmt>
<desc>Restaurant</desc>
<sym>Dot</sym>
<type>food</type>
</wpt>
<wpt lat="49.290566" lon="-123.137056">
<name>Kingyo</name>
<cmt>food</cmt>
<desc>Restaurant</desc>
<sym>Dot</sym>
<type>food</type>
</wpt>
<wpt lat="49.291400" lon="-123.135787">
<name>Ukrainian Village Restaurant</name>
<cmt>food</cmt>
<desc>Restaurant</desc>
<sym>Dot</sym>
<type>food</type>
</wpt>
<wpt lat="49.290419" lon="-123.137277">
<name>Winter Bear Dessert &amp; Teahouse</name>
<cmt>coffee</cmt>
<desc>Café / Coffee</desc>
<sym>Dot</sym>
<type>food</type>
</wpt>
<wpt lat="49.285502" lon="-123.138734">
<name>Safeway</name>
<cmt>convenience_store</cmt>
<desc>Grocery Store</desc>
<sym>Dot</sym>
<type>store</type>
</wpt>
<wpt lat="49.276646" lon="-123.142158">
<name>Bard on the Beach Shakespeare Festival</name>
<cmt>monument</cmt>
<desc>Museum / Gallery</desc>
<sym>Dot</sym>
<type>info</type>
</wpt>
<wpt lat="49.281478" lon="-123.133602">
<name>The Italians</name>
<cmt>food</cmt>
<desc>Restaurant</desc>
<sym>Dot</sym>
<type>food</type>
</wpt>
<wpt lat="49.209026" lon="-123.140277">
<name>Prinkle Chicken</name>
<cmt>food</cmt>
<desc>Fast Food / Chain</desc>
<sym>Dot</sym>
<type>food</type>
</wpt>
<wpt lat="49.274389" lon="-123.130987">
<name>Auto Strada</name>
<cmt>food</cmt>
<desc>Restaurant</desc>
<sym>Dot</sym>
<type>food</type>
</wpt>
<wpt lat="49.272888" lon="-123.135541">
<name>Popina</name>
<cmt>food</cmt>
<desc>Restaurant</desc>
<sym>Dot</sym>
<type>food</type>
</wpt>
<wpt lat="49.204479" lon="-123.131577">
<name>Ezymart</name>
<cmt>convenience_store</cmt>
<desc>Convenience Store</desc>
<sym>Dot</sym>
<type>store</type>
</wpt>
<wpt lat="49.288747" lon="-123.138325">
<name>No Frills</name>
<cmt>convenience_store</cmt>
<desc>Grocery Store</desc>
<sym>Dot</sym>
<type>store</type>
</wpt>
<wpt lat="49.280729" lon="-123.132345">
<name>The Junction</name>
<cmt>bar</cmt>
<desc>Brewery / Pub</desc>
<sym>Dot</sym>
<type>food</type>
</wpt>
<wpt lat="49.276112" lon="-123.128360">
<name>Grand Park Hotel &amp; Suites</name>
<cmt>lodging</cmt>
<desc>Hotel / Motel</desc>
<sym>Dot</sym>
<type>shelter</type>
</wpt>
<wpt lat="49.280291" lon="-123.131574">
<name>Thai Basil</name>
<cmt>food</cmt>
<desc>Restaurant</desc>
<sym>Dot</sym>
<type>food</type>
</wpt>
<wpt lat="49.206463" lon="-123.147683">
<name>Ho Yuen Cafe</name>
<cmt>coffee</cmt>
<desc>Café / Coffee</desc>
<sym>Dot</sym>
<type>food</type>
</wpt>
<wpt lat="49.272965" lon="-123.134873">
<name>The Blue Parrot Coffee</name>
<cmt>coffee</cmt>
<desc>Café / Coffee</desc>
<sym>Dot</sym>
<type>food</type>
</wpt>
<wpt lat="49.282332" lon="-123.134561">
<name>Score</name>
<cmt>bar</cmt>
<desc>Brewery / Pub</desc>
<sym>Dot</sym>
<type>food</type>
</wpt>
<wpt lat="49.272764" lon="-123.135426">
<name>La Tortilleria</name>
<cmt>food</cmt>
<desc>Fast Food / Chain</desc>
<sym>Dot</sym>
<type>food</type>
</wpt>
<wpt lat="49.291575" lon="-123.135063">
<name>Kintaro Ramen</name>
<cmt>food</cmt>
<desc>Restaurant</desc>
<sym>Dot</sym>
<type>food</type>
</wpt>
<wpt lat="49.289387" lon="-123.138387">
<name>Olympia Pizza &amp; Pasta Restaurant</name>
<cmt>food</cmt>
<desc>Restaurant</desc>
<sym>Dot</sym>
<type>food</type>
</wpt>
<wpt lat="49.289592" lon="-123.138072">
<name>Ong Ba Vietnamese Eatery</name>
<cmt>food</cmt>
<desc>Restaurant</desc>
<sym>Dot</sym>
<type>food</type>
</wpt>
<wpt lat="49.291940" lon="-123.134499">
<name>Bikes and Blades</name>
<cmt>bike_shop</cmt>
<desc>Repair Shop</desc>
<sym>Dot</sym>
<type>gear</type>
</wpt>
<wpt lat="49.289427" lon="-123.138318">
<name>Istanbul Döner Shop</name>
<cmt>food</cmt>
<desc>Restaurant</desc>
<sym>Dot</sym>
<type>food</type>
</wpt>
<wpt lat="49.276156" lon="-123.128164">
<name>White Spot</name>
<cmt>food</cmt>
<desc>Fast Food / Chain</desc>
<sym>Dot</sym>
<type>food</type>
</wpt>
<wpt lat="49.291882" lon="-123.134583">
<name>Freedom Bike Rentals</name>
<cmt>bike_shop</cmt>
<desc>Rentals</desc>
<sym>Dot</sym>
<type>gear</type>
</wpt>
<wpt lat="49.291854" lon="-123.134623">
<name>Tonkotsu Ramen Tsukiya</name>
<cmt>food</cmt>
<desc>Restaurant</desc>
<sym>Dot</sym>
<type>food</type>
</wpt>
<wpt lat="49.291487" lon="-123.135178">
<name>Chungchun</name>
<cmt>food</cmt>
<desc>Fast Food / Chain</desc>
<sym>Dot</sym>
<type>food</type>
</wpt>
<wpt lat="49.291681" lon="-123.134880">
<name>Jingle Bao</name>
<cmt>food</cmt>
<desc>Restaurant</desc>
<sym>Dot</sym>
<type>food</type>
</wpt>
<wpt lat="49.289857" lon="-123.137652">
<name>The Basic</name>
<cmt>food</cmt>
<desc>Restaurant</desc>
<sym>Dot</sym>
<type>food</type>
</wpt>
<wpt lat="49.272729" lon="-123.135493">
<name>Terra Breads</name>
<cmt>food</cmt>
<desc>Bakery / Donuts</desc>
<sym>Dot</sym>
<type>food</type>
</wpt>
<wpt lat="49.281596" lon="-123.133376">
<name>Circle K</name>
<cmt>convenience_store</cmt>
<desc>Convenience Store</desc>
<sym>Dot</sym>
<type>store</type>
</wpt>
<wpt lat="49.291796" lon="-123.134692">
<name>Jo-E Cycles</name>
<cmt>bike_shop</cmt>
<desc>Repair Shop</desc>
<sym>Dot</sym>
<type>gear</type>
</wpt>
<wpt lat="49.290778" lon="-123.136235">
<name>True Confections</name>
<cmt>coffee</cmt>
<desc>Café / Coffee</desc>
<sym>Dot</sym>
<type>food</type>
</wpt>
<wpt lat="49.281285" lon="-123.132874">
<name>Kin's Farm Market</name>
<cmt>convenience_store</cmt>
<desc>Farmers' Market</desc>
<sym>Dot</sym>
<type>store</type>
</wpt>
<wpt lat="49.282248" lon="-123.134342">
<name>Melriches Coffee House</name>
<cmt>coffee</cmt>
<desc>Café / Coffee</desc>
<sym>Dot</sym>
<type>food</type>
</wpt>
<wpt lat="49.278707" lon="-123.128947">
<name>Yolks</name>
<cmt>food</cmt>
<desc>Restaurant</desc>
<sym>Dot</sym>
<type>food</type>
</wpt>
<wpt lat="49.283091" lon="-123.135633">
<name>Kinara Indian Cuisine</name>
<cmt>food</cmt>
<desc>Restaurant</desc>
<sym>Dot</sym>
<type>food</type>
</wpt>
<wpt lat="49.281369" lon="-123.132992">
<name>Donair Dude</name>
<cmt>food</cmt>
<desc>Fast Food / Chain</desc>
<sym>Dot</sym>
<type>food</type>
</wpt>
<wpt lat="49.282131" lon="-123.134155">
<name>Master Donair</name>
<cmt>food</cmt>
<desc>Restaurant</desc>
<sym>Dot</sym>
<type>food</type>
</wpt>
<wpt lat="49.282079" lon="-123.134071">
<name>Ho Ho's Yummy Food</name>
<cmt>coffee</cmt>
<desc>Café / Coffee</desc>
<sym>Dot</sym>
<type>food</type>
</wpt>
<wpt lat="49.280702" lon="-123.131961">
<name>Stepho's Greek Restaurant</name>
<cmt>food</cmt>
<desc>Restaurant</desc>
<sym>Dot</sym>
<type>food</type>
</wpt>
<wpt lat="49.281929" lon="-123.133842">
<name>Davie Village Bakery &amp; Gelato</name>
<cmt>food</cmt>
<desc>Ice Cream</desc>
<sym>Dot</sym>
<type>food</type>
</wpt>
<wpt lat="49.281341" lon="-123.132939">
<name>Yummy Slice Pizza</name>
<cmt>food</cmt>
<desc>Fast Food / Chain</desc>
<sym>Dot</sym>
<type>food</type>
</wpt>
<wpt lat="49.281259" lon="-123.132813">
<name>COBS Bread</name>
<cmt>food</cmt>
<desc>Bakery / Donuts</desc>
<sym>Dot</sym>
<type>food</type>
</wpt>
<wpt lat="49.280477" lon="-123.131611">
<name>Mi Tierra Latina</name>
<cmt>convenience_store</cmt>
<desc>Grocery Store</desc>
<sym>Dot</sym>
<type>store</type>
</wpt>
<wpt lat="49.280931" lon="-123.132305">
<name>Pho Goodness</name>
<cmt>food</cmt>
<desc>Fast Food / Chain</desc>
<sym>Dot</sym>
<type>food</type>
</wpt>
<wpt lat="49.292278" lon="-123.133942">
<name>Tsukiya</name>
<cmt>food</cmt>
<desc>Restaurant</desc>
<sym>Dot</sym>
<type>food</type>
</wpt>
<wpt lat="49.280579" lon="-123.131764">
<name>Hellcrust Pizza</name>
<cmt>food</cmt>
<desc>Fast Food / Chain</desc>
<sym>Dot</sym>
<type>food</type>
</wpt>
<wpt lat="49.280624" lon="-123.131832">
<name>theVenti Coffee</name>
<cmt>coffee</cmt>
<desc>Café / Coffee</desc>
<sym>Dot</sym>
<type>food</type>
</wpt>
<wpt lat="49.280210" lon="-123.131197">
<name>Denny's</name>
<cmt>food</cmt>
<desc>Restaurant</desc>
<sym>Dot</sym>
<type>food</type>
</wpt>
<wpt lat="49.280538" lon="-123.131698">
<name>Samurai Japanese Restaurant</name>
<cmt>food</cmt>
<desc>Restaurant</desc>
<sym>Dot</sym>
<type>food</type>
</wpt>
<wpt lat="49.280511" lon="-123.131653">
<name>Takis' Taverna</name>
<cmt>food</cmt>
<desc>Restaurant</desc>
<sym>Dot</sym>
<type>food</type>
</wpt>
<wpt lat="49.282009" lon="-123.133947">
<name>Vancouver European Deli</name>
<cmt>convenience_store</cmt>
<desc>Specialty / Health Food</desc>
<sym>Dot</sym>
<type>store</type>
</wpt>
<wpt lat="49.281493" lon="-123.133151">
<name>House of Dosas</name>
<cmt>food</cmt>
<desc>Restaurant</desc>
<sym>Dot</sym>
<type>food</type>
</wpt>
<wpt lat="49.209626" lon="-123.140231">
<name>The Yard Cafe</name>
<cmt>bar</cmt>
<desc>Brewery / Pub</desc>
<sym>Dot</sym>
<type>food</type>
</wpt>
<wpt lat="49.279699" lon="-123.130399">
<name>Numbers Cabaret</name>
<cmt>bar</cmt>
<desc>Brewery / Pub</desc>
<sym>Dot</sym>
<type>food</type>
</wpt>
<wpt lat="49.279619" lon="-123.130273">
<name>Marquis Wine Cellars</name>
<cmt>convenience_store</cmt>
<desc>Liquor Store</desc>
<sym>Dot</sym>
<type>store</type>
</wpt>
<wpt lat="49.280044" lon="-123.130923">
<name>Pokébar</name>
<cmt>food</cmt>
<desc>Fast Food / Chain</desc>
<sym>Dot</sym>
<type>food</type>
</wpt>
<wpt lat="49.279767" lon="-123.130488">
<name>Subway</name>
<cmt>food</cmt>
<desc>Fast Food / Chain</desc>
<sym>Dot</sym>
<type>food</type>
</wpt>
<wpt lat="49.292355" lon="-123.133821">
<name>Spokes Cycle Rental</name>
<cmt>bike_shop</cmt>
<desc>Rentals</desc>
<sym>Dot</sym>
<type>gear</type>
</wpt>
<wpt lat="49.279519" lon="-123.130102">
<name>Vera's Burger Shack</name>
<cmt>food</cmt>
<desc>Fast Food / Chain</desc>
<sym>Dot</sym>
<type>food</type>
</wpt>
<wpt lat="49.291451" lon="-123.135128">
<name>Afghani Kabul Kebab Donair</name>
<cmt>food</cmt>
<desc>Restaurant</desc>
<sym>Dot</sym>
<type>food</type>
</wpt>
<wpt lat="49.290505" lon="-123.136560">
<name>Joe Fortes Library Branch</name>
<cmt>library</cmt>
<desc>Library</desc>
<sym>Dot</sym>
<type>info</type>
</wpt>
<wpt lat="49.209789" lon="-123.140290">
<name>Grand Marpole Market</name>
<cmt>convenience_store</cmt>
<desc>Grocery Store</desc>
<sym>Dot</sym>
<type>store</type>
</wpt>
<wpt lat="49.274675" lon="-123.129537">
<name>Linh Café</name>
<cmt>food</cmt>
<desc>Restaurant</desc>
<sym>Dot</sym>
<type>food</type>
</wpt>
<wpt lat="49.272636" lon="-123.135525">
<name>Organic Acres Market</name>
<cmt>convenience_store</cmt>
<desc>Grocery Store</desc>
<sym>Dot</sym>
<type>store</type>
</wpt>
<wpt lat="49.210778" lon="-123.140705">
<name>Talay Thai Restaurant</name>
<cmt>food</cmt>
<desc>Restaurant</desc>
<sym>Dot</sym>
<type>food</type>
</wpt>
<wpt lat="49.263532" lon="-123.143643">
<name>La Win Supermarket</name>
<cmt>convenience_store</cmt>
<desc>Grocery Store</desc>
<sym>Dot</sym>
<type>store</type>
</wpt>
<wpt lat="49.272661" lon="-123.135316">
<name>Pizza Pzazz</name>
<cmt>food</cmt>
<desc>Fast Food / Chain</desc>
<sym>Dot</sym>
<type>food</type>
</wpt>
<wpt lat="49.210829" lon="-123.140708">
<name>Keumsan Korean Restaurant</name>
<cmt>food</cmt>
<desc>Restaurant</desc>
<sym>Dot</sym>
<type>food</type>
</wpt>
<wpt lat="49.272636" lon="-123.135371">
<name>Chau Veggie Express</name>
<cmt>food</cmt>
<desc>Fast Food / Chain</desc>
<sym>Dot</sym>
<type>food</type>
</wpt>
<wpt lat="49.211157" lon="-123.140859">
<name>Panago</name>
<cmt>food</cmt>
<desc>Fast Food / Chain</desc>
<sym>Dot</sym>
<type>food</type>
</wpt>
<wpt lat="49.272608" lon="-123.135430">
<name>Fraser Valley Juice</name>
<cmt>food</cmt>
<desc>Fast Food / Chain</desc>
<sym>Dot</sym>
<type>food</type>
</wpt>
<wpt lat="49.299634" lon="-123.133657">
<name>Stanley's Bar and Grill</name>
<cmt>food</cmt>
<desc>Restaurant</desc>
<sym>Dot</sym>
<type>food</type>
</wpt>
<wpt lat="49.272582" lon="-123.135486">
<name>Petit Ami Coffee</name>
<cmt>coffee</cmt>
<desc>Café / Coffee</desc>
<sym>Dot</sym>
<type>food</type>
</wpt>
<wpt lat="49.270477" lon="-123.141429">
<name>That's It Cafe</name>
<cmt>coffee</cmt>
<desc>Café / Coffee</desc>
<sym>Dot</sym>
<type>food</type>
</wpt>
<wpt lat="49.291387" lon="-123.135016">
<name>Banana Leaf</name>
<cmt>food</cmt>
<desc>Restaurant</desc>
<sym>Dot</sym>
<type>food</type>
</wpt>
<wpt lat="49.281799" lon="-123.133380">
<name>Davie Village</name>
<cmt>viewpoint</cmt>
<desc>Activity / Experience</desc>
<sym>Dot</sym>
<type>overlook</type>
</wpt>
<wpt lat="49.292300" lon="-123.146409">
<name>Stanley Park Brewing</name>
<cmt>bar</cmt>
<desc>Brewery / Pub</desc>
<sym>Dot</sym>
<type>food</type>
</wpt>
<wpt lat="49.292201" lon="-123.146560">
<name>Stanley Park Brewing Restaurant and Brewpub</name>
<cmt>bar</cmt>
<desc>Brewery / Pub</desc>
<sym>Dot</sym>
<type>food</type>
</wpt>
<wpt lat="49.272436" lon="-123.135847">
<name>A Bread Affair</name>
<cmt>food</cmt>
<desc>Bakery / Donuts</desc>
<sym>Dot</sym>
<type>food</type>
</wpt>
<wpt lat="49.211093" lon="-123.140706">
<name>Subway</name>
<cmt>food</cmt>
<desc>Fast Food / Chain</desc>
<sym>Dot</sym>
<type>food</type>
</wpt>
<wpt lat="49.262514" lon="-123.152777">
<name>Subway</name>
<cmt>food</cmt>
<desc>Fast Food / Chain</desc>
<sym>Dot</sym>
<type>food</type>
</wpt>
<wpt lat="49.278281" lon="-123.128161">
<name>The Landis Hotel &amp; Suites</name>
<cmt>lodging</cmt>
<desc>Hotel / Motel</desc>
<sym>Dot</sym>
<type>shelter</type>
</wpt>
<wpt lat="49.268247" lon="-123.152555">
<name>Sophies Cosmic Cafe</name>
<cmt>food</cmt>
<desc>Restaurant</desc>
<sym>Dot</sym>
<type>food</type>
</wpt>
<wpt lat="49.282507" lon="-123.134297">
<name>Your Independent Grocer</name>
<cmt>convenience_store</cmt>
<desc>Grocery Store</desc>
<sym>Dot</sym>
<type>store</type>
</wpt>
<wpt lat="49.281495" lon="-123.132742">
<name>Pumpjack</name>
<cmt>bar</cmt>
<desc>Brewery / Pub</desc>
<sym>Dot</sym>
<type>food</type>
</wpt>
<wpt lat="49.262258" lon="-123.152805">
<name>Plaisir Sucré</name>
<cmt>food</cmt>
<desc>Bakery / Donuts</desc>
<sym>Dot</sym>
<type>food</type>
</wpt>
<wpt lat="49.281540" lon="-123.132811">
<name>Tom Sushi</name>
<cmt>food</cmt>
<desc>Restaurant</desc>
<sym>Dot</sym>
<type>food</type>
</wpt>
<wpt lat="49.277285" lon="-123.127686">
<name>4 Brothers Pizza</name>
<cmt>food</cmt>
<desc>Fast Food / Chain</desc>
<sym>Dot</sym>
<type>food</type>
</wpt>
<wpt lat="49.281632" lon="-123.132944">
<name>Disco Cheetah</name>
<cmt>food</cmt>
<desc>Fast Food / Chain</desc>
<sym>Dot</sym>
<type>food</type>
</wpt>
<wpt lat="49.281603" lon="-123.132897">
<name>1181 Lounge</name>
<cmt>bar</cmt>
<desc>Brewery / Pub</desc>
<sym>Dot</sym>
<type>food</type>
</wpt>
<wpt lat="49.281433" lon="-123.132631">
<name>The Hestia Veggie</name>
<cmt>food</cmt>
<desc>Restaurant</desc>
<sym>Dot</sym>
<type>food</type>
</wpt>
<wpt lat="49.273358" lon="-123.132748">
<name>Chang'an</name>
<cmt>food</cmt>
<desc>Restaurant</desc>
<sym>Dot</sym>
<type>food</type>
</wpt>
<wpt lat="49.281717" lon="-123.133062">
<name>BangKoK Bistro</name>
<cmt>food</cmt>
<desc>Restaurant</desc>
<sym>Dot</sym>
<type>food</type>
</wpt>
<wpt lat="49.281359" lon="-123.132504">
<name>Davie's The Best</name>
<cmt>food</cmt>
<desc>Restaurant</desc>
<sym>Dot</sym>
<type>food</type>
</wpt>
<wpt lat="49.282145" lon="-123.133706">
<name>Sainam</name>
<cmt>food</cmt>
<desc>Restaurant</desc>
<sym>Dot</sym>
<type>food</type>
</wpt>
<wpt lat="49.281233" lon="-123.132309">
<name>KFC</name>
<cmt>food</cmt>
<desc>Fast Food / Chain</desc>
<sym>Dot</sym>
<type>food</type>
</wpt>
<wpt lat="49.282055" lon="-123.133565">
<name>La Belle Patate/Poutine</name>
<cmt>food</cmt>
<desc>Fast Food / Chain</desc>
<sym>Dot</sym>
<type>food</type>
</wpt>
<wpt lat="49.282119" lon="-123.133662">
<name>NeNe Chicken</name>
<cmt>food</cmt>
<desc>Restaurant</desc>
<sym>Dot</sym>
<type>food</type>
</wpt>
<wpt lat="49.281185" lon="-123.132227">
<name>Momo Factory Davie</name>
<cmt>food</cmt>
<desc>Restaurant</desc>
<sym>Dot</sym>
<type>food</type>
</wpt>
<wpt lat="49.291095" lon="-123.135242">
<name>Safeway</name>
<cmt>convenience_store</cmt>
<desc>Grocery Store</desc>
<sym>Dot</sym>
<type>store</type>
</wpt>
<wpt lat="49.266301" lon="-123.152679">
<name>Arbutus Coffee</name>
<cmt>coffee</cmt>
<desc>Café / Coffee</desc>
<sym>Dot</sym>
<type>food</type>
</wpt>
<wpt lat="49.281997" lon="-123.133455">
<name>Akihana Sushi</name>
<cmt>food</cmt>
<desc>Restaurant</desc>
<sym>Dot</sym>
<type>food</type>
</wpt>
<wpt lat="49.280622" lon="-123.131343">
<name>Transylvanian Traditions Bakery</name>
<cmt>food</cmt>
<desc>Bakery / Donuts</desc>
<sym>Dot</sym>
<type>food</type>
</wpt>
<wpt lat="49.282981" lon="-123.134945">
<name>Matchstick</name>
<cmt>coffee</cmt>
<desc>Café / Coffee</desc>
<sym>Dot</sym>
<type>food</type>
</wpt>
<wpt lat="49.281964" lon="-123.133384">
<name>Blenz Coffee</name>
<cmt>coffee</cmt>
<desc>Café / Coffee</desc>
<sym>Dot</sym>
<type>food</type>
</wpt>
<wpt lat="49.279986" lon="-123.130351">
<name>Bonta Italian Ristorante</name>
<cmt>food</cmt>
<desc>Restaurant</desc>
<sym>Dot</sym>
<type>food</type>
</wpt>
<wpt lat="49.276377" lon="-123.127668">
<name>Spirit Of Howe</name>
<cmt>convenience_store</cmt>
<desc>Liquor Store</desc>
<sym>Dot</sym>
<type>store</type>
</wpt>
<wpt lat="49.291310" lon="-123.134874">
<name>Unni Pastries</name>
<cmt>coffee</cmt>
<desc>Café / Coffee</desc>
<sym>Dot</sym>
<type>food</type>
</wpt>
<wpt lat="49.279841" lon="-123.130120">
<name>Chipotle</name>
<cmt>food</cmt>
<desc>Fast Food / Chain</desc>
<sym>Dot</sym>
<type>food</type>
</wpt>
<wpt lat="49.280226" lon="-123.130709">
<name>Fatburger</name>
<cmt>food</cmt>
<desc>Fast Food / Chain</desc>
<sym>Dot</sym>
<type>food</type>
</wpt>
<wpt lat="49.210325" lon="-123.140211">
<name>Marpole Library Branch</name>
<cmt>library</cmt>
<desc>Library</desc>
<sym>Dot</sym>
<type>info</type>
</wpt>
<wpt lat="49.280202" lon="-123.130670">
<name>Kadoya</name>
<cmt>food</cmt>
<desc>Restaurant</desc>
<sym>Dot</sym>
<type>food</type>
</wpt>
<wpt lat="49.280256" lon="-123.130747">
<name>Amoka</name>
<cmt>coffee</cmt>
<desc>Café / Coffee</desc>
<sym>Dot</sym>
<type>food</type>
</wpt>
<wpt lat="49.279933" lon="-123.130252">
<name>Banana Leaf</name>
<cmt>food</cmt>
<desc>Restaurant</desc>
<sym>Dot</sym>
<type>food</type>
</wpt>
<wpt lat="49.280385" lon="-123.130937">
<name>Starbucks</name>
<cmt>food</cmt>
<desc>Fast Food / Chain</desc>
<sym>Dot</sym>
<type>food</type>
</wpt>
<wpt lat="49.204614" lon="-123.130934">
<name>Best Western Plus Vancouver Airport Hotel</name>
<cmt>lodging</cmt>
<desc>Hotel / Motel</desc>
<sym>Dot</sym>
<type>shelter</type>
</wpt>
<wpt lat="49.210139" lon="-123.140088">
<name>Wang's Taiwan Beef Noodle House</name>
<cmt>food</cmt>
<desc>Restaurant</desc>
<sym>Dot</sym>
<type>food</type>
</wpt>
<wpt lat="49.282263" lon="-123.133768">
<name>Guu Davie</name>
<cmt>bar</cmt>
<desc>Brewery / Pub</desc>
<sym>Dot</sym>
<type>food</type>
</wpt>
<wpt lat="49.272420" lon="-123.135407">
<name>Oyama Sausage</name>
<cmt>convenience_store</cmt>
<desc>Specialty / Health Food</desc>
<sym>Dot</sym>
<type>store</type>
</wpt>
<wpt lat="49.279771" lon="-123.129926">
<name>The Basic</name>
<cmt>food</cmt>
<desc>Restaurant</desc>
<sym>Dot</sym>
<type>food</type>
</wpt>
<wpt lat="49.279654" lon="-123.129730">
<name>The Fountainhead Pub</name>
<cmt>bar</cmt>
<desc>Brewery / Pub</desc>
<sym>Dot</sym>
<type>food</type>
</wpt>
<wpt lat="49.300325" lon="-123.134357">
<name>Air Force Garden of Remembrance</name>
<cmt>park</cmt>
<desc>Park / Nature</desc>
<sym>Dot</sym>
<type>rest_area</type>
</wpt>
<wpt lat="49.277908" lon="-123.127732">
<name>Subway</name>
<cmt>food</cmt>
<desc>Fast Food / Chain</desc>
<sym>Dot</sym>
<type>food</type>
</wpt>
<wpt lat="49.278669" lon="-123.128290">
<name>Sushi Mugen</name>
<cmt>food</cmt>
<desc>Restaurant</desc>
<sym>Dot</sym>
<type>food</type>
</wpt>
<wpt lat="49.280667" lon="-123.131210">
<name>Latin Square</name>
<cmt>coffee</cmt>
<desc>Café / Coffee</desc>
<sym>Dot</sym>
<type>food</type>
</wpt>
<wpt lat="49.253758" lon="-123.154789">
<name>Vancouver Traveller B&amp;B</name>
<cmt>lodging</cmt>
<desc>B&amp;B / Inn</desc>
<sym>Dot</sym>
<type>shelter</type>
</wpt>
<wpt lat="49.276350" lon="-123.144981">
<name>H. R. MacMillan Space Centre</name>
<cmt>monument</cmt>
<desc>Museum / Gallery</desc>
<sym>Dot</sym>
<type>info</type>
</wpt>
<wpt lat="49.278776" lon="-123.128352">
<name>El Paisano</name>
<cmt>convenience_store</cmt>
<desc>Grocery Store</desc>
<sym>Dot</sym>
<type>store</type>
</wpt>
<wpt lat="49.272363" lon="-123.135337">
<name>Duso's Italia</name>
<cmt>convenience_store</cmt>
<desc>Specialty / Health Food</desc>
<sym>Dot</sym>
<type>store</type>
</wpt>
<wpt lat="49.272382" lon="-123.135272">
<name>Siegel's Bagels</name>
<cmt>food</cmt>
<desc>Bakery / Donuts</desc>
<sym>Dot</sym>
<type>food</type>
</wpt>
<wpt lat="49.281209" lon="-123.131973">
<name>Gurkha Himalayan Kitchen</name>
<cmt>food</cmt>
<desc>Restaurant</desc>
<sym>Dot</sym>
<type>food</type>
</wpt>
<wpt lat="49.272400" lon="-123.135200">
<name>Granville Island Public Market</name>
<cmt>viewpoint</cmt>
<desc>Activity / Experience</desc>
<sym>Dot</sym>
<type>overlook</type>
</wpt>
<wpt lat="49.212032" lon="-123.140886">
<name>Rib &amp; Chicken</name>
<cmt>food</cmt>
<desc>Restaurant</desc>
<sym>Dot</sym>
<type>food</type>
</wpt>
<wpt lat="49.277845" lon="-123.127630">
<name>Nando's</name>
<cmt>food</cmt>
<desc>Restaurant</desc>
<sym>Dot</sym>
<type>food</type>
</wpt>
<wpt lat="49.280638" lon="-123.131087">
<name>Cazba</name>
<cmt>food</cmt>
<desc>Restaurant</desc>
<sym>Dot</sym>
<type>food</type>
</wpt>
<wpt lat="49.211939" lon="-123.140830">
<name>Neptune BBQ House</name>
<cmt>food</cmt>
<desc>Restaurant</desc>
<sym>Dot</sym>
<type>food</type>
</wpt>
<wpt lat="49.276519" lon="-123.127442">
<name>Sake Dining HASHIGO by Zakkushi</name>
<cmt>food</cmt>
<desc>Restaurant</desc>
<sym>Dot</sym>
<type>food</type>
</wpt>
<wpt lat="49.272518" lon="-123.134791">
<name>The Market Grill</name>
<cmt>food</cmt>
<desc>Fast Food / Chain</desc>
<sym>Dot</sym>
<type>food</type>
</wpt>
<wpt lat="49.204737" lon="-123.130834">
<name>White Spot</name>
<cmt>food</cmt>
<desc>Fast Food / Chain</desc>
<sym>Dot</sym>
<type>food</type>
</wpt>
<wpt lat="49.211678" lon="-123.140667">
<name>Sushi Wow</name>
<cmt>food</cmt>
<desc>Restaurant</desc>
<sym>Dot</sym>
<type>food</type>
</wpt>
<wpt lat="49.212149" lon="-123.140902">
<name>Pizza Hut</name>
<cmt>food</cmt>
<desc>Fast Food / Chain</desc>
<sym>Dot</sym>
<type>food</type>
</wpt>
<wpt lat="49.278781" lon="-123.128286">
<name>Twins Chinese Kitchen</name>
<cmt>food</cmt>
<desc>Restaurant</desc>
<sym>Dot</sym>
<type>food</type>
</wpt>
<wpt lat="49.272325" lon="-123.135301">
<name>Four Season Farm</name>
<cmt>convenience_store</cmt>
<desc>Farmers' Market</desc>
<sym>Dot</sym>
<type>store</type>
</wpt>
<wpt lat="49.291198" lon="-123.134705">
<name>VanLove Sushi</name>
<cmt>food</cmt>
<desc>Restaurant</desc>
<sym>Dot</sym>
<type>food</type>
</wpt>
<wpt lat="49.272458" lon="-123.134856">
<name>Laurelle's Fine Foods</name>
<cmt>convenience_store</cmt>
<desc>Specialty / Health Food</desc>
<sym>Dot</sym>
<type>store</type>
</wpt>
<wpt lat="49.277774" lon="-123.127520">
<name>Firecrust Neopolitan Pizzeria</name>
<cmt>food</cmt>
<desc>Restaurant</desc>
<sym>Dot</sym>
<type>food</type>
</wpt>
<wpt lat="49.278414" lon="-123.127896">
<name>Breka Bakery &amp; Café</name>
<cmt>food</cmt>
<desc>Bakery / Donuts</desc>
<sym>Dot</sym>
<type>food</type>
</wpt>
<wpt lat="49.276095" lon="-123.127478">
<name>7-Eleven</name>
<cmt>convenience_store</cmt>
<desc>Convenience Store</desc>
<sym>Dot</sym>
<type>store</type>
</wpt>
<wpt lat="49.276369" lon="-123.145204">
<name>Museum of Vancouver</name>
<cmt>monument</cmt>
<desc>Museum / Gallery</desc>
<sym>Dot</sym>
<type>info</type>
</wpt>
<wpt lat="49.281926" lon="-123.132907">
<name>Fresco Foods</name>
<cmt>convenience_store</cmt>
<desc>Grocery Store</desc>
<sym>Dot</sym>
<type>store</type>
</wpt>
<wpt lat="49.211920" lon="-123.140665">
<name>Bing &amp; Noodle World</name>
<cmt>food</cmt>
<desc>Restaurant</desc>
<sym>Dot</sym>
<type>food</type>
</wpt>
<wpt lat="49.257685" lon="-123.153396">
<name>Loblaws</name>
<cmt>convenience_store</cmt>
<desc>Grocery Store</desc>
<sym>Dot</sym>
<type>store</type>
</wpt>
<wpt lat="49.272254" lon="-123.135250">
<name>Lee's Donuts</name>
<cmt>food</cmt>
<desc>Bakery / Donuts</desc>
<sym>Dot</sym>
<type>food</type>
</wpt>
<wpt lat="49.272418" lon="-123.134744">
<name>The Stock Market</name>
<cmt>convenience_store</cmt>
<desc>Specialty / Health Food</desc>
<sym>Dot</sym>
<type>store</type>
</wpt>
<wpt lat="49.278283" lon="-123.127696">
<name>Canadian Music Centre in BC</name>
<cmt>monument</cmt>
<desc>Museum / Gallery</desc>
<sym>Dot</sym>
<type>info</type>
</wpt>
<wpt lat="49.262125" lon="-123.153237">
<name>Coquette</name>
<cmt>food</cmt>
<desc>Restaurant</desc>
<sym>Dot</sym>
<type>food</type>
</wpt>
<wpt lat="49.272363" lon="-123.134879">
<name>Zara's Italian Deli &amp; Fresh Pasta</name>
<cmt>convenience_store</cmt>
<desc>Specialty / Health Food</desc>
<sym>Dot</sym>
<type>store</type>
</wpt>
<wpt lat="49.267802" lon="-123.142857">
<name>No Frills</name>
<cmt>convenience_store</cmt>
<desc>Grocery Store</desc>
<sym>Dot</sym>
<type>store</type>
</wpt>
<wpt lat="49.211016" lon="-123.140148">
<name>Red Star Seafood Restaurant</name>
<cmt>food</cmt>
<desc>Restaurant</desc>
<sym>Dot</sym>
<type>food</type>
</wpt>
<wpt lat="49.276670" lon="-123.127211">
<name>Subway</name>
<cmt>food</cmt>
<desc>Fast Food / Chain</desc>
<sym>Dot</sym>
<type>food</type>
</wpt>
<wpt lat="49.272419" lon="-123.134633">
<name>A la Mode</name>
<cmt>coffee</cmt>
<desc>Café / Coffee</desc>
<sym>Dot</sym>
<type>food</type>
</wpt>
<wpt lat="49.272154" lon="-123.135434">
<name>Liberty Wines</name>
<cmt>convenience_store</cmt>
<desc>Liquor Store</desc>
<sym>Dot</sym>
<type>store</type>
</wpt>
<wpt lat="49.291114" lon="-123.134574">
<name>Pho Express Ankor Noodle House</name>
<cmt>food</cmt>
<desc>Restaurant</desc>
<sym>Dot</sym>
<type>food</type>
</wpt>
<wpt lat="49.297759" lon="-123.131435">
<name>Stanley Park Information Booth</name>
<cmt>generic</cmt>
<desc>Visitor Centre</desc>
<sym>Dot</sym>
<type>generic</type>
</wpt>
<wpt lat="49.290159" lon="-123.135966">
<name>West End Ice Rink</name>
<cmt>rest_stop</cmt>
<desc>Community Centre</desc>
<sym>Dot</sym>
<type>rest_area</type>
</wpt>
<wpt lat="49.245026" lon="-123.153972">
<name>On the Run</name>
<cmt>convenience_store</cmt>
<desc>Convenience Store</desc>
<sym>Dot</sym>
<type>store</type>
</wpt>
<wpt lat="49.211293" lon="-123.140197">
<name>Icy Bar</name>
<cmt>food</cmt>
<desc>Restaurant</desc>
<sym>Dot</sym>
<type>food</type>
</wpt>
<wpt lat="49.272220" lon="-123.135064">
<name>Stuarts Quality Baked Goods</name>
<cmt>food</cmt>
<desc>Bakery / Donuts</desc>
<sym>Dot</sym>
<type>food</type>
</wpt>
<wpt lat="49.277602" lon="-123.127219">
<name>Tim Hortons</name>
<cmt>food</cmt>
<desc>Fast Food / Chain</desc>
<sym>Dot</sym>
<type>food</type>
</wpt>
<wpt lat="49.272173" lon="-123.135145">
<name>JJ Bean</name>
<cmt>coffee</cmt>
<desc>Café / Coffee</desc>
<sym>Dot</sym>
<type>food</type>
</wpt>
<wpt lat="49.291038" lon="-123.134512">
<name>Flower &amp; Horse In Spring</name>
<cmt>food</cmt>
<desc>Restaurant</desc>
<sym>Dot</sym>
<type>food</type>
</wpt>
<wpt lat="49.212375" lon="-123.140654">
<name>Sushi Bar Shu</name>
<cmt>food</cmt>
<desc>Restaurant</desc>
<sym>Dot</sym>
<type>food</type>
</wpt>
<wpt lat="49.234380" lon="-123.152975">
<name>Myst Asian Bistro</name>
<cmt>food</cmt>
<desc>Restaurant</desc>
<sym>Dot</sym>
<type>food</type>
</wpt>
<wpt lat="49.277516" lon="-123.127083">
<name>Sushi Howe</name>
<cmt>food</cmt>
<desc>Fast Food / Chain</desc>
<sym>Dot</sym>
<type>food</type>
</wpt>
<wpt lat="49.212475" lon="-123.140653">
<name>Butterfly Tea &amp; Dessert</name>
<cmt>coffee</cmt>
<desc>Café / Coffee</desc>
<sym>Dot</sym>
<type>food</type>
</wpt>
<wpt lat="49.263645" lon="-123.153421">
<name>Ryu Katsu + Ramen bar</name>
<cmt>food</cmt>
<desc>Restaurant</desc>
<sym>Dot</sym>
<type>food</type>
</wpt>
<wpt lat="49.211645" lon="-123.140180">
<name>Pho Ever</name>
<cmt>food</cmt>
<desc>Restaurant</desc>
<sym>Dot</sym>
<type>food</type>
</wpt>
<wpt lat="49.211675" lon="-123.140180">
<name>Sushi King House</name>
<cmt>food</cmt>
<desc>Restaurant</desc>
<sym>Dot</sym>
<type>food</type>
</wpt>
<wpt lat="49.277439" lon="-123.126960">
<name>Urban Choice Market</name>
<cmt>convenience_store</cmt>
<desc>Convenience Store</desc>
<sym>Dot</sym>
<type>store</type>
</wpt>
<wpt lat="49.212694" lon="-123.140645">
<name>Bubble Bear Cafe</name>
<cmt>coffee</cmt>
<desc>Café / Coffee</desc>
<sym>Dot</sym>
<type>food</type>
</wpt>
<wpt lat="49.263661" lon="-123.153571">
<name>Z&amp;W Shanghai Kitchen</name>
<cmt>food</cmt>
<desc>Restaurant</desc>
<sym>Dot</sym>
<type>food</type>
</wpt>
<wpt lat="49.208484" lon="-123.137874">
<name>East Café in Marpole</name>
<cmt>coffee</cmt>
<desc>Café / Coffee</desc>
<sym>Dot</sym>
<type>food</type>
</wpt>
<wpt lat="49.271851" lon="-123.135476">
<name>Popina Cantina</name>
<cmt>food</cmt>
<desc>Restaurant</desc>
<sym>Dot</sym>
<type>food</type>
</wpt>
<wpt lat="49.290916" lon="-123.134307">
<name>Pizza Hut</name>
<cmt>food</cmt>
<desc>Fast Food / Chain</desc>
<sym>Dot</sym>
<type>food</type>
</wpt>
<wpt lat="49.272048" lon="-123.134772">
<name>Granville Island Stage</name>
<cmt>monument</cmt>
<desc>Museum / Gallery</desc>
<sym>Dot</sym>
<type>info</type>
</wpt>
<wpt lat="49.290886" lon="-123.134262">
<name>Subway</name>
<cmt>food</cmt>
<desc>Fast Food / Chain</desc>
<sym>Dot</sym>
<type>food</type>
</wpt>
<wpt lat="49.277783" lon="-123.126841">
<name>Honeybrew Strudel Bar</name>
<cmt>coffee</cmt>
<desc>Café / Coffee</desc>
<sym>Dot</sym>
<type>food</type>
</wpt>
<wpt lat="49.234366" lon="-123.153321">
<name>@26 Viet Cafe</name>
<cmt>food</cmt>
<desc>Restaurant</desc>
<sym>Dot</sym>
<type>food</type>
</wpt>
<wpt lat="49.234708" lon="-123.153314">
<name>Freshslice Pizza</name>
<cmt>food</cmt>
<desc>Fast Food / Chain</desc>
<sym>Dot</sym>
<type>food</type>
</wpt>
<wpt lat="49.277295" lon="-123.126667">
<name>Fritz's European Fry House/Poutine</name>
<cmt>food</cmt>
<desc>Fast Food / Chain</desc>
<sym>Dot</sym>
<type>food</type>
</wpt>
<wpt lat="49.290848" lon="-123.134206">
<name>The Waffle Co.</name>
<cmt>coffee</cmt>
<desc>Café / Coffee</desc>
<sym>Dot</sym>
<type>food</type>
</wpt>
<wpt lat="49.286233" lon="-123.136878">
<name>SUD Café</name>
<cmt>coffee</cmt>
<desc>Café / Coffee</desc>
<sym>Dot</sym>
<type>food</type>
</wpt>
<wpt lat="49.277668" lon="-123.126685">
<name>Freshslice Pizza</name>
<cmt>food</cmt>
<desc>Fast Food / Chain</desc>
<sym>Dot</sym>
<type>food</type>
</wpt>
<wpt lat="49.277074" lon="-123.126565">
<name>Quality Inn &amp; Suites Downtown Vancouver</name>
<cmt>lodging</cmt>
<desc>Hotel / Motel</desc>
<sym>Dot</sym>
<type>shelter</type>
</wpt>
<wpt lat="49.268273" lon="-123.153697">
<name>Connie's Cook House</name>
<cmt>food</cmt>
<desc>Restaurant</desc>
<sym>Dot</sym>
<type>food</type>
</wpt>
<wpt lat="49.277206" lon="-123.126521">
<name>Numero Uno Pizza</name>
<cmt>food</cmt>
<desc>Fast Food / Chain</desc>
<sym>Dot</sym>
<type>food</type>
</wpt>
<wpt lat="49.290605" lon="-123.134392">
<name>BC Liquor Store</name>
<cmt>convenience_store</cmt>
<desc>Liquor Store</desc>
<sym>Dot</sym>
<type>store</type>
</wpt>
<wpt lat="49.277160" lon="-123.126493">
<name>Blenz Coffee</name>
<cmt>coffee</cmt>
<desc>Café / Coffee</desc>
<sym>Dot</sym>
<type>food</type>
</wpt>
<wpt lat="49.272189" lon="-123.133701">
<name>The Relief</name>
<cmt>viewpoint</cmt>
<desc>Activity / Experience</desc>
<sym>Dot</sym>
<type>overlook</type>
</wpt>
<wpt lat="49.276776" lon="-123.126463">
<name>Tequila Cocina</name>
<cmt>food</cmt>
<desc>Restaurant</desc>
<sym>Dot</sym>
<type>food</type>
</wpt>
<wpt lat="49.290773" lon="-123.134078">
<name>Dinesty Dumpling House</name>
<cmt>food</cmt>
<desc>Restaurant</desc>
<sym>Dot</sym>
<type>food</type>
</wpt>
<wpt lat="49.269394" lon="-123.140980">
<name>Café Prado</name>
<cmt>coffee</cmt>
<desc>Café / Coffee</desc>
<sym>Dot</sym>
<type>food</type>
</wpt>
<wpt lat="49.212816" lon="-123.140204">
<name>A &amp; S Fusion</name>
<cmt>food</cmt>
<desc>Restaurant</desc>
<sym>Dot</sym>
<type>food</type>
</wpt>
<wpt lat="49.271734" lon="-123.134927">
<name>Alimentaria Mexicana</name>
<cmt>food</cmt>
<desc>Restaurant</desc>
<sym>Dot</sym>
<type>food</type>
</wpt>
<wpt lat="49.212875" lon="-123.140187">
<name>Lucky Fortune Seafood Restaurant</name>
<cmt>food</cmt>
<desc>Restaurant</desc>
<sym>Dot</sym>
<type>food</type>
</wpt>
<wpt lat="49.234719" lon="-123.153640">
<name>Adonia</name>
<cmt>coffee</cmt>
<desc>Café / Coffee</desc>
<sym>Dot</sym>
<type>food</type>
</wpt>
<wpt lat="49.290725" lon="-123.133984">
<name>Quickly</name>
<cmt>coffee</cmt>
<desc>Café / Coffee</desc>
<sym>Dot</sym>
<type>food</type>
</wpt>
<wpt lat="49.276914" lon="-123.126335">
<name>Ambassador Hotel</name>
<cmt>lodging</cmt>
<desc>Hotel / Motel</desc>
<sym>Dot</sym>
<type>shelter</type>
</wpt>
<wpt lat="49.263508" lon="-123.142138">
<name>Obanhmi</name>
<cmt>food</cmt>
<desc>Restaurant</desc>
<sym>Dot</sym>
<type>food</type>
</wpt>
<wpt lat="49.271981" lon="-123.134014">
<name>The Sandbar</name>
<cmt>food</cmt>
<desc>Restaurant</desc>
<sym>Dot</sym>
<type>food</type>
</wpt>
<wpt lat="49.233933" lon="-123.153698">
<name>Ajisai Sushi Bar</name>
<cmt>food</cmt>
<desc>Restaurant</desc>
<sym>Dot</sym>
<type>food</type>
</wpt>
<wpt lat="49.234198" lon="-123.153718">
<name>La Cuisson Cafe</name>
<cmt>coffee</cmt>
<desc>Café / Coffee</desc>
<sym>Dot</sym>
<type>food</type>
</wpt>
<wpt lat="49.271666" lon="-123.134915">
<name>El Cafecito</name>
<cmt>coffee</cmt>
<desc>Café / Coffee</desc>
<sym>Dot</sym>
<type>food</type>
</wpt>
<wpt lat="49.268277" lon="-123.153963">
<name>Tutto Belle Il Gelato</name>
<cmt>food</cmt>
<desc>Ice Cream</desc>
<sym>Dot</sym>
<type>food</type>
</wpt>
<wpt lat="49.233704" lon="-123.153774">
<name>Ajisai 2 Go</name>
<cmt>food</cmt>
<desc>Restaurant</desc>
<sym>Dot</sym>
<type>food</type>
</wpt>
<wpt lat="49.269511" lon="-123.140619">
<name>Reckless Bike Stores</name>
<cmt>bike_shop</cmt>
<desc>Repair Shop</desc>
<sym>Dot</sym>
<type>gear</type>
</wpt>
<wpt lat="49.290678" lon="-123.133913">
<name>Nero Belgian Waffle Bar</name>
<cmt>food</cmt>
<desc>Restaurant</desc>
<sym>Dot</sym>
<type>food</type>
</wpt>
<wpt lat="49.269470" lon="-123.140658">
<name>Reckless Bike Stores - Kitsilano</name>
<cmt>bike_shop</cmt>
<desc>Repair Shop</desc>
<sym>Dot</sym>
<type>gear</type>
</wpt>
<wpt lat="49.263669" lon="-123.154180">
<name>Temaki Sushi</name>
<cmt>food</cmt>
<desc>Restaurant</desc>
<sym>Dot</sym>
<type>food</type>
</wpt>
<wpt lat="49.234714" lon="-123.153770">
<name>Breezy Buys</name>
<cmt>convenience_store</cmt>
<desc>Convenience Store</desc>
<sym>Dot</sym>
<type>store</type>
</wpt>
<wpt lat="49.268277" lon="-123.154035">
<name>Jam Café</name>
<cmt>coffee</cmt>
<desc>Café / Coffee</desc>
<sym>Dot</sym>
<type>food</type>
</wpt>
<wpt lat="49.290278" lon="-123.134424">
<name>Aria Market</name>
<cmt>convenience_store</cmt>
<desc>Grocery Store</desc>
<sym>Dot</sym>
<type>store</type>
</wpt>
<wpt lat="49.276951" lon="-123.126160">
<name>Two Parrots</name>
<cmt>bar</cmt>
<desc>Brewery / Pub</desc>
<sym>Dot</sym>
<type>food</type>
</wpt>
<wpt lat="49.290441" lon="-123.134139">
<name>COBS Bread</name>
<cmt>food</cmt>
<desc>Bakery / Donuts</desc>
<sym>Dot</sym>
<type>food</type>
</wpt>
<wpt lat="49.290349" lon="-123.134278">
<name>Momo Sushi</name>
<cmt>food</cmt>
<desc>Restaurant</desc>
<sym>Dot</sym>
<type>food</type>
</wpt>
<wpt lat="49.290622" lon="-123.133851">
<name>McDonald's</name>
<cmt>food</cmt>
<desc>Fast Food / Chain</desc>
<sym>Dot</sym>
<type>food</type>
</wpt>
<wpt lat="49.277348" lon="-123.126158">
<name>Andonis</name>
<cmt>food</cmt>
<desc>Restaurant</desc>
<sym>Dot</sym>
<type>food</type>
</wpt>
<wpt lat="49.269379" lon="-123.140625">
<name>Apollinia</name>
<cmt>food</cmt>
<desc>Restaurant</desc>
<sym>Dot</sym>
<type>food</type>
</wpt>
<wpt lat="49.268027" lon="-123.154134">
<name>Body Energy Club</name>
<cmt>convenience_store</cmt>
<desc>Specialty / Health Food</desc>
<sym>Dot</sym>
<type>store</type>
</wpt>
<wpt lat="49.234370" lon="-123.153933">
<name>BC Liquor Store</name>
<cmt>convenience_store</cmt>
<desc>Liquor Store</desc>
<sym>Dot</sym>
<type>store</type>
</wpt>
<wpt lat="49.279783" lon="-123.127844">
<name>The Burrard</name>
<cmt>lodging</cmt>
<desc>Hotel / Motel</desc>
<sym>Dot</sym>
<type>shelter</type>
</wpt>
<wpt lat="49.278138" lon="-123.126317">
<name>Mangos Kitchen Bar</name>
<cmt>food</cmt>
<desc>Restaurant</desc>
<sym>Dot</sym>
<type>food</type>
</wpt>
<wpt lat="49.213279" lon="-123.140048">
<name>Pearl House Restaurant</name>
<cmt>food</cmt>
<desc>Restaurant</desc>
<sym>Dot</sym>
<type>food</type>
</wpt>
<wpt lat="49.213480" lon="-123.140139">
<name>Yummy Slice Pizza</name>
<cmt>food</cmt>
<desc>Fast Food / Chain</desc>
<sym>Dot</sym>
<type>food</type>
</wpt>
<wpt lat="49.268687" lon="-123.141358">
<name>Brewing August</name>
<cmt>bar</cmt>
<desc>Brewery / Pub</desc>
<sym>Dot</sym>
<type>food</type>
</wpt>
<wpt lat="49.271156" lon="-123.135808">
<name>The Keg</name>
<cmt>food</cmt>
<desc>Restaurant</desc>
<sym>Dot</sym>
<type>food</type>
</wpt>
<wpt lat="49.213372" lon="-123.140049">
<name>Snackshot</name>
<cmt>food</cmt>
<desc>Restaurant</desc>
<sym>Dot</sym>
<type>food</type>
</wpt>
<wpt lat="49.213567" lon="-123.140145">
<name>Mirchi Restaurant</name>
<cmt>food</cmt>
<desc>Restaurant</desc>
<sym>Dot</sym>
<type>food</type>
</wpt>
<wpt lat="49.269559" lon="-123.140211">
<name>Oidé Coffee</name>
<cmt>coffee</cmt>
<desc>Café / Coffee</desc>
<sym>Dot</sym>
<type>food</type>
</wpt>
<wpt lat="49.276812" lon="-123.125931">
<name>Kinkura Sushi + Sake</name>
<cmt>food</cmt>
<desc>Restaurant</desc>
<sym>Dot</sym>
<type>food</type>
</wpt>
<wpt lat="49.270966" lon="-123.136217">
<name>Ukama Gallery</name>
<cmt>monument</cmt>
<desc>Museum / Gallery</desc>
<sym>Dot</sym>
<type>info</type>
</wpt>
<wpt lat="49.263829" lon="-123.141676">
<name>Leopold's Tavern</name>
<cmt>food</cmt>
<desc>Restaurant</desc>
<sym>Dot</sym>
<type>food</type>
</wpt>
<wpt lat="49.276787" lon="-123.125879">
<name>Basil Pasta Bar</name>
<cmt>food</cmt>
<desc>Restaurant</desc>
<sym>Dot</sym>
<type>food</type>
</wpt>
<wpt lat="49.277503" lon="-123.125931">
<name>Mr. Greek</name>
<cmt>food</cmt>
<desc>Restaurant</desc>
<sym>Dot</sym>
<type>food</type>
</wpt>
<wpt lat="49.279865" lon="-123.127675">
<name>Elysian Coffee Roasters</name>
<cmt>coffee</cmt>
<desc>Café / Coffee</desc>
<sym>Dot</sym>
<type>food</type>
</wpt>
<wpt lat="49.263687" lon="-123.154589">
<name>Evelyn's Coffee and Grill</name>
<cmt>coffee</cmt>
<desc>Café / Coffee</desc>
<sym>Dot</sym>
<type>food</type>
</wpt>
<wpt lat="49.290289" lon="-123.133888">
<name>Guu ​with Garlic</name>
<cmt>food</cmt>
<desc>Restaurant</desc>
<sym>Dot</sym>
<type>food</type>
</wpt>
<wpt lat="49.269556" lon="-123.139985">
<name>Sushi Hanabi</name>
<cmt>food</cmt>
<desc>Restaurant</desc>
<sym>Dot</sym>
<type>food</type>
</wpt>
<wpt lat="49.290603" lon="-123.133390">
<name>Maruhachi Ra-men</name>
<cmt>food</cmt>
<desc>Restaurant</desc>
<sym>Dot</sym>
<type>food</type>
</wpt>
<wpt lat="49.276743" lon="-123.125785">
<name>Happy Noodle House</name>
<cmt>food</cmt>
<desc>Restaurant</desc>
<sym>Dot</sym>
<type>food</type>
</wpt>
<wpt lat="49.214024" lon="-123.140115">
<name>M.E Concept Cakes</name>
<cmt>food</cmt>
<desc>Bakery / Donuts</desc>
<sym>Dot</sym>
<type>food</type>
</wpt>
<wpt lat="49.270797" lon="-123.136297">
<name>The Improv Centre</name>
<cmt>monument</cmt>
<desc>Museum / Gallery</desc>
<sym>Dot</sym>
<type>info</type>
</wpt>
<wpt lat="49.263694" lon="-123.154694">
<name>Yagoto Sushi Dining</name>
<cmt>food</cmt>
<desc>Restaurant</desc>
<sym>Dot</sym>
<type>food</type>
</wpt>
<wpt lat="49.290248" lon="-123.133814">
<name>Sweet 7</name>
<cmt>food</cmt>
<desc>Restaurant</desc>
<sym>Dot</sym>
<type>food</type>
</wpt>
<wpt lat="49.279930" lon="-123.127571">
<name>Burgoo</name>
<cmt>food</cmt>
<desc>Restaurant</desc>
<sym>Dot</sym>
<type>food</type>
</wpt>
<wpt lat="49.270744" lon="-123.136378">
<name>Tony's Fish and Oyster Café</name>
<cmt>food</cmt>
<desc>Restaurant</desc>
<sym>Dot</sym>
<type>food</type>
</wpt>
<wpt lat="49.276660" lon="-123.125687">
<name>Manoush'eh</name>
<cmt>food</cmt>
<desc>Restaurant</desc>
<sym>Dot</sym>
<type>food</type>
</wpt>
<wpt lat="49.276973" lon="-123.125665">
<name>The Dance Centre</name>
<cmt>monument</cmt>
<desc>Museum / Gallery</desc>
<sym>Dot</sym>
<type>info</type>
</wpt>
<wpt lat="49.268030" lon="-123.154567">
<name>Don at Kitsilano</name>
<cmt>food</cmt>
<desc>Restaurant</desc>
<sym>Dot</sym>
<type>food</type>
</wpt>
<wpt lat="49.270636" lon="-123.136651">
<name>The Vancouver Fish Company</name>
<cmt>food</cmt>
<desc>Restaurant</desc>
<sym>Dot</sym>
<type>food</type>
</wpt>
<wpt lat="49.274322" lon="-123.126942">
<name>Kaide Sushi Bar</name>
<cmt>food</cmt>
<desc>Restaurant</desc>
<sym>Dot</sym>
<type>food</type>
</wpt>
<wpt lat="49.276629" lon="-123.125638">
<name>Sushi Yamato</name>
<cmt>food</cmt>
<desc>Restaurant</desc>
<sym>Dot</sym>
<type>food</type>
</wpt>
<wpt lat="49.299823" lon="-123.131221">
<name>Bicycle Bistro</name>
<cmt>coffee</cmt>
<desc>Café / Coffee</desc>
<sym>Dot</sym>
<type>food</type>
</wpt>
<wpt lat="49.290206" lon="-123.133742">
<name>Hokkaido Ramen Santouka</name>
<cmt>food</cmt>
<desc>Restaurant</desc>
<sym>Dot</sym>
<type>food</type>
</wpt>
<wpt lat="49.287020" lon="-123.135782">
<name>Cardero Cafe</name>
<cmt>coffee</cmt>
<desc>Café / Coffee</desc>
<sym>Dot</sym>
<type>food</type>
</wpt>
<wpt lat="49.263828" lon="-123.141378">
<name>Earls</name>
<cmt>food</cmt>
<desc>Restaurant</desc>
<sym>Dot</sym>
<type>food</type>
</wpt>
<wpt lat="49.277701" lon="-123.125626">
<name>Pho Mimosa</name>
<cmt>food</cmt>
<desc>Restaurant</desc>
<sym>Dot</sym>
<type>food</type>
</wpt>
<wpt lat="50.296689" lon="-122.819957">
<name>Nairn Falls Campground</name>
<cmt>camping</cmt>
<desc>Public Campground</desc>
<sym>Dot</sym>
<type>campsite</type>
</wpt>
<wpt lat="50.315062" lon="-122.793657">
<name>Pemberton Valley Lodge</name>
<cmt>lodging</cmt>
<desc>Hotel / Motel</desc>
<sym>Dot</sym>
<type>shelter</type>
</wpt>
<wpt lat="50.316693" lon="-122.799244">
<name>Lynx Cafe</name>
<cmt>coffee</cmt>
<desc>Café / Coffee</desc>
<sym>Dot</sym>
<type>food</type>
</wpt>
<wpt lat="50.316671" lon="-122.797741">
<name>McDonald's</name>
<cmt>food</cmt>
<desc>Fast Food / Chain</desc>
<sym>Dot</sym>
<type>food</type>
</wpt>
<wpt lat="50.316938" lon="-122.799684">
<name>Visitor Center</name>
<cmt>generic</cmt>
<desc>Visitor Centre</desc>
<sym>Dot</sym>
<type>generic</type>
</wpt>
<wpt lat="50.317637" lon="-122.799358">
<name>Petro-Canada</name>
<cmt>convenience_store</cmt>
<desc>Convenience Store</desc>
<sym>Dot</sym>
<type>store</type>
</wpt>
<wpt lat="50.315415" lon="-122.804836">
<name>One Mile Lake Park</name>
<cmt>park</cmt>
<desc>Park / Nature</desc>
<sym>Dot</sym>
<type>rest_area</type>
</wpt>
<wpt lat="50.317773" lon="-122.798488">
<name>Pemberton Gateway Village Suites Hotel</name>
<cmt>lodging</cmt>
<desc>Hotel / Motel</desc>
<sym>Dot</sym>
<type>shelter</type>
</wpt>
<wpt lat="50.317790" lon="-122.799933">
<name>BackCountry Pizza</name>
<cmt>food</cmt>
<desc>Fast Food / Chain</desc>
<sym>Dot</sym>
<type>food</type>
</wpt>
<wpt lat="50.317859" lon="-122.798632">
<name>Mile One Eating House</name>
<cmt>food</cmt>
<desc>Restaurant</desc>
<sym>Dot</sym>
<type>food</type>
</wpt>
<wpt lat="50.290715" lon="-122.848508">
<name>Whistler Shooting Adventures</name>
<cmt>rest_stop</cmt>
<desc>Community Centre</desc>
<sym>Dot</sym>
<type>rest_area</type>
</wpt>
<wpt lat="50.318213" lon="-122.798989">
<name>Mount Currie Coffee Company</name>
<cmt>coffee</cmt>
<desc>Café / Coffee</desc>
<sym>Dot</sym>
<type>food</type>
</wpt>
<wpt lat="50.751409" lon="-121.934529">
<name>Xwísten Experience Tours</name>
<cmt>viewpoint</cmt>
<desc>Activity / Experience</desc>
<sym>Dot</sym>
<type>overlook</type>
</wpt>
<wpt lat="50.702646" lon="-121.925453">
<name>Tim Hortons</name>
<cmt>food</cmt>
<desc>Fast Food / Chain</desc>
<sym>Dot</sym>
<type>food</type>
</wpt>
<wpt lat="50.703853" lon="-121.925694">
<name>Buy Low Foods</name>
<cmt>convenience_store</cmt>
<desc>Grocery Store</desc>
<sym>Dot</sym>
<type>store</type>
</wpt>
<wpt lat="50.702977" lon="-121.926124">
<name>BC Liquor Store</name>
<cmt>convenience_store</cmt>
<desc>Liquor Store</desc>
<sym>Dot</sym>
<type>store</type>
</wpt>
<wpt lat="50.701836" lon="-121.925808">
<name>Subway</name>
<cmt>food</cmt>
<desc>Fast Food / Chain</desc>
<sym>Dot</sym>
<type>food</type>
</wpt>
<wpt lat="50.701638" lon="-121.925954">
<name>Canco</name>
<cmt>convenience_store</cmt>
<desc>Convenience Store</desc>
<sym>Dot</sym>
<type>store</type>
</wpt>
<wpt lat="50.711184" lon="-121.924796">
<name>Country Store</name>
<cmt>convenience_store</cmt>
<desc>Grocery Store</desc>
<sym>Dot</sym>
<type>store</type>
</wpt>
<wpt lat="50.719587" lon="-121.280537">
<name>Wabco 50T Haulpak Mining Truck</name>
<cmt>viewpoint</cmt>
<desc>Activity / Experience</desc>
<sym>Dot</sym>
<type>overlook</type>
</wpt>
<wpt lat="50.723067" lon="-121.279507">
<name>FIELDS</name>
<cmt>convenience_store</cmt>
<desc>Grocery Store</desc>
<sym>Dot</sym>
<type>store</type>
</wpt>
<wpt lat="50.725282" lon="-121.280333">
<name>Chevron</name>
<cmt>convenience_store</cmt>
<desc>Convenience Store</desc>
<sym>Dot</sym>
<type>store</type>
</wpt>
<wpt lat="50.719874" lon="-121.281082">
<name>Ashcroft Apartments and Motel</name>
<cmt>lodging</cmt>
<desc>Hotel / Motel</desc>
<sym>Dot</sym>
<type>shelter</type>
</wpt>
<wpt lat="50.706965" lon="-121.237571">
<name>Barnes Lake Recreation Site - North End</name>
<cmt>camping</cmt>
<desc>Public Campground</desc>
<sym>Dot</sym>
<type>campsite</type>
</wpt>
<wpt lat="50.700383" lon="-121.246260">
<name>Barnes Lake Recreation Site - South End</name>
<cmt>camping</cmt>
<desc>Public Campground</desc>
<sym>Dot</sym>
<type>campsite</type>
</wpt>
<wpt lat="50.725036" lon="-121.281340">
<name>Ashcroft Library</name>
<cmt>library</cmt>
<desc>Library</desc>
<sym>Dot</sym>
<type>info</type>
</wpt>
<wpt lat="50.723930" lon="-121.280361">
<name>BC Liquor Store</name>
<cmt>convenience_store</cmt>
<desc>Liquor Store</desc>
<sym>Dot</sym>
<type>store</type>
</wpt>
<wpt lat="50.723950" lon="-121.280568">
<name>Ashcroft Bakery &amp; Coffee Shop</name>
<cmt>food</cmt>
<desc>Bakery / Donuts</desc>
<sym>Dot</sym>
<type>food</type>
</wpt>
<wpt lat="50.722922" lon="-121.281087">
<name>Ashcroft Museum</name>
<cmt>monument</cmt>
<desc>Museum / Gallery</desc>
<sym>Dot</sym>
<type>info</type>
</wpt>
<wpt lat="50.722306" lon="-121.325712">
<name>Esso</name>
<cmt>convenience_store</cmt>
<desc>Convenience Store</desc>
<sym>Dot</sym>
<type>store</type>
</wpt>
<wpt lat="50.720978" lon="-121.283351">
<name>Drylands Arena</name>
<cmt>rest_stop</cmt>
<desc>Community Centre</desc>
<sym>Dot</sym>
<type>rest_area</type>
</wpt>
<wpt lat="49.623673" lon="-123.205822">
<name>The Britannia Mine Museum</name>
<cmt>monument</cmt>
<desc>Museum / Gallery</desc>
<sym>Dot</sym>
<type>info</type>
</wpt>
<wpt lat="49.620150" lon="-123.205175">
<name>Outbound Station</name>
<cmt>food</cmt>
<desc>Restaurant</desc>
<sym>Dot</sym>
<type>food</type>
</wpt>
<wpt lat="49.624310" lon="-123.205695">
<name>The Britannia Beach General Store</name>
<cmt>convenience_store</cmt>
<desc>Grocery Store</desc>
<sym>Dot</sym>
<type>store</type>
</wpt>
<wpt lat="49.623753" lon="-123.205193">
<name>Chatterbox Cafe</name>
<cmt>coffee</cmt>
<desc>Café / Coffee</desc>
<sym>Dot</sym>
<type>food</type>
</wpt>
<wpt lat="49.624893" lon="-123.205304">
<name>Autostrada Oyster Bar and Grill</name>
<cmt>food</cmt>
<desc>Restaurant</desc>
<sym>Dot</sym>
<type>food</type>
</wpt>
<wpt lat="49.624241" lon="-123.205134">
<name>Copper Beach Bar + Kitchen</name>
<cmt>food</cmt>
<desc>Restaurant</desc>
<sym>Dot</sym>
<type>food</type>
</wpt>
<wpt lat="49.625101" lon="-123.205042">
<name>Kawartha Dairy</name>
<cmt>food</cmt>
<desc>Ice Cream</desc>
<sym>Dot</sym>
<type>food</type>
</wpt>
<wpt lat="49.624134" lon="-123.204640">
<name>Beaucoup Bakery and Cafe</name>
<cmt>food</cmt>
<desc>Bakery / Donuts</desc>
<sym>Dot</sym>
<type>food</type>
</wpt>
<wpt lat="50.110185" lon="-120.788381">
<name>Canada Cafe</name>
<cmt>food</cmt>
<desc>Restaurant</desc>
<sym>Dot</sym>
<type>food</type>
</wpt>
<wpt lat="50.110432" lon="-120.788903">
<name>Canadian Country Music Hall of Fame</name>
<cmt>monument</cmt>
<desc>Museum / Gallery</desc>
<sym>Dot</sym>
<type>info</type>
</wpt>
<wpt lat="50.105193" lon="-120.793497">
<name>Claybanks RV Park</name>
<cmt>camping</cmt>
<desc>Private Campground</desc>
<sym>Dot</sym>
<type>campsite</type>
</wpt>
<wpt lat="50.109603" lon="-120.788815">
<name>FIELDS Merritt</name>
<cmt>convenience_store</cmt>
<desc>Grocery Store</desc>
<sym>Dot</sym>
<type>store</type>
</wpt>
<wpt lat="50.110552" lon="-120.789164">
<name>Ponderosa Sports</name>
<cmt>convenience_store</cmt>
<desc>Outdoor Gear</desc>
<sym>Dot</sym>
<type>store</type>
</wpt>
<wpt lat="50.110594" lon="-120.789711">
<name>Coldwater Hotel</name>
<cmt>lodging</cmt>
<desc>Hotel / Motel</desc>
<sym>Dot</sym>
<type>shelter</type>
</wpt>
<wpt lat="50.108405" lon="-120.789461">
<name>Merritt Library</name>
<cmt>library</cmt>
<desc>Library</desc>
<sym>Dot</sym>
<type>info</type>
</wpt>
<wpt lat="50.110470" lon="-120.790903">
<name>BreatheBikes</name>
<cmt>bike_shop</cmt>
<desc>Repair Shop</desc>
<sym>Dot</sym>
<type>gear</type>
</wpt>
<wpt lat="50.107978" lon="-120.786630">
<name>BC Liquor Stores</name>
<cmt>convenience_store</cmt>
<desc>Liquor Store</desc>
<sym>Dot</sym>
<type>store</type>
</wpt>
<wpt lat="50.110865" lon="-120.786072">
<name>Valley Graze Box</name>
<cmt>coffee</cmt>
<desc>Café / Coffee</desc>
<sym>Dot</sym>
<type>food</type>
</wpt>
<wpt lat="50.111424" lon="-120.788245">
<name>7-Eleven</name>
<cmt>convenience_store</cmt>
<desc>Convenience Store</desc>
<sym>Dot</sym>
<type>store</type>
</wpt>
<wpt lat="50.110962" lon="-120.786303">
<name>Mongos Mongolian Grill</name>
<cmt>food</cmt>
<desc>Restaurant</desc>
<sym>Dot</sym>
<type>food</type>
</wpt>
<wpt lat="50.107937" lon="-120.772356">
<name>Chloe's Diner</name>
<cmt>food</cmt>
<desc>Restaurant</desc>
<sym>Dot</sym>
<type>food</type>
</wpt>
<wpt lat="50.107876" lon="-120.771850">
<name>Merritt Lodge Motel</name>
<cmt>lodging</cmt>
<desc>Hotel / Motel</desc>
<sym>Dot</sym>
<type>shelter</type>
</wpt>
<wpt lat="50.107725" lon="-120.771284">
<name>Road Runner Motel</name>
<cmt>lodging</cmt>
<desc>Hotel / Motel</desc>
<sym>Dot</sym>
<type>shelter</type>
</wpt>
<wpt lat="50.107175" lon="-120.786252">
<name>Nicola Valley Museum &amp; Archives</name>
<cmt>monument</cmt>
<desc>Museum / Gallery</desc>
<sym>Dot</sym>
<type>info</type>
</wpt>
<wpt lat="50.107437" lon="-120.787323">
<name>Save-On-Foods</name>
<cmt>convenience_store</cmt>
<desc>Grocery Store</desc>
<sym>Dot</sym>
<type>store</type>
</wpt>
<wpt lat="50.112283" lon="-120.787699">
<name>Empty Keg Brew House</name>
<cmt>bar</cmt>
<desc>Brewery / Pub</desc>
<sym>Dot</sym>
<type>food</type>
</wpt>
<wpt lat="50.112354" lon="-120.787757">
<name>Empty Keg Brew House Tasting Room</name>
<cmt>bar</cmt>
<desc>Brewery / Pub</desc>
<sym>Dot</sym>
<type>food</type>
</wpt>
<wpt lat="50.112425" lon="-120.787722">
<name>Yaki Joe's Pizza</name>
<cmt>food</cmt>
<desc>Fast Food / Chain</desc>
<sym>Dot</sym>
<type>food</type>
</wpt>
<wpt lat="50.112233" lon="-120.786577">
<name>Nicola Valley Aquatic Centre</name>
<cmt>rest_stop</cmt>
<desc>Community Centre</desc>
<sym>Dot</sym>
<type>rest_area</type>
</wpt>
<wpt lat="50.112518" lon="-120.787669">
<name>Subway</name>
<cmt>food</cmt>
<desc>Fast Food / Chain</desc>
<sym>Dot</sym>
<type>food</type>
</wpt>
<wpt lat="50.112320" lon="-120.786095">
<name>Nicola Valley Memorial Arena</name>
<cmt>rest_stop</cmt>
<desc>Community Centre</desc>
<sym>Dot</sym>
<type>rest_area</type>
</wpt>
<wpt lat="50.112814" lon="-120.787768">
<name>Merritt Visitor Information</name>
<cmt>generic</cmt>
<desc>Visitor Centre</desc>
<sym>Dot</sym>
<type>generic</type>
</wpt>
<wpt lat="50.112937" lon="-120.788003">
<name>Intown Inn &amp; Suites</name>
<cmt>lodging</cmt>
<desc>Hotel / Motel</desc>
<sym>Dot</sym>
<type>shelter</type>
</wpt>
<wpt lat="50.112462" lon="-120.792329">
<name>Nicola Valley Community Arts Centre</name>
<cmt>monument</cmt>
<desc>Museum / Gallery</desc>
<sym>Dot</sym>
<type>info</type>
</wpt>
<wpt lat="50.113899" lon="-120.787673">
<name>A&amp;W</name>
<cmt>food</cmt>
<desc>Fast Food / Chain</desc>
<sym>Dot</sym>
<type>food</type>
</wpt>
<wpt lat="50.113776" lon="-120.786813">
<name>Merritt Licensed Liquor Store</name>
<cmt>convenience_store</cmt>
<desc>Liquor Store</desc>
<sym>Dot</sym>
<type>store</type>
</wpt>
<wpt lat="50.113990" lon="-120.786825">
<name>Mughai Gardens</name>
<cmt>food</cmt>
<desc>Restaurant</desc>
<sym>Dot</sym>
<type>food</type>
</wpt>
<wpt lat="50.707884" lon="-122.286727">
<name>Lil'tem' Mountain Hotel</name>
<cmt>lodging</cmt>
<desc>Hotel / Motel</desc>
<sym>Dot</sym>
<type>shelter</type>
</wpt>
<wpt lat="50.479627" lon="-122.619763">
<name>Birken Lakeside Resort</name>
<cmt>lodging</cmt>
<desc>Resort</desc>
<sym>Dot</sym>
<type>shelter</type>
</wpt>
<wpt lat="50.788317" lon="-122.217858">
<name>Mission Dam Recreation Site</name>
<cmt>camping</cmt>
<desc>Public Campground</desc>
<sym>Dot</sym>
<type>campsite</type>
</wpt>
<wpt lat="49.196592" lon="-123.138647">
<name>Kinton Ramen</name>
<cmt>food</cmt>
<desc>Restaurant</desc>
<sym>Dot</sym>
<type>food</type>
</wpt>
<wpt lat="49.196637" lon="-123.138952">
<name>Castella Cheesecake</name>
<cmt>food</cmt>
<desc>Bakery / Donuts</desc>
<sym>Dot</sym>
<type>food</type>
</wpt>
<wpt lat="49.197305" lon="-123.138223">
<name>Starbucks</name>
<cmt>food</cmt>
<desc>Fast Food / Chain</desc>
<sym>Dot</sym>
<type>food</type>
</wpt>
<wpt lat="49.196713" lon="-123.139510">
<name>JAPADOG</name>
<cmt>food</cmt>
<desc>Fast Food / Chain</desc>
<sym>Dot</sym>
<type>food</type>
</wpt>
<wpt lat="49.196725" lon="-123.139610">
<name>Ryuu Izakaya</name>
<cmt>food</cmt>
<desc>Restaurant</desc>
<sym>Dot</sym>
<type>food</type>
</wpt>
<wpt lat="49.191598" lon="-123.144316">
<name>Sea Island Community Centre</name>
<cmt>rest_stop</cmt>
<desc>Community Centre</desc>
<sym>Dot</sym>
<type>rest_area</type>
</wpt>
<wpt lat="49.196737" lon="-123.139713">
<name>Hugo's Churros &amp; Tacos</name>
<cmt>food</cmt>
<desc>Fast Food / Chain</desc>
<sym>Dot</sym>
<type>food</type>
</wpt>
<wpt lat="49.196668" lon="-123.139905">
<name>Soft Peaks Ice Cream</name>
<cmt>food</cmt>
<desc>Ice Cream</desc>
<sym>Dot</sym>
<type>food</type>
</wpt>
<wpt lat="49.196701" lon="-123.139837">
<name>Chachi's</name>
<cmt>food</cmt>
<desc>Fast Food / Chain</desc>
<sym>Dot</sym>
<type>food</type>
</wpt>
<wpt lat="49.196734" lon="-123.139829">
<name>Hula Poke</name>
<cmt>food</cmt>
<desc>Fast Food / Chain</desc>
<sym>Dot</sym>
<type>food</type>
</wpt>
<wpt lat="49.196729" lon="-123.139889">
<name>Food Folk Eatery</name>
<cmt>food</cmt>
<desc>Restaurant</desc>
<sym>Dot</sym>
<type>food</type>
</wpt>
<wpt lat="49.196810" lon="-123.140177">
<name>BiBo Pizzeria</name>
<cmt>food</cmt>
<desc>Restaurant</desc>
<sym>Dot</sym>
<type>food</type>
</wpt>
<wpt lat="49.196820" lon="-123.140299">
<name>Tim Hortons</name>
<cmt>food</cmt>
<desc>Fast Food / Chain</desc>
<sym>Dot</sym>
<type>food</type>
</wpt>
<wpt lat="49.196835" lon="-123.140407">
<name>Neptune Wonton Noodle</name>
<cmt>food</cmt>
<desc>Restaurant</desc>
<sym>Dot</sym>
<type>food</type>
</wpt>
<wpt lat="49.190605" lon="-123.141091">
<name>Radisson Blu Vancouver Airport Hotel &amp; Marina</name>
<cmt>lodging</cmt>
<desc>Hotel / Motel</desc>
<sym>Dot</sym>
<type>shelter</type>
</wpt>
<wpt lat="49.198020" lon="-123.139117">
<name>Cha House</name>
<cmt>coffee</cmt>
<desc>Café / Coffee</desc>
<sym>Dot</sym>
<type>food</type>
</wpt>
<wpt lat="49.190695" lon="-123.139231">
<name>The Deck Kitchen + Bar</name>
<cmt>food</cmt>
<desc>Restaurant</desc>
<sym>Dot</sym>
<type>food</type>
</wpt>
<wpt lat="49.197754" lon="-123.140789">
<name>Caffè Artigiano</name>
<cmt>coffee</cmt>
<desc>Café / Coffee</desc>
<sym>Dot</sym>
<type>food</type>
</wpt>
<wpt lat="49.202624" lon="-123.144506">
<name>Milltown Bar &amp; Grill</name>
<cmt>bar</cmt>
<desc>Brewery / Pub</desc>
<sym>Dot</sym>
<type>food</type>
</wpt>
<wpt lat="50.729292" lon="-122.243677">
<name>Bridge River Library</name>
<cmt>library</cmt>
<desc>Library</desc>
<sym>Dot</sym>
<type>info</type>
</wpt>
<wpt lat="50.361688" lon="-120.803367">
<name>Left Field Cider Co.</name>
<cmt>winery</cmt>
<desc>Winery / Cidery</desc>
<sym>Dot</sym>
<type>food</type>
</wpt>
<wpt lat="50.498303" lon="-120.842068">
<name>Highland House Bed &amp; Breakfast</name>
<cmt>lodging</cmt>
<desc>B&amp;B / Inn</desc>
<sym>Dot</sym>
<type>shelter</type>
</wpt>
<wpt lat="50.620017" lon="-120.840841">
<name>Leighton Campground</name>
<cmt>camping</cmt>
<desc>Public Campground</desc>
<sym>Dot</sym>
<type>campsite</type>
</wpt>
<wpt lat="50.622800" lon="-120.841126">
<name>Leighton North Campground</name>
<cmt>camping</cmt>
<desc>Public Campground</desc>
<sym>Dot</sym>
<type>campsite</type>
</wpt>
<wpt lat="49.551928" lon="-123.237714">
<name>Porteau Cove Provincial Park Campground</name>
<cmt>camping</cmt>
<desc>Public Campground</desc>
<sym>Dot</sym>
<type>campsite</type>
</wpt>
<wpt lat="50.864904" lon="-121.737622">
<name>Marble Canyon Park</name>
<cmt>camping</cmt>
<desc>Public Campground</desc>
<sym>Dot</sym>
<type>campsite</type>
</wpt>
<wpt lat="50.350852" lon="-122.729501">
<name>Owl Creek Recreation Site</name>
<cmt>camping</cmt>
<desc>Public Campground</desc>
<sym>Dot</sym>
<type>campsite</type>
</wpt>
<wpt lat="49.324986" lon="-123.122158">
<name>Freshslice Pizza</name>
<cmt>food</cmt>
<desc>Fast Food / Chain</desc>
<sym>Dot</sym>
<type>food</type>
</wpt>
<wpt lat="49.325583" lon="-123.121740">
<name>Shell Select</name>
<cmt>convenience_store</cmt>
<desc>Convenience Store</desc>
<sym>Dot</sym>
<type>store</type>
</wpt>
</gpx>