slug,name,publisher,publisher_id,source_url,regions,communities,start_locality,km,ascent_m,ascent_per_km,length_class,bc_fraction,bc_fraction_source,matched_fraction,bc_match_rate,n_ways,gap_km,gap_cause,drift_km,routed_km,rideable_km,unmatched_km,ferry_km,cross_border_km,unpaved_pct,unpaved_pct_source,rugg_dom,rugg_max,rugg_p75,steep_pct,remote_share,comfort_comfy_pct,comfort_onaxis_km,traffic_floor,fastroad,fast_km,fast_rated,source_difficulty,singletrack_pct,tier,tier_surface_term,tier_climb_term,tier_singletrack_term,tier_remoteness_term,tier_decisive_floor,tier_floor_reason,comfort_label,surface_labels,difficulty_sentence,comfort_km_c1,comfort_km_c2,comfort_km_c3,comfort_km_c4,comfort_km_c5,comfort_km_c6,comfort_km_backcountry,comfort_km_forbidden
10-lakes-overnighter-powell-river,"10 Lakes Overnighter, Powell River",bikepacking.com,bikepacking-com,https://bikepacking.com/routes/10-lakes-overnighter-powell-river/,"Vancouver, Coast and Mountains",Cranberry; Lang Bay; Powell River,Powell River,103.0,2357.0,22.9,Weekend or more,1.0,measured,0.9875,0.9985,46,1.3,none,0.0,0.89,103.46,0.15,0.0,0.0,88,osm,2,2,2,60,0,94,102.3,,,1,TRUE,1,0,Challenging,1,3,0,0,,,Low-traffic riding,Almost all gravel; Max climbing,"Difficulty: Challenging, because of punishing climbs + some loose surface.",0.0,91.4,3.0,1.7,1.0,0.0,5.2,0.0
2025-cccts-sunshine-coast-tour-day-5,Sunshine Coast Tour Day 5,Cross Canada Cycle Tour Society,cross-canada-cycle-tour-society,https://cccts.org/trip-report/2025-sunshine-coast/,Vancouver Island,Bowser; Denman Island; Errington; Hornby Island; Nanaimo; Nanoose Bay; Parksville; Qualicum Bay; Qualicum Beach,Nanaimo,110.0,1135.0,10.3,Weekend or more,1.0,measured,0.9376,0.9952,146,6.88,none,0.0,0.0,98.3,0.47,2.98,0.0,0,osm,0,0,0,4,0,26,102.9,2,mostly,54,TRUE,2,,Ambitious,0,1,0,0,publisher,,Shares roads with traffic,Mostly paved; Some climbing,"Difficulty: Ambitious, because of the route publisher's own rating as a minimum, plus some climbing.",2.4,24.3,7.9,14.5,21.0,32.8,0.0,0.0
2025-evcc-golden-triangle-day-2,Golden Triangle Day 2,Elbow Valley Cycle Club,elbow-valley-cycle-club,https://ridewithgps.com/routes/26776943,Kootenay Rockies,Golden; Nicholson; Radium Hot Springs,Radium Hot Springs,107.0,635.0,5.9,Weekend or more,1.0,measured,0.9903,0.9976,53,1.04,none,0.0,0.0,106.83,0.25,0.0,0.0,0,osm,0,0,0,0,0,1,105.1,2,mostly,102,TRUE,2,,Ambitious,0,0,0,0,publisher,,Shares roads with traffic,Mostly paved; Gentle grades,"Difficulty: Ambitious, because of the route publisher's own rating as a minimum.",0.0,0.7,1.1,1.0,0.0,102.3,0.1,0.0
2025-evcc-golden-triangle-day-3,Golden Triangle Day 3,Elbow Valley Cycle Club,elbow-valley-cycle-club,https://ridewithgps.com/routes/42957140,Kootenay Rockies,Cathedral; Field; Golden,Golden,87.0,1546.0,17.8,Full day,0.808,measured,0.8167,0.9894,77,15.96,cross-border,0.07,0.0,71.04,0.75,0.0,16.04,0,osm,0,0,0,7,36,0,71.1,2,mostly,69,TRUE,2,,Ambitious,0,2,0,0,,,Shares roads with traffic,Mostly paved; Lots of climbing; Remote stretches,"Difficulty: Ambitious, because of lots of climbing.",0.0,0.3,0.0,2.0,3.1,65.7,0.0,0.0
25-fv-bakerview-fort-langley,Bakerview to Fort Langley,Cross Canada Cycle Tour Society,cross-canada-cycle-tour-society,https://ridewithgps.com/routes/52627803,"Vancouver, Coast and Mountains",Abbotsford; Fort Langley; Langley; Maple Ridge; Pitt Meadows; Surrey; White Rock,Surrey,84.0,490.0,5.8,Full day,1.0,measured,0.9512,0.9755,212,4.11,none,0.0,0.0,84.23,2.06,0.0,0.0,2,osm,0,0,0,2,0,29,72.1,,,11,TRUE,2,,Ambitious,0,0,0,0,publisher,,Shares roads with traffic,Mostly paved; Gentle grades,"Difficulty: Ambitious, because of the route publisher's own rating as a minimum.",5.8,15.1,33.0,7.3,10.6,0.2,0.0,0.0
47-ridge-meadows-dyke,Ridge Meadows Dyke,Let's Go Biking,lets-go-biking,https://www.letsgobiking.net/shop/lets-go-biking-around-vancouver/,"Vancouver, Coast and Mountains",Coquitlam; Langley; Maple Ridge; Pitt Meadows; Port Coquitlam,Pitt Meadows,7.0,7.0,1.0,Afternoon,1.0,measured,0.9895,1.0,4,0.07,none,0.0,0.0,7.1,0.0,0.0,0.0,99,osm,2,2,1,0,0,100,7.0,,,0,TRUE,0,,Easy,0,0,0,0,,,Low-traffic riding,Almost all gravel; Gentle grades,Difficulty: Easy — no major climbing or rough surface.,6.7,0.0,0.0,0.0,0.0,0.0,0.3,0.0
4ferryodyssey,4 Ferry Odyssey,Cross Canada Cycle Tour Society,cross-canada-cycle-tour-society,https://ridewithgps.com/routes/31788876,"Vancouver Island; Vancouver, Coast and Mountains",Black Creek; Campbell River; Comox; Courtenay; Cranberry; Grantham; Heriot Bay; Lazo; Little River; Lund; Mansons Landing; Oyster River; Powell River; Quathiaski Cove; Quinsam; Saratoga Beach,Area B (Lazo North),165.0,1662.0,10.1,Weekend or more,1.0,measured,0.6255,0.9901,112,61.88,none,0.22,0.0,99.92,0.99,10.52,0.0,3,osm,0,0,0,18,0,19,101.9,2,mostly,64,TRUE,2,,Ambitious,0,1,0,0,publisher,,Shares roads with traffic,Mostly paved; Some climbing,"Difficulty: Ambitious, because of the route publisher's own rating as a minimum, plus some climbing.",4.7,15.0,9.5,8.2,17.9,46.6,0.1,0.0
51-pitt-lake-trails,Pitt Lake (Trails),Let's Go Biking,lets-go-biking,https://www.letsgobiking.net/shop/lets-go-biking-around-vancouver/,"Vancouver, Coast and Mountains",Coquitlam; Langley; Maple Ridge; Pitt Meadows; Port Coquitlam; Surrey,Pitt Meadows,50.0,125.0,2.5,Full day,1.0,measured,0.9792,0.9938,44,1.04,none,0.0,0.0,50.23,0.31,0.0,0.0,82,osm,2,3,3,0,0,90,44.2,,,1,TRUE,1,,Ambitious,2,0,0,0,,,Low-traffic riding,Mostly gravel; Chunky gravel; Gentle grades,"Difficulty: Ambitious, because of chunky surface.",34.4,5.2,0.2,3.0,1.5,0.0,0.0,0.2
8-rivers-overnighter,8 Rivers Overnighter,bikepacking.com,bikepacking-com,https://bikepacking.com/routes/8-rivers-overnighter/,Kootenay Rockies,,Regional District of East Kootenay,206.0,3251.0,15.8,Weekend or more,1.0,measured,0.9943,0.9979,63,1.16,none,0.15,0.0,205.76,0.44,0.0,0.0,92,osm,2,3,2,36,69,56,204.6,,,0,TRUE,4,8,Challenging,1,2,0,2,,,Some traffic sharing,Almost all gravel; Chunky gravel; Lots of climbing; Remote stretches,"Difficulty: Challenging, because of lots of climbing + long stretches far from services.",0.9,77.3,89.4,0.0,0.0,0.0,37.1,0.0
aca-alaskan-golden-circle-tour,Alaskan Golden Circle Tour (BC Only),Adventure Cycling Association,adventure-cycling-association,,Northern British Columbia,,,130.0,1971.0,15.2,Weekend or more,1.0,measured,0.9963,0.9973,25,0.49,none,0.14,2.18,130.2,0.35,0.0,0.0,0,osm,0,0,0,0,100,2,129.8,2,mostly,127,TRUE,,,Epic,0,2,0,2,distance,beyond-bc,Shares roads with traffic,Mostly paved; Lots of climbing; Remote stretches,"Difficulty: Epic, because of this being the BC leg of a much longer expedition, plus lots of climbing.",1.6,1.6,0.0,0.0,0.0,126.6,0.0,0.0
afterschool-special,Afterschool Special,Love Machine,love-machine,https://www.lovemachinecycling.ca/routes/afterschoolspecial,"Vancouver, Coast and Mountains",,,43.0,429.0,10.0,Full day,1.0,measured,0.9446,0.9899,111,2.37,none,0.0,0.0,33.25,0.34,0.54,0.0,46,osm,0,2,1,2,0,99,35.3,,,0,TRUE,,,Moderate,0,1,0,0,,,Low-traffic riding,Mixed surface; Some climbing,"Difficulty: Moderate, because of some climbing.",31.6,0.2,0.4,0.0,0.0,0.0,3.1,0.0
alberni-bam-bam-vancouver-island,"Alberni Bam Bam, Vancouver Island",bikepacking.com,bikepacking-com,https://bikepacking.com/routes/alberni-bam-bam/,Vancouver Island,Caycuse; Cherry Creek; Coombs; Errington; Lake Cowichan; Nanaimo; Nanoose Bay; Parksville; Port Alberni; Port Renfrew; Qualicum Bay; Qualicum Beach,Nanaimo,507.0,9765.0,19.3,Expedition,1.0,measured,0.8739,0.9901,293,63.96,none,0.54,0.41,442.21,4.4,31.81,0.0,72,osm,2,2,2,31,31,54,425.9,,sections,62,TRUE,2,2,Ambitious,1,2,0,0,,,Some traffic sharing,Mostly gravel; Lots of climbing; Remote stretches,"Difficulty: Ambitious, because of lots of climbing + some loose surface.",10.1,179.9,115.9,20.1,52.3,9.5,38.2,0.0
alternate-trail-salmo,Alternate Trail Salmo,Trails BC,trails-bc,https://trailsbc.ca/routes/alternate-trail-salmo/,Kootenay Rockies,Fruitvale; Salmo; Trail,,109.0,1368.0,12.6,Weekend or more,1.0,measured,0.9779,0.9909,110,2.41,none,0.0,0.23,108.96,1.0,0.0,0.0,17,osm,0,0,0,9,0,32,106.2,2,mostly,55,TRUE,,,Ambitious,0,2,0,0,,,Shares roads with traffic,Mixed surface; Lots of climbing,"Difficulty: Ambitious, because of lots of climbing.",1.1,33.4,16.2,0.1,5.0,50.4,0.0,0.0
alternate-tsawwassen-langley,Alternate Tsawwassen Langley,Trails BC,trails-bc,https://trailsbc.ca/routes/alternate-tsawwassen-langley/,"Vancouver, Coast and Mountains",Beach Grove; Burnaby; Coquitlam; Delta; Langley; Maple Ridge; New Westminster; Pitt Meadows; Port Coquitlam; Richmond; Surrey; Tsawwassen,,61.0,231.0,3.8,Full day,1.0,measured,0.9592,0.9916,133,2.5,none,0.14,0.0,51.14,0.43,0.18,0.0,46,osm,0,2,1,3,0,98,56.1,,,0,TRUE,,,Easy,0,0,0,0,,,Low-traffic riding,Mixed surface; Gentle grades,Difficulty: Easy — no major climbing or rough surface.,46.3,5.0,0.5,0.4,0.0,0.0,4.0,0.0
around-the-babines,Around the Babines,bikepacking.com,bikepacking-com,https://bikepacking.com/routes/around-the-babines/,Northern British Columbia,Smithers,Smithers,110.0,2085.0,19.0,Weekend or more,1.0,measured,0.9865,0.9952,55,1.49,none,0.21,0.0,109.97,0.53,0.0,0.0,77,osm,2,2,2,43,28,77,108.5,,sections,13,TRUE,2,10,Ambitious,1,2,0,0,,,Low-traffic riding,Mostly gravel; Lots of climbing; Remote stretches,"Difficulty: Ambitious, because of lots of climbing + some loose surface.",0.5,56.5,10.6,0.4,2.0,11.5,27.0,0.0
around-the-mountain,Around the Mountain,Let's Go Biking,lets-go-biking,https://www.letsgobiking.net/shop/lets-go-biking-around-vancouver/,"Vancouver, Coast and Mountains",Burnaby; Coquitlam; New Westminster; North Vancouver; Port Coquitlam; Port Moody; Surrey; Vancouver,Port Moody,23.0,,,Afternoon,1.0,measured,0.9568,0.9799,71,0.98,none,0.0,0.0,21.04,0.42,0.0,0.0,37,osm,0,2,1,14,0,84,20.3,,,1,TRUE,2,,Ambitious,0,1,0,0,publisher,,Low-traffic riding,Mixed surface,"Difficulty: Ambitious, because of the route publisher's own rating as a minimum, plus some climbing.",11.5,4.7,2.2,0.0,0.0,1.1,0.8,0.0
bamfield,BT700 Bamfield,BT 700 Bikepacking,bt-700-bikepacking,http://www.bt700.ca/biggriz.html,Vancouver Island,Port Alberni,Alberni-Clayoquot,110.0,972.0,8.8,Weekend or more,1.0,measured,0.4653,0.9886,40,58.79,ferry,0.14,0.0,50.49,0.58,31.54,0.0,86,osm,2,2,2,38,21,73,49.3,,sections,9,TRUE,2,,Ambitious,1,2,0,0,,,Some traffic sharing,Almost all gravel; Some climbing; Remote stretches,"Difficulty: Ambitious, because of lots of climbing + some loose surface.",0.0,36.0,4.5,0.0,0.0,8.7,0.1,0.0
barnston-island-from-tynehead-park,Barnston Island (from Tynehead Park),Let's Go Biking,lets-go-biking,https://www.letsgobiking.net/shop/lets-go-biking-around-vancouver/,"Vancouver, Coast and Mountains",Langley; Maple Ridge; Pitt Meadows; Port Coquitlam; Surrey,Surrey,18.0,22.0,1.2,Afternoon,1.0,measured,0.9594,0.9967,21,0.74,none,0.0,0.0,17.03,0.06,1.15,0.0,22,osm,3,3,3,1,0,86,16.9,,,0,TRUE,0,,Ambitious,2,0,0,0,,,Low-traffic riding,Mixed surface; Chunky gravel; Gentle grades,"Difficulty: Ambitious, because of chunky surface.",4.6,10.0,2.4,0.0,0.0,0.0,0.0,0.2
barry-s-loop,Barry's Loop,Bike Gear Database,bike-gear-database,https://ridewithgps.com/routes/51377630,Vancouver Island,Central Saanich; Colwood; Esquimalt; Langford; Oak Bay; Saanich; Victoria; View Royal,Esquimalt,58.0,618.0,10.7,Full day,1.0,measured,0.9464,0.9661,160,3.11,none,0.0,0.0,54.77,1.85,1.08,0.0,39,osm,0,3,2,13,0,89,53.2,,,0,TRUE,1,,Ambitious,1,1,0,0,,,Low-traffic riding,Mixed surface; Chunky gravel; Some climbing,"Difficulty: Ambitious, because of some loose surface + some climbing.",36.0,7.8,5.3,0.3,0.0,0.0,3.8,0.0
bc-grasslands-circuit,BC Grasslands Circuit,bikepacking.com,bikepacking-com,https://bikepacking.com/routes/bc-grasslands-circuit/,Thompson Okanagan,Kamloops,Kamloops,250.0,4054.0,16.2,Weekend or more,1.0,measured,0.9943,0.9979,69,1.41,none,0.08,1.63,250.17,0.54,0.0,0.0,63,osm,2,2,2,43,13,60,246.8,,sections,46,TRUE,2,0,Ambitious,1,2,0,0,,,Some traffic sharing,Mostly gravel; Lots of climbing,"Difficulty: Ambitious, because of lots of climbing + some loose surface.",0.2,137.9,23.3,30.3,0.0,45.7,9.5,0.0
bc-gravel,BC Gravel (BC Only),Elbow Valley Cycle Club,elbow-valley-cycle-club,https://ridewithgps.com/routes/54760775,"Thompson Okanagan; Kootenay Rockies; Vancouver, Coast and Mountains",Abbotsford; Agassiz; Aldergrove; Bridal Falls; Burnaby; Castlegar; Chilliwack; Christina Lake; Cokato; Coquitlam; Cranbrook; Crescent Bay; Cultus Lake; Elkford; Fernie; Fife; Fort Langley; Grand Forks; Greenwood; Harrison Hot Springs; Hope; Kelowna; Kent; Kimberley; Langley; Maple Ridge; Midway; Mission; Naramata; Nelson; New Westminster; North Vancouver; Penticton; Pitt Meadows; Port Coquitlam; Port Moody; Princeton; Richmond; Sparwood; Summerland; Surrey; Tulameen; Vancouver; West Vancouver,Vancouver,1300.0,17063.0,13.1,Expedition,1.0,measured,0.9758,0.992,1029,31.45,none,4.27,0.89,1290.57,10.31,9.43,0.0,62,osm,0,3,2,13,20,67,1246.7,,sections,177,TRUE,,,Epic,1,2,0,0,distance,km,Some traffic sharing,Mostly gravel; Chunky gravel; Lots of climbing; Remote stretches,"Difficulty: Epic, because of sheer distance, plus lots of climbing.",369.2,234.3,206.0,28.5,69.8,107.6,231.3,0.0
bc-part-one,"Great Northern Bikepacking Route, BC Part One",Great Northern Bikepacking Route,great-northern-bikepacking-route,https://www.greatnorthernbikepacking.com/britishcolumbia.html,"Vancouver, Coast and Mountains; Thompson Okanagan; Cariboo Chilcotin Coast",Ashcroft; Bowen Island; Britannia Beach; Lillooet; Logan Lake; Merritt; Mount Currie; North Vancouver; Pemberton; Richmond; Squamish; Swift; Vancouver; West Vancouver; Whistler,Richmond,583.0,11950.0,20.5,Expedition,1.0,measured,0.9813,0.995,570,10.92,none,0.55,0.0,565.89,2.85,0.49,0.0,40,osm,0,2,2,33,5,46,558.7,2,sections,213,TRUE,,,Epic,1,3,0,0,distance,ascent,Some traffic sharing,Mixed surface; Max climbing,"Difficulty: Epic, because of sheer climbing, plus punishing climbs.",56.9,151.7,82.9,8.7,59.8,152.8,45.8,0.3
bc-part-two,"Great Northern Bikepacking Route, BC Part Two",Great Northern Bikepacking Route,great-northern-bikepacking-route,https://www.greatnorthernbikepacking.com/britishcolumbia.html,Kootenay Rockies; Thompson Okanagan,Cokato; Cranbrook; Crescent Bay; Elkford; Fernie; Kelowna; Kimberley; Merritt; Nakusp; Naramata; New Denver; Penticton; Princeton; Slocan; Sparwood; Summerland; Tulameen,Thompson-Nicola,1187.0,18412.0,15.5,Expedition,1.0,measured,0.9783,0.9897,613,25.78,none,1.13,1.24,1177.33,12.15,9.96,0.0,71,osm,2,2,2,27,32,61,1126.5,,sections,196,TRUE,,,Epic,1,2,0,0,distance,km,Some traffic sharing,Mostly gravel; Lots of climbing; Remote stretches,"Difficulty: Epic, because of sheer distance, plus lots of climbing.",173.4,344.4,237.0,1.8,36.1,160.0,173.8,0.0
bcr-5306-iron-mine-bay-grando,Iron Mine Bay Grando,British Columbia Randonneurs,british-columbia-randonneurs,https://database.randonneurs.bc.ca/event/5306,Vancouver Island,Central Saanich; Colwood; Esquimalt; Langford; Metchosin; Oak Bay; Saanich; Sooke; Victoria; View Royal,Saanich,102.0,769.0,7.5,Weekend or more,1.0,measured,0.9688,0.99,124,3.19,none,0.0,0.0,102.07,1.02,0.0,0.0,51,osm,0,1,1,3,0,75,97.8,,,0,TRUE,2,,Ambitious,0,1,0,0,publisher,,Low-traffic riding,Mostly gravel; Some climbing,"Difficulty: Ambitious, because of the route publisher's own rating as a minimum, plus some climbing.",69.5,4.1,23.2,0.7,0.0,0.3,0.0,0.0
belcarra-park-sasamat-lake-40km,Belcarra Park & Sasamat Lake 40km,Let's Go Biking,lets-go-biking,https://www.letsgobiking.net/shop/lets-go-biking-around-vancouver/,"Vancouver, Coast and Mountains",Burnaby; Coquitlam; North Vancouver; Port Coquitlam; Port Moody,Port Moody,21.0,469.0,22.3,Afternoon,1.0,measured,0.9402,0.9537,62,1.23,none,0.0,0.0,15.68,0.73,0.0,0.0,14,osm,0,0,0,14,0,78,18.7,,,0,TRUE,0,,Ambitious,0,3,0,0,,,Low-traffic riding,Mostly paved; Max climbing,"Difficulty: Ambitious, because of punishing climbs.",8.1,6.5,3.5,0.7,0.0,0.0,0.0,0.0
best-of-the-south-chilcotin-mountains,Best of the South Chilcotin Mountains,bikepacking.com,bikepacking-com,https://bikepacking.com/routes/bikepacking-the-chilcotin-mountains/,Cariboo Chilcotin Coast,,Squamish-Lillooet Regional District,121.0,3393.0,28.0,Weekend or more,1.0,measured,0.9928,0.9984,45,0.87,none,0.0,0.0,120.61,0.19,0.0,0.0,100,osm,2,4,3,80,100,100,98.0,,,0,TRUE,4,65,Epic,2,3,1,2,,,Low-traffic riding,"Almost all gravel; Lots of singletrack; Rough, near-MTB; Max climbing; Remote stretches","Difficulty: Epic, because of punishing climbs + chunky surface.",0.5,28.7,0.0,0.0,0.0,0.0,68.9,0.0
best-of-the-south-chilcotins-alternate-route,Best of the South Chilcotins (Alternate Route),bikepacking.com,bikepacking-com,https://bikepacking.com/routes/bikepacking-the-chilcotin-mountains/,Cariboo Chilcotin Coast,,Squamish-Lillooet Regional District,120.0,4541.0,37.8,Weekend or more,1.0,measured,0.9927,0.9984,47,0.87,none,0.0,0.0,120.46,0.19,0.0,0.0,100,osm,2,4,2,88,100,100,118.7,,,0,TRUE,2,,Epic,1,3,0,2,,,Low-traffic riding,"Almost all gravel; Rough, near-MTB; Max climbing; Remote stretches","Difficulty: Epic, because of punishing climbs + long stretches far from services.",0.0,27.2,0.0,0.0,0.0,0.0,91.5,0.0
bikepacking-the-camelsfoot-range,Bikepacking the Camelsfoot Range,bikepacking.com,bikepacking-com,https://bikepacking.com/routes/bikepacking-the-camelsfoot-range/,Cariboo Chilcotin Coast,,Squamish-Lillooet Regional District,158.0,4720.0,29.9,Weekend or more,1.0,measured,0.6856,0.6861,35,49.82,backcountry,1.96,2.48,158.48,49.74,0.0,0.0,100,osm,2,4,3,79,100,100,108.8,,,0,TRUE,4,42,Epic,2,3,1,2,,,Low-traffic riding,"Almost all gravel; Lots of singletrack; Rough, near-MTB; Max climbing; Remote stretches","Difficulty: Epic, because of punishing climbs + chunky surface.",0.0,24.9,0.0,0.0,0.0,0.0,83.9,0.0
bikepacking-the-sea-to-sky-trail,Bikepacking the Sea to Sky Trail,bikepacking.com,bikepacking-com,https://bikepacking.com/routes/bikepacking-sea-to-sky-trail/,"Vancouver, Coast and Mountains",Pemberton; Squamish; Swift; Whistler,Squamish,101.0,1917.0,19.0,Weekend or more,1.0,measured,0.9708,0.9897,151,2.95,none,0.0,0.0,101.03,1.04,0.0,0.0,48,osm,0,2,2,20,0,75,93.3,,sections,14,TRUE,2,45,Challenging,1,2,1,0,,,Some traffic sharing,Mixed surface; Lots of singletrack; Lots of climbing,"Difficulty: Challenging, because of lots of climbing + some loose surface.",34.9,15.2,6.3,3.0,0.0,14.5,19.3,0.0
blue-heron-loop-50,Blue Heron Loop,Let's Go Biking,lets-go-biking,https://www.letsgobiking.net/shop/lets-go-biking-around-vancouver/,"Vancouver, Coast and Mountains",Coquitlam; Langley; Maple Ridge; Pitt Meadows; Port Coquitlam,Pitt Meadows,18.0,130.0,7.2,Afternoon,1.0,measured,0.97,0.9947,26,0.55,none,0.0,0.0,18.18,0.1,0.0,0.0,93,osm,2,3,2,0,0,99,17.4,,,0,TRUE,0,,Ambitious,1,1,0,0,,,Low-traffic riding,Almost all gravel; Chunky gravel; Some climbing,"Difficulty: Ambitious, because of some loose surface + some climbing.",15.9,0.9,0.0,0.1,0.1,0.0,0.3,0.0
bmut-burnaby-mountain-urban-trail,BMUT - Burnaby Mountain Urban Trail,Let's Go Biking,lets-go-biking,https://www.letsgobiking.net/shop/lets-go-biking-around-vancouver/,"Vancouver, Coast and Mountains",Burnaby; Coquitlam; New Westminster; North Vancouver; Port Moody; Surrey; Vancouver,Burnaby,17.0,,,Afternoon,1.0,measured,0.9487,0.9786,34,0.87,none,0.06,0.0,16.97,0.36,0.0,0.0,6,osm,0,0,0,2,0,100,14.4,,,0,TRUE,0,,Easy,0,0,0,0,,,Low-traffic riding,Mostly paved,Difficulty: Easy — no major climbing or rough surface.,14.1,0.4,0.0,0.0,0.0,0.0,0.0,0.0
bmut-lougheed-to-gastown,BMUT Lougheed to Gastown,Let's Go Biking,lets-go-biking,https://www.letsgobiking.net/shop/lets-go-biking-around-vancouver/,"Vancouver, Coast and Mountains",Burnaby; Coquitlam; New Westminster; North Vancouver; Port Moody; Surrey; Vancouver; West Vancouver,Burnaby,42.0,,,Full day,1.0,measured,0.943,0.9703,86,2.41,none,0.06,0.0,35.9,1.06,0.0,0.0,26,osm,0,2,0,1,0,100,34.2,,,0,TRUE,1,,Moderate,0,0,0,0,publisher,,Low-traffic riding,Mixed surface,"Difficulty: Moderate, because of the route publisher's own rating as a minimum.",30.4,3.8,0.0,0.0,0.0,0.0,0.0,0.0
bonnington-scrambler,Bonnington Scrambler,bikepacking.com,bikepacking-com,https://bikepacking.com/routes/bonnington-scrambler/,Kootenay Rockies,Castlegar; Nelson,Nelson,126.0,3396.0,27.0,Weekend or more,1.0,measured,0.8611,0.8646,83,17.48,backcountry,0.54,0.0,125.82,17.03,0.0,0.0,76,osm,2,2,2,48,0,82,91.1,,,0,TRUE,4,10,Challenging,1,3,0,0,,,Low-traffic riding,Mostly gravel; Max climbing,"Difficulty: Challenging, because of punishing climbs + some loose surface.",22.3,37.5,15.8,0.0,0.0,0.4,15.1,0.0
boundary-bay-dyke-trail,Boundary Bay Dyke Trail,Let's Go Biking,lets-go-biking,https://www.letsgobiking.net/shop/lets-go-biking-around-vancouver/,"Vancouver, Coast and Mountains",Beach Grove; Delta; Surrey,Surrey,25.0,12.0,0.5,Afternoon,1.0,measured,0.9819,0.9938,26,0.45,none,0.0,0.0,15.05,0.09,0.0,0.0,87,osm,2,2,1,0,0,100,20.6,,,0,TRUE,0,,Easy,0,0,0,0,,,Low-traffic riding,Almost all gravel; Gentle grades,Difficulty: Easy — no major climbing or rough surface.,19.7,0.8,0.0,0.0,0.0,0.0,0.0,0.0
burnabop,Burnabop,Love Machine,love-machine,https://www.lovemachinecycling.ca/routes/burnabop,"Vancouver, Coast and Mountains",,,43.0,666.0,15.5,Full day,1.0,measured,0.9317,0.9685,157,2.93,none,0.0,0.0,42.85,1.35,0.0,0.0,41,osm,0,2,1,17,0,94,27.9,,,0,TRUE,,,Ambitious,0,2,0,0,,,Low-traffic riding,Mixed surface; Lots of climbing,"Difficulty: Ambitious, because of lots of climbing.",18.9,1.9,1.4,0.2,0.0,0.0,5.6,0.0
burnaby-lakes-creeks,Burnaby Lakes & Creeks,Let's Go Biking,lets-go-biking,https://www.letsgobiking.net/shop/lets-go-biking-around-vancouver/,"Vancouver, Coast and Mountains",Burnaby; Coquitlam; Delta; New Westminster; North Vancouver; Port Moody; Richmond; Surrey; Vancouver,Coquitlam,28.0,266.0,9.5,Afternoon,1.0,measured,0.9378,0.9624,82,1.75,none,0.0,0.0,28.11,1.06,0.0,0.0,39,osm,0,2,1,4,0,87,23.5,,,0,TRUE,0,,Moderate,0,1,0,0,,,Low-traffic riding,Mixed surface; Some climbing,"Difficulty: Moderate, because of some climbing.",16.4,4.2,2.9,0.1,0.0,0.0,0.0,0.0
burnaby-orbit,Burnaby Orbit,Love Machine,love-machine,https://www.lovemachinecycling.ca/routes/burnabyorbit,"Vancouver, Coast and Mountains",,,48.0,620.0,12.9,Full day,1.0,measured,0.9356,0.9526,163,3.08,none,0.0,0.0,42.93,2.04,0.0,0.0,52,osm,0,2,1,5,0,99,37.7,,,0,TRUE,,,Ambitious,0,2,0,0,,,Low-traffic riding,Mostly gravel; Lots of climbing,"Difficulty: Ambitious, because of lots of climbing.",33.8,3.1,0.4,0.0,0.0,0.0,0.4,0.0
burrard-inlet-trails,Burrard Inlet Trails,Let's Go Biking,lets-go-biking,https://www.letsgobiking.net/shop/lets-go-biking-around-vancouver/,"Vancouver, Coast and Mountains",Burnaby; Coquitlam; North Vancouver; Port Moody,Burnaby,7.0,,,Afternoon,1.0,measured,0.9627,0.9722,19,0.26,none,0.0,0.0,6.97,0.19,0.0,0.0,77,osm,1,3,3,2,0,82,6.4,,,1,TRUE,,,Ambitious,2,0,0,0,,,Low-traffic riding,Mostly gravel; Chunky gravel,"Difficulty: Ambitious, because of chunky surface.",5.0,0.2,0.0,0.0,0.0,1.1,0.0,0.0
campbell-river,Campbell River,Elbow Valley Cycle Club,elbow-valley-cycle-club,https://ridewithgps.com/routes/39771331,Vancouver Island,Campbell River; Quathiaski Cove; Quinsam,Campbell River,33.0,147.0,4.5,Full day,1.0,measured,0.9775,0.9967,55,0.73,none,0.0,0.0,32.51,0.11,0.0,0.0,3,osm,0,0,0,0,0,41,30.0,,sections,10,TRUE,0,,Easy,0,0,0,0,,,Shares roads with traffic,Mostly paved; Gentle grades,Difficulty: Easy — no major climbing or rough surface.,6.9,4.4,5.0,2.9,0.3,9.4,1.1,0.0
campbell-river-tight-lines,Campbell River Tight Lines,Love Machine,love-machine,https://www.lovemachinecycling.ca/routes/campbellrivertightlines,Vancouver Island,,,68.0,899.0,13.2,Full day,1.0,measured,0.9898,0.9988,31,0.69,none,0.16,0.0,67.72,0.08,0.0,0.0,94,osm,2,2,2,24,0,100,60.3,,,0,TRUE,,,Ambitious,1,2,0,0,,,Low-traffic riding,Almost all gravel; Lots of climbing,"Difficulty: Ambitious, because of lots of climbing + some loose surface.",0.0,59.7,0.0,0.0,0.0,0.0,0.6,0.0
campbell-valley,Campbell Valley,Let's Go Biking,lets-go-biking,https://www.letsgobiking.net/shop/lets-go-biking-around-vancouver/,"Vancouver, Coast and Mountains",Langley; Surrey,Langley (District),26.0,121.0,4.7,Afternoon,1.0,measured,0.9531,0.9844,50,1.22,none,0.0,0.0,25.94,0.4,0.0,0.0,35,osm,0,2,1,0,0,61,23.8,,,1,TRUE,0,,Easy,0,0,0,0,,,Some traffic sharing,Mixed surface; Gentle grades,Difficulty: Easy — no major climbing or rough surface.,9.9,3.6,7.0,1.5,0.8,0.0,1.0,0.0
canoe-pass-trail-brunswick-point,Canoe Pass Trail (Brunswick Point),Let's Go Biking,lets-go-biking,https://www.letsgobiking.net/shop/lets-go-biking-around-vancouver/,"Vancouver, Coast and Mountains",Delta; Richmond,Delta,7.0,,,Afternoon,1.0,measured,0.984,1.0,6,0.12,none,0.0,0.0,3.1,0.0,0.0,0.0,66,osm,2,3,1,0,0,100,7.1,,,0,TRUE,0,,Easy,0,0,0,0,,,Low-traffic riding,Mostly gravel; Chunky gravel,Difficulty: Easy — no major climbing or rough surface.,4.1,3.0,0.0,0.0,0.0,0.0,0.0,0.0
canyon-to-coast-trail-loop,Canyon to Coast Trail Loop,Let's Go Biking,lets-go-biking,https://www.letsgobiking.net/shop/lets-go-biking-around-vancouver/,"Vancouver, Coast and Mountains",Agassiz; Bridal Falls; Chilliwack; Kent,Chilliwack,34.0,33.0,1.0,Full day,1.0,measured,0.9844,0.9934,26,0.53,none,0.0,0.0,34.24,0.23,0.0,0.0,64,osm,0,2,1,0,0,83,33.6,,,0,TRUE,0,,Easy,0,0,0,0,,,Low-traffic riding,Mostly gravel; Gentle grades,Difficulty: Easy — no major climbing or rough surface.,10.8,17.2,5.6,0.0,0.0,0.0,0.0,0.0
castlegar,BT700 Castlegar,BT 700 Bikepacking,bt-700-bikepacking,http://www.bt700.ca/biggriz.html,Thompson Okanagan; Kootenay Rockies,Castlegar; Christina Lake; Fife; Grand Forks; Greenwood; Midway; Nelson,Regional District of Kootenay Boundary,304.0,3490.0,11.5,Expedition,1.0,measured,0.9834,0.9958,249,5.05,none,0.1,0.33,303.56,1.27,0.52,0.0,72,osm,3,3,3,2,20,85,288.4,,sections,13,TRUE,,,Ambitious,2,1,0,0,,,Low-traffic riding,Mostly gravel; Chunky gravel; Some climbing; Remote stretches,"Difficulty: Ambitious, because of chunky surface + some climbing.",110.4,36.9,27.9,2.7,9.4,3.7,97.5,0.0
central-valley-greenway,Central Valley Greenway,Let's Go Biking,lets-go-biking,https://www.letsgobiking.net/shop/lets-go-biking-around-vancouver/,"Vancouver, Coast and Mountains",Burnaby; Coquitlam; Delta; New Westminster; North Vancouver; Port Moody; Richmond; Surrey; Vancouver; West Vancouver,Vancouver,25.0,297.0,11.9,Afternoon,1.0,measured,0.9361,0.9769,87,1.61,none,0.0,0.0,25.14,0.58,0.04,0.0,11,osm,0,2,0,0,0,81,17.0,,,0,TRUE,0,,Moderate,0,1,0,0,,,Low-traffic riding,Mostly paved; Some climbing,"Difficulty: Moderate, because of some climbing.",12.1,1.7,3.2,0.0,0.0,0.0,0.0,0.0
cherry-blossom-populaire-2026,Cherry Blossom Populaire,British Columbia Randonneurs,british-columbia-randonneurs,https://database.randonneurs.bc.ca/event/5735,"Vancouver, Coast and Mountains",Burnaby; Delta; New Westminster; North Vancouver; Richmond; Surrey; University Hill; Vancouver; West Vancouver,Vancouver,102.0,438.0,4.3,Weekend or more,1.0,measured,0.9488,0.9819,244,5.21,none,0.0,0.0,87.67,1.59,0.0,0.0,6,osm,0,0,0,1,0,63,80.1,,sections,3,TRUE,2,,Ambitious,0,0,0,0,publisher,,Some traffic sharing,Mostly paved; Gentle grades,"Difficulty: Ambitious, because of the route publisher's own rating as a minimum.",33.9,16.2,25.3,1.6,0.0,3.1,0.0,0.5
chilliwack-lake-thurston-rec-site-tct-t73,Chilliwack Lake to Thurston Rec Site,Trails BC,trails-bc,https://trailsbc.ca/loops/chilliwack-lake-thurston-rec-site-tct-t73/,"Vancouver, Coast and Mountains",Chilliwack,,29.0,,,Afternoon,1.0,measured,0.9712,0.9947,40,0.83,none,0.11,0.0,28.89,0.15,0.0,0.0,98,osm,2,2,2,8,13,98,27.7,,,1,TRUE,,,Moderate,1,0,0,0,,,Low-traffic riding,Almost all gravel,"Difficulty: Moderate, because of some loose surface.",26.6,0.0,0.0,0.0,0.0,0.6,0.5,0.0
chute-lake-charcuterie-route-kelowna,"Chute Lake Charcuterie Route, Kelowna",bikepacking.com,bikepacking-com,https://bikepacking.com/routes/chute-lake-charcuterie/,Thompson Okanagan,Kelowna; West Kelowna; Westside,Kelowna,103.0,1690.0,16.4,Weekend or more,1.0,measured,0.984,0.9963,70,1.65,none,0.0,0.0,103.0,0.38,0.0,0.0,78,osm,2,4,2,14,0,96,84.7,,,0,TRUE,2,25,Ambitious,1,2,0,0,,,Low-traffic riding,"Mostly gravel; Rough, near-MTB; Lots of climbing","Difficulty: Ambitious, because of lots of climbing + some loose surface.",61.8,16.8,0.2,3.5,0.0,0.0,2.5,0.0
coast-mountains-bikepacking,Coast Mountains Bikepacking,bikepacking.com,bikepacking-com,https://bikepacking.com/routes/coast-mountains-bikepacking-route/,"Cariboo Chilcotin Coast; Vancouver, Coast and Mountains; Thompson Okanagan",Bear Creek; Harrison Hot Springs; Keefers; Kent; Lillooet; Tatla Lake,Harrison Hot Springs,772.0,16762.0,21.7,Expedition,1.0,measured,0.9643,0.9721,268,27.51,none,4.77,8.14,771.21,21.51,0.45,0.0,88,osm,2,3,2,65,80,92,707.5,,sections,41,TRUE,6,20,Epic,1,3,0,2,,,Low-traffic riding,Almost all gravel; Chunky gravel; Max climbing; Remote stretches,"Difficulty: Epic, because of punishing climbs + long stretches far from services.",1.5,372.9,7.2,5.7,33.0,7.8,279.4,0.0
coquitlam-parks,Coquitlam Parks,Let's Go Biking,lets-go-biking,https://www.letsgobiking.net/shop/lets-go-biking-around-vancouver/,"Vancouver, Coast and Mountains",Burnaby; Coquitlam; New Westminster; Pitt Meadows; Port Coquitlam; Port Moody; Surrey,Coquitlam,18.0,240.0,13.3,Afternoon,1.0,measured,0.9483,0.9727,46,0.92,none,0.0,0.0,17.77,0.48,0.0,0.0,31,osm,0,2,1,11,0,80,15.0,,,0,TRUE,0,,Ambitious,0,2,0,0,,,Low-traffic riding,Mixed surface; Lots of climbing,"Difficulty: Ambitious, because of lots of climbing.",8.2,3.8,2.8,0.2,0.0,0.0,0.1,0.0
cowichan-valley-8-bikepacking-route,Cowichan Valley 8 Bikepacking Route,bikepacking.com,bikepacking-com,https://bikepacking.com/routes/cowichan-valley-8/,Vancouver Island,Central Saanich; Cobble Hill; Colwood; Duncan; Esquimalt; Lake Cowichan; Langford; Malahat; Metchosin; Mill Bay; North Cowichan; North Saanich; Oak Bay; Saanich; Shawnigan Lake; Victoria; View Royal,Victoria,190.0,1571.0,8.3,Weekend or more,1.0,measured,0.9418,0.9828,251,11.08,none,0.2,0.0,177.53,3.05,8.27,0.0,68,osm,1,2,1,8,0,87,178.0,,,6,TRUE,1,0,Moderate,0,1,0,0,,,Low-traffic riding,Mostly gravel; Some climbing,"Difficulty: Moderate, because of some climbing.",132.6,17.5,8.9,8.3,6.3,0.0,4.4,0.0
cross-canada-far-north-route-prince-rupert-to-calgary,Cross Canada Far North (BC Only),Cross Canada Cycle Tour Society,cross-canada-cycle-tour-society,https://ridewithgps.com/routes/44323682,Northern British Columbia; Thompson Okanagan; Cariboo Chilcotin Coast,Burns Lake; Fraser Lake; Hazelton; Houston; Mcbride; Mount Robson; New Hazelton; Prince George; Prince Rupert; Smithers; Terrace; Thornhill; Vanderhoof,,1029.0,9045.0,8.8,Expedition,1.0,measured,0.9926,0.9979,357,7.65,none,0.14,0.84,1028.74,2.11,0.38,0.0,0,osm,0,0,0,16,45,2,1019.1,4,mostly,995,TRUE,,,Epic,0,1,0,1,distance,km,Shares roads with traffic,Mostly paved; Some climbing; Remote stretches,"Difficulty: Epic, because of sheer distance, plus some climbing.",1.8,11.6,0.1,8.9,11.2,983.3,2.2,0.0
cross-canada-far-north-vancouver-island,Cross Canada - Far North - Vancouver Island,Cross Canada Cycle Tour Society,cross-canada-cycle-tour-society,https://ridewithgps.com/routes/44323624,Vancouver Island,Alert Bay; Black Creek; Bloedel; Bowser; Campbell River; Cassidy; Cedar; Central Saanich; Cobble Hill; Colwood; Comox; Coombs; Courtenay; Cowichan Bay; Cumberland; Denman Island; Duncan; Errington; Esquimalt; Ladysmith; Langford; Malahat; Metchosin; Mill Bay; Nanaimo; Nanoose Bay; North Cowichan; North Saanich; Oak Bay; Parksville; Port Hardy; Port Mcneill; Qualicum Bay; Qualicum Beach; Quathiaski Cove; Quinsam; Royston; Saanich; Sayward; Shawnigan Lake; Union Bay; Victoria; View Royal,,498.0,3461.0,6.9,Expedition,1.0,measured,0.9801,0.9931,457,9.93,none,0.0,0.0,491.88,3.37,0.0,0.0,1,osm,0,0,0,8,25,2,484.1,4,mostly,470,TRUE,,,Challenging,0,1,0,0,traffic,,Shares roads with traffic,Mostly paved; Some climbing; Remote stretches,"Difficulty: Challenging, because of a lot of riding on busier roads, plus some climbing.",2.7,3.8,0.3,3.6,8.6,461.6,3.5,2.9
cross-canada-vancouver-to-hope-for-north-or-south-route,Cross Canada - Vancouver to Hope,Cross Canada Cycle Tour Society,cross-canada-cycle-tour-society,https://ridewithgps.com/routes/44323821,"Vancouver, Coast and Mountains",Abbotsford; Agassiz; Bridal Falls; Burnaby; Chilliwack; Coquitlam; Fort Langley; Harrison Hot Springs; Hope; Kent; Langley; Maple Ridge; Mission; New Westminster; North Vancouver; Pitt Meadows; Port Coquitlam; Port Moody; Surrey; Vancouver; West Vancouver,,176.0,1270.0,7.2,Weekend or more,1.0,measured,0.9562,0.976,368,7.71,none,0.0,0.0,176.03,4.22,0.0,0.0,4,osm,0,0,0,3,0,38,158.6,,sections,36,TRUE,,,Moderate,0,1,0,0,,,Shares roads with traffic,Mostly paved; Some climbing,"Difficulty: Moderate, because of some climbing.",38.0,22.0,36.1,26.5,19.5,16.1,0.4,0.6
cultus-lake-tamihi-rec-site-tct-t72,Cultus Lake to Tamihi Rec Site,Trails BC,trails-bc,https://trailsbc.ca/loops/cultus-lake-tamihi-rec-site-tct-t72/,"Vancouver, Coast and Mountains",Chilliwack; Cultus Lake; Slesse Park,,17.0,,,Afternoon,1.0,measured,0.974,0.9881,23,0.44,none,0.0,0.0,17.09,0.2,0.0,0.0,88,osm,2,2,2,19,0,100,16.1,,,0,TRUE,,,Ambitious,1,1,0,0,,,Low-traffic riding,Almost all gravel,"Difficulty: Ambitious, because of some loose surface + some climbing.",8.2,4.1,0.0,0.1,0.0,0.0,3.6,0.0
cultus-shock,Cultus Shock,Love Machine,love-machine,https://www.lovemachinecycling.ca/routes/cultusshock,"Vancouver, Coast and Mountains",,,73.0,551.0,7.5,Full day,1.0,measured,0.9802,0.9955,62,1.44,none,0.0,0.0,72.84,0.33,0.0,0.0,81,osm,2,3,2,4,0,82,67.4,,,2,TRUE,,,Ambitious,1,1,0,0,,,Low-traffic riding,Mostly gravel; Chunky gravel; Some climbing,"Difficulty: Ambitious, because of some loose surface + some climbing.",43.9,8.2,1.0,9.1,2.0,0.0,3.2,0.0
cypress-side-quest,Cypress Side Quest,Love Machine,love-machine,https://www.lovemachinecycling.ca/routes/cypresssidequest,"Vancouver, Coast and Mountains",,,55.0,1166.0,21.2,Full day,1.0,measured,0.9317,0.9723,178,3.78,none,0.0,0.0,37.58,1.04,0.03,0.0,32,osm,0,2,1,18,0,70,41.8,,,2,TRUE,,,Ambitious,0,3,0,0,,,Some traffic sharing,Mixed surface; Max climbing,"Difficulty: Ambitious, because of punishing climbs.",15.3,10.1,7.1,2.9,2.3,0.0,4.1,0.0
david-s-loop,David's Loop,Let's Go Biking,lets-go-biking,https://www.letsgobiking.net/shop/lets-go-biking-around-vancouver/,"Vancouver, Coast and Mountains",Burnaby; Coquitlam; Port Coquitlam; Port Moody,Coquitlam,18.0,273.0,15.2,Afternoon,1.0,measured,0.9427,0.9718,56,1.01,none,0.0,0.0,17.68,0.5,0.0,0.0,11,osm,0,1,0,27,0,95,14.9,,,0,TRUE,0,,Ambitious,0,2,0,0,,,Low-traffic riding,Mostly paved; Lots of climbing,"Difficulty: Ambitious, because of lots of climbing.",9.4,3.0,0.8,0.0,0.0,0.0,1.7,0.0
deep-cove-spirit-trail-east,Deep Cove + Spirit Trail East,Let's Go Biking,lets-go-biking,https://www.letsgobiking.net/shop/lets-go-biking-around-vancouver/,"Vancouver, Coast and Mountains",Burnaby; North Vancouver; Port Moody; Vancouver,North Vancouver,10.0,133.0,13.3,Afternoon,1.0,measured,0.9282,0.9571,43,0.75,none,0.0,0.0,3.69,0.16,0.0,0.0,17,osm,0,2,0,5,0,100,8.6,,,0,TRUE,0,,Ambitious,0,2,0,0,,,Low-traffic riding,Mixed surface; Lots of climbing,"Difficulty: Ambitious, because of lots of climbing.",2.8,5.6,0.0,0.0,0.0,0.0,0.2,0.0
delta-watershed-joe-brown-trails,Delta Watershed + Joe Brown Trails,Let's Go Biking,lets-go-biking,https://www.letsgobiking.net/shop/lets-go-biking-around-vancouver/,"Vancouver, Coast and Mountains",Burnaby; Delta; New Westminster; Richmond; Surrey,Delta,35.0,94.0,2.7,Full day,1.0,measured,0.9685,0.9856,52,1.11,none,0.28,0.94,31.51,0.45,0.0,0.0,70,osm,2,2,1,2,0,84,31.8,,,1,TRUE,0,,Easy,0,0,0,0,,,Low-traffic riding,Mostly gravel; Gentle grades,Difficulty: Easy — no major climbing or rough surface.,18.9,4.6,2.0,1.6,0.3,1.2,3.2,0.1
discomfort-zone-thrill-seeker-version,Discomfort Zone (Thrill Seeker Version),Love Machine,love-machine,https://www.lovemachinecycling.ca/routes/discomfortzone,"Vancouver, Coast and Mountains",,,60.0,1190.0,19.8,Full day,1.0,measured,0.9284,0.9569,189,4.27,none,0.04,0.0,50.98,2.2,0.0,0.0,41,osm,0,2,1,20,0,96,39.3,,,0,TRUE,,,Ambitious,0,2,0,0,,,Low-traffic riding,Mixed surface; Lots of climbing,"Difficulty: Ambitious, because of lots of climbing.",22.3,13.2,0.6,1.0,0.1,0.0,2.2,0.1
discovery-trail-west,Discovery Trail West,Let's Go Biking,lets-go-biking,https://www.letsgobiking.net/shop/lets-go-biking-around-vancouver/,"Vancouver, Coast and Mountains",Abbotsford; Mission,Abbotsford,9.0,,,Afternoon,1.0,measured,0.961,0.9984,22,0.34,none,0.0,0.0,8.62,0.01,0.0,0.0,7,osm,0,0,0,7,0,99,8.2,,,0,TRUE,,,Easy,0,0,0,0,,,Low-traffic riding,Mostly paved,Difficulty: Easy — no major climbing or rough surface.,7.9,0.2,0.1,0.0,0.0,0.0,0.0,0.0
douglas-taylor-park-wilband-park-tct-t69,Langley to Clayburn,Trails BC,trails-bc,https://trailsbc.ca/loops/douglas-taylor-park-wilband-park-tct-t69/,"Vancouver, Coast and Mountains",Abbotsford; Mission,,28.0,,,Afternoon,1.0,measured,0.9706,0.986,41,0.82,none,0.0,0.0,27.92,0.39,0.0,0.0,59,osm,1,2,1,0,0,68,26.8,,,0,TRUE,,,Easy,0,0,0,0,,,Some traffic sharing,Mostly gravel,Difficulty: Easy — no major climbing or rough surface.,12.6,2.4,8.7,0.0,0.0,0.0,3.1,0.0
duncan-chemai,Duncan to Chemainus,Cross Canada Cycle Tour Society,cross-canada-cycle-tour-society,https://ridewithgps.com/routes/30835407,Vancouver Island,Cassidy; Cedar; Duncan; Ladysmith; Nanaimo; North Cowichan,Area E (Cowichan Station / Sahtlam / Gle,108.0,729.0,6.8,Weekend or more,1.0,measured,0.9676,0.9803,173,3.5,none,0.0,0.0,91.98,1.81,0.0,0.0,0,osm,0,0,0,3,0,13,103.3,2,mostly,58,TRUE,2,,Ambitious,0,1,0,0,publisher,,Shares roads with traffic,Mostly paved; Some climbing,"Difficulty: Ambitious, because of the route publisher's own rating as a minimum, plus some climbing.",2.0,11.1,26.1,6.1,33.9,23.6,0.3,0.0
eastern-kettle-valley-railway,Eastern Kettle Valley Railway,Bikepack Canada,bikepack-canada,https://www.bikepack.ca/routes/eastern-kettle-valley-railway,Thompson Okanagan; Kootenay Rockies,,,538.0,7570.0,14.1,Expedition,1.0,measured,0.9695,0.9934,378,16.4,none,1.75,4.42,530.02,3.52,8.06,0.0,69,osm,2,3,3,9,20,61,516.6,,sections,90,TRUE,,,Challenging,2,2,0,0,,,Some traffic sharing,Mostly gravel; Chunky gravel; Lots of climbing; Remote stretches,"Difficulty: Challenging, because of chunky surface + lots of climbing.",172.4,31.3,101.0,9.7,27.4,62.2,112.6,0.0
englishman-river-overnighter,Englishman River Overnighter,bikepacking.com,bikepacking-com,https://bikepacking.com/routes/englishman-river-overnighter/,Vancouver Island,Errington; Parksville,Parksville,52.0,496.0,9.5,Full day,1.0,measured,0.941,0.945,64,3.09,none,0.83,0.29,48.22,2.65,0.0,0.0,35,osm,0,2,1,5,0,88,37.5,,,0,TRUE,1,30,Ambitious,0,1,1,0,,,Low-traffic riding,Mixed surface; Lots of singletrack; Some climbing,"Difficulty: Ambitious, because of some climbing + singletrack sections.",9.9,17.8,4.0,0.5,0.0,0.0,5.4,0.0
fernie-alternative,BT700 Fernie Alternative,BT 700 Bikepacking,bt-700-bikepacking,http://www.bt700.ca/biggriz.html,Kootenay Rockies,Cokato; Fernie,East Kootenay,76.0,1119.0,14.7,Full day,1.0,measured,0.9958,0.9981,38,0.32,none,0.0,0.0,76.17,0.14,0.0,0.0,83,osm,2,2,2,29,0,45,75.8,,,6,TRUE,2,,Ambitious,1,2,0,0,,,Some traffic sharing,Mostly gravel; Lots of climbing,"Difficulty: Ambitious, because of lots of climbing + some loose surface.",2.9,22.9,31.2,4.3,5.1,1.1,8.4,0.0
fernie-sparwood,BT700 Fernie Sparwood,BT 700 Bikepacking,bt-700-bikepacking,http://www.bt700.ca/biggriz.html,Kootenay Rockies,Cokato; Fernie; Sparwood,Fernie,37.0,569.0,15.4,Full day,1.0,measured,0.986,1.0,27,0.51,none,0.0,0.0,36.61,0.0,0.0,0.0,75,osm,0,3,3,20,0,87,36.0,,sections,2,TRUE,1,,Challenging,2,2,0,0,,,Low-traffic riding,Mostly gravel; Chunky gravel; Lots of climbing,"Difficulty: Challenging, because of chunky surface + lots of climbing.",1.1,10.2,2.1,0.0,0.0,2.5,20.1,0.0
fish-fishpot-lakes-snaking-river-loop,"Fish, Fishpot Lakes & Snaking River Loop",The Great Community Route Celebration,the-great-community-route-celebration,https://ridewithgps.com/routes/33289573,Cariboo Chilcotin Coast,Quesnel,Quesnel,346.0,4005.0,11.6,Expedition,1.0,measured,0.8709,0.877,142,44.71,backcountry,0.63,1.09,346.27,42.61,0.0,0.0,52,osm,0,2,2,36,67,62,299.8,,sections,41,TRUE,,,Challenging,1,2,0,2,,,Some traffic sharing,Mostly gravel; Some climbing; Remote stretches,"Difficulty: Challenging, because of lots of climbing + long stretches far from services.",2.6,182.4,66.3,6.7,39.3,1.3,1.2,0.0
flathead-valley,Flathead Valley,Bikepack Canada,bikepack-canada,https://www.bikepack.ca/routes/guidebook,Kootenay Rockies,,Fernie,292.0,4048.0,13.9,Weekend or more,1.0,measured,0.9862,0.9965,143,4.02,none,1.56,3.54,291.8,1.01,0.0,0.0,64,osm,2,2,2,22,55,37,286.2,,sections,66,TRUE,,,Challenging,1,2,0,1,,,Shares roads with traffic,Mostly gravel; Lots of climbing; Remote stretches,"Difficulty: Challenging, because of lots of climbing + some loose surface.",2.1,74.6,115.4,0.0,2.0,63.9,28.3,0.0
fort-to-fort-trail,Fort to Fort Trail,Let's Go Biking,lets-go-biking,https://www.letsgobiking.net/shop/lets-go-biking-around-vancouver/,"Vancouver, Coast and Mountains",Fort Langley; Langley; Maple Ridge; Pitt Meadows; Surrey,Langley (District),12.0,52.0,4.3,Afternoon,1.0,measured,0.9609,0.9824,24,0.46,none,0.02,0.0,11.78,0.21,0.0,0.0,96,osm,1,2,1,0,0,96,10.5,,,0,TRUE,0,,Easy,0,0,0,0,,,Low-traffic riding,Almost all gravel; Gentle grades,Difficulty: Easy — no major climbing or rough surface.,9.0,0.0,0.4,0.0,0.0,0.0,1.0,0.0
fraser-loop,Fraser Loop,Let's Go Biking,lets-go-biking,https://www.letsgobiking.net/shop/lets-go-biking-around-vancouver/,"Vancouver, Coast and Mountains",Burnaby; Delta; New Westminster; Richmond; Surrey; Vancouver,New Westminster,35.0,,,Full day,1.0,measured,0.9543,0.9722,87,1.59,none,0.01,0.0,34.87,0.97,0.0,0.0,19,osm,0,2,0,2,0,55,29.3,,,0,TRUE,2,,Ambitious,0,0,0,0,publisher,,Some traffic sharing,Mixed surface,"Difficulty: Ambitious, because of the route publisher's own rating as a minimum.",13.9,1.8,12.1,1.0,0.0,0.0,0.5,0.0
fraser-shores,Fraser Shores,Let's Go Biking,lets-go-biking,https://www.letsgobiking.net/shop/lets-go-biking-around-vancouver/,"Vancouver, Coast and Mountains",Burnaby; Delta; New Westminster; Richmond; Surrey; Vancouver,Burnaby,8.0,50.0,6.2,Afternoon,1.0,measured,0.9411,0.9859,28,0.5,none,0.01,0.0,8.47,0.12,0.0,0.0,54,osm,2,2,1,0,0,100,6.8,,,0,TRUE,0,,Moderate,0,1,0,0,,,Low-traffic riding,Mostly gravel; Some climbing,"Difficulty: Moderate, because of some climbing.",6.5,0.1,0.0,0.0,0.0,0.0,0.3,0.0
friesen-loop-white-rock-to-crescent-beach,Friesen Loop White Rock to Crescent Beach,Let's Go Biking,lets-go-biking,https://www.letsgobiking.net/shop/lets-go-biking-around-vancouver/,"Vancouver, Coast and Mountains",Delta; Surrey; White Rock,Surrey,24.0,,,Afternoon,1.0,measured,0.934,0.9669,102,1.55,none,0.0,0.0,14.5,0.48,0.0,0.0,27,osm,0,2,0,3,0,83,14.4,,,0,TRUE,,,Easy,0,0,0,0,,,Low-traffic riding,Mixed surface,Difficulty: Easy — no major climbing or rough surface.,3.9,7.4,2.5,0.0,0.0,0.0,0.6,0.0
frog-peak-loop,Frog Peak Loop,bikepacking.com,bikepacking-com,https://bikepacking.com/routes/frog-peak-loop/,Kootenay Rockies,Nelson,Nelson,107.0,1787.0,16.7,Weekend or more,1.0,measured,0.9861,0.9945,61,1.48,none,0.43,1.34,107.05,0.59,0.0,0.0,64,osm,2,2,2,25,0,71,97.4,,,8,TRUE,1,0,Ambitious,1,2,0,0,,,Some traffic sharing,Mostly gravel; Lots of climbing,"Difficulty: Ambitious, because of lots of climbing + some loose surface.",42.0,27.0,18.0,2.1,7.5,0.5,0.2,0.0
gb-2025-rally-day-1,Rally Day 1 (West Vancouver),Gravel Buddies,gravel-buddies,https://ridewithgps.com/routes/49542408,"Vancouver Island; Vancouver, Coast and Mountains",Bowen Island; Cassidy; Cedar; Duncan; Ladysmith; Nanaimo; North Cowichan; North Vancouver; Vancouver; West Vancouver,West Vancouver,160.0,1212.0,7.6,Weekend or more,1.0,measured,0.6223,0.9842,184,60.56,ferry,0.21,0.0,84.49,1.34,57.79,0.0,38,osm,0,2,1,7,0,60,95.4,,,13,TRUE,2,,Ambitious,0,1,0,0,publisher,,Some traffic sharing,Mixed surface; Some climbing,"Difficulty: Ambitious, because of the route publisher's own rating as a minimum, plus some climbing.",38.9,16.2,18.5,7.6,12.3,0.2,1.7,0.0
gb-2025-rally-day-1-alternative,Rally Day 1 alternative (West Vancouver),Gravel Buddies,gravel-buddies,https://ridewithgps.com/routes/52200188,"Vancouver Island; Vancouver, Coast and Mountains",Bowen Island; Cassidy; Cedar; Duncan; Ladysmith; Nanaimo; North Cowichan; North Vancouver; Vancouver; West Vancouver,West Vancouver,150.0,965.0,6.4,Weekend or more,1.0,measured,0.6006,0.9971,164,60.08,ferry,0.0,0.0,73.89,0.22,57.79,0.0,31,osm,0,1,1,5,0,51,86.0,,sections,14,TRUE,2,,Ambitious,0,1,0,0,publisher,,Some traffic sharing,Mixed surface; Some climbing,"Difficulty: Ambitious, because of the route publisher's own rating as a minimum, plus some climbing.",32.1,11.7,18.6,9.5,11.1,2.6,0.3,0.0
gb-2025-rally-day-2,Rally Day 2 (Cowichan Valley),Gravel Buddies,gravel-buddies,https://ridewithgps.com/routes/49542447,Vancouver Island,Beaver Point; Central Saanich; Cobble Hill; Duncan; Fulford Harbour; Lake Cowichan; Mill Bay; North Cowichan; North Saanich; Saanich; Shawnigan Lake; Sidney,Cowichan Valley,118.0,795.0,6.7,Weekend or more,1.0,measured,0.8456,0.9865,115,18.18,ferry,0.0,0.0,97.62,1.32,16.78,0.0,55,osm,0,2,1,13,0,72,95.8,,,7,TRUE,2,,Ambitious,0,1,0,0,publisher,,Some traffic sharing,Mostly gravel; Some climbing,"Difficulty: Ambitious, because of the route publisher's own rating as a minimum, plus some climbing.",52.6,16.4,13.5,6.6,6.8,0.0,0.0,0.0
gb-2025-rally-day-2-alternative,Rally Day 2 alternative (Cowichan Valley),Gravel Buddies,gravel-buddies,https://ridewithgps.com/routes/52200259,Vancouver Island,Beaver Point; Central Saanich; Cobble Hill; Duncan; Fulford Harbour; Mill Bay; North Cowichan; North Saanich; Saanich; Shawnigan Lake; Sidney,Cowichan Valley,95.0,652.0,6.9,Weekend or more,1.0,measured,0.8102,0.996,106,18.01,ferry,0.0,0.0,74.74,0.3,16.78,0.0,43,osm,0,2,1,17,0,64,73.1,,,6,TRUE,2,,Ambitious,0,1,0,0,publisher,,Some traffic sharing,Mixed surface; Some climbing,"Difficulty: Ambitious, because of the route publisher's own rating as a minimum, plus some climbing.",28.4,18.4,13.5,6.6,6.3,0.0,0.0,0.0
gb-2025-rally-day-3,Rally Day 3 (Victoria),Gravel Buddies,gravel-buddies,https://ridewithgps.com/routes/49551744,Vancouver Island,Beaver Point; Cassidy; Cedar; Fernwood; Fulford Harbour; Gabriola; Ganges; Ladysmith; Nanaimo; North Cowichan; Salt Spring Island,Capital,96.0,993.0,10.3,Weekend or more,1.0,measured,0.8635,0.98,135,13.08,ferry,0.21,0.0,69.64,1.39,11.3,0.0,29,osm,0,2,1,17,0,68,77.9,,,14,TRUE,2,,Ambitious,0,1,0,0,publisher,,Some traffic sharing,Mixed surface; Some climbing,"Difficulty: Ambitious, because of the route publisher's own rating as a minimum, plus some climbing.",17.1,32.2,5.4,6.0,13.3,0.3,3.6,0.0
gb-2025-rally-day-3-alternative,Rally Day 3 alternative (Victoria),Gravel Buddies,gravel-buddies,https://ridewithgps.com/routes/52200305,Vancouver Island,Beaver Point; Cassidy; Cedar; Fernwood; Fulford Harbour; Gabriola; Ganges; Ladysmith; Nanaimo; North Cowichan; Salt Spring Island,Capital,86.0,767.0,8.9,Full day,1.0,measured,0.8533,0.9819,116,12.66,ferry,0.0,0.0,60.4,1.09,11.3,0.0,19,osm,0,1,0,17,0,56,69.3,,sections,15,TRUE,2,,Ambitious,0,1,0,0,publisher,,Some traffic sharing,Mixed surface; Some climbing,"Difficulty: Ambitious, because of the route publisher's own rating as a minimum, plus some climbing.",10.7,25.8,8.0,7.9,12.1,2.7,2.2,0.0
gb-2025-rally-gabriola-group-ride,Gabriola Group Ride,Gravel Buddies,gravel-buddies,https://ridewithgps.com/routes/51833186,Vancouver Island,Gabriola; Nanaimo,Nanaimo,23.0,324.0,14.1,Afternoon,1.0,measured,0.9687,0.9965,35,0.72,none,0.0,0.0,22.79,0.08,0.11,0.0,69,osm,2,2,2,4,0,72,21.8,,,3,TRUE,0,,Ambitious,1,2,0,0,,,Some traffic sharing,Mostly gravel; Lots of climbing,"Difficulty: Ambitious, because of lots of climbing + some loose surface.",11.5,1.3,2.7,0.0,3.4,0.0,3.0,0.0
gb-ride-bowen-island-day-trip,Bowen Island Day Trip,Gravel Buddies,gravel-buddies,https://www.gravelbuddies.ca/post/a-day-trip-to-bowen-island,"Vancouver, Coast and Mountains",Bowen Island; West Vancouver,Bowen Island Municipality,28.0,596.0,21.3,Afternoon,1.0,measured,0.9472,0.9617,64,1.46,none,0.0,0.0,27.17,1.04,0.24,0.0,33,osm,0,3,2,9,0,54,24.2,,,0,TRUE,1,,Challenging,1,3,0,0,,,Some traffic sharing,Mixed surface; Chunky gravel; Max climbing,"Difficulty: Challenging, because of punishing climbs + some loose surface.",2.9,3.3,11.2,0.0,0.0,0.0,6.8,0.0
gb-ride-bowen-island-day-trip-shorter,Bowen Island Day Trip (shorter),Gravel Buddies,gravel-buddies,https://ridewithgps.com/routes/55387490,"Vancouver, Coast and Mountains",Bowen Island; West Vancouver,Bowen Island,22.0,485.0,22.0,Afternoon,1.0,measured,0.9489,0.9627,51,1.13,none,0.0,0.0,21.5,0.8,0.24,0.0,37,osm,0,3,2,5,0,57,19.1,,,0,TRUE,0,,Challenging,1,3,0,0,,,Some traffic sharing,Mixed surface; Chunky gravel; Max climbing,"Difficulty: Challenging, because of punishing climbs + some loose surface.",2.9,1.9,8.3,0.0,0.0,0.0,6.0,0.0
gb-ride-capilano-salmon-run,Capilano Salmon Run,Gravel Buddies,gravel-buddies,https://www.gravelbuddies.ca/post/salmon-run-on-north-shore,"Vancouver, Coast and Mountains",North Vancouver; Vancouver; West Vancouver,West Vancouver,20.0,396.0,19.8,Afternoon,1.0,measured,0.913,1.0,86,1.72,none,0.0,0.0,18.14,0.0,0.0,0.0,26,osm,0,2,1,10,0,76,15.2,,,0,TRUE,0,,Ambitious,0,2,0,0,,,Low-traffic riding,Mixed surface; Lots of climbing,"Difficulty: Ambitious, because of lots of climbing.",4.7,4.8,3.1,0.3,0.0,0.2,2.1,0.0
gb-ride-deep-cove-ramble,Deep Cove Ramble,Gravel Buddies,gravel-buddies,https://www.gravelbuddies.ca/post/deep-cove-ramble,"Vancouver, Coast and Mountains",Burnaby; North Vancouver; Port Moody; Vancouver,North Vancouver,27.0,411.0,15.2,Afternoon,1.0,measured,0.9238,0.992,112,2.08,none,0.17,0.0,14.83,0.12,0.0,0.0,31,osm,0,2,1,5,0,86,21.8,,,0,TRUE,0,,Ambitious,0,2,0,0,,,Low-traffic riding,Mixed surface; Lots of climbing,"Difficulty: Ambitious, because of lots of climbing.",9.4,6.1,2.7,0.2,0.2,0.0,3.1,0.0
gb-ride-lakes-and-rivers,Lakes and Rivers,Gravel Buddies,gravel-buddies,https://www.gravelbuddies.ca/post/lakes-and-rivers-ride,"Vancouver, Coast and Mountains",Burnaby; Coquitlam; Delta; New Westminster; North Vancouver; Port Moody; Richmond; Surrey; Vancouver,Vancouver,50.0,306.0,6.1,Full day,1.0,measured,0.9359,0.9938,169,3.22,none,0.02,0.0,49.81,0.31,0.46,0.0,28,osm,0,2,1,1,0,95,39.6,,,0,TRUE,1,,Moderate,0,1,0,0,,,Low-traffic riding,Mixed surface; Some climbing,"Difficulty: Moderate, because of some climbing.",33.4,2.0,2.2,0.0,0.0,0.0,2.0,0.0
gb-ride-north-shore-through-stanley-park,North Shore through Stanley Park,Gravel Buddies,gravel-buddies,https://www.gravelbuddies.ca/post/stanley-park-and-north-shore-gravel-combo,"Vancouver, Coast and Mountains",North Vancouver; Vancouver; West Vancouver,Vancouver,37.0,684.0,18.5,Full day,1.0,measured,0.9382,0.9625,119,2.26,none,0.0,0.0,26.18,0.98,0.51,0.0,40,osm,0,2,1,14,0,80,29.7,,,0,TRUE,1,,Ambitious,0,2,0,0,,,Low-traffic riding,Mixed surface; Lots of climbing,"Difficulty: Ambitious, because of lots of climbing.",17.1,5.2,5.2,0.7,0.0,0.0,1.5,0.0
gb-ride-north-van-sampler,North Van Sampler,Gravel Buddies,gravel-buddies,https://www.gravelbuddies.ca/post/north-van-sampler,"Vancouver, Coast and Mountains",Burnaby; North Vancouver; Port Moody; Vancouver; West Vancouver,Vancouver,56.0,1032.0,18.4,Full day,1.0,measured,0.9313,0.9524,189,3.85,none,0.0,0.0,42.38,2.02,0.84,0.0,31,osm,0,2,1,17,0,88,43.9,,,0,TRUE,2,,Ambitious,0,2,0,0,,,Low-traffic riding,Mixed surface; Lots of climbing,"Difficulty: Ambitious, because of lots of climbing.",22.9,10.0,5.0,0.0,0.3,0.0,5.7,0.0
gb-ride-north-van-shakedown,North Van Shakedown,Gravel Buddies,gravel-buddies,https://www.gravelbuddies.ca/post/north-van-shakedown,"Vancouver, Coast and Mountains",Burnaby; North Vancouver; Vancouver; West Vancouver,West Vancouver,33.0,566.0,17.2,Full day,1.0,measured,0.9243,0.9733,127,2.5,none,0.0,0.0,28.8,0.77,0.0,0.0,54,osm,0,2,2,16,0,96,26.3,,,0,TRUE,1,,Ambitious,1,2,0,0,,,Low-traffic riding,Mostly gravel; Lots of climbing,"Difficulty: Ambitious, because of lots of climbing + some loose surface.",10.7,9.0,0.9,0.0,0.2,0.0,5.4,0.0
gb-ride-upper-north-van,Upper North Van,Gravel Buddies,gravel-buddies,https://ridewithgps.com/routes/45718166,"Vancouver, Coast and Mountains",Burnaby; North Vancouver; Vancouver; West Vancouver,West Vancouver,28.0,340.0,12.1,Afternoon,1.0,measured,0.9133,0.9462,119,2.42,none,0.01,0.0,14.08,0.76,0.0,0.0,36,osm,0,2,1,12,0,98,20.7,,,0,TRUE,0,,Ambitious,0,2,0,0,,,Low-traffic riding,Mixed surface; Lots of climbing,"Difficulty: Ambitious, because of lots of climbing.",13.7,4.5,0.1,0.4,0.0,0.0,2.1,0.0
gb-trip-cowichan-valley-stoltz-pool-to-nanaimo,Cowichan Valley: Stoltz Pool to Nanaimo,Gravel Buddies,gravel-buddies,https://www.gravelbuddies.ca/trips/cowichan-valley-bikepacking,Vancouver Island,Cassidy; Cedar; Duncan; Ladysmith; Nanaimo; North Cowichan,Area F (Cowichan Lake South / Skutz Fall,78.0,417.0,5.3,Full day,1.0,measured,0.9716,0.9838,110,2.22,none,0.0,0.0,62.14,1.01,0.32,0.0,20,osm,0,1,0,11,0,38,74.6,,sections,18,TRUE,1,,Moderate,0,1,0,0,,,Shares roads with traffic,Mixed surface; Gentle grades,"Difficulty: Moderate, because of some climbing.",19.0,8.8,19.7,8.9,14.8,3.1,0.2,0.0
gb-trip-cowichan-valley-swartz-bay-to-stoltz-pool,Cowichan Valley: Swartz Bay to Stoltz Pool,Gravel Buddies,gravel-buddies,https://www.gravelbuddies.ca/trips/cowichan-valley-bikepacking,Vancouver Island,Central Saanich; Cobble Hill; Duncan; Mill Bay; North Cowichan; North Saanich; Saanich; Shawnigan Lake; Sidney,North Saanich,83.0,564.0,6.8,Full day,1.0,measured,0.9065,0.9984,97,7.73,none,0.0,0.0,73.5,0.12,5.99,0.0,46,osm,0,2,1,6,0,58,72.7,,,8,TRUE,2,,Ambitious,0,1,0,0,publisher,,Some traffic sharing,Mixed surface; Some climbing,"Difficulty: Ambitious, because of the route publisher's own rating as a minimum, plus some climbing.",30.7,11.1,12.1,10.9,7.8,0.0,0.0,0.0
gb-trip-gabriola,Gabriola,Gravel Buddies,gravel-buddies,https://www.gravelbuddies.ca/trips/gabriola-island,Vancouver Island,Cedar; Gabriola; Nanaimo,Nanaimo,44.0,596.0,13.5,Full day,1.0,measured,0.9651,0.994,66,1.54,none,0.0,0.0,43.15,0.26,0.0,0.0,55,osm,2,2,2,4,0,68,39.9,,,4,TRUE,1,,Ambitious,1,2,0,0,,,Some traffic sharing,Mostly gravel; Lots of climbing,"Difficulty: Ambitious, because of lots of climbing + some loose surface.",14.0,7.4,8.8,0.0,3.9,0.0,5.9,0.0
gb-trip-golden-ears-overnighter-out-and-back,Golden Ears Overnighter (out and back),Gravel Buddies,gravel-buddies,https://www.gravelbuddies.ca/trips/golden-ears-overnighter,"Vancouver, Coast and Mountains",Burnaby; Coquitlam; Langley; Maple Ridge; Mission; Pitt Meadows; Port Coquitlam; Port Moody; Surrey,Port Moody,105.0,735.0,7.0,Weekend or more,1.0,measured,0.9597,0.9929,125,4.22,none,0.08,0.0,104.79,0.74,0.0,0.0,62,osm,2,2,1,2,0,78,88.9,,,0,TRUE,2,,Ambitious,0,1,0,0,publisher,,Low-traffic riding,Mostly gravel; Some climbing,"Difficulty: Ambitious, because of the route publisher's own rating as a minimum, plus some climbing.",62.4,2.5,2.6,16.4,0.2,0.0,4.8,0.0
gb-trip-s2s-squamish-whistler-out-and-back,Squamish-Whistler (out and back),Gravel Buddies,gravel-buddies,https://www.gravelbuddies.ca/trips/sea-to-sky---squamish-to-whistler,"Vancouver, Coast and Mountains",Squamish; Swift; Whistler,Squamish,96.0,1622.0,16.9,Weekend or more,1.0,measured,0.9768,0.9933,77,2.24,none,0.0,0.0,96.16,0.65,0.0,0.0,56,osm,2,3,2,13,0,75,93.7,,sections,16,TRUE,2,,Ambitious,1,2,0,0,,,Low-traffic riding,Mostly gravel; Chunky gravel; Lots of climbing,"Difficulty: Ambitious, because of lots of climbing + some loose surface.",27.4,21.8,3.7,3.7,0.0,15.9,21.1,0.0
gb-trip-sooke-potholes-out-and-back,Sooke Potholes (out and back),Gravel Buddies,gravel-buddies,https://www.gravelbuddies.ca/trips/sooke-potholes,Vancouver Island,Central Saanich; Colwood; Esquimalt; Langford; Metchosin; North Saanich; Oak Bay; Saanich; Sidney; Sooke; Victoria; View Royal,North Saanich,158.0,822.0,5.2,Weekend or more,1.0,measured,0.9649,0.985,146,5.56,none,0.04,0.0,158.08,2.38,0.33,0.0,60,osm,1,1,1,1,0,88,145.4,,,0,TRUE,2,,Ambitious,0,0,0,0,publisher,,Low-traffic riding,Mostly gravel; Gentle grades,"Difficulty: Ambitious, because of the route publisher's own rating as a minimum.",115.7,11.7,11.2,6.7,0.2,0.0,0.0,0.3
gb-trip-sunshine-coast-overnighter,Sunshine Coast Overnighter,Gravel Buddies,gravel-buddies,https://www.gravelbuddies.ca/trips/sunshine-coast-gravel,"Vancouver, Coast and Mountains",Gibsons; Roberts Creek; Sechelt,Langdale,67.0,1098.0,16.4,Full day,1.0,measured,0.9656,0.978,68,2.3,none,0.0,0.0,63.6,1.4,0.12,0.0,17,osm,0,0,0,22,0,34,62.4,,sections,7,TRUE,2,,Ambitious,0,2,0,0,,,Shares roads with traffic,Mixed surface; Lots of climbing,"Difficulty: Ambitious, because of lots of climbing.",3.6,12.5,29.2,5.2,0.4,6.4,5.0,0.0
glen-valley-glide,Glen Valley Glide,Let's Go Biking,lets-go-biking,https://www.letsgobiking.net/shop/lets-go-biking-around-vancouver/,"Vancouver, Coast and Mountains",Abbotsford; Fort Langley; Langley; Maple Ridge; Mission,Langley (District),42.0,243.0,5.8,Full day,1.0,measured,0.9761,0.9954,47,1.0,none,0.0,0.0,41.82,0.19,0.0,0.0,0,osm,0,0,0,16,0,25,40.8,,,6,TRUE,0,,Moderate,0,1,0,0,,,Shares roads with traffic,Mostly paved; Gentle grades,"Difficulty: Moderate, because of some climbing.",0.6,9.7,21.5,3.2,5.7,0.0,0.0,0.0
golden-dreams-loop-whistler-valley-trail,Golden Dreams Loop - Whistler Valley Trail,Let's Go Biking,lets-go-biking,https://www.letsgobiking.net/shop/lets-go-biking-around-vancouver/,"Vancouver, Coast and Mountains",Whistler,Whistler,15.0,95.0,6.3,Afternoon,1.0,measured,0.9657,0.9869,31,0.52,none,0.0,0.0,15.16,0.2,0.0,0.0,0,osm,0,0,0,4,0,95,14.4,,,0,TRUE,0,,Moderate,0,1,0,0,,,Low-traffic riding,Mostly paved; Some climbing,"Difficulty: Moderate, because of some climbing.",12.9,0.6,0.0,0.7,0.0,0.0,0.2,0.0
golden-ears-hundo,Golden Ears Hundo,Love Machine,love-machine,https://www.lovemachinecycling.ca/routes/goldenearshundred,"Vancouver, Coast and Mountains",,,101.0,785.0,7.8,Weekend or more,1.0,measured,0.9644,0.9807,121,3.58,none,0.18,0.0,100.65,1.94,0.0,0.0,74,osm,2,2,1,2,0,92,75.3,,,0,TRUE,,,Moderate,0,1,0,0,,,Low-traffic riding,Mostly gravel; Some climbing,"Difficulty: Moderate, because of some climbing.",61.7,5.7,1.9,3.7,0.2,0.0,2.1,0.0
goldriver2,Gold River 2,Cross Canada Cycle Tour Society,cross-canada-cycle-tour-society,https://ridewithgps.com/routes/36591822,Vancouver Island,Gold River,Area D (Oyster Bay/Buttle Lake),109.0,1421.0,13.0,Weekend or more,1.0,measured,0.9904,0.9976,27,1.04,none,0.0,0.0,107.58,0.25,0.11,0.0,0,osm,0,0,0,6,28,0,107.9,2,mostly,101,TRUE,2,,Ambitious,0,2,0,0,,,Shares roads with traffic,Mostly paved; Lots of climbing; Remote stretches,"Difficulty: Ambitious, because of lots of climbing.",0.0,0.0,5.2,1.3,0.0,101.4,0.0,0.0
goose-mcconnell-goodness-w-katie,Goose / McConnell Goodness w/ Katie,Bike Gear Database,bike-gear-database,https://ridewithgps.com/routes/52102373,Thompson Okanagan,Kamloops,Thompson-Nicola,48.0,756.0,15.8,Full day,1.0,measured,0.9986,0.9992,7,0.07,none,0.04,0.0,48.47,0.04,0.0,0.0,72,osm,2,2,2,60,0,98,48.4,,,1,TRUE,1,,Challenging,1,3,0,0,,,Low-traffic riding,Mostly gravel; Lots of climbing,"Difficulty: Challenging, because of punishing climbs + some loose surface.",0.0,47.3,0.0,0.0,0.0,1.1,0.0,0.0
gordon-river-tall-trees,Gordon River & Tall Trees,Bike Gear Database,bike-gear-database,https://www.bikegeardatabase.com/routes/gordon-river-tall-trees,Vancouver Island,Lake Cowichan; Port Renfrew,Lake Cowichan,123.0,3217.0,26.2,Weekend or more,1.0,measured,0.987,0.9987,63,1.59,none,0.54,3.94,122.77,0.16,0.0,0.0,42,osm,0,2,2,12,34,5,120.5,,sections,59,TRUE,2,,Challenging,1,3,0,0,,,Shares roads with traffic,Mixed surface; Max climbing; Remote stretches,"Difficulty: Challenging, because of punishing climbs + some loose surface.",1.1,4.4,53.4,2.1,42.1,17.1,0.3,0.0
gravel-guide-vancouver-seymour-valley-loop,Gravel Guide Vancouver: Seymour Valley Loop,Bike Gear Database,bike-gear-database,https://www.bikegeardatabase.com/routes/seymour-valley-vancouver,"Vancouver, Coast and Mountains",Burnaby; North Vancouver; Vancouver; West Vancouver,Vancouver,69.0,1234.0,17.9,Full day,1.0,measured,0.9462,0.9761,193,3.73,none,0.0,0.0,63.82,1.53,0.37,0.0,43,osm,0,2,2,10,0,86,51.5,,,0,TRUE,2,,Ambitious,1,2,0,0,,,Low-traffic riding,Mixed surface; Lots of climbing,"Difficulty: Ambitious, because of lots of climbing + some loose surface.",27.0,7.9,5.6,1.4,0.0,0.0,9.6,0.2
gravel-loop-comox-valley,Gravel Loop Comox Valley,Bike Gear Database,bike-gear-database,https://ridewithgps.com/routes/51269937,Vancouver Island,Comox; Courtenay; Cumberland; Grantham; Lazo; Little River; Royston,Courtenay,64.0,603.0,9.4,Full day,1.0,measured,0.9608,0.9819,114,2.52,none,0.12,0.26,52.79,0.95,0.0,0.0,19,osm,0,2,1,3,0,65,57.0,,sections,8,TRUE,1,,Moderate,0,1,0,0,,,Some traffic sharing,Mixed surface; Some climbing,"Difficulty: Moderate, because of some climbing.",5.3,21.3,8.6,3.7,2.5,5.1,10.5,0.2
gray-creek-bypass,BT700 Gray Creek Bypass,BT 700 Bikepacking,bt-700-bikepacking,http://www.bt700.ca/biggriz.html,Kootenay Rockies,Cranbrook; Creston,Central Kootenay,174.0,1991.0,11.4,Weekend or more,1.0,measured,0.9857,0.9946,112,2.49,none,0.13,0.0,173.85,0.95,0.0,0.0,6,osm,0,0,0,8,18,21,171.4,2,mostly,134,TRUE,2,,Ambitious,0,1,0,0,publisher,,Shares roads with traffic,Mostly paved; Some climbing,"Difficulty: Ambitious, because of the route publisher's own rating as a minimum, plus some climbing.",3.0,33.5,1.2,0.2,63.8,69.7,0.0,0.0
great-blue-heron-way,Great Blue Heron Way,Let's Go Biking,lets-go-biking,https://www.letsgobiking.net/shop/lets-go-biking-around-vancouver/,"Vancouver, Coast and Mountains",Beach Grove; Delta; Richmond; Tsawwassen,Greater Vancouver,8.0,,,Afternoon,1.0,measured,0.965,0.9796,13,0.28,none,0.0,0.0,7.87,0.16,0.0,0.0,71,osm,2,2,1,0,0,99,7.6,,,0,TRUE,0,,Easy,0,0,0,0,,,Low-traffic riding,Mostly gravel,Difficulty: Easy — no major climbing or rough surface.,5.1,1.8,0.0,0.1,0.0,0.0,0.7,0.0
great-divide-mountain-biking-route-gdmbr-official-route,Great Divide Mountain Bike Route (BC Only),Adventure Cycling Association,adventure-cycling-association,https://www.adventurecycling.org/routes-and-maps/adventure-cycling-route-network/great-divide-mountain-bike-route/,Kootenay Rockies,Elkford; Sparwood,Banff,307.0,3108.0,10.1,Expedition,1.0,measured,0.9907,0.9933,114,2.84,none,0.14,2.37,306.66,2.04,0.0,0.0,76,osm,2,2,2,27,68,43,302.2,,sections,52,TRUE,,,Challenging,1,2,0,2,,,Shares roads with traffic,Mostly gravel; Some climbing; Remote stretches,"Difficulty: Challenging, because of lots of climbing + long stretches far from services.",4.2,126.6,119.2,0.2,2.5,49.2,0.2,0.0
great-parks-north-geno,Great Parks North (BC Only),Adventure Cycling Association,adventure-cycling-association,https://www.adventurecycling.org/routes-and-maps/adventure-cycling-route-network/great-parks/,Kootenay Rockies,Canal Flats; Cokato; Copper Creek; Fairmont Hot Springs; Fernie; Fort Steele; Invermere; Radium Hot Springs; Sparwood; Vermilion Crossing; Windermere,Jasper,373.0,3252.0,8.7,Expedition,1.0,measured,0.9914,0.9976,146,3.19,none,0.22,0.79,373.34,0.9,0.0,0.0,1,osm,0,0,0,11,27,3,369.2,4,mostly,355,TRUE,,,Challenging,0,1,0,0,traffic,,Shares roads with traffic,Mostly paved; Some climbing; Remote stretches,"Difficulty: Challenging, because of a lot of riding on busier roads, plus some climbing.",4.7,3.3,1.6,3.0,123.1,232.0,1.4,0.0
green-necklace,Green Necklace,Let's Go Biking,lets-go-biking,https://www.letsgobiking.net/shop/lets-go-biking-around-vancouver/,"Vancouver, Coast and Mountains",Burnaby; North Vancouver; Vancouver; West Vancouver,North Vancouver,7.0,147.0,21.0,Afternoon,1.0,measured,0.9384,0.9908,28,0.42,none,0.0,0.0,5.43,0.05,0.0,0.0,0,osm,0,0,0,4,0,83,6.4,,,0,TRUE,0,,Ambitious,0,3,0,0,,,Low-traffic riding,Mostly paved; Max climbing,"Difficulty: Ambitious, because of punishing climbs.",3.6,1.7,1.1,0.0,0.0,0.0,0.0,0.0
green-timbers-park-greenway,Green Timbers Park + Greenway,Let's Go Biking,lets-go-biking,https://www.letsgobiking.net/shop/lets-go-biking-around-vancouver/,"Vancouver, Coast and Mountains",Coquitlam; Delta; Langley; Pitt Meadows; Port Coquitlam; Surrey,Surrey,11.0,66.0,6.0,Afternoon,1.0,measured,0.9556,0.9827,27,0.49,none,0.0,0.0,10.94,0.19,0.0,0.0,9,osm,0,0,0,7,0,100,10.3,,,0,TRUE,0,,Moderate,0,1,0,0,,,Low-traffic riding,Mostly paved; Some climbing,"Difficulty: Moderate, because of some climbing.",9.9,0.3,0.0,0.0,0.0,0.0,0.0,0.0
haida-gwaii-magic-mystery-and-mayhem,"Haida Gwaii: Magic, Mystery and Mayhem",Bike Gear Database,bike-gear-database,https://www.bikegeardatabase.com/stories/bikepacking-haida-gwaii,Northern British Columbia,Daajing Giids; Masset; Sandspit; Skidegate; Tlell,Haida Gwaii,510.0,5573.0,10.9,Expedition,1.0,measured,0.9665,0.996,197,17.07,none,0.0,0.0,402.44,1.6,10.48,0.0,35,osm,0,2,2,8,39,37,484.4,4,sections,235,TRUE,,,Challenging,1,1,0,0,traffic,,Shares roads with traffic,Mixed surface; Some climbing; Remote stretches,"Difficulty: Challenging, because of a lot of riding on busier roads, plus some loose surface.",4.1,159.7,70.3,0.0,32.8,202.6,15.0,0.0
harbour-loop,Harbour Loop,Let's Go Biking,lets-go-biking,https://www.letsgobiking.net/shop/lets-go-biking-around-vancouver/,"Vancouver, Coast and Mountains",Burnaby; North Vancouver; Vancouver; West Vancouver,Vancouver,30.0,,,Full day,1.0,measured,0.9283,0.9945,112,2.16,none,0.14,0.0,14.76,0.08,0.94,0.0,4,osm,0,0,0,0,0,99,21.4,,,0,TRUE,2,,Ambitious,0,0,0,0,publisher,,Low-traffic riding,Mostly paved,"Difficulty: Ambitious, because of the route publisher's own rating as a minimum.",18.0,3.3,0.2,0.0,0.0,0.0,0.0,0.0
iona-jetty,Iona Jetty,Let's Go Biking,lets-go-biking,https://www.letsgobiking.net/shop/lets-go-biking-around-vancouver/,"Vancouver, Coast and Mountains",Richmond; Vancouver,Richmond,26.0,5.0,0.2,Afternoon,1.0,measured,0.9769,0.9836,25,0.59,none,0.0,0.0,5.74,0.09,0.0,0.0,63,osm,2,2,1,0,0,90,21.2,,,0,TRUE,0,,Easy,0,0,0,0,,,Low-traffic riding,Mostly gravel; Gentle grades,Difficulty: Easy — no major climbing or rough surface.,18.1,0.9,2.2,0.0,0.0,0.0,0.0,0.0
isl-10,Pacific Spirit Loop,Let's Go Biking,lets-go-biking,https://www.letsgobiking.net/shop/lets-go-biking-vancouver-island-paperback/,Vancouver Island,Colwood; Esquimalt; Lake Cowichan; Langford; Metchosin; Oak Bay; Port Renfrew; River Jordan; Saanich; Sooke; Victoria; View Royal,,235.0,,,Weekend or more,1.0,publisher scope,0.9774,0.9877,262,5.43,none,0.0,0.0,235.62,2.9,1.22,0.0,30,osm,0,2,1,19,28,39,229.2,2,sections,101,TRUE,,,Ambitious,0,1,0,0,traffic,,Shares roads with traffic,Mixed surface; Remote stretches,"Difficulty: Ambitious, because of a lot of riding on busier roads, plus some climbing.",49.0,24.2,28.6,10.7,43.6,57.7,15.4,0.0
isl-11,Salish Sea Trail,Let's Go Biking,lets-go-biking,https://www.letsgobiking.net/shop/lets-go-biking-vancouver-island-paperback/,Vancouver Island,Central Saanich; Colwood; Esquimalt; Langford; Metchosin; North Saanich; Oak Bay; Saanich; Sidney; Sooke; Victoria; View Royal,,175.0,,,Weekend or more,1.0,publisher scope,0.9633,0.9835,344,7.05,none,0.0,0.0,190.77,3.16,1.22,0.0,34,osm,0,2,1,17,0,73,173.7,,,2,TRUE,,,Moderate,0,1,0,0,,,Some traffic sharing,Mixed surface,"Difficulty: Moderate, because of some climbing.",64.9,50.0,35.5,9.7,2.2,0.0,11.5,0.0
isl-12,Salt Spring Island,Let's Go Biking,lets-go-biking,https://www.letsgobiking.net/shop/lets-go-biking-vancouver-island-paperback/,Vancouver Island,Beaver Point; Fernwood; Fulford Harbour; Ganges; North Cowichan; Salt Spring Island,,50.0,,,Full day,1.0,publisher scope,0.9788,0.9997,45,1.14,none,0.0,0.0,51.33,0.01,0.31,0.0,3,osm,0,0,0,39,0,55,51.4,,sections,11,TRUE,,,Ambitious,0,2,0,0,,,Some traffic sharing,Mostly paved,"Difficulty: Ambitious, because of lots of climbing.",0.4,27.8,10.6,1.1,7.1,4.3,0.2,0.0
isl-13,Pender Islands,Let's Go Biking,lets-go-biking,https://www.letsgobiking.net/shop/lets-go-biking-vancouver-island-paperback/,Vancouver Island,Beaver Point; Ganges; Mayne Island; North Cowichan; Pender Island; Salt Spring Island; Saturna,,25.0,,,Afternoon,1.0,publisher scope,0.7886,0.9929,82,14.24,ferry,0.0,0.0,52.31,0.37,12.8,0.0,2,osm,0,0,0,12,0,36,51.2,,sections,4,TRUE,1,,Moderate,0,1,0,0,,,Shares roads with traffic,Mostly paved,"Difficulty: Moderate, because of some climbing.",0.0,18.2,29.3,0.0,0.0,3.8,0.0,0.0
isl-14,Mayne Island,Let's Go Biking,lets-go-biking,https://www.letsgobiking.net/shop/lets-go-biking-vancouver-island-paperback/,Vancouver Island,Galiano; Galiano Island; Mayne Island,,25.0,,,Afternoon,1.0,publisher scope,0.9743,,21,0.51,none,0.0,0.0,0.0,0.0,0.18,0.0,13,osm,0,2,0,14,0,31,18.8,,,0,TRUE,,,Moderate,0,1,0,0,,,Shares roads with traffic,Mostly paved,"Difficulty: Moderate, because of some climbing.",2.2,3.4,13.0,0.0,0.0,0.0,0.3,0.0
isl-15,Saturna Island,Let's Go Biking,lets-go-biking,https://www.letsgobiking.net/shop/lets-go-biking-vancouver-island-paperback/,Vancouver Island,Saturna,,50.0,,,Full day,1.0,publisher scope,0.9788,0.9918,26,0.53,none,0.0,0.0,24.44,0.2,0.12,0.0,19,osm,0,2,0,25,0,45,24.2,,,0,TRUE,1,,Ambitious,0,2,0,0,,,Some traffic sharing,Mixed surface,"Difficulty: Ambitious, because of lots of climbing.",1.0,10.0,13.3,0.0,0.0,0.0,0.0,0.0
isl-16,Galiano Island,Let's Go Biking,lets-go-biking,https://www.letsgobiking.net/shop/lets-go-biking-vancouver-island-paperback/,Vancouver Island,Fernwood; Galiano; Galiano Island; Mayne Island; North Galiano,,42.0,,,Full day,1.0,publisher scope,0.9773,0.9957,44,0.91,none,0.0,0.0,32.59,0.14,0.0,0.0,5,osm,0,0,0,37,0,14,35.6,,,0,TRUE,,,Ambitious,0,2,0,0,,,Shares roads with traffic,Mostly paved,"Difficulty: Ambitious, because of lots of climbing.",0.1,4.5,30.8,0.0,0.0,0.0,0.2,0.0
isl-17,Thetis Island,Let's Go Biking,lets-go-biking,https://www.letsgobiking.net/shop/lets-go-biking-vancouver-island-paperback/,Vancouver Island,,,30.0,,,Full day,1.0,publisher scope,0.9501,,34,0.65,none,0.0,0.0,0.0,0.0,0.29,0.0,6,osm,0,0,0,18,0,100,12.0,,,0,TRUE,,,Moderate,0,1,0,0,,,Low-traffic riding,Mostly paved,"Difficulty: Moderate, because of some climbing.",0.5,11.3,0.0,0.0,0.0,0.0,0.2,0.0
isl-18,Cowichan Valley Trail,Let's Go Biking,lets-go-biking,https://www.letsgobiking.net/shop/lets-go-biking-vancouver-island-paperback/,Vancouver Island,Cobble Hill; Cowichan Bay; Duncan; Lake Cowichan; Mill Bay; North Cowichan; Shawnigan Lake,,88.0,,,Full day,1.0,publisher scope,0.9735,0.9897,87,2.14,none,0.0,0.0,80.61,0.83,0.0,0.0,39,osm,0,1,1,10,0,50,75.8,,,8,TRUE,,,Moderate,0,1,0,0,,,Some traffic sharing,Mixed surface,"Difficulty: Moderate, because of some climbing.",25.4,11.4,20.3,9.3,6.9,1.4,1.1,0.0
isl-19,Shawnigan Lake & Cobble Hill,Let's Go Biking,lets-go-biking,https://www.letsgobiking.net/shop/lets-go-biking-vancouver-island-paperback/,Vancouver Island,Central Saanich; Cobble Hill; Cowichan Bay; Mill Bay; North Cowichan; North Saanich; Shawnigan Lake,,80.0,,,Full day,1.0,publisher scope,0.9757,0.9871,50,1.23,none,0.0,0.0,49.47,0.64,0.0,0.0,0,osm,0,0,0,3,0,10,49.5,,mostly,28,TRUE,,,Easy,0,0,0,0,,,Shares roads with traffic,Mostly paved,Difficulty: Easy — no major climbing or rough surface.,0.4,4.7,4.7,12.0,22.8,4.9,0.0,0.0
isl-2,Galloping Goose,Let's Go Biking,lets-go-biking,https://www.letsgobiking.net/shop/lets-go-biking-vancouver-island-paperback/,Vancouver Island,Colwood; Esquimalt; Langford; Metchosin; Oak Bay; Saanich; Sooke; Victoria; View Royal,,55.0,,,Full day,1.0,publisher scope,0.9584,0.9762,221,4.75,none,0.0,0.0,111.34,2.65,1.36,0.0,47,osm,0,2,1,13,0,84,103.1,,,2,TRUE,,,Moderate,0,1,0,0,,,Low-traffic riding,Mixed surface,"Difficulty: Moderate, because of some climbing.",56.8,21.8,11.8,2.4,2.2,0.0,8.0,0.0
isl-20,Duncan,Let's Go Biking,lets-go-biking,https://www.letsgobiking.net/shop/lets-go-biking-vancouver-island-paperback/,Vancouver Island,Duncan; North Cowichan,,20.0,,,Afternoon,1.0,publisher scope,0.9291,0.9883,29,0.69,none,0.0,0.0,9.74,0.11,0.0,0.0,11,osm,0,0,0,1,0,64,9.0,,,0,TRUE,,,Easy,0,0,0,0,,,Some traffic sharing,Mostly paved,Difficulty: Easy — no major climbing or rough surface.,1.0,4.8,3.3,0.0,0.0,0.0,0.0,0.0
isl-21,North Cowichan,Let's Go Biking,lets-go-biking,https://www.letsgobiking.net/shop/lets-go-biking-vancouver-island-paperback/,Vancouver Island,Cowichan Bay; Duncan; Ladysmith; North Cowichan,,27.0,,,Afternoon,1.0,publisher scope,0.9652,0.9916,130,3.24,none,0.0,0.0,88.55,0.74,0.0,0.0,2,osm,0,0,0,2,0,28,89.6,,sections,23,TRUE,,,Easy,0,0,0,0,,,Shares roads with traffic,Mostly paved,Difficulty: Easy — no major climbing or rough surface.,1.9,22.8,35.5,6.1,23.1,0.0,0.2,0.0
isl-22,Chemainus Rail Trail,Let's Go Biking,lets-go-biking,https://www.letsgobiking.net/shop/lets-go-biking-vancouver-island-paperback/,Vancouver Island,Ladysmith; North Cowichan,,19.0,,,Afternoon,1.0,publisher scope,0.9588,0.992,56,1.01,none,0.0,0.0,17.66,0.14,0.0,0.0,36,osm,0,1,1,2,0,73,23.4,,,3,TRUE,,,Easy,0,0,0,0,,,Some traffic sharing,Mixed surface,Difficulty: Easy — no major climbing or rough surface.,11.3,5.9,2.3,0.9,2.7,0.3,0.0,0.0
isl-23,Nanaimo South,Let's Go Biking,lets-go-biking,https://www.letsgobiking.net/shop/lets-go-biking-vancouver-island-paperback/,Vancouver Island,Cassidy; Cedar; Gabriola; Ladysmith; Nanaimo,,32.0,,,Full day,1.0,publisher scope,0.9601,0.9809,127,3.34,none,0.0,0.0,70.87,1.36,0.34,0.0,1,osm,0,0,0,6,0,34,77.3,,sections,18,TRUE,,,Easy,0,0,0,0,,,Shares roads with traffic,Mostly paved,Difficulty: Easy — no major climbing or rough surface.,2.0,19.6,12.7,21.0,11.2,6.3,4.5,0.0
isl-24,Nanaimo,Let's Go Biking,lets-go-biking,https://www.letsgobiking.net/shop/lets-go-biking-vancouver-island-paperback/,Vancouver Island,Nanaimo,,30.0,,,Full day,1.0,publisher scope,0.9478,0.9876,147,4.13,none,0.0,0.0,68.29,0.85,0.0,0.0,4,osm,0,0,0,9,0,77,67.9,,,1,TRUE,,,Easy,0,0,0,0,,,Low-traffic riding,Mostly paved,Difficulty: Easy — no major climbing or rough surface.,40.5,8.9,8.7,6.7,0.5,0.1,2.6,0.0
isl-25,Gabriola Island,Let's Go Biking,lets-go-biking,https://www.letsgobiking.net/shop/lets-go-biking-vancouver-island-paperback/,Vancouver Island,Gabriola; Nanaimo,,45.0,,,Full day,1.0,publisher scope,0.9606,0.9903,35,1.49,none,0.0,0.0,34.97,0.34,0.37,0.0,24,osm,0,2,1,8,0,61,35.8,,,0,TRUE,,,Easy,0,0,0,0,,,Some traffic sharing,Mixed surface,Difficulty: Easy — no major climbing or rough surface.,3.0,14.1,13.9,0.0,0.0,0.0,4.8,0.0
isl-26,Nanaimo North,Let's Go Biking,lets-go-biking,https://www.letsgobiking.net/shop/lets-go-biking-vancouver-island-paperback/,Vancouver Island,Nanaimo,,60.0,,,Full day,1.0,publisher scope,0.9443,0.9902,139,2.74,none,0.0,0.0,46.25,0.45,0.11,0.0,2,osm,0,0,0,11,0,63,40.9,,,1,TRUE,,,Moderate,0,1,0,0,,,Some traffic sharing,Mostly paved,"Difficulty: Moderate, because of some climbing.",15.1,10.3,9.1,5.2,0.8,0.0,0.4,0.0
isl-27,Nanoose Bay - Parksville,Let's Go Biking,lets-go-biking,https://www.letsgobiking.net/shop/lets-go-biking-vancouver-island-paperback/,Vancouver Island,Coombs; Errington; Nanaimo; Nanoose Bay; Parksville; Qualicum Beach,,40.0,,,Full day,1.0,publisher scope,0.9643,0.9928,82,2.3,none,0.0,0.0,63.48,0.46,0.0,0.0,3,osm,0,0,0,12,0,40,58.7,,sections,15,TRUE,,,Moderate,0,1,0,0,,,Shares roads with traffic,Mostly paved,"Difficulty: Moderate, because of some climbing.",0.3,20.1,17.8,1.7,10.2,5.2,3.3,0.0
isl-28,Parksville - Qualicum Beach,Let's Go Biking,lets-go-biking,https://www.letsgobiking.net/shop/lets-go-biking-vancouver-island-paperback/,Vancouver Island,Coombs; Errington; Parksville; Qualicum Beach,,32.0,,,Full day,1.0,publisher scope,0.9479,0.9892,93,2.26,none,0.06,0.0,43.04,0.46,0.0,0.0,9,osm,0,0,0,1,0,73,39.3,,,0,TRUE,,,Easy,0,0,0,0,,,Some traffic sharing,Mostly paved,Difficulty: Easy — no major climbing or rough surface.,5.2,23.6,7.2,2.9,0.5,0.0,0.0,0.0
isl-29,Rathtrevor Park - Top Bridge Trail,Let's Go Biking,lets-go-biking,https://www.letsgobiking.net/shop/lets-go-biking-vancouver-island-paperback/,Vancouver Island,Parksville,,30.0,,,Full day,1.0,publisher scope,0.9499,0.9838,55,1.4,none,0.0,0.0,26.7,0.43,0.0,0.0,18,osm,0,2,0,18,0,43,19.0,,,3,TRUE,,,Moderate,0,1,0,0,,,Shares roads with traffic,Mixed surface,"Difficulty: Moderate, because of some climbing.",0.4,7.1,6.4,1.2,3.1,0.2,0.6,0.0
isl-3,Lochside Trail,Let's Go Biking,lets-go-biking,https://www.letsgobiking.net/shop/lets-go-biking-vancouver-island-paperback/,Vancouver Island,Central Saanich; Esquimalt; North Saanich; Oak Bay; Saanich; Sidney; Victoria; View Royal,,29.0,,,Afternoon,1.0,publisher scope,0.9629,0.9901,72,1.39,none,0.0,0.0,37.41,0.37,0.0,0.0,8,osm,0,0,0,0,0,76,33.9,,,0,TRUE,,,Easy,0,0,0,0,,,Low-traffic riding,Mostly paved,Difficulty: Easy — no major climbing or rough surface.,11.4,14.2,6.2,2.1,0.0,0.0,0.0,0.0
isl-30,Qualicum River Trails,Let's Go Biking,lets-go-biking,https://www.letsgobiking.net/shop/lets-go-biking-vancouver-island-paperback/,Vancouver Island,Bowser; Qualicum Bay,,32.0,,,Full day,1.0,publisher scope,0.9817,0.9977,29,0.86,none,0.0,0.0,44.69,0.1,0.0,0.0,44,osm,0,3,2,20,0,51,46.2,,sections,20,TRUE,,,Ambitious,1,1,0,0,,,Some traffic sharing,Mixed surface; Chunky gravel,"Difficulty: Ambitious, because of some loose surface + some climbing.",0.0,12.9,2.0,0.3,7.8,12.5,10.8,0.0
isl-31,Port Alberni,Let's Go Biking,lets-go-biking,https://www.letsgobiking.net/shop/lets-go-biking-vancouver-island-paperback/,Vancouver Island,Cherry Creek; Port Alberni,,20.0,,,Afternoon,1.0,publisher scope,0.9579,0.9864,47,1.25,none,0.0,0.0,23.45,0.32,0.3,0.0,36,osm,0,3,2,22,0,70,26.1,,,5,TRUE,1,,Ambitious,1,1,0,0,,,Some traffic sharing,Mixed surface; Chunky gravel,"Difficulty: Ambitious, because of some loose surface + some climbing.",6.0,4.6,2.8,0.0,4.8,0.1,7.7,0.0
isl-32,Log Train Trail - Sproat Lake,Let's Go Biking,lets-go-biking,https://www.letsgobiking.net/shop/lets-go-biking-vancouver-island-paperback/,Vancouver Island,Cherry Creek; Port Alberni; Sproat Lake,,42.0,,,Full day,1.0,publisher scope,0.973,0.9959,73,1.68,none,0.0,0.0,62.02,0.25,0.0,0.0,35,osm,0,2,2,17,0,54,60.3,,sections,3,TRUE,,,Ambitious,1,1,0,0,,,Some traffic sharing,Mixed surface,"Difficulty: Ambitious, because of some loose surface + some climbing.",0.5,25.7,24.8,0.2,0.9,2.1,6.1,0.0
isl-33,Tofino - Ucluelet (apsciik tasii),Let's Go Biking,lets-go-biking,https://www.letsgobiking.net/shop/lets-go-biking-vancouver-island-paperback/,Vancouver Island,Tlakmaqis; Tofino; Ucluelet,,50.0,,,Full day,1.0,publisher scope,0.9771,0.9963,59,1.49,none,0.0,0.0,44.93,0.17,0.0,0.0,2,osm,0,0,0,4,0,92,59.8,,sections,2,TRUE,0,,Easy,0,0,0,0,,,Low-traffic riding,Mostly paved,Difficulty: Easy — no major climbing or rough surface.,44.3,9.9,2.2,0.5,0.0,2.3,0.7,0.0
isl-34,Qualicum Bay - Royston - Denman Island,Let's Go Biking,lets-go-biking,https://www.letsgobiking.net/shop/lets-go-biking-vancouver-island-paperback/,Vancouver Island,Bowser; Comox; Courtenay; Cumberland; Denman Island; Hornby Island; Qualicum Bay; Royston; Union Bay,,77.0,,,Full day,1.0,publisher scope,0.9734,0.9883,88,3.14,none,0.0,0.0,107.78,1.26,0.21,0.0,1,osm,0,0,0,1,0,30,113.6,2,mostly,66,TRUE,,,Ambitious,0,0,0,0,traffic,,Shares roads with traffic,Mostly paved,"Difficulty: Ambitious, because of a lot of riding on busier roads.",0.1,24.0,0.1,14.0,9.5,56.1,9.6,0.0
isl-35,Hornby Island,Let's Go Biking,lets-go-biking,https://www.letsgobiking.net/shop/lets-go-biking-vancouver-island-paperback/,Vancouver Island,Hornby Island,,35.0,,,Full day,1.0,publisher scope,0.9799,0.9975,35,0.68,none,0.0,0.0,18.46,0.05,0.16,0.0,11,osm,0,2,2,6,0,100,30.7,,,0,TRUE,,,Moderate,1,0,0,0,,,Low-traffic riding,Mostly paved,"Difficulty: Moderate, because of some loose surface.",0.0,20.5,0.0,0.0,0.0,0.0,10.2,0.0
isl-36,Courtenay Riverway - Royston Seaside Trail,Let's Go Biking,lets-go-biking,https://www.letsgobiking.net/shop/lets-go-biking-vancouver-island-paperback/,Vancouver Island,Comox; Courtenay; Cumberland; Royston,,15.0,,,Afternoon,1.0,publisher scope,0.9358,0.99,39,0.72,none,0.0,0.0,10.73,0.11,0.0,0.0,30,osm,0,1,1,4,0,76,9.8,,,0,TRUE,,,Easy,0,0,0,0,,,Low-traffic riding,Mixed surface,Difficulty: Easy — no major climbing or rough surface.,7.0,0.4,2.3,0.0,0.0,0.0,0.1,0.0
isl-37,One Spot Trail,Let's Go Biking,lets-go-biking,https://www.letsgobiking.net/shop/lets-go-biking-vancouver-island-paperback/,Vancouver Island,Comox; Courtenay; Cumberland; Grantham,,25.0,,,Afternoon,1.0,publisher scope,0.9719,0.9819,53,1.59,none,0.0,0.0,56.69,1.03,0.0,0.0,29,osm,0,2,1,4,0,46,51.0,,sections,12,TRUE,,,Easy,0,0,0,0,,,Some traffic sharing,Mixed surface,Difficulty: Easy — no major climbing or rough surface.,4.8,6.8,3.0,12.2,7.3,5.0,11.9,0.0
isl-38,Miracle Beach - Williams Beach,Let's Go Biking,lets-go-biking,https://www.letsgobiking.net/shop/lets-go-biking-vancouver-island-paperback/,Vancouver Island,Black Creek; Courtenay; Grantham; Little River; Oyster River; Saratoga Beach,,70.0,,,Full day,1.0,publisher scope,0.9735,0.997,30,1.5,none,0.0,0.0,56.55,0.17,0.0,0.0,23,osm,0,2,1,4,0,68,55.1,,sections,12,TRUE,,,Easy,0,0,0,0,,,Some traffic sharing,Mixed surface,Difficulty: Easy — no major climbing or rough surface.,0.0,27.0,3.0,2.4,0.0,12.2,10.4,0.0
isl-39,Cumberland - West Courtenay,Let's Go Biking,lets-go-biking,https://www.letsgobiking.net/shop/lets-go-biking-vancouver-island-paperback/,Vancouver Island,Comox; Courtenay; Cumberland; Royston,,26.0,,,Afternoon,1.0,publisher scope,0.9606,0.9858,92,1.92,none,0.0,0.0,48.75,0.69,0.0,0.0,31,osm,0,2,2,22,0,36,44.6,,sections,7,TRUE,,,Ambitious,1,1,0,0,,,Shares roads with traffic,Mixed surface,"Difficulty: Ambitious, because of some loose surface + some climbing.",2.8,7.0,15.2,6.2,3.7,3.3,6.3,0.0
isl-4,Victoria,Let's Go Biking,lets-go-biking,https://www.letsgobiking.net/shop/lets-go-biking-vancouver-island-paperback/,Vancouver Island,Colwood; Esquimalt; Oak Bay; Saanich; Victoria; View Royal,,20.0,,,Afternoon,1.0,publisher scope,0.9273,0.992,55,0.9,none,0.0,0.0,9.88,0.08,1.19,0.0,0,osm,0,0,0,0,0,76,9.7,,,0,TRUE,,,Easy,0,0,0,0,,,Low-traffic riding,Mostly paved,Difficulty: Easy — no major climbing or rough surface.,6.1,1.2,2.2,0.1,0.0,0.0,0.0,0.0
isl-40,Comox Valley Circle,Let's Go Biking,lets-go-biking,https://www.letsgobiking.net/shop/lets-go-biking-vancouver-island-paperback/,Vancouver Island,Comox; Courtenay; Cumberland; Grantham; Lazo; Little River; Royston,,65.0,,,Full day,1.0,publisher scope,0.9617,0.9884,116,2.43,none,0.0,0.0,54.74,0.63,0.0,0.0,0,osm,0,0,0,1,0,37,59.9,,sections,22,TRUE,2,,Ambitious,0,0,0,0,publisher,,Shares roads with traffic,Mostly paved,"Difficulty: Ambitious, because of the route publisher's own rating as a minimum.",3.9,16.4,11.1,5.0,8.5,13.5,1.6,0.0
isl-41,East Courtenay - Comox,Let's Go Biking,lets-go-biking,https://www.letsgobiking.net/shop/lets-go-biking-vancouver-island-paperback/,Vancouver Island,Comox; Courtenay; Cumberland; Grantham; Lazo; Little River; Royston,,36.0,,,Full day,1.0,publisher scope,0.9416,0.9843,139,4.25,none,0.0,0.0,63.3,0.99,0.0,0.0,2,osm,0,0,0,4,0,48,66.2,,sections,16,TRUE,,,Easy,0,0,0,0,,,Some traffic sharing,Mostly paved,Difficulty: Easy — no major climbing or rough surface.,2.7,26.4,16.2,2.3,0.9,14.9,2.8,0.0
isl-42,Elk Falls,Let's Go Biking,lets-go-biking,https://www.letsgobiking.net/shop/lets-go-biking-vancouver-island-paperback/,Vancouver Island,Campbell River; Quathiaski Cove; Quinsam,,100.0,,,Weekend or more,1.0,publisher scope,0.9217,0.9917,35,1.13,none,0.0,0.0,14.39,0.12,0.0,0.0,10,osm,0,2,0,23,0,67,12.4,,,1,TRUE,,,Moderate,0,1,0,0,,,Some traffic sharing,Mostly paved,"Difficulty: Moderate, because of some climbing.",0.5,6.3,0.1,2.8,0.0,1.2,1.5,0.0
isl-43,Frog Greenways Loop,Let's Go Biking,lets-go-biking,https://www.letsgobiking.net/shop/lets-go-biking-vancouver-island-paperback/,Vancouver Island,Campbell River; Quathiaski Cove; Quinsam,,28.0,,,Afternoon,1.0,publisher scope,0.9496,0.9688,21,0.77,none,0.0,0.0,12.52,0.39,0.51,0.0,0,osm,0,0,0,0,0,56,12.9,,,0,TRUE,,,Easy,0,0,0,0,,,Some traffic sharing,Mostly paved,Difficulty: Easy — no major climbing or rough surface.,5.6,1.7,3.3,2.3,0.0,0.0,0.0,0.0
isl-44,Quadra Island,Let's Go Biking,lets-go-biking,https://www.letsgobiking.net/shop/lets-go-biking-vancouver-island-paperback/,Vancouver Island,Campbell River; Heriot Bay; Mansons Landing; Quathiaski Cove,,30.0,,,Full day,1.0,publisher scope,0.7541,0.9971,37,13.34,ferry,0.0,0.0,32.07,0.09,12.87,0.0,19,osm,0,2,2,37,0,54,38.5,,,6,TRUE,,,Ambitious,1,2,0,0,,,Some traffic sharing,Mixed surface,"Difficulty: Ambitious, because of lots of climbing + some loose surface.",0.0,15.7,8.9,2.7,6.0,0.0,5.3,0.0
isl-45,Cortes Island,Let's Go Biking,lets-go-biking,https://www.letsgobiking.net/shop/lets-go-biking-vancouver-island-paperback/,Vancouver Island,Mansons Landing,,50.0,,,Full day,1.0,publisher scope,0.9827,0.9934,25,0.68,none,0.12,0.0,38.95,0.26,0.01,0.0,17,osm,0,2,2,77,0,53,38.1,,sections,15,TRUE,,,Challenging,1,3,0,0,,,Some traffic sharing,Mixed surface,"Difficulty: Challenging, because of punishing climbs + some loose surface.",0.0,15.0,0.0,2.5,15.4,0.0,5.1,0.0
isl-46,Alice Lake + Holberg Loops,Let's Go Biking,lets-go-biking,https://www.letsgobiking.net/shop/lets-go-biking-vancouver-island-paperback/,Vancouver Island,Elephant Crossing; Port Hardy; Port Mcneill,,128.0,,,Weekend or more,1.0,publisher scope,0.9882,0.9917,50,1.04,none,0.0,0.0,84.38,0.7,0.0,0.0,67,osm,2,2,2,26,27,64,86.1,,sections,26,TRUE,2,,Ambitious,1,2,0,0,,,Some traffic sharing,Mostly gravel; Remote stretches,"Difficulty: Ambitious, because of lots of climbing + some loose surface.",0.0,52.5,5.5,0.0,0.0,25.9,2.2,0.0
isl-47,Port McNeill - Telegraph Cove,Let's Go Biking,lets-go-biking,https://www.letsgobiking.net/shop/lets-go-biking-vancouver-island-paperback/,Vancouver Island,Alert Bay; Port Mcneill; Telegraph Cove,,60.0,,,Full day,1.0,publisher scope,0.9793,0.989,32,1.09,none,0.0,0.0,46.99,0.52,0.01,0.0,2,osm,0,0,0,21,0,17,50.4,,sections,12,TRUE,,,Moderate,0,1,0,0,,,Shares roads with traffic,Mostly paved,"Difficulty: Moderate, because of some climbing.",0.0,5.0,30.1,0.0,0.2,11.5,3.6,0.0
isl-48,Port Hardy,Let's Go Biking,lets-go-biking,https://www.letsgobiking.net/shop/lets-go-biking-vancouver-island-paperback/,Vancouver Island,Port Hardy,,26.0,,,Afternoon,1.0,publisher scope,0.9648,0.9834,42,1.04,none,0.0,0.0,25.56,0.42,0.03,0.0,17,osm,0,2,0,0,0,53,28.4,,sections,4,TRUE,,,Easy,0,0,0,0,,,Some traffic sharing,Mixed surface,Difficulty: Easy — no major climbing or rough surface.,3.4,8.1,9.4,0.0,0.3,3.7,3.5,0.0
isl-49,Malcolm Island,Let's Go Biking,lets-go-biking,https://www.letsgobiking.net/shop/lets-go-biking-vancouver-island-paperback/,Vancouver Island,Alert Bay; Port Mcneill; Sointula,,90.0,,,Full day,1.0,publisher scope,0.974,0.9961,41,1.02,none,0.0,0.0,32.67,0.13,0.43,0.0,74,osm,2,2,2,29,0,100,38.1,,,0,TRUE,,,Ambitious,1,2,0,0,,,Low-traffic riding,Mostly gravel,"Difficulty: Ambitious, because of lots of climbing + some loose surface.",0.0,35.9,0.0,0.0,0.0,0.0,2.2,0.0
isl-5,Seaside Loop,Let's Go Biking,lets-go-biking,https://www.letsgobiking.net/shop/lets-go-biking-vancouver-island-paperback/,Vancouver Island,Central Saanich; Colwood; Esquimalt; Langford; Metchosin; North Saanich; Oak Bay; Saanich; Sidney; Sooke; Victoria; View Royal,,40.0,,,Full day,1.0,publisher scope,0.9561,0.9792,356,7.43,none,0.0,0.0,165.9,3.45,1.77,0.0,35,osm,0,1,1,9,0,76,153.1,,,2,TRUE,,,Easy,0,0,0,0,,,Low-traffic riding,Mixed surface,Difficulty: Easy — no major climbing or rough surface.,67.6,41.0,25.1,9.4,2.2,0.0,7.8,0.0
isl-50,Alert Bay - Cormorant Island,Let's Go Biking,lets-go-biking,https://www.letsgobiking.net/shop/lets-go-biking-vancouver-island-paperback/,Vancouver Island,Alert Bay,,8.0,,,Afternoon,1.0,publisher scope,0.9477,,6,0.1,none,0.0,0.0,0.0,0.0,0.18,0.0,,,,,,,,,,,,,FALSE,,,,,,,,,,,,,0.1,1.1,0.0,0.0,0.0,0.0,0.7,0.0
isl-51,North Sunshine Coast,Let's Go Biking,lets-go-biking,https://www.letsgobiking.net/shop/lets-go-biking-vancouver-island-paperback/,"Vancouver, Coast and Mountains",Cranberry; Lang Bay; Lund; Powell River; Stillwater,,180.0,,,Weekend or more,1.0,publisher scope,0.9792,0.9919,136,4.01,none,0.0,0.0,191.98,1.55,0.0,0.0,20,osm,2,2,2,41,0,78,186.8,,sections,39,TRUE,,,Ambitious,1,2,0,0,,,Low-traffic riding,Mixed surface,"Difficulty: Ambitious, because of lots of climbing + some loose surface.",3.3,34.0,2.0,0.0,4.5,34.3,108.7,0.0
isl-52,Texada Island • Savary Island,Let's Go Biking,lets-go-biking,https://www.letsgobiking.net/shop/lets-go-biking-vancouver-island-paperback/,"Vancouver, Coast and Mountains",Lund; Powell River,,100.0,,,Weekend or more,1.0,publisher scope,0.9827,0.9944,51,1.57,none,0.0,0.0,68.52,0.38,0.0,0.0,60,osm,2,3,2,39,0,74,88.6,,,1,TRUE,,,Ambitious,1,2,0,0,,,Some traffic sharing,Mostly gravel; Chunky gravel,"Difficulty: Ambitious, because of lots of climbing + some loose surface.",0.0,42.3,22.1,0.0,0.0,1.3,22.9,0.0
isl-53,Tiskwat • Powell River,Let's Go Biking,lets-go-biking,https://www.letsgobiking.net/shop/lets-go-biking-vancouver-island-paperback/,"Vancouver, Coast and Mountains",Cranberry; Powell River,,16.0,,,Afternoon,1.0,publisher scope,0.9508,0.987,59,1.24,none,0.0,0.0,24.87,0.32,0.0,0.0,9,osm,0,1,0,21,0,62,23.6,,,0,TRUE,,,Moderate,0,1,0,0,,,Some traffic sharing,Mostly paved,"Difficulty: Moderate, because of some climbing.",0.3,10.7,8.4,0.1,0.0,0.3,3.7,0.0
isl-54,Egmont to Secret Cove,Let's Go Biking,lets-go-biking,https://www.letsgobiking.net/shop/lets-go-biking-vancouver-island-paperback/,"Vancouver, Coast and Mountains",Egmont; Madeira Park,,36.0,,,Full day,1.0,publisher scope,0.977,0.9989,86,1.99,none,0.0,0.0,77.11,0.08,0.0,0.0,37,osm,0,3,2,45,0,58,81.8,,sections,24,TRUE,,,Challenging,1,3,0,0,,,Some traffic sharing,Mixed surface; Chunky gravel,"Difficulty: Challenging, because of punishing climbs + some loose surface.",3.8,5.3,9.6,0.0,0.0,24.5,38.7,0.0
isl-55,Sechelt • Halfmoon Bay,Let's Go Biking,lets-go-biking,https://www.letsgobiking.net/shop/lets-go-biking-vancouver-island-paperback/,"Vancouver, Coast and Mountains",Sechelt,,50.0,,,Full day,1.0,publisher scope,0.9534,0.9826,70,2.11,none,0.05,0.0,38.51,0.67,0.0,0.0,15,osm,0,2,0,25,0,47,40.2,,,0,TRUE,,,Ambitious,0,2,0,0,,,Some traffic sharing,Mixed surface,"Difficulty: Ambitious, because of lots of climbing.",0.0,14.4,20.9,0.4,0.0,0.0,4.5,0.0
isl-56,Sunshine Coast South,Let's Go Biking,lets-go-biking,https://www.letsgobiking.net/shop/lets-go-biking-vancouver-island-paperback/,"Vancouver, Coast and Mountains",Gibsons; Roberts Creek; Sechelt,,55.0,,,Full day,1.0,publisher scope,0.9413,0.9835,71,1.83,none,0.04,0.0,21.46,0.35,0.0,0.0,3,osm,0,0,0,15,0,48,28.9,,sections,5,TRUE,,,Moderate,0,1,0,0,,,Some traffic sharing,Mostly paved,"Difficulty: Moderate, because of some climbing.",2.1,10.5,10.0,0.1,0.0,4.9,1.2,0.0
isl-57,Gibsons,Let's Go Biking,lets-go-biking,https://www.letsgobiking.net/shop/lets-go-biking-vancouver-island-paperback/,"Vancouver, Coast and Mountains",Gibsons; Roberts Creek; Sechelt,,55.0,,,Full day,1.0,publisher scope,0.9579,0.9869,146,3.7,none,0.04,0.0,71.43,0.94,0.0,0.0,6,osm,0,0,0,20,0,35,83.3,,sections,35,TRUE,,,Moderate,0,1,0,0,,,Shares roads with traffic,Mostly paved,"Difficulty: Moderate, because of some climbing.",2.4,22.7,19.1,0.7,29.0,5.7,3.8,0.0
isl-58,Goin' to Bowen (Bowen Island),Let's Go Biking,lets-go-biking,https://www.letsgobiking.net/shop/lets-go-biking-vancouver-island-paperback/,"Vancouver, Coast and Mountains",Bowen Island; West Vancouver,,32.0,,,Full day,1.0,publisher scope,0.9581,0.9771,65,1.24,none,0.0,0.0,26.18,0.6,0.12,0.0,14,osm,0,0,0,31,0,56,26.5,,,0,TRUE,,,Ambitious,0,2,0,0,,,Some traffic sharing,Mostly paved,"Difficulty: Ambitious, because of lots of climbing.",4.1,7.0,11.7,0.0,0.0,0.0,3.8,0.0
isl-6,Glen Lake / Royal Roads / Metchosin,Let's Go Biking,lets-go-biking,https://www.letsgobiking.net/shop/lets-go-biking-vancouver-island-paperback/,Vancouver Island,Colwood; Esquimalt; Langford; Metchosin; Saanich; Sooke; View Royal,,24.0,,,Afternoon,1.0,publisher scope,0.951,0.9893,87,1.47,none,0.0,0.0,29.94,0.32,0.0,0.0,35,osm,0,2,1,28,0,71,24.2,,,0,TRUE,,,Ambitious,0,2,0,0,,,Some traffic sharing,Mixed surface,"Difficulty: Ambitious, because of lots of climbing.",6.5,6.6,7.0,0.0,0.0,0.0,4.1,0.0
isl-7,E&N Loops / Esquimalt / View Royal,Let's Go Biking,lets-go-biking,https://www.letsgobiking.net/shop/lets-go-biking-vancouver-island-paperback/,Vancouver Island,Colwood; Esquimalt; Langford; Metchosin; Oak Bay; Saanich; Sooke; Victoria; View Royal,,46.0,,,Full day,1.0,publisher scope,0.9553,0.9789,267,6.06,none,0.0,0.0,127.99,2.7,3.42,0.0,42,osm,0,2,1,11,0,85,121.7,,,2,TRUE,,,Moderate,0,1,0,0,,,Low-traffic riding,Mixed surface,"Difficulty: Moderate, because of some climbing.",70.4,24.7,13.9,2.4,2.2,0.0,8.0,0.0
isl-8,Saanich Centennial Trails,Let's Go Biking,lets-go-biking,https://www.letsgobiking.net/shop/lets-go-biking-vancouver-island-paperback/,Vancouver Island,Central Saanich; Colwood; Esquimalt; North Saanich; Oak Bay; Saanich; Sidney; Victoria; View Royal,,45.0,,,Full day,1.0,publisher scope,0.9582,0.9904,178,3.42,none,0.0,0.0,81.93,0.79,0.0,0.0,12,osm,0,0,0,1,0,63,74.1,,sections,2,TRUE,,,Easy,0,0,0,0,,,Some traffic sharing,Mostly paved,Difficulty: Easy — no major climbing or rough surface.,21.8,24.6,17.7,7.8,0.0,2.2,0.0,0.0
isl-9,North Saanich,Let's Go Biking,lets-go-biking,https://www.letsgobiking.net/shop/lets-go-biking-vancouver-island-paperback/,Vancouver Island,Central Saanich; Colwood; Esquimalt; North Saanich; Oak Bay; Saanich; Sidney; Victoria; View Royal,,60.0,,,Full day,1.0,publisher scope,0.9656,0.9894,177,4.07,none,0.0,0.0,114.38,1.21,0.14,0.0,6,osm,0,0,0,3,0,52,108.1,,,0,TRUE,,,Easy,0,0,0,0,,,Some traffic sharing,Mostly paved,Difficulty: Easy — no major climbing or rough surface.,32.7,21.1,40.1,11.7,0.0,0.3,2.2,0.0
jeune-landing-loop,Jeune Landing Loop,bikepacking.com,bikepacking-com,https://bikepacking.com/routes/jeune-landing-loop/,Vancouver Island,Port Mcneill,Port Mcneill,134.0,2128.0,15.9,Weekend or more,1.0,measured,0.994,0.9969,38,0.81,none,0.0,0.67,124.43,0.38,0.0,0.0,92,osm,2,2,2,18,0,91,133.2,,,9,TRUE,1,0,Ambitious,1,2,0,0,,,Low-traffic riding,Almost all gravel; Lots of climbing,"Difficulty: Ambitious, because of lots of climbing + some loose surface.",0.0,121.1,3.2,0.0,7.4,1.3,0.2,0.0
kalso,BT700 Kaslo,BT 700 Bikepacking,bt-700-bikepacking,http://www.bt700.ca/biggriz.html,Kootenay Rockies,Kaslo; Mirror Lake; New Denver,New Denver,85.0,2103.0,24.7,Full day,1.0,measured,0.9808,0.9948,85,1.63,none,0.0,0.0,84.93,0.44,0.04,0.0,57,osm,0,2,2,21,0,62,82.8,,sections,30,TRUE,2,,Challenging,1,3,0,0,,,Some traffic sharing,Mostly gravel; Max climbing,"Difficulty: Challenging, because of punishing climbs + some loose surface.",24.6,16.3,0.0,1.1,0.8,29.6,10.3,0.0
kettle-valley-railway-midway-loop,Kettle Valley Railway Midway Loop,Bikepack Canada,bikepack-canada,https://www.bikepack.ca/routes/kettle-valley-midway-loop,Thompson Okanagan,,Midway,352.0,3369.0,9.6,Expedition,1.0,measured,0.9857,0.9944,227,5.02,none,0.0,0.0,351.92,1.96,0.0,0.0,57,osm,0,3,3,8,16,72,341.1,,sections,72,TRUE,,,Ambitious,2,1,0,0,,,Some traffic sharing,Mostly gravel; Chunky gravel; Some climbing,"Difficulty: Ambitious, because of chunky surface + some climbing.",166.4,44.7,22.2,0.8,13.5,58.2,35.4,0.0
kootenay-confluence,Kootenay Confluence (BC Only),bikepacking.com,bikepacking-com,https://bikepacking.com/routes/kootenay-confluence/,Kootenay Rockies; Thompson Okanagan,Grand Forks; Nelson; Salmo; Slocan,Nelson,473.0,7370.0,15.6,Expedition,1.0,measured,0.9875,0.9947,217,5.89,none,1.04,0.2,472.63,2.48,0.74,0.0,71,osm,2,2,2,24,36,80,466.9,,sections,57,TRUE,2,1,Ambitious,1,2,0,0,,,Low-traffic riding,Mostly gravel; Lots of climbing; Remote stretches,"Difficulty: Ambitious, because of lots of climbing + some loose surface.",85.8,257.1,28.2,8.0,11.0,46.2,30.7,0.0
kootenay-flathead-fandango,Kootenay Flathead Fandango,Bikepack Canada,bikepack-canada,https://www.bikepack.ca/routes/kootenayflathead-fandango,Kootenay Rockies,,Fernie,547.0,9268.0,16.9,Expedition,1.0,measured,0.9755,0.9842,250,13.39,none,0.65,2.31,544.62,8.62,2.25,0.0,54,osm,2,2,2,21,29,37,531.8,,sections,80,TRUE,,,Ambitious,1,2,0,0,,,Shares roads with traffic,Mostly gravel; Lots of climbing; Remote stretches,"Difficulty: Ambitious, because of lots of climbing + some loose surface.",79.7,109.5,251.7,3.1,25.4,54.4,7.9,0.0
kootenay-miller-pass,Kootenay-Miller Pass,Bikepack Canada,bikepack-canada,https://www.bikepack.ca/routes/kootenay-miller-pass,Kootenay Rockies,,Regional District of East Kootenay,79.0,1377.0,17.4,Full day,1.0,measured,0.9897,0.9939,29,0.81,none,0.43,2.13,79.23,0.49,0.0,0.0,84,osm,2,3,2,26,43,66,78.3,,,0,TRUE,2,,Challenging,1,2,0,1,,,Some traffic sharing,Mostly gravel; Chunky gravel; Lots of climbing; Remote stretches,"Difficulty: Challenging, because of lots of climbing + some loose surface.",0.0,37.5,26.8,0.0,0.0,0.0,13.9,0.0
lac-du-bois-tranquility-kamloops1,"Lac du Bois Tranquility, Kamloops",bikepacking.com,bikepacking-com,https://bikepacking.com/routes/lac-du-bois-tranquility/,Thompson Okanagan,Kamloops; Vidette,Kamloops,229.0,4207.0,18.4,Weekend or more,1.0,measured,0.99,0.9965,95,2.29,none,0.8,1.71,228.61,0.81,0.0,0.0,82,osm,2,3,2,50,21,93,223.4,,sections,14,TRUE,2,0,Challenging,1,3,0,0,,,Low-traffic riding,Mostly gravel; Chunky gravel; Lots of climbing; Remote stretches,"Difficulty: Challenging, because of punishing climbs + some loose surface.",6.7,201.1,1.0,0.2,9.6,4.8,0.0,0.0
ladner-loop-de-doop,Ladner Loop-de-Doop,Let's Go Biking,lets-go-biking,https://www.letsgobiking.net/shop/lets-go-biking-around-vancouver/,"Vancouver, Coast and Mountains",Beach Grove; Delta; Richmond; Tsawwassen,Delta,34.0,5.0,0.1,Full day,1.0,measured,0.9628,0.9824,73,1.28,none,0.0,0.0,29.01,0.51,0.0,0.0,26,osm,0,2,1,0,0,74,30.9,,,0,TRUE,0,,Easy,0,0,0,0,,,Some traffic sharing,Mixed surface; Gentle grades,Difficulty: Easy — no major climbing or rough surface.,11.5,11.0,7.3,0.6,0.2,0.0,0.4,0.0
lakes-and-hot-springs-loop,Lakes and Hot Springs Loop,Bikepack Canada,bikepack-canada,https://bikepack.ca/lakes-and-hot-springs-loop,Kootenay Rockies,,Nakusp,551.0,9866.0,17.9,Expedition,1.0,measured,0.9809,0.9978,188,10.53,none,0.84,1.63,544.36,1.18,6.56,0.0,54,osm,0,2,2,42,57,43,537.6,2,mostly,293,TRUE,,,Challenging,1,2,0,1,,,Shares roads with traffic,Mostly gravel; Lots of climbing; Remote stretches,"Difficulty: Challenging, because of lots of climbing + some loose surface.",65.4,142.8,12.8,0.6,129.3,163.8,23.0,0.0
log-jam-loop,Log Jam Loop,bikepacking.com,bikepacking-com,https://bikepacking.com/routes/log-jam-loop/,Kootenay Rockies,Nakusp; New Denver,Central Kootenay,101.0,1577.0,15.6,Weekend or more,1.0,measured,0.9968,0.9988,34,0.32,none,0.0,0.83,101.27,0.12,0.0,0.0,100,osm,2,3,3,35,33,100,87.1,,,0,TRUE,1,1,Challenging,2,2,0,0,,,Low-traffic riding,Almost all gravel; Chunky gravel; Lots of climbing; Remote stretches,"Difficulty: Challenging, because of chunky surface + lots of climbing.",46.8,20.8,0.0,0.0,0.0,0.0,19.5,0.0
loop-kaslo-slocan-220-km,Loop Kaslo Slocan,Trails BC,trails-bc,https://trailsbc.ca/loops/loop-kaslo-slocan-220-km/,Kootenay Rockies,Crescent Bay; Kaslo; Mirror Lake; Nelson; New Denver; Slocan,,221.0,2320.0,10.5,Weekend or more,1.0,measured,0.9817,0.9908,149,4.04,none,0.83,1.26,220.55,2.03,0.0,0.0,26,osm,0,2,1,21,0,29,216.1,2,mostly,129,TRUE,,,Ambitious,0,1,0,0,traffic,,Shares roads with traffic,Mixed surface; Some climbing,"Difficulty: Ambitious, because of a lot of riding on busier roads, plus some climbing.",58.0,3.3,17.4,5.8,12.3,117.1,2.2,0.0
loop-kimberley-12-km,Kimberley Lions Way Northstar Loop,Trails BC,trails-bc,https://trailsbc.ca/loops/loop-kimberley-12-km/,Kootenay Rockies,Kimberley,,12.0,,,Afternoon,1.0,measured,0.9743,0.9892,16,0.31,none,0.02,0.0,12.27,0.13,0.0,0.0,30,osm,0,2,2,0,0,94,11.8,,,0,TRUE,,,Moderate,1,0,0,0,,,Low-traffic riding,Mixed surface,"Difficulty: Moderate, because of some loose surface.",5.6,2.0,0.7,0.0,0.0,0.0,3.5,0.0
lovemachine-coastalcroissant,Coastal Croissant,Love Machine,love-machine,https://www.lovemachinecycling.ca/routes/coastalcroissant,"Vancouver, Coast and Mountains",,,53.0,1688.0,31.8,Full day,1.0,measured,0.9678,0.9995,80,1.72,none,0.0,0.0,53.49,0.03,0.0,0.0,54,osm,0,2,2,56,0,68,45.1,,sections,3,TRUE,,,Challenging,1,3,0,0,,,Some traffic sharing,Mostly gravel; Max climbing,"Difficulty: Challenging, because of punishing climbs + some loose surface.",6.0,13.8,10.4,1.0,0.6,2.5,10.7,0.0
lovemachine-noblwheels-thecomoxatbclassic,NOBL x Love Machine - The Comox ATB Classic,Love Machine,love-machine,https://www.lovemachinecycling.ca/routes/comoxatbclassic,Vancouver Island,,,110.0,1766.0,16.1,Weekend or more,1.0,measured,0.9748,0.9987,130,2.77,none,0.0,0.0,109.23,0.14,0.0,0.0,77,osm,2,2,2,23,0,81,97.6,,,5,TRUE,,,Ambitious,1,2,0,0,,,Low-traffic riding,Mostly gravel; Lots of climbing,"Difficulty: Ambitious, because of lots of climbing + some loose surface.",23.0,27.9,1.0,12.5,3.4,1.3,28.4,0.0
lovemachine-riverviewloop,Riverview Loop,Love Machine,love-machine,https://www.lovemachinecycling.ca/routes/riverviewloop,"Vancouver, Coast and Mountains",,,52.0,417.0,8.0,Full day,1.0,measured,0.9481,0.9886,117,2.67,none,0.28,0.0,51.5,0.59,0.0,0.0,68,osm,2,2,1,1,0,95,44.0,,,0,TRUE,,,Moderate,0,1,0,0,,,Low-traffic riding,Mostly gravel; Some climbing,"Difficulty: Moderate, because of some climbing.",33.2,7.4,0.6,1.6,0.0,0.0,1.2,0.0
lower-sunshine-coast-bikepacking-route,Lower Sunshine Coast Bikepacking Route,bikepacking.com,bikepacking-com,https://bikepacking.com/routes/bikepacking-lower-sunshine-coast/,"Vancouver, Coast and Mountains",Egmont; Gibsons; Madeira Park; Roberts Creek; Sechelt,Sunshine Coast,101.0,3107.0,30.8,Weekend or more,1.0,measured,0.9722,0.9909,145,2.81,none,0.0,0.0,99.12,0.91,0.15,0.0,87,osm,2,3,3,50,0,94,84.7,,,2,TRUE,4,75,Epic,2,3,1,0,,,Low-traffic riding,Almost all gravel; Lots of singletrack; Chunky gravel; Max climbing,"Difficulty: Epic, because of punishing climbs + chunky surface.",12.1,10.6,1.4,1.5,0.3,1.7,57.2,0.0
lynn-creek,Lynn Creek,Let's Go Biking,lets-go-biking,https://www.letsgobiking.net/shop/lets-go-biking-around-vancouver/,"Vancouver, Coast and Mountains",Burnaby; North Vancouver; Vancouver,North Vancouver,6.0,73.0,12.2,Afternoon,1.0,measured,0.94,0.9644,17,0.36,none,0.0,0.0,5.7,0.2,0.0,0.0,81,osm,1,2,1,5,0,100,5.1,,,0,TRUE,0,,Ambitious,0,2,0,0,,,Low-traffic riding,Mostly gravel; Lots of climbing,"Difficulty: Ambitious, because of lots of climbing.",4.8,0.3,0.0,0.0,0.0,0.0,0.0,0.0
maple-leaf-populaire-2026,Maple Leaf Populaire,British Columbia Randonneurs,british-columbia-randonneurs,https://database.randonneurs.bc.ca/event/5737,"Vancouver, Coast and Mountains",Abbotsford; Aldergrove; Chilliwack; Fort Langley; Langley; Maple Ridge; Mission; Pitt Meadows; Surrey,Langley (District),159.0,823.0,5.2,Weekend or more,1.0,measured,0.971,0.9875,232,4.62,none,0.0,0.0,159.32,1.99,0.0,0.0,11,osm,0,0,0,4,0,23,151.9,,sections,39,TRUE,2,,Ambitious,0,0,0,0,publisher,,Shares roads with traffic,Mostly paved; Gentle grades,"Difficulty: Ambitious, because of the route publisher's own rating as a minimum.",17.7,16.2,70.3,7.1,24.8,14.7,1.1,0.0
matsqui-meander,Matsqui Meander,Let's Go Biking,lets-go-biking,https://www.letsgobiking.net/shop/lets-go-biking-around-vancouver/,"Vancouver, Coast and Mountains",Abbotsford; Mission,Abbotsford,42.0,49.0,1.2,Full day,1.0,measured,0.9654,0.986,61,1.44,none,0.0,0.0,41.64,0.58,0.0,0.0,35,osm,0,2,1,0,0,45,38.5,,,0,TRUE,0,,Easy,0,0,0,0,,,Shares roads with traffic,Mixed surface; Gentle grades,Difficulty: Easy — no major climbing or rough surface.,7.6,3.2,20.5,0.4,0.5,0.0,6.4,0.0
metchosin-caper,Metchosin Caper,Bike Gear Database,bike-gear-database,https://ridewithgps.com/routes/51377670,Vancouver Island,Colwood; Esquimalt; Langford; Metchosin; Oak Bay; Saanich; Sooke; Victoria; View Royal,Victoria,83.0,791.0,9.5,Full day,1.0,measured,0.9355,0.9864,241,5.36,none,0.07,0.27,79.84,1.09,3.33,0.0,31,osm,0,2,1,11,0,84,65.6,,,0,TRUE,2,,Ambitious,0,1,0,0,publisher,,Low-traffic riding,Mixed surface; Some climbing,"Difficulty: Ambitious, because of the route publisher's own rating as a minimum, plus some climbing.",33.7,12.9,8.7,1.7,0.0,0.0,8.5,0.4
mill-bay-rambler,Mill Bay Rambler,Bike Gear Database,bike-gear-database,https://ridewithgps.com/routes/51377679,Vancouver Island,Central Saanich; Cobble Hill; Colwood; Esquimalt; Langford; Malahat; Metchosin; Mill Bay; North Saanich; Saanich; Shawnigan Lake; Victoria; View Royal,Esquimalt,100.0,1136.0,11.4,Weekend or more,1.0,measured,0.9073,0.9809,181,9.28,none,0.08,0.0,88.41,1.69,5.96,0.0,53,osm,0,2,1,13,0,69,89.1,,,7,TRUE,2,,Ambitious,0,1,0,0,publisher,,Some traffic sharing,Mostly gravel; Some climbing,"Difficulty: Ambitious, because of the route publisher's own rating as a minimum, plus some climbing.",48.8,12.2,8.5,11.9,7.1,0.1,0.4,0.0
millenium-trail-delta,Millenium Trail Delta,Let's Go Biking,lets-go-biking,https://www.letsgobiking.net/shop/lets-go-biking-around-vancouver/,"Vancouver, Coast and Mountains",Delta; Richmond,Delta,15.0,39.0,2.6,Afternoon,1.0,measured,0.9614,0.961,24,0.6,none,0.0,0.0,8.52,0.33,0.0,0.0,41,osm,0,2,1,0,0,80,13.3,,,0,TRUE,0,,Easy,0,0,0,0,,,Low-traffic riding,Mixed surface; Gentle grades,Difficulty: Easy — no major climbing or rough surface.,7.0,3.6,2.6,0.0,0.0,0.0,0.1,0.0
minnekhada,Minnekhada,Let's Go Biking,lets-go-biking,https://www.letsgobiking.net/shop/lets-go-biking-around-vancouver/,"Vancouver, Coast and Mountains",Coquitlam; Pitt Meadows; Port Coquitlam; Port Moody,Coquitlam,19.0,180.0,9.5,Afternoon,1.0,measured,0.9411,0.9695,40,1.11,none,0.1,0.0,18.94,0.58,0.0,0.0,73,osm,2,2,1,0,0,100,16.5,,,0,TRUE,0,,Moderate,0,1,0,0,,,Low-traffic riding,Mostly gravel; Some climbing,"Difficulty: Moderate, because of some climbing.",12.9,2.7,0.0,0.0,0.0,0.0,0.9,0.0
naksup-rosebery,BT700 Nakusp Rosebery,BT 700 Bikepacking,bt-700-bikepacking,http://www.bt700.ca/biggriz.html,Kootenay Rockies,Nakusp; New Denver,Nakusp,43.0,513.0,11.9,Full day,1.0,measured,0.9895,0.9943,19,0.45,none,0.17,0.55,42.83,0.24,0.0,0.0,100,osm,2,3,2,1,43,100,42.4,,,0,TRUE,1,,Ambitious,1,1,0,1,,,Low-traffic riding,Almost all gravel; Chunky gravel; Some climbing; Remote stretches,"Difficulty: Ambitious, because of some loose surface + some climbing.",42.1,0.1,0.0,0.0,0.0,0.0,0.2,0.0
nanaimo-c29,Nanaimo Cycling Trail Loop,Trails BC,trails-bc,https://trailsbc.ca/loops/nanaimo-c29/,Vancouver Island,Nanaimo,,63.0,177.0,2.8,Full day,1.0,measured,0.9237,0.9858,126,4.83,none,0.01,0.0,38.07,0.54,3.51,0.0,22,osm,0,0,0,3,0,93,45.9,,,1,TRUE,,,Easy,0,0,0,0,,,Low-traffic riding,Mixed surface; Gentle grades,Difficulty: Easy — no major climbing or rough surface.,35.7,6.5,1.3,1.6,0.0,0.6,0.3,0.0
nchkay-75,The Nch'Kay 75,Bikepack Canada,bikepack-canada,https://www.bikepack.ca/nchkay-75,"Vancouver, Coast and Mountains",,Squamish,74.0,2730.0,36.9,Full day,1.0,measured,0.9709,0.9963,97,2.15,none,0.0,0.0,73.73,0.27,0.0,0.0,85,osm,0,3,2,36,0,67,21.4,,,1,TRUE,2,,Challenging,1,3,0,0,,,Some traffic sharing,Almost all gravel; Chunky gravel; Max climbing,"Difficulty: Challenging, because of punishing climbs + some loose surface.",5.0,2.5,4.7,1.5,0.0,0.8,6.9,0.0
new-westminster-loop,New Westminster Loop,Let's Go Biking,lets-go-biking,https://www.letsgobiking.net/shop/lets-go-biking-around-vancouver/,"Vancouver, Coast and Mountains",Burnaby; Coquitlam; Delta; New Westminster; Richmond; Surrey,New Westminster,13.0,54.0,4.2,Afternoon,1.0,measured,0.9342,0.9516,48,0.88,none,0.0,0.0,12.87,0.62,0.45,0.0,1,osm,0,0,0,1,0,97,9.8,,,0,TRUE,0,,Easy,0,0,0,0,,,Low-traffic riding,Mostly paved; Gentle grades,Difficulty: Easy — no major climbing or rough surface.,7.9,1.6,0.3,0.0,0.0,0.0,0.0,0.0
nicomekl,Nicomekl,Let's Go Biking,lets-go-biking,https://www.letsgobiking.net/shop/lets-go-biking-around-vancouver/,"Vancouver, Coast and Mountains",Langley; Surrey,Langley (City),10.0,189.0,18.9,Afternoon,1.0,measured,0.9233,0.9868,35,0.8,none,0.02,0.0,10.39,0.14,0.0,0.0,37,osm,0,2,1,4,0,100,8.2,,,0,TRUE,0,,Ambitious,0,2,0,0,,,Low-traffic riding,Mixed surface; Lots of climbing,"Difficulty: Ambitious, because of lots of climbing.",8.0,0.2,0.0,0.0,0.0,0.0,0.0,0.0
north-shore-spirit-trail,North Shore Spirit Trail,Let's Go Biking,lets-go-biking,https://www.letsgobiking.net/shop/lets-go-biking-around-vancouver/,"Vancouver, Coast and Mountains",Burnaby; North Vancouver; Vancouver; West Vancouver,North Vancouver,12.0,16.0,1.3,Afternoon,1.0,measured,0.924,1.0,46,0.93,none,0.14,0.0,0.35,0.0,0.0,0.0,1,osm,0,0,0,0,0,87,10.4,,,0,TRUE,0,,Easy,0,0,0,0,,,Low-traffic riding,Mostly paved; Gentle grades,Difficulty: Easy — no major climbing or rough surface.,8.4,0.6,0.1,1.3,0.0,0.0,0.0,0.0
north-van-local-s-lap,North Van Local's Lap,Love Machine,love-machine,https://www.lovemachinecycling.ca/routes/localslap,"Vancouver, Coast and Mountains",,,41.0,786.0,19.2,Full day,1.0,measured,0.9246,0.9679,161,3.12,none,0.0,0.0,31.58,1.01,0.0,0.0,38,osm,0,2,2,23,0,84,30.8,,,0,TRUE,,,Ambitious,1,2,0,0,,,Low-traffic riding,Mixed surface; Lots of climbing,"Difficulty: Ambitious, because of lots of climbing + some loose surface.",12.2,8.9,4.2,0.3,0.4,0.0,4.9,0.0
ok-1,Osoyoos Exploring,Let's Go Biking,lets-go-biking,https://www.letsgobiking.net/shop/lets-go-biking-okanagan-and-beyond-paperback/,Thompson Okanagan,East Osoyoos; Inkaneep; Osoyoos,,24.0,,,Afternoon,1.0,publisher scope,0.9692,0.9981,14,0.26,none,0.0,0.0,8.51,0.02,0.0,0.0,0,osm,0,0,0,0,0,26,8.1,,mostly,6,TRUE,,,Easy,0,0,0,0,,,Shares roads with traffic,Mostly paved,Difficulty: Easy — no major climbing or rough surface.,0.0,2.1,0.0,0.2,0.7,5.1,0.0,0.0
ok-10,KVR - Penticton to Midway,Let's Go Biking,lets-go-biking,https://www.letsgobiking.net/shop/lets-go-biking-okanagan-and-beyond-paperback/,Thompson Okanagan,Kelowna; Midway; Naramata; Penticton; Summerland,,214.0,,,Weekend or more,1.0,publisher scope,0.9815,0.9945,189,3.89,none,0.02,0.0,210.77,1.16,0.0,0.0,65,osm,2,3,2,28,28,86,203.4,,sections,25,TRUE,,,Ambitious,1,2,0,0,,,Low-traffic riding,Mostly gravel; Chunky gravel; Remote stretches,"Difficulty: Ambitious, because of lots of climbing + some loose surface.",60.7,42.1,1.1,2.8,1.3,24.0,71.5,0.0
ok-11,Myra Canyon,Let's Go Biking,lets-go-biking,https://www.letsgobiking.net/shop/lets-go-biking-okanagan-and-beyond-paperback/,Thompson Okanagan,Kelowna,,22.0,,,Afternoon,1.0,publisher scope,0.9486,0.9741,31,0.57,none,0.0,0.0,11.13,0.29,0.0,0.0,100,osm,1,1,1,0,0,100,10.4,,,0,TRUE,0,,Easy,0,0,0,0,,,Low-traffic riding,Almost all gravel,Difficulty: Easy — no major climbing or rough surface.,10.4,0.0,0.0,0.0,0.0,0.0,0.0,0.0
ok-12,Summerland,Let's Go Biking,lets-go-biking,https://www.letsgobiking.net/shop/lets-go-biking-okanagan-and-beyond-paperback/,Thompson Okanagan,Naramata; Summerland,,30.0,,,Full day,1.0,publisher scope,0.938,0.9704,64,1.54,none,0.0,0.0,24.79,0.73,0.0,0.0,3,osm,0,1,0,36,0,73,22.0,,,0,TRUE,,,Ambitious,0,2,0,0,,,Some traffic sharing,Mostly paved,"Difficulty: Ambitious, because of lots of climbing.",2.4,12.0,5.6,0.3,0.0,0.0,1.7,0.0
ok-13,Fur Brigade Trail,Let's Go Biking,lets-go-biking,https://www.letsgobiking.net/shop/lets-go-biking-okanagan-and-beyond-paperback/,Thompson Okanagan,Greata; Kelowna; Peachland; Summerland; West Kelowna; Westbank; Westside,,43.0,,,Full day,1.0,publisher scope,0.9745,0.9888,113,2.42,none,0.0,0.0,94.97,1.06,0.0,0.0,23,osm,0,2,1,14,0,68,88.0,,,13,TRUE,,,Moderate,0,1,0,0,,,Some traffic sharing,Mixed surface,"Difficulty: Moderate, because of some climbing.",10.8,40.6,9.0,5.9,13.0,0.0,8.7,0.0
ok-14,Peachland,Let's Go Biking,lets-go-biking,https://www.letsgobiking.net/shop/lets-go-biking-okanagan-and-beyond-paperback/,Thompson Okanagan,Greata; Peachland; Summerland; West Kelowna,,26.0,,,Afternoon,1.0,publisher scope,0.9701,0.985,20,0.63,none,0.0,0.0,21.01,0.32,0.0,0.0,29,osm,0,2,2,22,0,78,20.4,,,0,TRUE,,,Ambitious,1,1,0,0,,,Low-traffic riding,Mixed surface,"Difficulty: Ambitious, because of some loose surface + some climbing.",2.1,10.9,0.8,3.7,0.0,0.0,2.9,0.0
ok-15,West Kelowna,Let's Go Biking,lets-go-biking,https://www.letsgobiking.net/shop/lets-go-biking-okanagan-and-beyond-paperback/,Thompson Okanagan,Kelowna; Peachland; West Kelowna; Westbank; Westside,,40.0,,,Full day,1.0,publisher scope,0.9691,0.9948,41,1.12,none,0.0,0.0,36.18,0.19,0.0,0.0,11,osm,0,2,1,28,0,70,32.0,,sections,4,TRUE,,,Ambitious,0,2,0,0,,,Some traffic sharing,Mostly paved,"Difficulty: Ambitious, because of lots of climbing.",8.0,8.5,2.3,3.6,0.0,3.6,6.0,0.0
ok-16,Mission Creek Greenway,Let's Go Biking,lets-go-biking,https://www.letsgobiking.net/shop/lets-go-biking-okanagan-and-beyond-paperback/,Thompson Okanagan,Kelowna; West Kelowna,,18.0,,,Afternoon,1.0,publisher scope,0.9684,0.995,29,0.73,none,0.0,0.0,23.0,0.11,0.0,0.0,25,osm,0,1,1,0,0,40,21.0,,,1,TRUE,,,Easy,0,0,0,0,,,Shares roads with traffic,Mixed surface,Difficulty: Easy — no major climbing or rough surface.,7.2,1.1,6.5,4.7,1.5,0.0,0.0,0.0
ok-17,Kelowna Lakeshore Parks,Let's Go Biking,lets-go-biking,https://www.letsgobiking.net/shop/lets-go-biking-okanagan-and-beyond-paperback/,Thompson Okanagan,Kelowna; West Kelowna; Westside,,14.0,,,Afternoon,1.0,publisher scope,0.942,0.9768,25,0.43,none,0.0,0.0,7.34,0.17,0.0,0.0,5,osm,0,0,0,0,0,89,6.1,,,0,TRUE,0,,Easy,0,0,0,0,,,Low-traffic riding,Mostly paved,Difficulty: Easy — no major climbing or rough surface.,4.6,0.8,0.4,0.2,0.0,0.0,0.0,0.0
ok-18,Lakeshore South,Let's Go Biking,lets-go-biking,https://www.letsgobiking.net/shop/lets-go-biking-okanagan-and-beyond-paperback/,Thompson Okanagan,Kelowna; West Kelowna,,30.0,,,Full day,1.0,publisher scope,0.9697,0.9904,30,0.99,none,0.0,0.0,32.58,0.31,0.0,0.0,42,osm,0,3,3,48,0,78,26.3,,,0,TRUE,,,Challenging,2,3,0,0,,,Low-traffic riding,Mixed surface; Chunky gravel,"Difficulty: Challenging, because of punishing climbs + chunky surface.",1.7,6.8,0.6,5.2,0.0,0.0,12.1,0.0
ok-19,Vistas & Vines,Let's Go Biking,lets-go-biking,https://www.letsgobiking.net/shop/lets-go-biking-okanagan-and-beyond-paperback/,Thompson Okanagan,Kelowna; West Kelowna,,20.0,,,Afternoon,1.0,publisher scope,0.9796,0.9883,30,0.52,none,0.0,0.0,25.73,0.3,0.0,0.0,0,osm,0,0,0,11,0,66,24.8,,,0,TRUE,,,Moderate,0,1,0,0,,,Some traffic sharing,Mostly paved,"Difficulty: Moderate, because of some climbing.",0.1,16.2,8.5,0.0,0.0,0.0,0.0,0.0
ok-2,Osoyoos East,Let's Go Biking,lets-go-biking,https://www.letsgobiking.net/shop/lets-go-biking-okanagan-and-beyond-paperback/,Thompson Okanagan,East Osoyoos; Osoyoos,,9.0,,,Afternoon,1.0,publisher scope,0.9206,0.9817,5,0.07,none,0.0,0.0,0.87,0.02,0.0,0.0,,,,,,,,,,,,,FALSE,,,,,,,,,,,,,0.0,0.6,0.0,0.0,0.0,0.0,0.0,0.0
ok-20,Okanagan Rail Trail - Kelowna,Let's Go Biking,lets-go-biking,https://www.letsgobiking.net/shop/lets-go-biking-okanagan-and-beyond-paperback/,Thompson Okanagan,Kelowna; West Kelowna; Westside,,32.0,,,Full day,1.0,publisher scope,0.9752,0.9896,45,1.19,none,0.0,0.0,47.92,0.5,0.0,0.0,2,osm,0,0,0,1,0,95,46.4,,,1,TRUE,,,Easy,0,0,0,0,,,Low-traffic riding,Mostly paved,Difficulty: Easy — no major climbing or rough surface.,31.7,12.2,0.5,1.4,0.1,0.5,0.0,0.0
ok-21,Okanagan Rail Trail - North,Let's Go Biking,lets-go-biking,https://www.letsgobiking.net/shop/lets-go-biking-okanagan-and-beyond-paperback/,Thompson Okanagan,Coldstream; Kelowna; Lake Country; Vernon,,75.0,,,Full day,1.0,publisher scope,0.9789,0.9908,107,3.16,none,0.47,0.0,149.63,1.38,0.0,0.0,0,osm,0,1,1,17,0,61,142.3,,sections,11,TRUE,,,Moderate,0,1,0,0,,,Some traffic sharing,Mostly paved,"Difficulty: Moderate, because of some climbing.",24.7,19.6,43.4,0.2,6.6,4.7,42.9,0.0
ok-22,Predator Ridge & Ellison Park,Let's Go Biking,lets-go-biking,https://www.letsgobiking.net/shop/lets-go-biking-okanagan-and-beyond-paperback/,Thompson Okanagan,Coldstream; Lake Country; Vernon,,10.0,,,Afternoon,1.0,publisher scope,0.9647,0.9834,37,1.0,none,0.0,0.0,28.24,0.47,0.0,0.0,0,osm,0,2,1,40,0,55,26.4,,,1,TRUE,,,Ambitious,0,2,0,0,,,Some traffic sharing,Mostly paved,"Difficulty: Ambitious, because of lots of climbing.",3.4,5.7,11.2,0.0,0.7,0.0,5.5,0.0
ok-23,Okanagan Lake Views,Let's Go Biking,lets-go-biking,https://www.letsgobiking.net/shop/lets-go-biking-okanagan-and-beyond-paperback/,Thompson Okanagan,Coldstream; Lake Country; Vernon,,30.0,,,Full day,1.0,publisher scope,0.9574,0.976,69,2.36,none,0.0,0.0,55.29,1.33,0.0,0.0,0,osm,0,0,0,13,0,39,44.7,,,4,TRUE,,,Moderate,0,1,0,0,,,Shares roads with traffic,Mostly paved,"Difficulty: Moderate, because of some climbing.",10.2,4.8,19.3,4.3,3.0,0.8,2.3,0.0
ok-24,Vernon Exploring,Let's Go Biking,lets-go-biking,https://www.letsgobiking.net/shop/lets-go-biking-okanagan-and-beyond-paperback/,Thompson Okanagan,Coldstream; Vernon,,13.0,,,Afternoon,1.0,publisher scope,0.9351,0.9902,42,1.09,none,0.0,0.0,16.79,0.16,0.0,0.0,0,osm,0,0,0,3,0,69,12.0,,,0,TRUE,,,Easy,0,0,0,0,,,Some traffic sharing,Mostly paved,Difficulty: Easy — no major climbing or rough surface.,5.6,2.7,3.4,0.1,0.2,0.0,0.0,0.0
ok-25,Kalamalka Lake Park,Let's Go Biking,lets-go-biking,https://www.letsgobiking.net/shop/lets-go-biking-okanagan-and-beyond-paperback/,Thompson Okanagan,Coldstream; Lake Country; Vernon,,17.0,,,Afternoon,1.0,publisher scope,0.957,0.9799,23,0.61,none,0.0,0.0,14.25,0.29,0.0,0.0,53,osm,2,2,2,39,0,74,12.0,,,1,TRUE,,,Ambitious,1,2,0,0,,,Some traffic sharing,Mostly gravel,"Difficulty: Ambitious, because of lots of climbing + some loose surface.",1.8,3.7,2.6,0.0,0.5,0.0,3.3,0.0
ok-26,Swan Lake & Grey Canal,Let's Go Biking,lets-go-biking,https://www.letsgobiking.net/shop/lets-go-biking-okanagan-and-beyond-paperback/,Thompson Okanagan,Coldstream; Lake Country; Vernon,,27.0,,,Afternoon,1.0,publisher scope,0.9649,0.9894,155,4.31,none,0.0,0.0,122.81,1.3,0.0,0.0,11,osm,2,2,2,48,0,81,114.6,,,6,TRUE,,,Challenging,1,3,0,0,,,Low-traffic riding,Mostly paved,"Difficulty: Challenging, because of punishing climbs + some loose surface.",3.5,27.4,15.5,0.6,5.6,0.2,61.8,0.0
ok-27,Green Valleys,Let's Go Biking,lets-go-biking,https://www.letsgobiking.net/shop/lets-go-biking-okanagan-and-beyond-paperback/,Thompson Okanagan,Armstrong; Enderby; Salmon Arm,,74.0,,,Full day,1.0,publisher scope,0.9754,0.996,150,4.0,none,0.0,0.0,162.23,0.64,0.0,0.0,4,osm,0,0,0,6,0,24,158.2,,sections,27,TRUE,,,Easy,0,0,0,0,,,Shares roads with traffic,Mostly paved,Difficulty: Easy — no major climbing or rough surface.,2.4,36.1,86.9,5.5,23.2,4.2,0.0,0.0
ok-28,Armstrong-Enderby,Let's Go Biking,lets-go-biking,https://www.letsgobiking.net/shop/lets-go-biking-okanagan-and-beyond-paperback/,Thompson Okanagan,Armstrong; Enderby,,24.0,,,Afternoon,1.0,publisher scope,0.9723,1.0,18,1.0,none,0.0,0.0,36.0,0.0,0.0,0.0,0,osm,0,0,0,0,0,5,35.0,,mostly,33,TRUE,,,Easy,0,0,0,0,,,Shares roads with traffic,Mostly paved,Difficulty: Easy — no major climbing or rough surface.,0.1,1.8,0.0,0.0,33.1,0.0,0.0,0.0
ok-29,Salmon Arm,Let's Go Biking,lets-go-biking,https://www.letsgobiking.net/shop/lets-go-biking-okanagan-and-beyond-paperback/,Thompson Okanagan,Salmon Arm,,20.0,,,Afternoon,1.0,publisher scope,0.9247,0.9773,30,0.94,none,0.0,0.0,12.52,0.28,0.0,0.0,6,osm,0,0,0,39,0,38,10.9,,,0,TRUE,,,Ambitious,0,2,0,0,,,Shares roads with traffic,Mostly paved,"Difficulty: Ambitious, because of lots of climbing.",0.4,3.1,6.8,0.0,0.0,0.0,0.6,0.0
ok-3,Golden Mile,Let's Go Biking,lets-go-biking,https://www.letsgobiking.net/shop/lets-go-biking-okanagan-and-beyond-paperback/,Thompson Okanagan,Inkaneep; Oliver,,18.0,,,Afternoon,1.0,publisher scope,0.9756,0.9961,21,0.4,none,0.0,0.0,16.58,0.06,0.0,0.0,0,osm,0,0,0,17,0,35,15.7,,sections,7,TRUE,,,Moderate,0,1,0,0,,,Shares roads with traffic,Mostly paved,"Difficulty: Moderate, because of some climbing.",0.0,4.1,2.9,0.0,1.8,5.5,1.5,0.0
ok-30,Notch Hill - Tappen,Let's Go Biking,lets-go-biking,https://www.letsgobiking.net/shop/lets-go-biking-okanagan-and-beyond-paperback/,Thompson Okanagan,Salmon Arm; Scotch Creek; Tappen,,50.0,,,Full day,1.0,publisher scope,0.9743,0.9826,107,3.02,none,0.0,0.0,117.45,2.05,0.0,0.0,19,osm,0,1,0,10,0,39,114.2,,sections,5,TRUE,,,Moderate,0,1,0,0,,,Shares roads with traffic,Mixed surface,"Difficulty: Moderate, because of some climbing.",0.0,43.1,55.5,9.9,0.8,3.8,1.1,0.0
ok-31,North Shuswap - Tsutswecw,Let's Go Biking,lets-go-biking,https://www.letsgobiking.net/shop/lets-go-biking-okanagan-and-beyond-paperback/,Thompson Okanagan,Chase; Scotch Creek,,84.0,,,Full day,1.0,publisher scope,0.9838,0.9973,60,2.03,none,0.0,0.0,124.75,0.33,0.0,0.0,40,osm,0,2,2,13,0,50,113.1,,mostly,57,TRUE,,,Ambitious,1,1,0,0,,,Some traffic sharing,Mixed surface,"Difficulty: Ambitious, because of some loose surface + some climbing.",0.0,50.9,0.0,0.0,57.0,0.0,5.2,0.0
ok-32,Kettle Valley Rail Trail - Hope to Summerland,Let's Go Biking,lets-go-biking,https://www.letsgobiking.net/shop/lets-go-biking-okanagan-and-beyond-paperback/,Thompson Okanagan,Hope; Princeton; Summerland; Tulameen,,254.0,,,Weekend or more,1.0,publisher scope,0.9829,0.9919,210,4.27,none,0.05,0.0,249.49,2.02,0.0,0.0,49,osm,0,2,2,17,31,41,222.0,2,sections,71,TRUE,,,Ambitious,1,1,0,0,,,Shares roads with traffic,Mixed surface; Remote stretches,"Difficulty: Ambitious, because of some loose surface + some climbing.",19.1,18.5,58.0,1.7,19.6,51.4,53.7,0.0
ok-33,Columbia & Western Rail Trail,Let's Go Biking,lets-go-biking,https://www.letsgobiking.net/shop/lets-go-biking-okanagan-and-beyond-paperback/,Kootenay Rockies,Castlegar; Christina Lake; Fife; Grand Forks; Greenwood; Midway,,162.0,,,Weekend or more,1.0,publisher scope,0.9814,0.9941,152,3.18,none,0.0,0.0,171.2,1.02,0.0,0.0,41,osm,0,3,3,10,22,57,166.8,2,sections,51,TRUE,,,Ambitious,2,1,0,0,,,Some traffic sharing,Mixed surface; Chunky gravel; Remote stretches,"Difficulty: Ambitious, because of chunky surface + some climbing.",50.9,32.0,20.7,0.0,0.4,50.2,12.6,0.0
ok-34,Slocan Valley - Nelson-Salmo - Nakusp,Let's Go Biking,lets-go-biking,https://www.letsgobiking.net/shop/lets-go-biking-okanagan-and-beyond-paperback/,Kootenay Rockies,Nakusp; Nelson; New Denver; Salmo; Slocan,,170.0,,,Weekend or more,1.0,publisher scope,0.9844,0.9939,109,2.57,none,0.0,0.0,165.11,1.0,0.0,0.0,15,osm,0,2,0,8,22,37,158.7,2,mostly,97,TRUE,,,Ambitious,0,0,0,0,traffic,,Shares roads with traffic,Mixed surface; Remote stretches,"Difficulty: Ambitious, because of a lot of riding on busier roads.",23.1,19.4,1.6,0.8,0.0,97.4,16.5,0.0
ok-35,North Star & Chief Isadore,Let's Go Biking,lets-go-biking,https://www.letsgobiking.net/shop/lets-go-biking-okanagan-and-beyond-paperback/,Kootenay Rockies,Cranbrook; Kimberley,,72.0,,,Full day,1.0,publisher scope,0.9856,0.9965,47,0.97,none,0.0,0.0,67.33,0.24,0.0,0.0,16,osm,0,2,0,1,0,68,66.1,,sections,16,TRUE,,,Easy,0,0,0,0,,,Some traffic sharing,Mixed surface,Difficulty: Easy — no major climbing or rough surface.,38.2,3.9,4.9,0.0,0.0,16.1,3.0,0.0
ok-36,Markin-MacPhail Westside Legacy Trail,Let's Go Biking,lets-go-biking,https://www.letsgobiking.net/shop/lets-go-biking-okanagan-and-beyond-paperback/,Kootenay Rockies,Fairmont Hot Springs; Invermere; Radium Hot Springs; Windermere,,50.0,,,Full day,1.0,publisher scope,0.9872,0.9946,32,0.6,none,0.0,0.0,47.09,0.26,0.0,0.0,19,osm,0,2,2,19,0,93,46.1,,sections,3,TRUE,,,Ambitious,1,1,0,0,,,Low-traffic riding,Mixed surface,"Difficulty: Ambitious, because of some loose surface + some climbing.",26.1,9.5,0.0,0.0,1.0,2.1,7.4,0.0
ok-4,Hike-Bike Trail & Black Sage Road,Let's Go Biking,lets-go-biking,https://www.letsgobiking.net/shop/lets-go-biking-okanagan-and-beyond-paperback/,Thompson Okanagan,Inkaneep; Oliver,,40.0,,,Full day,1.0,publisher scope,0.9787,0.9939,20,0.52,none,0.0,0.0,24.27,0.15,0.0,0.0,0,osm,0,2,2,2,0,60,23.8,,sections,5,TRUE,,,Moderate,1,0,0,0,,,Some traffic sharing,Mostly paved,"Difficulty: Moderate, because of some loose surface.",1.9,1.3,4.7,0.0,1.4,3.5,11.0,0.0
ok-5,Similkameen,Let's Go Biking,lets-go-biking,https://www.letsgobiking.net/shop/lets-go-biking-okanagan-and-beyond-paperback/,Thompson Okanagan,Cawston; Keremeos,,40.0,,,Full day,1.0,publisher scope,0.9742,0.9919,37,0.78,none,0.0,0.0,30.21,0.24,0.0,0.0,0,osm,0,0,0,0,0,26,28.9,,sections,12,TRUE,,,Easy,0,0,0,0,,,Shares roads with traffic,Mostly paved,Difficulty: Easy — no major climbing or rough surface.,0.0,7.6,8.4,0.4,0.0,12.5,0.0,0.0
ok-6,Corkscrew & Grasslands,Let's Go Biking,lets-go-biking,https://www.letsgobiking.net/shop/lets-go-biking-okanagan-and-beyond-paperback/,Thompson Okanagan,Eagle Bluff; Okanagan Falls; Oliver,,23.0,,,Afternoon,1.0,publisher scope,0.9661,0.9948,50,1.06,none,0.0,0.0,31.39,0.16,0.0,0.0,0,osm,0,0,0,5,0,14,28.8,,,1,TRUE,,,Easy,0,0,0,0,,,Shares roads with traffic,Mostly paved,Difficulty: Easy — no major climbing or rough surface.,0.0,4.1,23.7,0.1,0.0,0.9,0.0,0.0
ok-7,Skaha Lake,Let's Go Biking,lets-go-biking,https://www.letsgobiking.net/shop/lets-go-biking-okanagan-and-beyond-paperback/,Thompson Okanagan,Kaleden; Okanagan Falls; Penticton,,30.0,,,Full day,1.0,publisher scope,0.9702,0.9864,43,1.04,none,0.0,0.0,34.7,0.47,0.0,0.0,9,osm,0,0,0,12,0,47,33.6,,sections,10,TRUE,,,Moderate,0,1,0,0,,,Some traffic sharing,Mostly paved,"Difficulty: Moderate, because of some climbing.",4.5,10.9,8.2,0.0,6.1,3.4,0.6,0.0
ok-8,Penticton Exploring,Let's Go Biking,lets-go-biking,https://www.letsgobiking.net/shop/lets-go-biking-okanagan-and-beyond-paperback/,Thompson Okanagan,Penticton,,20.0,,,Afternoon,1.0,publisher scope,0.9477,0.9861,57,1.53,none,0.0,0.0,29.31,0.41,0.0,0.0,1,osm,0,0,0,2,0,79,27.8,,,0,TRUE,,,Easy,0,0,0,0,,,Low-traffic riding,Mostly paved,Difficulty: Easy — no major climbing or rough surface.,17.3,4.7,4.4,1.3,0.0,0.0,0.0,0.0
ok-9,Naramata,Let's Go Biking,lets-go-biking,https://www.letsgobiking.net/shop/lets-go-biking-okanagan-and-beyond-paperback/,Thompson Okanagan,Naramata; Penticton; Summerland,,37.0,,,Full day,1.0,publisher scope,0.9667,0.9956,45,0.98,none,0.0,0.0,29.51,0.13,0.0,0.0,10,osm,0,2,0,35,0,66,28.5,,sections,9,TRUE,,,Ambitious,0,2,0,0,,,Some traffic sharing,Mostly paved,"Difficulty: Ambitious, because of lots of climbing.",1.5,11.9,1.1,0.0,8.6,0.0,5.4,0.0
okanagan-feast,Okanagan Feast,Bikepack Canada,bikepack-canada,https://www.bikepack.ca/okanagan-feast,Thompson Okanagan,,Kelowna,238.0,4598.0,19.3,Weekend or more,1.0,measured,0.9699,0.9937,297,7.16,none,0.12,0.26,238.02,1.5,0.0,0.0,54,osm,0,3,2,28,0,81,206.9,,,4,TRUE,,,Ambitious,1,2,0,0,,,Low-traffic riding,Mostly gravel; Chunky gravel; Lots of climbing,"Difficulty: Ambitious, because of lots of climbing + some loose surface.",90.2,46.4,28.3,6.6,4.0,0.2,31.2,0.0
pacific-coast,ACA Pacific Coast (BC Only),Adventure Cycling Association,adventure-cycling-association,https://www.adventurecycling.org/routes-and-maps/adventure-cycling-route-network/pacific-coast/,"Vancouver, Coast and Mountains",Burnaby; Delta; Langley; New Westminster; North Vancouver; Richmond; Surrey; Vancouver; West Vancouver; White Rock,,65.0,442.0,6.8,Full day,1.0,measured,0.9318,0.9683,169,4.44,none,0.31,0.0,65.07,2.07,0.0,0.0,5,osm,0,0,0,2,0,40,51.7,,,11,TRUE,,,Moderate,0,1,0,0,,,Shares roads with traffic,Mostly paved; Some climbing,"Difficulty: Moderate, because of some climbing.",15.7,5.1,16.4,3.7,10.8,0.0,0.0,0.3
pacific-spirit-park,Pacific Spirit Park,Let's Go Biking,lets-go-biking,https://www.letsgobiking.net/shop/lets-go-biking-around-vancouver/,"Vancouver, Coast and Mountains",Richmond; University Hill; Vancouver,Vancouver,16.0,310.0,19.4,Afternoon,1.0,measured,0.9768,0.9824,37,0.37,none,0.0,0.0,13.91,0.24,0.0,0.0,91,osm,1,2,2,12,0,95,15.2,,,0,TRUE,0,,Ambitious,1,2,0,0,,,Low-traffic riding,Almost all gravel; Lots of climbing,"Difficulty: Ambitious, because of lots of climbing + some loose surface.",7.7,0.0,0.7,0.0,0.0,0.0,6.8,0.0
pitt-river-greenway,Pitt River Greenway,Let's Go Biking,lets-go-biking,https://www.letsgobiking.net/shop/lets-go-biking-around-vancouver/,"Vancouver, Coast and Mountains",Coquitlam; Langley; Maple Ridge; Pitt Meadows; Port Coquitlam; Surrey,Pitt Meadows,11.0,23.0,2.1,Afternoon,1.0,measured,0.9609,0.9807,24,0.44,none,0.0,0.0,11.34,0.22,0.0,0.0,88,osm,2,2,1,0,0,100,10.6,,,0,TRUE,0,,Easy,0,0,0,0,,,Low-traffic riding,Almost all gravel; Gentle grades,Difficulty: Easy — no major climbing or rough surface.,9.9,0.6,0.0,0.0,0.0,0.0,0.1,0.2
poco-trail,PoCo Trail,Let's Go Biking,lets-go-biking,https://www.letsgobiking.net/shop/lets-go-biking-around-vancouver/,"Vancouver, Coast and Mountains",Coquitlam; New Westminster; Pitt Meadows; Port Coquitlam; Port Moody; Surrey,Port Coquitlam,25.0,29.0,1.2,Afternoon,1.0,measured,0.9718,1.0,41,0.71,none,0.0,0.0,25.34,0.0,0.0,0.0,77,osm,2,2,1,0,0,99,24.4,,,0,TRUE,0,,Easy,0,0,0,0,,,Low-traffic riding,Mostly gravel; Gentle grades,Difficulty: Easy — no major climbing or rough surface.,23.5,0.7,0.0,0.2,0.0,0.0,0.0,0.0
port-renfrew,BT700 Port Renfrew,BT 700 Bikepacking,bt-700-bikepacking,http://www.bt700.ca/biggriz.html,Vancouver Island,Colwood; Esquimalt; Langford; Metchosin; Oak Bay; Port Renfrew; River Jordan; Saanich; Sooke; Victoria; View Royal,Victoria,174.0,3731.0,21.4,Weekend or more,1.0,measured,0.9793,0.9927,182,3.6,none,0.0,0.0,169.35,1.24,2.32,0.0,45,osm,0,2,2,25,38,30,169.0,2,sections,51,TRUE,2,,Challenging,1,3,0,0,,,Shares roads with traffic,Mixed surface; Max climbing; Remote stretches,"Difficulty: Challenging, because of punishing climbs + some loose surface.",43.3,6.9,61.0,6.3,0.1,51.4,0.0,0.0
powell-river-sampler,Powell River Sampler,bikepacking.com,bikepacking-com,https://bikepacking.com/routes/powell-river-sampler/,"Vancouver, Coast and Mountains",Cranberry; Lang Bay; Powell River; Stillwater,Powell River,84.0,2008.0,23.9,Full day,1.0,measured,0.9805,0.9973,75,1.64,none,0.02,0.24,84.32,0.23,0.0,0.0,92,osm,2,3,2,31,0,100,81.4,,,0,TRUE,4,52,Challenging,1,3,1,0,,,Low-traffic riding,Almost all gravel; Lots of singletrack; Chunky gravel; Max climbing,"Difficulty: Challenging, because of punishing climbs + some loose surface.",0.0,31.3,0.4,0.0,0.0,0.0,49.7,0.0
powell-river-sampler-alternate-walt-hut-route,Powell River Sampler (Alternate Walt Hut Route),bikepacking.com,bikepacking-com,https://bikepacking.com/routes/powell-river-sampler/,"Vancouver, Coast and Mountains",Cranberry; Lang Bay; Powell River; Stillwater,Powell River,98.0,2762.0,28.2,Weekend or more,1.0,measured,0.9765,0.9931,101,2.31,none,0.39,0.24,98.31,0.67,0.0,0.0,94,osm,2,3,2,37,0,99,94.7,,,0,TRUE,2,,Challenging,1,3,0,0,,,Low-traffic riding,Almost all gravel; Chunky gravel; Max climbing,"Difficulty: Challenging, because of punishing climbs + some loose surface.",0.0,24.8,1.2,0.0,0.0,0.0,68.7,0.0
powerhouse-mash,Powerhouse Mash,Love Machine,love-machine,https://www.lovemachinecycling.ca/routes/powerhousemash,"Vancouver, Coast and Mountains",,,40.0,578.0,14.4,Full day,1.0,measured,0.9612,0.9828,76,1.54,none,0.0,0.0,38.64,0.66,0.0,0.0,68,osm,2,3,2,13,0,78,32.1,,,0,TRUE,,,Ambitious,1,2,0,0,,,Low-traffic riding,Mostly gravel; Chunky gravel; Lots of climbing,"Difficulty: Ambitious, because of lots of climbing + some loose surface.",14.5,3.4,2.4,4.3,0.0,0.2,7.2,0.0
quay-pier-park,Quay & Pier Park,Let's Go Biking,lets-go-biking,https://www.letsgobiking.net/shop/lets-go-biking-around-vancouver/,"Vancouver, Coast and Mountains",Burnaby; Coquitlam; Delta; New Westminster; Richmond; Surrey,New Westminster,2.0,,,Afternoon,1.0,measured,0.9264,1.0,11,0.18,ferry,0.21,0.0,1.98,0.0,0.45,0.0,0,ridewithgps,,,,,,,,,,,FALSE,0,,Easy,0,0,0,0,,,,Mostly paved,Difficulty: Easy — no major climbing or rough surface.,1.7,0.0,0.2,0.0,0.0,0.0,0.0,0.0
queen-elizabeth-park-loop,Queen Elizabeth Park Loop,Let's Go Biking,lets-go-biking,https://www.letsgobiking.net/shop/lets-go-biking-around-vancouver/,"Vancouver, Coast and Mountains",North Vancouver; Richmond; Vancouver; West Vancouver,Vancouver,20.0,92.0,4.6,Afternoon,1.0,measured,0.9097,0.9866,95,1.78,none,0.0,0.0,18.29,0.25,1.43,0.0,3,osm,0,0,0,3,0,100,12.4,,,0,TRUE,0,,Easy,0,0,0,0,,,Low-traffic riding,Mostly paved; Gentle grades,Difficulty: Easy — no major climbing or rough surface.,11.7,0.6,0.0,0.0,0.0,0.0,0.0,0.0
queensborough,Queensborough,Let's Go Biking,lets-go-biking,https://www.letsgobiking.net/shop/lets-go-biking-around-vancouver/,"Vancouver, Coast and Mountains",Burnaby; Coquitlam; Delta; New Westminster; Richmond; Surrey; Vancouver,New Westminster,19.0,56.0,2.9,Afternoon,1.0,measured,0.9615,0.9705,39,0.73,none,0.0,0.0,18.72,0.55,0.34,0.0,21,osm,0,2,0,0,0,89,17.6,,,0,TRUE,0,,Easy,0,0,0,0,,,Low-traffic riding,Mixed surface; Gentle grades,Difficulty: Easy — no major climbing or rough surface.,10.3,5.4,0.0,1.9,0.0,0.0,0.0,0.0
ridge-meadows-circle-49,Ridge Meadows Circle,Let's Go Biking,lets-go-biking,https://www.letsgobiking.net/shop/lets-go-biking-around-vancouver/,"Vancouver, Coast and Mountains",Coquitlam; Langley; Maple Ridge; Pitt Meadows; Port Coquitlam; Surrey,Maple Ridge,29.0,33.0,1.1,Afternoon,1.0,measured,0.9725,0.9933,48,0.79,none,0.0,0.0,28.75,0.19,0.0,0.0,75,osm,2,2,1,0,0,83,25.9,,,0,TRUE,0,,Easy,0,0,0,0,,,Low-traffic riding,Mostly gravel; Gentle grades,Difficulty: Easy — no major climbing or rough surface.,20.8,0.5,3.3,1.2,0.0,0.0,0.0,0.0
ridgeway-loop,Ridgeway Loop,Let's Go Biking,lets-go-biking,https://www.letsgobiking.net/shop/lets-go-biking-around-vancouver/,"Vancouver, Coast and Mountains",Burnaby; New Westminster; North Vancouver; Richmond; Vancouver; West Vancouver,Vancouver,24.0,,,Afternoon,1.0,measured,0.9067,0.9723,112,2.27,none,0.07,0.0,24.22,0.67,0.08,0.0,6,osm,0,0,0,1,0,99,13.5,,,0,TRUE,1,,Moderate,0,0,0,0,publisher,,Low-traffic riding,Mostly paved,"Difficulty: Moderate, because of the route publisher's own rating as a minimum.",12.8,0.4,0.1,0.0,0.0,0.0,0.1,0.0
roller-coaster,Roller Coaster,Let's Go Biking,lets-go-biking,https://www.letsgobiking.net/shop/lets-go-biking-around-vancouver/,"Vancouver, Coast and Mountains",Abbotsford; Langley; Maple Ridge; Mission,Abbotsford,47.0,229.0,4.9,Full day,1.0,measured,0.962,0.975,73,1.79,none,0.0,0.0,47.01,1.18,0.0,0.0,15,osm,0,1,0,4,0,32,45.0,,sections,7,TRUE,0,,Easy,0,0,0,0,,,Shares roads with traffic,Mixed surface; Gentle grades,Difficulty: Easy — no major climbing or rough surface.,5.3,7.9,21.9,1.5,3.8,3.4,1.2,0.0
santa-rosa-valleys-and-vistas,Santa Rosa Valleys and Vistas,bikepacking.com,bikepacking-com,https://bikepacking.com/routes/santa-rosa-valleys-and-vistas/,Kootenay Rockies; Thompson Okanagan,Castlegar; Christina Lake; Fife; Rossland; Trail,Castlegar,208.0,4560.0,21.9,Weekend or more,1.0,measured,0.9833,0.995,171,3.47,none,0.01,0.0,208.4,1.04,0.0,0.0,84,osm,3,3,3,30,15,65,184.3,,,2,TRUE,4,16,Challenging,2,3,0,0,,,Some traffic sharing,Mostly gravel; Chunky gravel; Max climbing,"Difficulty: Challenging, because of punishing climbs + chunky surface.",51.8,18.1,62.5,0.0,0.4,1.9,49.6,0.0
santa-rosa-valleys-and-vistas-gravel-bike-friendly-version,Santa Rosa Valleys and Vistas - Gravel Bike Friendly Version,bikepacking.com,bikepacking-com,https://bikepacking.com/routes/santa-rosa-valleys-and-vistas/,Kootenay Rockies; Thompson Okanagan,Castlegar; Christina Lake; Fife; Rossland; Trail,Castlegar,202.0,4192.0,20.8,Weekend or more,1.0,measured,0.9834,0.9898,170,3.35,none,0.01,0.0,201.93,2.06,0.0,0.0,82,osm,3,3,3,31,15,57,190.4,,sections,7,TRUE,2,,Challenging,2,3,0,0,,,Some traffic sharing,Mostly gravel; Chunky gravel; Max climbing,"Difficulty: Challenging, because of punishing climbs + chunky surface.",51.4,10.1,75.1,0.7,4.1,2.9,46.2,0.0
sawpa-cloudburst-mountain-divide,Saw̓pa (Cloudburst Mountain) Divide,bikepacking.com,bikepacking-com,https://bikepacking.com/routes/cloudburst-mountain-divide/,"Vancouver, Coast and Mountains",Squamish; Swift,Squamish,81.0,1451.0,17.9,Full day,1.0,measured,0.6245,0.6279,52,30.25,backcountry,4.08,0.0,80.57,29.98,0.0,0.0,71,osm,3,3,3,41,1,82,49.0,,sections,6,TRUE,2,5,Challenging,2,2,0,0,,,Low-traffic riding,Mostly gravel; Chunky gravel; Lots of climbing,"Difficulty: Challenging, because of chunky surface + lots of climbing.",10.6,17.7,2.5,0.0,1.6,4.6,11.9,0.0
sea-island-exploring,Sea Island Exploring,Let's Go Biking,lets-go-biking,https://www.letsgobiking.net/shop/lets-go-biking-around-vancouver/,"Vancouver, Coast and Mountains",Richmond; Vancouver,Richmond,9.0,10.0,1.1,Afternoon,1.0,measured,0.9462,1.0,32,0.46,none,0.0,0.0,8.51,0.0,0.0,0.0,18,osm,0,0,0,0,0,89,7.3,,,0,TRUE,0,,Easy,0,0,0,0,,,Low-traffic riding,Mixed surface; Gentle grades,Difficulty: Easy — no major climbing or rough surface.,3.7,2.3,0.8,0.0,0.0,0.0,0.5,0.0
selkirk-splendor,Selkirk Splendor (BC Only),Adventure Cycling Association,adventure-cycling-association,https://www.adventurecycling.org/guided-tours/self-contained-tours/selkirk-splendor/,Kootenay Rockies,Creston; Kaslo; Mirror Lake; Nelson; New Denver; Salmo; Slocan,Sandpoint,355.0,5532.0,15.6,Expedition,1.0,measured,0.9634,0.9969,200,13.01,none,0.06,0.0,345.96,1.08,9.22,0.0,15,osm,0,2,0,19,1,24,341.3,4,mostly,253,TRUE,,,Challenging,0,2,0,0,traffic,,Shares roads with traffic,Mixed surface; Lots of climbing,"Difficulty: Challenging, because of a lot of riding on busier roads, plus lots of climbing.",47.7,35.3,0.2,4.9,79.7,173.0,0.5,0.0
semiahmoo-trail,Semiahmoo Trail,Let's Go Biking,lets-go-biking,https://www.letsgobiking.net/shop/lets-go-biking-around-vancouver/,"Vancouver, Coast and Mountains",Delta; Surrey; White Rock,Surrey,4.0,53.0,13.2,Afternoon,1.0,measured,0.9662,0.9796,7,0.12,none,0.0,0.0,3.57,0.07,0.0,0.0,73,ridewithgps,,,,,,,,,,,FALSE,0,,Ambitious,1,2,0,0,,,,Mostly gravel; Lots of climbing,"Difficulty: Ambitious, because of lots of climbing + some loose surface.",2.5,0.9,0.0,0.0,0.0,0.0,0.0,0.0
seymour-arm-overnighter,Seymour Arm Overnighter,Bikepack Canada,bikepack-canada,https://www.bikepack.ca/seymourarmovernighter,Thompson Okanagan,,Columbia-Shuswap,176.0,4446.0,25.3,Weekend or more,1.0,measured,0.9934,0.9998,50,1.15,none,0.0,0.0,175.52,0.04,0.0,0.0,97,osm,2,2,2,59,72,96,173.9,,sections,3,TRUE,2,,Epic,1,3,0,2,,,Low-traffic riding,Almost all gravel; Max climbing; Remote stretches,"Difficulty: Epic, because of punishing climbs + long stretches far from services.",0.0,167.5,2.1,1.0,0.0,3.3,0.0,0.0
short-exposure,Short Exposure,Love Machine,love-machine,https://www.lovemachinecycling.ca/routes/shortexposure,"Vancouver, Coast and Mountains",,,47.0,900.0,19.1,Full day,1.0,measured,0.9805,0.9908,31,0.92,none,0.15,0.0,47.48,0.44,0.0,0.0,95,osm,2,3,2,33,0,99,31.7,,,0,TRUE,,,Ambitious,1,2,0,0,,,Low-traffic riding,Almost all gravel; Chunky gravel; Lots of climbing,"Difficulty: Ambitious, because of lots of climbing + some loose surface.",9.1,1.6,0.0,0.2,0.0,0.0,20.8,0.0
shushwap-n06-carlin-white-lake-blind-bay,"Shuswap No. 6: Carlin, White Lake, Blind Bay",Elbow Valley Cycle Club,elbow-valley-cycle-club,https://ridewithgps.com/routes/40248000,Thompson Okanagan,Scotch Creek; Tappen,Salmon Arm,42.0,506.0,12.0,Full day,1.0,measured,0.9769,0.9993,55,0.97,none,0.0,0.0,42.18,0.03,0.0,0.0,0,osm,0,0,0,3,0,36,41.2,,,1,TRUE,1,,Ambitious,0,2,0,0,,,Shares roads with traffic,Mostly paved; Lots of climbing,"Difficulty: Ambitious, because of lots of climbing.",0.0,14.7,19.6,5.7,0.3,0.9,0.0,0.0
slocan-valley,BT700 Slocan Valley,BT 700 Bikepacking,bt-700-bikepacking,http://www.bt700.ca/biggriz.html,Kootenay Rockies,Nelson,Central Kootenay,76.0,744.0,9.8,Full day,1.0,measured,0.9852,0.998,82,1.12,none,0.0,0.0,75.54,0.15,0.0,0.0,33,osm,0,2,1,5,0,61,74.4,,,8,TRUE,1,,Moderate,0,1,0,0,,,Some traffic sharing,Mixed surface; Some climbing,"Difficulty: Moderate, because of some climbing.",22.7,22.4,19.1,1.8,7.8,0.5,0.1,0.0
snowden-or-dust-vancouver-island,"Snowden or Dust, Vancouver Island",bikepacking.com,bikepacking-com,https://bikepacking.com/routes/snowden-or-dust-route/,Vancouver Island,Bloedel; Campbell River; Quathiaski Cove; Quinsam,Campbell River,75.0,1106.0,14.7,Full day,1.0,measured,0.9823,0.987,53,1.32,none,0.39,0.0,74.7,0.97,0.0,0.0,90,osm,2,2,2,30,0,95,55.4,,,0,TRUE,2,41,Challenging,1,2,1,0,,,Low-traffic riding,Almost all gravel; Lots of singletrack; Lots of climbing,"Difficulty: Challenging, because of lots of climbing + some loose surface.",0.0,42.2,0.0,2.8,0.0,0.0,10.4,0.0
south-langley-trail,South Langley Trail,Let's Go Biking,lets-go-biking,https://www.letsgobiking.net/shop/lets-go-biking-around-vancouver/,"Vancouver, Coast and Mountains",Abbotsford; Aldergrove; Langley; Surrey,Langley (District),21.0,211.0,10.0,Afternoon,1.0,measured,0.9656,0.9935,40,0.74,none,0.0,0.0,21.49,0.14,0.0,0.0,57,osm,0,2,2,1,0,87,20.6,,,2,TRUE,0,,Ambitious,1,1,0,0,,,Low-traffic riding,Mostly gravel; Some climbing,"Difficulty: Ambitious, because of some loose surface + some climbing.",11.3,6.3,0.7,0.0,2.0,0.0,0.2,0.0
south-surrey-trails,South Surrey Trails,Let's Go Biking,lets-go-biking,https://www.letsgobiking.net/shop/lets-go-biking-around-vancouver/,"Vancouver, Coast and Mountains",Delta; Surrey; White Rock,Surrey,25.0,315.0,12.6,Afternoon,1.0,measured,0.9536,0.9543,83,1.16,none,0.0,0.0,20.15,0.92,0.0,0.0,64,osm,2,2,2,1,0,93,19.8,,,0,TRUE,0,,Ambitious,1,2,0,0,,,Low-traffic riding,Mostly gravel; Lots of climbing,"Difficulty: Ambitious, because of lots of climbing + some loose surface.",11.5,2.4,1.4,0.0,0.0,0.0,4.5,0.0
southlands,Southlands,Let's Go Biking,lets-go-biking,https://www.letsgobiking.net/shop/lets-go-biking-around-vancouver/,"Vancouver, Coast and Mountains",Richmond; Vancouver,Vancouver,14.0,,,Afternoon,1.0,measured,0.9491,0.9945,25,0.7,none,0.0,0.0,3.32,0.02,0.0,0.0,33,osm,2,2,2,2,0,100,10.5,,,0,TRUE,,,Moderate,1,0,0,0,,,Low-traffic riding,Mixed surface,"Difficulty: Moderate, because of some loose surface.",9.8,0.4,0.0,0.0,0.0,0.0,0.3,0.0
squamish-cycle-loops-47-60k,Squamish Cycle Loops,Trails BC,trails-bc,https://trailsbc.ca/loops/squamish-cycle-loops-47-60k/,"Vancouver, Coast and Mountains",Squamish,,79.0,,,Full day,1.0,measured,0.96,0.9876,168,3.15,none,0.26,0.0,72.0,0.89,0.0,0.0,62,osm,2,2,2,4,0,77,64.2,,sections,4,TRUE,,,Moderate,1,0,0,0,,,Low-traffic riding,Mostly gravel,"Difficulty: Moderate, because of some loose surface.",26.9,10.0,4.6,6.4,0.7,3.0,12.6,0.0
squamish-ringer,Squamish Ringer,Love Machine,love-machine,https://www.lovemachinecycling.ca/routes/squamishringer,"Vancouver, Coast and Mountains",,,43.0,688.0,16.0,Full day,1.0,measured,0.975,0.996,55,1.07,none,0.0,0.0,41.99,0.17,0.0,0.0,88,osm,2,2,2,26,0,95,34.9,,,0,TRUE,,,Ambitious,1,2,0,0,,,Low-traffic riding,Almost all gravel; Lots of climbing,"Difficulty: Ambitious, because of lots of climbing + some loose surface.",14.8,11.6,1.7,0.0,0.0,0.0,6.9,0.0
stanley-park-seawall,Stanley Park Seawall,Let's Go Biking,lets-go-biking,https://www.letsgobiking.net/shop/lets-go-biking-around-vancouver/,"Vancouver, Coast and Mountains",North Vancouver; Vancouver; West Vancouver,Vancouver,10.0,,,Afternoon,1.0,measured,0.9845,1.0,19,0.15,none,0.0,0.0,5.72,0.0,0.0,0.0,5,osm,,,,,,,,,,,FALSE,,,Easy,0,0,0,0,,,,Mostly paved,Difficulty: Easy — no major climbing or rough surface.,3.1,0.1,0.1,0.0,0.0,0.0,0.0,0.0
stoney-creek-brunette-river,Stoney Creek & Brunette River,Let's Go Biking,lets-go-biking,https://www.letsgobiking.net/shop/lets-go-biking-around-vancouver/,"Vancouver, Coast and Mountains",Burnaby; Coquitlam; New Westminster; North Vancouver; Port Moody; Surrey,New Westminster,14.0,278.0,19.9,Afternoon,1.0,measured,0.9443,0.9966,25,0.76,none,0.0,0.0,13.69,0.05,0.0,0.0,66,osm,2,2,1,4,0,100,11.8,,,0,TRUE,0,,Ambitious,0,2,0,0,,,Low-traffic riding,Mostly gravel; Lots of climbing,"Difficulty: Ambitious, because of lots of climbing.",10.8,1.0,0.0,0.0,0.0,0.0,0.0,0.0
strathcona-dam-detour,Strathcona Dam Detour,bikepacking.com,bikepacking-com,https://bikepacking.com/routes/tree-to-sea-loop-vancouver-island/,Vancouver Island,,Strathcona,11.0,267.0,24.3,Afternoon,1.0,measured,0.9814,0.9861,11,0.21,none,0.0,0.0,11.44,0.16,0.0,0.0,100,osm,2,2,2,28,9,80,11.0,,,0,TRUE,0,,Challenging,1,3,0,0,,,Low-traffic riding,Almost all gravel; Max climbing,"Difficulty: Challenging, because of punishing climbs + some loose surface.",0.0,8.6,0.0,2.2,0.0,0.0,0.2,0.0
sumas-dyke-trails,Sumas Dyke Trails,Let's Go Biking,lets-go-biking,https://www.letsgobiking.net/shop/lets-go-biking-around-vancouver/,"Vancouver, Coast and Mountains",Abbotsford; Chilliwack,Abbotsford,13.0,14.0,1.1,Afternoon,1.0,measured,0.9837,0.9876,12,0.21,none,0.0,0.0,12.81,0.16,0.0,0.0,92,osm,2,3,2,0,0,92,12.5,,,1,TRUE,0,,Moderate,1,0,0,0,,,Low-traffic riding,Almost all gravel; Chunky gravel; Gentle grades,"Difficulty: Moderate, because of some loose surface.",10.9,0.3,0.0,0.0,1.0,0.0,0.4,0.0
summerland-cycle-loop,Summerland Cycle Loop,Trails BC,trails-bc,https://trailsbc.ca/loops/summerland-cycle-loop/,Thompson Okanagan,Naramata; Penticton; Summerland,,55.0,335.0,6.1,Full day,1.0,measured,0.9708,0.9777,86,1.59,none,0.0,0.0,54.53,1.22,0.0,0.0,31,osm,0,0,0,13,0,45,40.8,,sections,9,TRUE,,,Moderate,0,1,0,0,,,Some traffic sharing,Mixed surface; Some climbing,"Difficulty: Moderate, because of some climbing.",9.9,7.9,11.8,1.8,0.6,8.1,0.6,0.0
surrey-shores,Surrey Shores,Let's Go Biking,lets-go-biking,https://www.letsgobiking.net/shop/lets-go-biking-around-vancouver/,"Vancouver, Coast and Mountains",Delta; Surrey; White Rock,Surrey,12.0,74.0,6.2,Afternoon,1.0,measured,0.9651,0.9939,33,0.41,none,0.0,0.0,7.26,0.04,0.0,0.0,77,osm,2,2,1,1,0,90,8.5,,,0,TRUE,0,,Moderate,0,1,0,0,,,Low-traffic riding,Mostly gravel; Some climbing,"Difficulty: Moderate, because of some climbing.",6.2,0.0,0.8,0.0,0.0,0.0,1.4,0.0
texada-island-two-step,Texada Island Two Step,Bike Gear Database,bike-gear-database,https://ridewithgps.com/routes/51269419,"Vancouver, Coast and Mountains",Powell River,Powell River,124.0,2886.0,23.3,Weekend or more,1.0,measured,0.99,0.9972,49,1.24,none,0.0,0.39,113.72,0.32,0.26,0.0,68,osm,2,3,2,77,0,77,121.9,,sections,12,TRUE,2,,Challenging,1,3,0,0,,,Low-traffic riding,Mostly gravel; Chunky gravel; Max climbing,"Difficulty: Challenging, because of punishing climbs + some loose surface.",0.0,76.2,15.8,0.0,0.0,11.7,18.2,0.0
texada-ridge-runner-route,Texada Ridge Runner Route,bikepacking.com,bikepacking-com,https://bikepacking.com/routes/texada-ridge-runner-route/,"Vancouver, Coast and Mountains",Cranberry; Powell River,Powell River,144.0,2674.0,18.6,Weekend or more,1.0,measured,0.8776,0.997,57,17.65,none,0.07,0.74,117.78,0.35,12.04,0.0,70,osm,2,2,2,79,0,79,125.4,,sections,12,TRUE,4,1,Challenging,1,3,0,0,,,Low-traffic riding,Mostly gravel; Lots of climbing,"Difficulty: Challenging, because of punishing climbs + some loose surface.",0.1,87.1,14.1,0.1,0.2,11.7,12.2,0.0
the-bc-trail,The BC Trail,bikepacking.com,bikepacking-com,https://bikepacking.com/routes/bc-trail/,"Thompson Okanagan; Kootenay Rockies; Vancouver, Coast and Mountains",Castlegar; Chilliwack; Christina Lake; Cokato; Cranbrook; Crescent Bay; Cultus Lake; Fernie; Fife; Fruitvale; Grand Forks; Greenwood; Hope; Kelowna; Kimberley; Midway; Naramata; Nelson; Penticton; Princeton; Salmo; Slesse Park; Summerland; Trail; Tulameen,Chilliwack,1164.0,16531.0,14.2,Expedition,1.0,measured,0.977,0.9921,772,26.73,none,2.14,9.64,1156.73,9.15,6.88,0.0,73,osm,2,3,3,14,19,75,1121.5,,sections,134,TRUE,2,12,Epic,2,2,0,0,distance,km,Low-traffic riding,Mostly gravel; Chunky gravel; Lots of climbing,"Difficulty: Epic, because of sheer distance, plus chunky surface.",402.2,143.2,136.5,7.3,41.8,92.4,298.2,0.0
the-big-griz,The Big Griz,BT 700 Bikepacking,bt-700-bikepacking,http://www.bt700.ca/biggriz.html,"Kootenay Rockies; Thompson Okanagan; Vancouver, Coast and Mountains; Vancouver Island; Cariboo Chilcotin Coast",,Victoria,2261.0,38186.0,16.9,Expedition,1.0,measured,0.9781,0.9891,1710,49.52,none,1.87,1.24,2241.98,24.41,15.06,0.0,62,osm,2,2,2,28,20,58,2115.8,,sections,530,TRUE,,,Epic,1,2,0,0,distance,km,Some traffic sharing,Mostly gravel; Lots of climbing; Remote stretches,"Difficulty: Epic, because of sheer distance, plus lots of climbing.",326.3,591.0,352.9,13.0,144.5,385.3,302.6,0.0
the-great-granby-loop,The Great Granby Loop,Bikepack Canada,bikepack-canada,https://bikepack.ca/the-great-granby-loop,Kootenay Rockies; Thompson Okanagan,,Castlegar,477.0,7345.0,15.4,Expedition,1.0,measured,0.9899,0.9961,210,4.82,none,0.14,0.0,476.02,1.86,0.77,0.0,70,osm,2,3,3,26,39,78,455.2,,sections,80,TRUE,,,Challenging,2,2,0,0,,,Low-traffic riding,Mostly gravel; Chunky gravel; Lots of climbing; Remote stretches,"Difficulty: Challenging, because of chunky surface + lots of climbing.",105.0,179.9,17.9,0.0,10.4,69.9,72.2,0.0
the-south-island-sundowner,The South Island Sundowner,bikepacking.com,bikepacking-com,https://bikepacking.com/routes/south-island-sundowner/,Vancouver Island,Central Saanich; Colwood; Esquimalt; Langford; Metchosin; Oak Bay; Saanich; Sooke; Victoria; View Royal,Saanich,139.0,1317.0,9.5,Weekend or more,1.0,measured,0.9617,0.9734,273,5.33,none,0.05,0.0,139.24,3.71,0.0,0.0,70,osm,1,2,1,13,0,93,126.8,,,2,TRUE,4,10,Challenging,0,1,0,0,publisher,,Low-traffic riding,Mostly gravel; Some climbing,"Difficulty: Challenging, because of the route publisher's own rating as a minimum, plus some climbing.",87.8,18.8,5.9,0.9,0.0,1.6,11.9,0.0
the-spring-classic,The Spring Classic,Love Machine,love-machine,https://www.lovemachinecycling.ca/routes/springclassic,"Vancouver, Coast and Mountains",,,103.0,159.0,1.5,Weekend or more,1.0,measured,0.9583,0.9846,180,4.3,none,0.14,0.27,89.04,1.37,0.0,0.0,50,osm,0,2,1,1,0,82,94.1,,,2,TRUE,,,Easy,0,0,0,0,,,Low-traffic riding,Mostly gravel; Gentle grades,Difficulty: Easy — no major climbing or rough surface.,56.0,17.4,13.5,1.8,0.3,1.4,3.7,0.0
three-bridges-big-loop-516km,Three Bridges - Big Loop 51.6km,Let's Go Biking,lets-go-biking,https://www.letsgobiking.net/shop/lets-go-biking-around-vancouver/,"Vancouver, Coast and Mountains",Coquitlam; Delta; Langley; Maple Ridge; New Westminster; Pitt Meadows; Port Coquitlam; Port Moody; Surrey,Coquitlam,52.0,,,Full day,1.0,measured,0.9565,0.9969,136,2.25,none,0.0,0.0,51.67,0.16,0.0,0.0,41,osm,0,2,1,1,0,96,45.3,,,0,TRUE,2,,Ambitious,0,0,0,0,publisher,,Low-traffic riding,Mixed surface,"Difficulty: Ambitious, because of the route publisher's own rating as a minimum.",38.1,4.2,1.5,0.3,0.0,0.0,1.2,0.0
three-bridges-via-north-route-445km,Three Bridges via North Route 44.5km,Let's Go Biking,lets-go-biking,https://www.letsgobiking.net/shop/lets-go-biking-around-vancouver/,"Vancouver, Coast and Mountains",Coquitlam; Langley; Maple Ridge; New Westminster; Pitt Meadows; Port Coquitlam; Port Moody; Surrey,Coquitlam,45.0,,,Full day,1.0,measured,0.9583,0.9954,109,1.86,none,0.0,0.0,44.59,0.2,0.0,0.0,44,osm,0,2,1,0,0,96,38.6,,,0,TRUE,,,Easy,0,0,0,0,,,Low-traffic riding,Mixed surface,Difficulty: Easy — no major climbing or rough surface.,30.8,5.9,1.1,0.3,0.0,0.0,0.5,0.0
through-the-east-kootenays-film,Through the East Kootenays,bikepacking.com,bikepacking-com,https://bikepacking.com/plog/through-the-east-kootenays-film/,Kootenay Rockies,Cokato; Cranbrook; Fernie; Fort Steele,Fernie,252.0,2246.0,8.9,Weekend or more,1.0,measured,0.987,0.9966,145,3.28,none,0.0,0.0,251.66,0.86,0.0,0.0,63,osm,2,2,2,22,3,62,247.9,,sections,34,TRUE,,,Ambitious,1,1,0,0,,,Some traffic sharing,Mostly gravel; Some climbing,"Difficulty: Ambitious, because of some loose surface + some climbing.",44.9,73.3,57.4,4.1,29.8,3.9,34.6,0.0
top-of-the-world,Top of the World,Bikepack Canada,bikepack-canada,https://www.bikepack.ca/routes/guidebook,Kootenay Rockies,,Cranbrook,347.0,6340.0,18.3,Expedition,1.0,measured,0.9894,0.9978,172,3.69,none,0.0,2.49,347.41,0.77,0.0,0.0,76,osm,2,2,2,39,33,64,342.8,,sections,15,TRUE,,,Ambitious,1,2,0,0,,,Some traffic sharing,Mostly gravel; Lots of climbing; Remote stretches,"Difficulty: Ambitious, because of lots of climbing + some loose surface.",8.6,154.4,104.0,4.4,3.9,11.4,56.2,0.0
touring-victoria,Touring Victoria,Cross Canada Cycle Tour Society,cross-canada-cycle-tour-society,https://ridewithgps.com/routes/55705219,Vancouver Island,Central Saanich; Colwood; Esquimalt; North Saanich; Oak Bay; Saanich; Sidney; Victoria; View Royal,North Saanich,84.0,413.0,4.9,Full day,1.0,measured,0.9431,0.9789,214,4.76,none,0.0,0.0,80.83,1.71,2.3,0.0,11,osm,0,0,0,1,0,54,72.9,,,0,TRUE,2,,Ambitious,0,0,0,0,publisher,,Some traffic sharing,Mostly paved; Gentle grades,"Difficulty: Ambitious, because of the route publisher's own rating as a minimum.",21.7,17.8,20.3,13.1,0.0,0.0,0.0,0.0
town-center-coquitlam-river,Town Center & Coquitlam River,Let's Go Biking,lets-go-biking,https://www.letsgobiking.net/shop/lets-go-biking-around-vancouver/,"Vancouver, Coast and Mountains",Coquitlam; Pitt Meadows; Port Coquitlam; Port Moody,Coquitlam,10.0,85.0,8.5,Afternoon,1.0,measured,0.9511,0.9783,28,0.47,none,0.0,0.0,9.67,0.21,0.0,0.0,51,osm,0,2,1,0,0,86,9.2,,,0,TRUE,0,,Moderate,0,1,0,0,,,Low-traffic riding,Mostly gravel; Some climbing,"Difficulty: Moderate, because of some climbing.",7.8,0.1,0.0,0.9,0.4,0.0,0.0,0.0
trans-canada-bike-route-bc-only,Trans Canada Bike Route (BC Only),Trans Canada Bike Route Network,trans-canada-bike-route-network,https://bikeacrosscanada.github.io/index.html,"Thompson Okanagan; Kootenay Rockies; Vancouver, Coast and Mountains; Northern British Columbia; Vancouver Island; Cariboo Chilcotin Coast",Abbotsford; Agassiz; Aldergrove; Alert Bay; Armstrong; Ashcroft; Barriere; Beach Grove; Beavermouth; Black Creek; Bloedel; Blue River; Boston Bar; Bowen Island; Bowser; Bridal Falls; Burnaby; Burns Lake; Cache Creek; Campbell River; Canal Flats; Cassidy; Castlegar; Cathedral; Cawston; Cedar; Central Saanich; Chase; Cherry Creek; Chilliwack; Christina Lake; Clearwater; Cobble Hill; Cokato; Coldstream; Colwood; Comox; Coombs; Copper Creek; Coquitlam; Courtenay; Cowichan Bay; Cranbrook; Crescent Bay; Creston; Cultus Lake; Cumberland; Delta; Denman Island; Deroche; Duncan; East Osoyoos; Enderby; Errington; Esquimalt; Fairmont Hot Springs; Fernie; Field; Fife; Fort Langley; Fort Steele; Fraser Lake; Golden; Grand Forks; Grantham; Great Central; Greata; Greenwood; Harrison Hot Springs; Harrison Mills; Hazelton; Hedley; Hope; Houston; Invermere; Kaleden; Kamloops; Keefers; Kelowna; Kent; Keremeos; Kleecoot; Ladysmith; Lake Country; Langley; Little Fort; Logan Lake; Manning Park; Maple Ridge; Mcbride; Midway; Mill Bay; Mission; Mount Robson; Nanaimo; Nanoose Bay; Naramata; Nelson; New Hazelton; New Westminster; Nicholson; North Cowichan; North Saanich; North Vancouver; Oak Bay; Okanagan Falls; Osoyoos; Oyster River; Parksville; Peachland; Penticton; Pitt Meadows; Port Alberni; Port Coquitlam; Port Hardy; Port Mcneill; Port Moody; Prince George; Prince Rupert; Princeton; Qualicum Bay; Qualicum Beach; Quathiaski Cove; Quinsam; Radium Hot Springs; Revelstoke; Richmond; Royston; Saanich; Salmon Arm; Saratoga Beach; Sayward; Scotch Creek; Shawnigan Lake; Sicamous; Sidney; Smithers; Sparwood; Sproat Lake; Summerland; Sunshine Valley; Surrey; Tappen; Terrace; Thornhill; Tlakmaqis; Tofino; Tsawwassen; Ucluelet; Union Bay; Valemount; Vancouver; Vanderhoof; Vermilion Crossing; Vernon; Victoria; View Royal; West Kelowna; West Vancouver; Westbank; Westside; Windermere,,5446.0,,,Expedition,1.0,measured,0.9705,0.9932,5520,160.4,none,1.5,1.07,5378.91,36.66,58.07,0.0,1,osm,0,0,0,9,24,10,5152.9,4,mostly,4312,TRUE,,,Epic,0,0,0,0,distance,km,Shares roads with traffic,Mostly paved; Remote stretches,"Difficulty: Epic, because of sheer distance.",309.5,167.4,153.4,173.0,399.7,3912.0,37.9,13.9
trans-canada-trail-north-bc-only,Trans Canada Trail North (BC Only),Trans Canada Trail,trans-canada-trail,https://tctrail.ca/explore-the-map/,Northern British Columbia,Charlie Lake; Dawson Creek; Fort Nelson; Fort St John; Pink Mountain; Taylor,,1031.0,,,Expedition,0.988,measured,0.9972,0.9995,243,2.91,none,0.93,2.73,1018.92,0.48,0.0,12.24,2,osm,0,0,0,35,78,5,1025.6,4,mostly,950,TRUE,,,Epic,0,2,0,2,distance,km,Shares roads with traffic,Mostly paved; Remote stretches,"Difficulty: Epic, because of sheer distance, plus lots of climbing.",3.4,42.8,27.0,2.8,0.7,949.0,0.0,0.0
trans-canada-trail-south-bc-only,Trans Canada Trail South (BC Only),Trans Canada Trail,trans-canada-trail,https://tctrail.ca/explore-the-map/,"Kootenay Rockies; Thompson Okanagan; Vancouver, Coast and Mountains; Vancouver Island",Abbotsford; Bowen Island; Burnaby; Cassidy; Castlegar; Cedar; Chilliwack; Christina Lake; Cokato; Colwood; Coquitlam; Cranbrook; Cultus Lake; Duncan; Elkford; Esquimalt; Fernie; Fife; Fort Langley; Grand Forks; Greenwood; Hope; Kelowna; Kent; Kimberley; Ladysmith; Lake Cowichan; Langford; Langley; Malahat; Maple Ridge; Metchosin; Midway; Mission; Nanaimo; Naramata; Nelson; New Westminster; North Cowichan; North Vancouver; Oak Bay; Pemberton; Penticton; Pitt Meadows; Port Coquitlam; Port Moody; Princeton; Rossland; Saanich; Salmo; Shawnigan Lake; Slesse Park; Slocan; Sparwood; Squamish; Summerland; Surrey; Swift; Trail; Vancouver; Victoria; View Royal; West Vancouver; Whistler,,1768.0,,,Expedition,1.0,measured,0.9863,0.9966,2022,24.17,none,2.21,1.6,1735.85,5.83,5.3,0.03,72,osm,2,3,2,10,13,84,1662.1,,sections,65,TRUE,,,Epic,1,1,0,0,distance,km,Low-traffic riding,Mostly gravel; Chunky gravel,"Difficulty: Epic, because of sheer distance, plus some loose surface.",790.9,246.4,188.1,15.5,32.1,32.6,356.6,0.2
tree-to-sea-loop-vancouver-island,"Tree to Sea Loop, Vancouver Island",bikepacking.com,bikepacking-com,https://bikepacking.com/routes/tree-to-sea-loop-vancouver-island/,Vancouver Island,Alert Bay; Black Creek; Bloedel; Campbell River; Comox; Courtenay; Elephant Crossing; Gold River; Grantham; Lazo; Little River; Oyster River; Port Hardy; Port Mcneill; Quathiaski Cove; Quinsam; Rock Bay; Saratoga Beach; Sayward; Tahsis; Telegraph Cove,Area B (Lazo North),1046.0,16742.0,16.0,Expedition,1.0,measured,0.9609,0.9895,489,40.93,none,1.63,0.43,993.15,10.43,0.12,0.0,84,osm,2,2,2,35,48,71,996.2,,sections,92,TRUE,4,1,Epic,1,2,0,1,distance,km,Some traffic sharing,Mostly gravel; Lots of climbing; Remote stretches,"Difficulty: Epic, because of sheer distance, plus lots of climbing.",16.2,654.2,144.9,48.8,46.4,45.4,40.3,0.0
tree-to-sea-mini,Tree To Sea Mini,bikepacking.com,bikepacking-com,https://bikepacking.com/routes/tree-to-sea-loop-vancouver-island/,Vancouver Island,Bloedel; Campbell River; Gold River; Quinsam; Rock Bay; Sayward,Campbell River,384.0,6112.0,15.9,Expedition,1.0,measured,0.993,0.9961,132,2.67,none,0.1,0.0,380.03,1.5,0.0,0.0,76,osm,2,2,2,29,67,60,380.3,,sections,65,TRUE,,,Challenging,1,2,0,2,,,Some traffic sharing,Mostly gravel; Lots of climbing; Remote stretches,"Difficulty: Challenging, because of lots of climbing + long stretches far from services.",0.0,215.9,61.0,26.4,0.1,65.4,11.5,0.0
triple-crown-vancouver-bc-loop,"Triple Crown, Vancouver, BC (loop)",The Great Community Route Celebration,the-great-community-route-celebration,https://ridewithgps.com/routes/33289499,"Vancouver, Coast and Mountains",Burnaby; North Vancouver; Port Moody; Vancouver; West Vancouver,District of North Vancouver,112.0,2410.0,21.5,Weekend or more,1.0,measured,0.9412,0.9741,224,6.59,none,0.0,0.0,82.04,2.12,0.0,0.0,1,osm,0,0,0,51,0,22,92.5,,mostly,59,TRUE,2,,Ambitious,0,3,0,0,,,Shares roads with traffic,Mostly paved; Max climbing,"Difficulty: Ambitious, because of punishing climbs.",14.5,5.0,9.1,4.0,52.3,6.9,0.7,0.0
tutti-gravel-inn-tutti-loves-poutine,Tutti Loves Poutine,Bike Gear Database,bike-gear-database,https://www.bikegeardatabase.com/stories/tutti-gravel-inn,Cariboo Chilcotin Coast,Clinton,Thompson-Nicola,50.0,205.0,4.1,Full day,1.0,measured,0.9591,0.9651,25,2.03,none,0.2,0.31,49.72,1.73,0.0,0.0,88,osm,2,2,2,1,76,93,47.4,,,0,TRUE,1,,Ambitious,1,0,0,2,,,Low-traffic riding,Almost all gravel; Gentle grades; Remote stretches,"Difficulty: Ambitious, because of long stretches far from services + some loose surface.",0.0,24.5,3.1,0.0,0.0,0.0,19.8,0.0
two-lake-tootle,Two Lake Tootle,Bikepack Canada,bikepack-canada,https://www.bikepack.ca/two-lake-toodle,Kootenay Rockies,,Invermere,145.0,2093.0,14.4,Weekend or more,1.0,measured,0.9889,0.9991,49,1.6,none,0.0,0.0,144.95,0.13,0.0,0.0,89,osm,2,2,2,43,10,9,143.4,,,1,TRUE,2,,Ambitious,1,2,0,0,,,Shares roads with traffic,Almost all gravel; Lots of climbing,"Difficulty: Ambitious, because of lots of climbing + some loose surface.",0.4,5.5,129.2,0.0,0.5,0.8,6.9,0.0
ubc-explorer,UBC Explorer,Let's Go Biking,lets-go-biking,https://www.letsgobiking.net/shop/lets-go-biking-around-vancouver/,"Vancouver, Coast and Mountains",Richmond; University Hill; Vancouver,UBC-Point Grey,9.0,,,Afternoon,1.0,measured,0.919,0.9192,43,0.71,none,0.0,0.0,1.43,0.12,0.0,0.0,6,osm,0,0,0,0,0,94,6.5,,,0,TRUE,1,,Moderate,0,0,0,0,publisher,,Low-traffic riding,Mostly paved,"Difficulty: Moderate, because of the route publisher's own rating as a minimum.",2.4,3.7,0.4,0.0,0.0,0.0,0.0,0.0
van-to-can-day-1,Van to Can Day 1,Elbow Valley Cycle Club,elbow-valley-cycle-club,https://ridewithgps.com/routes/55626072,"Vancouver, Coast and Mountains",Abbotsford; Aldergrove; Burnaby; Chilliwack; Coquitlam; Cultus Lake; Delta; Fort Langley; Langley; Maple Ridge; Mission; New Westminster; North Vancouver; Pitt Meadows; Port Coquitlam; Port Moody; Surrey; Vancouver,Vancouver,115.0,811.0,7.1,Weekend or more,1.0,measured,0.9484,0.9946,292,5.96,none,0.0,0.0,115.48,0.62,0.0,0.0,7,osm,0,0,0,1,0,43,100.3,,sections,9,TRUE,2,,Ambitious,0,1,0,0,publisher,,Shares roads with traffic,Mostly paved; Some climbing,"Difficulty: Ambitious, because of the route publisher's own rating as a minimum, plus some climbing.",31.9,9.8,30.7,17.3,6.9,2.4,1.2,0.0
vancouver-city-circle,Vancouver City Circle,Let's Go Biking,lets-go-biking,https://www.letsgobiking.net/shop/lets-go-biking-around-vancouver/,"Vancouver, Coast and Mountains",North Vancouver; Vancouver; West Vancouver,Vancouver,20.0,,,Afternoon,1.0,measured,0.9694,0.9946,55,0.61,none,0.0,0.0,13.88,0.08,1.91,0.0,0,osm,0,0,0,0,0,88,7.7,,,0,TRUE,1,,Moderate,0,0,0,0,publisher,,Low-traffic riding,Mostly paved,"Difficulty: Moderate, because of the route publisher's own rating as a minimum.",6.5,0.3,0.4,0.2,0.3,0.0,0.0,0.0
vancouver-crossing-loop-cw,Vancouver Crossing Loop,Adventure Cycling Association,adventure-cycling-association,https://www.adventurecycling.org/routes-and-maps/adventure-cycling-route-network/vancouver-crossing-loop/,"Vancouver Island; Vancouver, Coast and Mountains",Beach Grove; Beaver Point; Bowen Island; Burnaby; Cassidy; Cedar; Central Saanich; Colwood; Delta; Duncan; Esquimalt; Galiano; Galiano Island; Ladysmith; Lake Cowichan; Langford; Malahat; Mayne Island; Metchosin; Nanaimo; New Westminster; North Cowichan; North Saanich; North Vancouver; Oak Bay; Richmond; Saanich; Shawnigan Lake; Sidney; Surrey; Tsawwassen; University Hill; Vancouver; Victoria; View Royal; West Vancouver,Victoria,503.0,3165.0,6.3,Expedition,1.0,measured,0.7583,0.9804,729,121.6,ferry,0.0,0.0,346.74,6.79,63.26,0.0,46,osm,0,2,1,4,0,81,358.5,,sections,21,TRUE,,,Moderate,0,1,0,0,,,Low-traffic riding,Mixed surface; Some climbing,"Difficulty: Moderate, because of some climbing.",239.6,48.6,30.8,15.7,18.1,2.6,3.1,0.4
vb-1,Seaside Beaches,Let's Go Biking,lets-go-biking,https://www.letsgobiking.net/shop/lets-go-biking-around-vancouver/,"Vancouver, Coast and Mountains",North Vancouver; Richmond; University Hill; Vancouver; West Vancouver,,18.0,,,Afternoon,1.0,publisher scope,0.9443,0.9724,32,0.54,none,0.0,0.0,9.11,0.25,0.07,0.0,38,osm,0,1,1,0,0,100,6.9,,,0,TRUE,0,,Easy,0,0,0,0,,,Low-traffic riding,Mixed surface,Difficulty: Easy — no major climbing or rough surface.,5.8,1.1,0.0,0.0,0.0,0.0,0.0,0.0
vb-12,Arbutus Greenway,Let's Go Biking,lets-go-biking,https://www.letsgobiking.net/shop/lets-go-biking-around-vancouver/,"Vancouver, Coast and Mountains",North Vancouver; Richmond; Vancouver; West Vancouver,,17.0,,,Afternoon,1.0,publisher scope,0.9439,0.9978,27,0.46,none,0.0,0.0,7.98,0.02,0.0,0.0,0,osm,0,0,0,0,0,97,7.0,,,0,TRUE,,,Easy,0,0,0,0,,,Low-traffic riding,Mostly paved,Difficulty: Easy — no major climbing or rough surface.,3.9,2.9,0.2,0.0,0.0,0.0,0.0,0.0
vb-13,Vancouver to Steveston,Let's Go Biking,lets-go-biking,https://www.letsgobiking.net/shop/lets-go-biking-around-vancouver/,"Vancouver, Coast and Mountains",Delta; Richmond; Vancouver,,44.0,,,Full day,1.0,publisher scope,0.9606,0.9884,41,0.6,none,0.0,0.0,15.2,0.18,0.0,0.0,16,osm,0,2,0,0,0,85,12.2,,,0,TRUE,2,,Ambitious,0,0,0,0,publisher,,Low-traffic riding,Mixed surface,"Difficulty: Ambitious, because of the route publisher's own rating as a minimum.",9.5,0.4,1.7,0.1,0.0,0.0,0.5,0.0
vb-18,BC Parkway,Let's Go Biking,lets-go-biking,https://www.letsgobiking.net/shop/lets-go-biking-around-vancouver/,"Vancouver, Coast and Mountains",Burnaby; Coquitlam; Delta; New Westminster; North Vancouver; Richmond; Surrey; Vancouver,,36.0,,,Full day,1.0,publisher scope,0.9396,0.9819,62,0.99,none,0.0,0.0,16.1,0.29,0.34,0.0,9,osm,0,0,0,4,0,99,13.4,,,0,TRUE,1,,Moderate,0,0,0,0,publisher,,Low-traffic riding,Mostly paved,"Difficulty: Moderate, because of the route publisher's own rating as a minimum.",12.8,0.3,0.2,0.0,0.0,0.0,0.1,0.0
vb-19,Burnaby Scenic & Adanac Bikeway,Let's Go Biking,lets-go-biking,https://www.letsgobiking.net/shop/lets-go-biking-around-vancouver/,"Vancouver, Coast and Mountains",Burnaby; North Vancouver; Port Moody; Vancouver; West Vancouver,,35.0,,,Full day,1.0,publisher scope,0.912,0.9913,107,2.55,none,0.0,0.0,28.7,0.25,0.0,0.0,16,osm,0,0,0,4,0,93,21.6,,,0,TRUE,2,,Ambitious,0,0,0,0,publisher,,Low-traffic riding,Mixed surface,"Difficulty: Ambitious, because of the route publisher's own rating as a minimum.",16.4,3.9,1.4,0.0,0.0,0.0,0.0,0.0
vb-2,Seaside Greenway,Let's Go Biking,lets-go-biking,https://www.letsgobiking.net/shop/lets-go-biking-around-vancouver/,"Vancouver, Coast and Mountains",North Vancouver; Richmond; University Hill; Vancouver; West Vancouver,,24.0,,,Afternoon,1.0,publisher scope,0.9448,0.9894,96,1.88,none,0.0,0.0,31.21,0.33,0.91,0.0,13,osm,0,1,0,0,0,100,22.6,,,0,TRUE,1,,Moderate,0,0,0,0,publisher,,Low-traffic riding,Mostly paved,"Difficulty: Moderate, because of the route publisher's own rating as a minimum.",20.1,2.4,0.1,0.0,0.0,0.0,0.0,0.6
vb-3,False Creek & Granville Island,Let's Go Biking,lets-go-biking,https://www.letsgobiking.net/shop/lets-go-biking-around-vancouver/,"Vancouver, Coast and Mountains",North Vancouver; Vancouver; West Vancouver,,10.0,,,Afternoon,1.0,publisher scope,0.9162,0.9964,23,0.34,none,0.0,0.0,4.01,0.01,0.05,0.0,,,,,,,,,,,,,FALSE,0,,Easy,0,0,0,0,,,,,Difficulty: Easy — no major climbing or rough surface.,2.3,0.3,0.0,0.0,0.0,0.0,0.0,0.0
vb-31,Crosstown & Queens Park,Let's Go Biking,lets-go-biking,https://www.letsgobiking.net/shop/lets-go-biking-around-vancouver/,"Vancouver, Coast and Mountains",Burnaby; Coquitlam; Delta; New Westminster; Port Moody; Richmond; Surrey,,16.0,,,Afternoon,1.0,publisher scope,0.9241,0.9743,40,0.88,none,0.0,0.0,11.6,0.3,0.0,0.0,2,osm,0,0,0,4,0,100,9.7,,,0,TRUE,,,Easy,0,0,0,0,,,Low-traffic riding,Mostly paved,Difficulty: Easy — no major climbing or rough surface.,3.2,6.3,0.0,0.0,0.0,0.0,0.2,0.0
vb-32,Seymour Valley,Let's Go Biking,lets-go-biking,https://www.letsgobiking.net/shop/lets-go-biking-around-vancouver/,"Vancouver, Coast and Mountains",Burnaby; North Vancouver,,29.0,,,Afternoon,1.0,publisher scope,0.9643,0.9825,47,1.38,none,0.0,0.0,38.66,0.68,0.0,0.0,44,osm,0,3,2,13,0,100,34.5,,,0,TRUE,,,Ambitious,1,1,0,0,,,Low-traffic riding,Mixed surface; Chunky gravel,"Difficulty: Ambitious, because of some loose surface + some climbing.",31.1,1.9,0.0,0.0,0.0,0.0,1.5,0.0
vb-35,Mosquito Creek,Let's Go Biking,lets-go-biking,https://www.letsgobiking.net/shop/lets-go-biking-around-vancouver/,"Vancouver, Coast and Mountains",North Vancouver; Vancouver; West Vancouver,,8.0,,,Afternoon,1.0,publisher scope,0.9049,0.9838,35,0.68,none,0.0,0.0,5.34,0.09,0.0,0.0,0,osm,0,0,0,0,0,58,5.3,,,0,TRUE,,,Easy,0,0,0,0,,,Some traffic sharing,Mostly paved,Difficulty: Easy — no major climbing or rough surface.,2.1,0.9,1.7,0.5,0.0,0.0,0.1,0.0
vb-39,Shoreline Trail,Let's Go Biking,lets-go-biking,https://www.letsgobiking.net/shop/lets-go-biking-around-vancouver/,"Vancouver, Coast and Mountains",Burnaby; Coquitlam; Port Coquitlam; Port Moody,,9.0,,,Afternoon,1.0,publisher scope,0.9671,0.9901,12,0.21,none,0.0,0.0,6.39,0.06,0.0,0.0,0,osm,0,0,0,0,0,91,5.7,,,0,TRUE,0,,Easy,0,0,0,0,,,Low-traffic riding,Mostly paved,Difficulty: Easy — no major climbing or rough surface.,4.2,1.1,0.0,0.5,0.0,0.0,0.0,0.0
vb-45,Colony Farm,Let's Go Biking,lets-go-biking,https://www.letsgobiking.net/shop/lets-go-biking-around-vancouver/,"Vancouver, Coast and Mountains",Coquitlam; New Westminster; Pitt Meadows; Port Coquitlam; Port Moody; Surrey,,16.0,,,Afternoon,1.0,publisher scope,0.9631,0.9934,21,0.9,none,0.0,0.0,24.39,0.16,0.0,0.0,32,osm,0,2,1,0,0,90,20.7,,,0,TRUE,0,,Easy,0,0,0,0,,,Low-traffic riding,Mixed surface,Difficulty: Easy — no major climbing or rough surface.,11.8,6.9,0.0,2.0,0.0,0.0,0.0,0.0
vb-52,Around Richmond,Let's Go Biking,lets-go-biking,https://www.letsgobiking.net/shop/lets-go-biking-around-vancouver/,"Vancouver, Coast and Mountains",Delta; Richmond; Vancouver,,38.0,,,Full day,1.0,publisher scope,0.9544,0.9812,92,1.63,none,0.0,0.0,34.8,0.65,0.0,0.0,9,osm,0,0,0,0,0,71,32.2,,,0,TRUE,1,,Moderate,0,0,0,0,publisher,,Some traffic sharing,Mostly paved,"Difficulty: Moderate, because of the route publisher's own rating as a minimum.",13.7,8.5,6.4,2.9,0.0,0.0,0.6,0.0
vb-53,Railway Greenway,Let's Go Biking,lets-go-biking,https://www.letsgobiking.net/shop/lets-go-biking-around-vancouver/,"Vancouver, Coast and Mountains",Delta; Richmond; Vancouver,,23.0,,,Afternoon,1.0,publisher scope,0.9605,0.9985,24,0.37,none,0.0,0.0,9.32,0.01,0.0,0.0,0,osm,0,0,0,0,0,88,6.8,,,0,TRUE,0,,Easy,0,0,0,0,,,Low-traffic riding,Mostly paved,Difficulty: Easy — no major climbing or rough surface.,5.9,0.0,0.7,0.1,0.0,0.0,0.1,0.0
vb-54,West Dyke & Middle Arm,Let's Go Biking,lets-go-biking,https://www.letsgobiking.net/shop/lets-go-biking-around-vancouver/,"Vancouver, Coast and Mountains",Delta; Richmond; Vancouver,,22.0,,,Afternoon,1.0,publisher scope,0.9465,0.9815,58,0.94,none,0.0,0.0,17.66,0.33,0.0,0.0,15,osm,0,2,0,0,0,60,14.2,,,0,TRUE,0,,Easy,0,0,0,0,,,Some traffic sharing,Mixed surface,Difficulty: Easy — no major climbing or rough surface.,5.3,2.7,3.7,2.0,0.0,0.0,0.6,0.0
vb-55,Steveston South Dyke Trail,Let's Go Biking,lets-go-biking,https://www.letsgobiking.net/shop/lets-go-biking-around-vancouver/,"Vancouver, Coast and Mountains",Delta; Richmond,,20.0,,,Afternoon,1.0,publisher scope,0.9617,0.9772,21,0.39,none,0.0,0.0,9.53,0.22,0.0,0.0,5,osm,0,0,0,0,0,86,9.3,,,0,TRUE,0,,Easy,0,0,0,0,,,Low-traffic riding,Mostly paved,Difficulty: Easy — no major climbing or rough surface.,6.7,1.3,1.3,0.0,0.0,0.0,0.0,0.0
vb-6,Bike the Bridge,Let's Go Biking,lets-go-biking,https://www.letsgobiking.net/shop/lets-go-biking-around-vancouver/,"Vancouver, Coast and Mountains",Burnaby; North Vancouver; Vancouver; West Vancouver,,20.0,,,Afternoon,1.0,publisher scope,0.9471,0.989,47,0.99,none,0.0,0.0,4.47,0.05,0.39,0.0,0,osm,0,0,0,0,0,99,13.8,,,0,TRUE,2,,Ambitious,0,0,0,0,publisher,,Low-traffic riding,Mostly paved,"Difficulty: Ambitious, because of the route publisher's own rating as a minimum.",12.7,0.9,0.2,0.0,0.0,0.0,0.0,0.3
vb-65,Friesens Ride,Let's Go Biking,lets-go-biking,https://www.letsgobiking.net/shop/lets-go-biking-around-vancouver/,"Vancouver, Coast and Mountains",Delta; Surrey; White Rock,,24.0,,,Afternoon,1.0,publisher scope,0.9171,0.9793,54,0.96,none,0.0,0.0,9.36,0.19,0.0,0.0,0,osm,0,0,0,2,0,72,5.1,,,0,TRUE,1,,Moderate,0,0,0,0,publisher,,Some traffic sharing,Mostly paved,"Difficulty: Moderate, because of the route publisher's own rating as a minimum.",0.8,2.6,1.4,0.0,0.0,0.0,0.3,0.0
vb-8,Portside,Let's Go Biking,lets-go-biking,https://www.letsgobiking.net/shop/lets-go-biking-around-vancouver/,"Vancouver, Coast and Mountains",Burnaby; North Vancouver; Vancouver; West Vancouver,,20.0,,,Afternoon,1.0,publisher scope,0.9236,0.9913,46,1.29,none,0.0,0.0,16.68,0.14,0.15,0.0,9,osm,0,0,0,0,0,98,11.2,,,0,TRUE,,,Easy,0,0,0,0,,,Low-traffic riding,Mostly paved,Difficulty: Easy — no major climbing or rough surface.,6.8,4.1,0.2,0.1,0.0,0.0,0.0,0.0
vb-9,The Drive,Let's Go Biking,lets-go-biking,https://www.letsgobiking.net/shop/lets-go-biking-around-vancouver/,"Vancouver, Coast and Mountains",North Vancouver; Vancouver; West Vancouver,,16.0,,,Afternoon,1.0,publisher scope,0.9045,0.9929,10,0.17,none,0.0,0.0,1.73,0.01,0.0,0.0,,,,,,,,,,,,,FALSE,1,,Moderate,0,0,0,0,publisher,,,,"Difficulty: Moderate, because of the route publisher's own rating as a minimum.",0.6,0.0,0.1,0.0,0.0,0.0,0.0,0.0
vedder-heronry-rotary-trail-w22,Rotary Loop Trail,Trails BC,trails-bc,https://trailsbc.ca/loops/vedder-heronry-rotary-trail-w22/,"Vancouver, Coast and Mountains",Abbotsford; Chilliwack; Cultus Lake,,12.0,,,Afternoon,1.0,measured,0.9627,0.9808,25,0.45,none,0.0,0.0,12.07,0.23,0.0,0.0,100,osm,2,2,2,0,0,100,8.6,,,0,TRUE,,,Moderate,1,0,0,0,,,Low-traffic riding,Almost all gravel,"Difficulty: Moderate, because of some loose surface.",7.6,0.9,0.0,0.0,0.0,0.0,0.1,0.0
vedder-loop,Vedder Loop,Let's Go Biking,lets-go-biking,https://www.letsgobiking.net/shop/lets-go-biking-around-vancouver/,"Vancouver, Coast and Mountains",Abbotsford; Chilliwack; Cultus Lake,Chilliwack,21.0,63.0,3.0,Afternoon,1.0,measured,0.9846,0.99,20,0.32,none,0.0,0.0,20.55,0.21,0.0,0.0,95,osm,2,2,2,0,0,98,18.5,,,0,TRUE,0,,Moderate,1,0,0,0,,,Low-traffic riding,Almost all gravel; Gentle grades,"Difficulty: Moderate, because of some loose surface.",18.0,0.0,0.3,0.0,0.0,0.0,0.1,0.0
vedder-sumas-river-c47,Vedder Sumas River,Trails BC,trails-bc,https://trailsbc.ca/loops/vedder-sumas-river-c47/,"Vancouver, Coast and Mountains",Abbotsford; Chilliwack; Cultus Lake,,92.0,181.0,2.0,Weekend or more,1.0,measured,0.976,0.9886,113,2.19,none,0.08,0.0,91.59,1.04,0.0,0.0,48,osm,0,2,1,2,0,53,83.1,,sections,28,TRUE,,,Easy,0,0,0,0,,,Some traffic sharing,Mixed surface; Gentle grades,Difficulty: Easy — no major climbing or rough surface.,37.7,6.1,10.4,0.7,5.4,22.3,0.4,0.0
victoria-port-renfrew-lake-cowichan-duncan-victoria,Victoria - Port Renfrew - Lake Cowichan - Duncan - Victoria,Cross Canada Cycle Tour Society,cross-canada-cycle-tour-society,https://ridewithgps.com/routes/35337838,Vancouver Island,Cobble Hill; Colwood; Cowichan Bay; Duncan; Esquimalt; Lake Cowichan; Langford; Malahat; Metchosin; Mill Bay; North Cowichan; Oak Bay; Port Renfrew; River Jordan; Saanich; Shawnigan Lake; Sooke; Victoria; View Royal,Victoria,264.0,2993.0,11.3,Weekend or more,1.0,measured,0.9724,0.9956,340,7.28,none,0.12,0.0,257.35,1.13,2.66,0.0,1,osm,0,0,0,12,19,7,252.4,2,mostly,186,TRUE,,,Ambitious,0,1,0,0,traffic,,Shares roads with traffic,Mostly paved; Some climbing,"Difficulty: Ambitious, because of a lot of riding on busier roads, plus some climbing.",15.1,2.9,32.4,15.7,102.0,84.1,0.1,0.0
west-vancouver-exploring,West Vancouver Exploring,Let's Go Biking,lets-go-biking,https://www.letsgobiking.net/shop/lets-go-biking-around-vancouver/,"Vancouver, Coast and Mountains",Bowen Island; North Vancouver; Vancouver; West Vancouver,West Vancouver,36.0,665.0,18.5,Full day,1.0,measured,0.9406,0.9828,99,2.17,none,0.0,0.0,24.45,0.42,0.0,0.0,9,osm,0,0,0,8,0,65,30.1,,,3,TRUE,1,,Ambitious,0,2,0,0,,,Some traffic sharing,Mostly paved; Lots of climbing,"Difficulty: Ambitious, because of lots of climbing.",6.4,12.6,3.8,3.6,3.1,0.0,0.5,0.0
westham-island,Westham Island,Let's Go Biking,lets-go-biking,https://www.letsgobiking.net/shop/lets-go-biking-around-vancouver/,"Vancouver, Coast and Mountains",Delta; Richmond,Delta,9.0,13.0,1.4,Afternoon,1.0,measured,0.975,0.986,13,0.22,none,0.0,0.0,2.01,0.03,0.0,0.0,10,osm,0,0,0,0,0,56,7.2,,,0,TRUE,0,,Easy,0,0,0,0,,,Some traffic sharing,Mostly paved; Gentle grades,Difficulty: Easy — no major climbing or rough surface.,0.5,3.5,0.5,2.8,0.0,0.0,0.0,0.0
white-rock-south-surrey-big-loop,White Rock + South Surrey Big Loop,Let's Go Biking,lets-go-biking,https://www.letsgobiking.net/shop/lets-go-biking-around-vancouver/,"Vancouver, Coast and Mountains",Delta; Surrey; White Rock,Surrey,32.0,,,Full day,1.0,measured,0.9497,0.989,108,1.6,none,0.0,0.0,22.97,0.25,0.0,0.0,43,osm,0,2,1,3,0,82,23.3,,,0,TRUE,2,,Ambitious,0,0,0,0,publisher,,Low-traffic riding,Mixed surface,"Difficulty: Ambitious, because of the route publisher's own rating as a minimum.",10.4,7.2,4.2,0.0,0.0,0.0,1.5,0.0
