<?xml version="1.0" encoding="UTF-8"?>
<gpx version="1.1" creator="We Welcome Cyclists (bccycletourism.ca)" xmlns="http://www.topografix.com/GPX/1/1">
<metadata>
<name>Local Surrey Bike routes</name>
<link href="https://bccycletourism.ca/trail/local-surrey-bike-routes/"><text>We Welcome Cyclists</text></link>
</metadata>
<wpt lat="49.189940" lon="-122.850122">
<name>Trees Organic Coffee &amp; Cheesecake</name>
<cmt>coffee</cmt>
<desc>Café / Coffee</desc>
<sym>Dot</sym>
<type>food</type>
</wpt>
<wpt lat="49.198720" lon="-122.851102">
<name>Waves Coffee House</name>
<cmt>coffee</cmt>
<desc>Café / Coffee</desc>
<sym>Dot</sym>
<type>food</type>
</wpt>
<wpt lat="49.137036" lon="-122.845006">
<name>Brewster's Sports Pub &amp; Liquor Store</name>
<cmt>bar</cmt>
<desc>Brewery / Pub</desc>
<sym>Dot</sym>
<type>food</type>
</wpt>
<wpt lat="49.191151" lon="-122.806678">
<name>Sabai Thai Restaurant</name>
<cmt>food</cmt>
<desc>Restaurant</desc>
<sym>Dot</sym>
<type>food</type>
</wpt>
<wpt lat="49.155307" lon="-122.780086">
<name>Fleetwood Community Centre</name>
<cmt>rest_stop</cmt>
<desc>Community Centre</desc>
<sym>Dot</sym>
<type>rest_area</type>
</wpt>
<wpt lat="49.152150" lon="-122.890119">
<name>IHOP</name>
<cmt>food</cmt>
<desc>Restaurant</desc>
<sym>Dot</sym>
<type>food</type>
</wpt>
<wpt lat="49.055569" lon="-122.800740">
<name>Chopstick Corner</name>
<cmt>food</cmt>
<desc>Restaurant</desc>
<sym>Dot</sym>
<type>food</type>
</wpt>
<wpt lat="49.105327" lon="-122.690887">
<name>Ramada by Wyndham</name>
<cmt>lodging</cmt>
<desc>Hotel / Motel</desc>
<sym>Dot</sym>
<type>shelter</type>
</wpt>
<wpt lat="49.045275" lon="-122.777222">
<name>Fatburger</name>
<cmt>food</cmt>
<desc>Fast Food / Chain</desc>
<sym>Dot</sym>
<type>food</type>
</wpt>
<wpt lat="49.148100" lon="-122.781515">
<name>Fleetwood Gardens</name>
<cmt>park</cmt>
<desc>Park / Nature</desc>
<sym>Dot</sym>
<type>rest_area</type>
</wpt>
<wpt lat="49.188617" lon="-122.797324">
<name>The Taphouse</name>
<cmt>bar</cmt>
<desc>Brewery / Pub</desc>
<sym>Dot</sym>
<type>food</type>
</wpt>
<wpt lat="49.188750" lon="-122.806166">
<name>Walmart Supercentre</name>
<cmt>convenience_store</cmt>
<desc>Grocery Store</desc>
<sym>Dot</sym>
<type>store</type>
</wpt>
<wpt lat="49.034899" lon="-122.800882">
<name>Fruiticana</name>
<cmt>convenience_store</cmt>
<desc>Grocery Store</desc>
<sym>Dot</sym>
<type>store</type>
</wpt>
<wpt lat="49.191941" lon="-122.789330">
<name>Osaka Kitchen</name>
<cmt>food</cmt>
<desc>Restaurant</desc>
<sym>Dot</sym>
<type>food</type>
</wpt>
<wpt lat="49.111801" lon="-122.756363">
<name>Boothroyd Heritage Coffee</name>
<cmt>coffee</cmt>
<desc>Café / Coffee</desc>
<sym>Dot</sym>
<type>food</type>
</wpt>
<wpt lat="49.045818" lon="-122.797258">
<name>Sushi Mori Japanese Restaurant</name>
<cmt>food</cmt>
<desc>Restaurant</desc>
<sym>Dot</sym>
<type>food</type>
</wpt>
<wpt lat="49.157136" lon="-122.779182">
<name>A&amp;W</name>
<cmt>food</cmt>
<desc>Fast Food / Chain</desc>
<sym>Dot</sym>
<type>food</type>
</wpt>
<wpt lat="49.045230" lon="-122.778725">
<name>Browns Socialhouse</name>
<cmt>food</cmt>
<desc>Restaurant</desc>
<sym>Dot</sym>
<type>food</type>
</wpt>
<wpt lat="49.046548" lon="-122.784122">
<name>Sammy J's Grill &amp; Bar</name>
<cmt>food</cmt>
<desc>Restaurant</desc>
<sym>Dot</sym>
<type>food</type>
</wpt>
<wpt lat="49.159511" lon="-122.779136">
<name>Training Day Cafe</name>
<cmt>coffee</cmt>
<desc>Café / Coffee</desc>
<sym>Dot</sym>
<type>food</type>
</wpt>
<wpt lat="49.111805" lon="-122.756969">
<name>7-Eleven</name>
<cmt>convenience_store</cmt>
<desc>Convenience Store</desc>
<sym>Dot</sym>
<type>store</type>
</wpt>
<wpt lat="49.046166" lon="-122.782480">
<name>ignite Pizzaria</name>
<cmt>food</cmt>
<desc>Restaurant</desc>
<sym>Dot</sym>
<type>food</type>
</wpt>
<wpt lat="49.159430" lon="-122.779142">
<name>Nanyang Asian Supermarket</name>
<cmt>convenience_store</cmt>
<desc>Grocery Store</desc>
<sym>Dot</sym>
<type>store</type>
</wpt>
<wpt lat="49.045223" lon="-122.778509">
<name>Curry Lounge</name>
<cmt>food</cmt>
<desc>Restaurant</desc>
<sym>Dot</sym>
<type>food</type>
</wpt>
<wpt lat="49.187750" lon="-122.795063">
<name>Guildford Station Pub</name>
<cmt>bar</cmt>
<desc>Brewery / Pub</desc>
<sym>Dot</sym>
<type>food</type>
</wpt>
<wpt lat="49.140677" lon="-122.847332">
<name>Canadian Tire</name>
<cmt>convenience_store</cmt>
<desc>General merchandise</desc>
<sym>Dot</sym>
<type>store</type>
</wpt>
<wpt lat="49.118063" lon="-122.756927">
<name>Golden Sweets &amp; Restaurant</name>
<cmt>food</cmt>
<desc>Restaurant</desc>
<sym>Dot</sym>
<type>food</type>
</wpt>
<wpt lat="49.192111" lon="-122.789277">
<name>Blenz Coffee</name>
<cmt>coffee</cmt>
<desc>Café / Coffee</desc>
<sym>Dot</sym>
<type>food</type>
</wpt>
<wpt lat="49.045843" lon="-122.795882">
<name>Bulk Barn</name>
<cmt>convenience_store</cmt>
<desc>Grocery Store</desc>
<sym>Dot</sym>
<type>store</type>
</wpt>
<wpt lat="49.045203" lon="-122.778195">
<name>Freshii</name>
<cmt>food</cmt>
<desc>Restaurant</desc>
<sym>Dot</sym>
<type>food</type>
</wpt>
<wpt lat="49.191856" lon="-122.850314">
<name>Kokoro Japanese Ramen House</name>
<cmt>food</cmt>
<desc>Restaurant</desc>
<sym>Dot</sym>
<type>food</type>
</wpt>
<wpt lat="49.148507" lon="-122.871441">
<name>Mayuri Indian Cuisine</name>
<cmt>food</cmt>
<desc>Restaurant</desc>
<sym>Dot</sym>
<type>food</type>
</wpt>
<wpt lat="49.045826" lon="-122.776698">
<name>Earls</name>
<cmt>food</cmt>
<desc>Restaurant</desc>
<sym>Dot</sym>
<type>food</type>
</wpt>
<wpt lat="49.136956" lon="-122.844347">
<name>Starbucks</name>
<cmt>food</cmt>
<desc>Fast Food / Chain</desc>
<sym>Dot</sym>
<type>food</type>
</wpt>
<wpt lat="49.055990" lon="-122.800673">
<name>Fruticana</name>
<cmt>convenience_store</cmt>
<desc>Grocery Store</desc>
<sym>Dot</sym>
<type>store</type>
</wpt>
<wpt lat="49.155198" lon="-122.779713">
<name>Fleetwood Library Branch</name>
<cmt>library</cmt>
<desc>Library</desc>
<sym>Dot</sym>
<type>info</type>
</wpt>
<wpt lat="49.045184" lon="-122.777445">
<name>Woo Korean BBQ</name>
<cmt>food</cmt>
<desc>Restaurant</desc>
<sym>Dot</sym>
<type>food</type>
</wpt>
<wpt lat="49.055744" lon="-122.800677">
<name>Panago</name>
<cmt>food</cmt>
<desc>Fast Food / Chain</desc>
<sym>Dot</sym>
<type>food</type>
</wpt>
<wpt lat="49.045332" lon="-122.794623">
<name>Domino's</name>
<cmt>food</cmt>
<desc>Fast Food / Chain</desc>
<sym>Dot</sym>
<type>food</type>
</wpt>
<wpt lat="49.152488" lon="-122.890031">
<name>Chongqing</name>
<cmt>food</cmt>
<desc>Restaurant</desc>
<sym>Dot</sym>
<type>food</type>
</wpt>
<wpt lat="49.107563" lon="-122.733518">
<name>Jumbo Pizza</name>
<cmt>food</cmt>
<desc>Restaurant</desc>
<sym>Dot</sym>
<type>food</type>
</wpt>
<wpt lat="49.045327" lon="-122.794754">
<name>The Bike Zone</name>
<cmt>bike_shop</cmt>
<desc>Repair Shop</desc>
<sym>Dot</sym>
<type>gear</type>
</wpt>
<wpt lat="49.111484" lon="-122.680816">
<name>Crosstown Food Market</name>
<cmt>convenience_store</cmt>
<desc>Convenience Store</desc>
<sym>Dot</sym>
<type>store</type>
</wpt>
<wpt lat="49.155748" lon="-122.778400">
<name>The Social Tavern</name>
<cmt>bar</cmt>
<desc>Brewery / Pub</desc>
<sym>Dot</sym>
<type>food</type>
</wpt>
<wpt lat="49.177670" lon="-122.778404">
<name>McDonald's</name>
<cmt>food</cmt>
<desc>Fast Food / Chain</desc>
<sym>Dot</sym>
<type>food</type>
</wpt>
<wpt lat="49.105038" lon="-122.690686">
<name>Sahota's Live Grill</name>
<cmt>food</cmt>
<desc>Restaurant</desc>
<sym>Dot</sym>
<type>food</type>
</wpt>
<wpt lat="49.162462" lon="-122.790561">
<name>Subway</name>
<cmt>food</cmt>
<desc>Fast Food / Chain</desc>
<sym>Dot</sym>
<type>food</type>
</wpt>
<wpt lat="49.198074" lon="-122.812044">
<name>Subway</name>
<cmt>food</cmt>
<desc>Fast Food / Chain</desc>
<sym>Dot</sym>
<type>food</type>
</wpt>
<wpt lat="49.126832" lon="-122.866884">
<name>Newton Pizza</name>
<cmt>food</cmt>
<desc>Fast Food / Chain</desc>
<sym>Dot</sym>
<type>food</type>
</wpt>
<wpt lat="49.056158" lon="-122.800605">
<name>COBS Bread</name>
<cmt>food</cmt>
<desc>Bakery / Donuts</desc>
<sym>Dot</sym>
<type>food</type>
</wpt>
<wpt lat="49.045873" lon="-122.782123">
<name>White Spot</name>
<cmt>food</cmt>
<desc>Fast Food / Chain</desc>
<sym>Dot</sym>
<type>food</type>
</wpt>
<wpt lat="49.148206" lon="-122.889684">
<name>Fast Fired</name>
<cmt>food</cmt>
<desc>Fast Food / Chain</desc>
<sym>Dot</sym>
<type>food</type>
</wpt>
<wpt lat="49.051363" lon="-122.691912">
<name>Tim Hortons</name>
<cmt>food</cmt>
<desc>Fast Food / Chain</desc>
<sym>Dot</sym>
<type>food</type>
</wpt>
<wpt lat="49.045909" lon="-122.793368">
<name>Crispy Falafel</name>
<cmt>food</cmt>
<desc>Restaurant</desc>
<sym>Dot</sym>
<type>food</type>
</wpt>
<wpt lat="49.158358" lon="-122.779288">
<name>Wendy's</name>
<cmt>food</cmt>
<desc>Fast Food / Chain</desc>
<sym>Dot</sym>
<type>food</type>
</wpt>
<wpt lat="49.177585" lon="-122.756164">
<name>Tim Hortons</name>
<cmt>food</cmt>
<desc>Fast Food / Chain</desc>
<sym>Dot</sym>
<type>food</type>
</wpt>
<wpt lat="49.159731" lon="-122.779303">
<name>Finest Cup</name>
<cmt>coffee</cmt>
<desc>Café / Coffee</desc>
<sym>Dot</sym>
<type>food</type>
</wpt>
<wpt lat="49.046032" lon="-122.782311">
<name>Spice Republic Indian Restaurant &amp; Lounge</name>
<cmt>food</cmt>
<desc>Restaurant</desc>
<sym>Dot</sym>
<type>food</type>
</wpt>
<wpt lat="49.157874" lon="-122.778367">
<name>Yoko Sushi</name>
<cmt>food</cmt>
<desc>Restaurant</desc>
<sym>Dot</sym>
<type>food</type>
</wpt>
<wpt lat="49.169874" lon="-122.778422">
<name>Sun Farm Produce</name>
<cmt>convenience_store</cmt>
<desc>Convenience Store</desc>
<sym>Dot</sym>
<type>store</type>
</wpt>
<wpt lat="49.056274" lon="-122.800567">
<name>Subway</name>
<cmt>food</cmt>
<desc>Fast Food / Chain</desc>
<sym>Dot</sym>
<type>food</type>
</wpt>
<wpt lat="49.034329" lon="-122.803076">
<name>Chevron</name>
<cmt>convenience_store</cmt>
<desc>Convenience Store</desc>
<sym>Dot</sym>
<type>store</type>
</wpt>
<wpt lat="49.053205" lon="-122.691080">
<name>McDonald's</name>
<cmt>food</cmt>
<desc>Fast Food / Chain</desc>
<sym>Dot</sym>
<type>food</type>
</wpt>
<wpt lat="49.045212" lon="-122.782512">
<name>Walmart</name>
<cmt>convenience_store</cmt>
<desc>Grocery Store</desc>
<sym>Dot</sym>
<type>store</type>
</wpt>
<wpt lat="49.176595" lon="-122.779403">
<name>Husky</name>
<cmt>convenience_store</cmt>
<desc>Convenience Store</desc>
<sym>Dot</sym>
<type>store</type>
</wpt>
<wpt lat="49.059264" lon="-122.810032">
<name>Tudor Liquor Store</name>
<cmt>convenience_store</cmt>
<desc>Liquor Store</desc>
<sym>Dot</sym>
<type>store</type>
</wpt>
<wpt lat="49.148163" lon="-122.889751">
<name>Popeyes</name>
<cmt>food</cmt>
<desc>Fast Food / Chain</desc>
<sym>Dot</sym>
<type>food</type>
</wpt>
<wpt lat="49.188073" lon="-122.849896">
<name>Fraser Library</name>
<cmt>library</cmt>
<desc>Library</desc>
<sym>Dot</sym>
<type>info</type>
</wpt>
<wpt lat="49.137517" lon="-122.843813">
<name>BC Liquor Store</name>
<cmt>convenience_store</cmt>
<desc>Liquor Store</desc>
<sym>Dot</sym>
<type>store</type>
</wpt>
<wpt lat="49.191259" lon="-122.807001">
<name>KC Fresh Market</name>
<cmt>convenience_store</cmt>
<desc>Grocery Store</desc>
<sym>Dot</sym>
<type>store</type>
</wpt>
<wpt lat="49.148974" lon="-122.888652">
<name>Fruiticana</name>
<cmt>convenience_store</cmt>
<desc>Grocery Store</desc>
<sym>Dot</sym>
<type>store</type>
</wpt>
<wpt lat="49.193574" lon="-122.803790">
<name>Guildford Library Branch</name>
<cmt>library</cmt>
<desc>Library</desc>
<sym>Dot</sym>
<type>info</type>
</wpt>
<wpt lat="49.155224" lon="-122.800968">
<name>Fruiticana</name>
<cmt>convenience_store</cmt>
<desc>Convenience Store</desc>
<sym>Dot</sym>
<type>store</type>
</wpt>
<wpt lat="49.105277" lon="-122.756096">
<name>Cloverdale Country Farm Market</name>
<cmt>convenience_store</cmt>
<desc>Farmers' Market</desc>
<sym>Dot</sym>
<type>store</type>
</wpt>
<wpt lat="49.156677" lon="-122.778342">
<name>Pelicana Chicken</name>
<cmt>food</cmt>
<desc>Restaurant</desc>
<sym>Dot</sym>
<type>food</type>
</wpt>
<wpt lat="49.156627" lon="-122.778338">
<name>Firepit Pizza</name>
<cmt>food</cmt>
<desc>Restaurant</desc>
<sym>Dot</sym>
<type>food</type>
</wpt>
<wpt lat="49.045954" lon="-122.775727">
<name>Tim Hortons</name>
<cmt>food</cmt>
<desc>Fast Food / Chain</desc>
<sym>Dot</sym>
<type>food</type>
</wpt>
<wpt lat="49.045992" lon="-122.797328">
<name>CoCo Fresh Tea &amp; Juice</name>
<cmt>coffee</cmt>
<desc>Café / Coffee</desc>
<sym>Dot</sym>
<type>food</type>
</wpt>
<wpt lat="49.045997" lon="-122.797460">
<name>Quesada</name>
<cmt>food</cmt>
<desc>Fast Food / Chain</desc>
<sym>Dot</sym>
<type>food</type>
</wpt>
<wpt lat="49.104232" lon="-122.680699">
<name>Samz Pub</name>
<cmt>bar</cmt>
<desc>Brewery / Pub</desc>
<sym>Dot</sym>
<type>food</type>
</wpt>
<wpt lat="49.158134" lon="-122.779396">
<name>7-Eleven</name>
<cmt>convenience_store</cmt>
<desc>Convenience Store</desc>
<sym>Dot</sym>
<type>store</type>
</wpt>
<wpt lat="49.052008" lon="-122.692038">
<name>A&amp;W</name>
<cmt>food</cmt>
<desc>Fast Food / Chain</desc>
<sym>Dot</sym>
<type>food</type>
</wpt>
<wpt lat="49.191952" lon="-122.789021">
<name>Mary Brown's</name>
<cmt>food</cmt>
<desc>Fast Food / Chain</desc>
<sym>Dot</sym>
<type>food</type>
</wpt>
<wpt lat="49.034390" lon="-122.801453">
<name>Subway</name>
<cmt>food</cmt>
<desc>Fast Food / Chain</desc>
<sym>Dot</sym>
<type>food</type>
</wpt>
<wpt lat="49.052163" lon="-122.692070">
<name>Subway</name>
<cmt>food</cmt>
<desc>Fast Food / Chain</desc>
<sym>Dot</sym>
<type>food</type>
</wpt>
<wpt lat="49.045020" lon="-122.778585">
<name>Liberty Kitchen</name>
<cmt>food</cmt>
<desc>Restaurant</desc>
<sym>Dot</sym>
<type>food</type>
</wpt>
<wpt lat="49.161222" lon="-122.790757">
<name>On the Run</name>
<cmt>convenience_store</cmt>
<desc>Convenience Store</desc>
<sym>Dot</sym>
<type>store</type>
</wpt>
<wpt lat="49.198242" lon="-122.811976">
<name>Donair Affair</name>
<cmt>food</cmt>
<desc>Fast Food / Chain</desc>
<sym>Dot</sym>
<type>food</type>
</wpt>
<wpt lat="49.035145" lon="-122.801436">
<name>Semiahmoo Library</name>
<cmt>library</cmt>
<desc>Library</desc>
<sym>Dot</sym>
<type>info</type>
</wpt>
<wpt lat="49.111041" lon="-122.734292">
<name>7-Eleven</name>
<cmt>convenience_store</cmt>
<desc>Convenience Store</desc>
<sym>Dot</sym>
<type>store</type>
</wpt>
<wpt lat="49.192843" lon="-122.788978">
<name>Save-On-Foods</name>
<cmt>convenience_store</cmt>
<desc>Grocery Store</desc>
<sym>Dot</sym>
<type>store</type>
</wpt>
<wpt lat="49.163191" lon="-122.770281">
<name>Godwin Farm Biodiversity Preserve</name>
<cmt>park</cmt>
<desc>Park / Nature</desc>
<sym>Dot</sym>
<type>rest_area</type>
</wpt>
<wpt lat="49.051364" lon="-122.692117">
<name>Pizza Hut</name>
<cmt>food</cmt>
<desc>Fast Food / Chain</desc>
<sym>Dot</sym>
<type>food</type>
</wpt>
<wpt lat="49.177180" lon="-122.789348">
<name>Super Save</name>
<cmt>convenience_store</cmt>
<desc>Convenience Store</desc>
<sym>Dot</sym>
<type>store</type>
</wpt>
<wpt lat="49.034345" lon="-122.801453">
<name>Taco Del Mar</name>
<cmt>food</cmt>
<desc>Fast Food / Chain</desc>
<sym>Dot</sym>
<type>food</type>
</wpt>
<wpt lat="49.191951" lon="-122.788943">
<name>Pizza Pizza</name>
<cmt>food</cmt>
<desc>Fast Food / Chain</desc>
<sym>Dot</sym>
<type>food</type>
</wpt>
<wpt lat="49.105258" lon="-122.701046">
<name>The Clayton Public House</name>
<cmt>bar</cmt>
<desc>Brewery / Pub</desc>
<sym>Dot</sym>
<type>food</type>
</wpt>
<wpt lat="49.060534" lon="-122.736232">
<name>Tim Hortons</name>
<cmt>food</cmt>
<desc>Fast Food / Chain</desc>
<sym>Dot</sym>
<type>food</type>
</wpt>
<wpt lat="49.199035" lon="-122.778107">
<name>Popeyes</name>
<cmt>food</cmt>
<desc>Fast Food / Chain</desc>
<sym>Dot</sym>
<type>food</type>
</wpt>
<wpt lat="49.046094" lon="-122.798505">
<name>Booster Juice</name>
<cmt>food</cmt>
<desc>Fast Food / Chain</desc>
<sym>Dot</sym>
<type>food</type>
</wpt>
<wpt lat="49.140356" lon="-122.843678">
<name>Real Canadian Superstore</name>
<cmt>convenience_store</cmt>
<desc>Grocery Store</desc>
<sym>Dot</sym>
<type>store</type>
</wpt>
<wpt lat="49.190805" lon="-122.849159">
<name>City Centre Library Branch</name>
<cmt>library</cmt>
<desc>Library</desc>
<sym>Dot</sym>
<type>info</type>
</wpt>
<wpt lat="49.045101" lon="-122.792040">
<name>Tim Hortons</name>
<cmt>food</cmt>
<desc>Fast Food / Chain</desc>
<sym>Dot</sym>
<type>food</type>
</wpt>
<wpt lat="49.117946" lon="-122.757330">
<name>Fruiticana</name>
<cmt>convenience_store</cmt>
<desc>Grocery Store</desc>
<sym>Dot</sym>
<type>store</type>
</wpt>
<wpt lat="49.045083" lon="-122.791045">
<name>Bucky's West Coast Pizzeria</name>
<cmt>food</cmt>
<desc>Restaurant</desc>
<sym>Dot</sym>
<type>food</type>
</wpt>
<wpt lat="49.147596" lon="-122.865512">
<name>Afghan Chopan Restaurant</name>
<cmt>food</cmt>
<desc>Restaurant</desc>
<sym>Dot</sym>
<type>food</type>
</wpt>
<wpt lat="49.130795" lon="-122.889711">
<name>Fruiticana</name>
<cmt>convenience_store</cmt>
<desc>Grocery Store</desc>
<sym>Dot</sym>
<type>store</type>
</wpt>
<wpt lat="49.051365" lon="-122.692219">
<name>Quesada</name>
<cmt>food</cmt>
<desc>Fast Food / Chain</desc>
<sym>Dot</sym>
<type>food</type>
</wpt>
<wpt lat="49.151793" lon="-122.889892">
<name>Nutritionally Organics &amp; wellness market</name>
<cmt>convenience_store</cmt>
<desc>Specialty / Health Food</desc>
<sym>Dot</sym>
<type>store</type>
</wpt>
<wpt lat="49.047245" lon="-122.783983">
<name>Noodlebox</name>
<cmt>food</cmt>
<desc>Restaurant</desc>
<sym>Dot</sym>
<type>food</type>
</wpt>
<wpt lat="49.198570" lon="-122.779451">
<name>Subway</name>
<cmt>food</cmt>
<desc>Fast Food / Chain</desc>
<sym>Dot</sym>
<type>food</type>
</wpt>
<wpt lat="49.118665" lon="-122.757397">
<name>Northview Liquor Store</name>
<cmt>convenience_store</cmt>
<desc>Liquor Store</desc>
<sym>Dot</sym>
<type>store</type>
</wpt>
<wpt lat="49.034256" lon="-122.801749">
<name>McDonald's</name>
<cmt>food</cmt>
<desc>Fast Food / Chain</desc>
<sym>Dot</sym>
<type>food</type>
</wpt>
<wpt lat="49.045085" lon="-122.800726">
<name>Pizza Pizza</name>
<cmt>food</cmt>
<desc>Fast Food / Chain</desc>
<sym>Dot</sym>
<type>food</type>
</wpt>
<wpt lat="49.045055" lon="-122.794365">
<name>Red Rose Restaurant</name>
<cmt>food</cmt>
<desc>Restaurant</desc>
<sym>Dot</sym>
<type>food</type>
</wpt>
<wpt lat="49.189248" lon="-122.799983">
<name>McDonald's</name>
<cmt>food</cmt>
<desc>Fast Food / Chain</desc>
<sym>Dot</sym>
<type>food</type>
</wpt>
<wpt lat="49.130850" lon="-122.889709">
<name>Masala Junction</name>
<cmt>food</cmt>
<desc>Restaurant</desc>
<sym>Dot</sym>
<type>food</type>
</wpt>
<wpt lat="49.193701" lon="-122.802286">
<name>Guildford Recreation Centre</name>
<cmt>rest_stop</cmt>
<desc>Community Centre</desc>
<sym>Dot</sym>
<type>rest_area</type>
</wpt>
<wpt lat="49.191107" lon="-122.849166">
<name>Take Five Café</name>
<cmt>coffee</cmt>
<desc>Café / Coffee</desc>
<sym>Dot</sym>
<type>food</type>
</wpt>
<wpt lat="49.192651" lon="-122.801575">
<name>On the Run</name>
<cmt>convenience_store</cmt>
<desc>Convenience Store</desc>
<sym>Dot</sym>
<type>store</type>
</wpt>
<wpt lat="49.134389" lon="-122.839424">
<name>Canadian 2 for 1 Pizza</name>
<cmt>food</cmt>
<desc>Fast Food / Chain</desc>
<sym>Dot</sym>
<type>food</type>
</wpt>
<wpt lat="49.052514" lon="-122.692342">
<name>One Up Cafe</name>
<cmt>coffee</cmt>
<desc>Café / Coffee</desc>
<sym>Dot</sym>
<type>food</type>
</wpt>
<wpt lat="49.198569" lon="-122.779565">
<name>Starbucks</name>
<cmt>food</cmt>
<desc>Fast Food / Chain</desc>
<sym>Dot</sym>
<type>food</type>
</wpt>
<wpt lat="49.051366" lon="-122.692346">
<name>The Biryani Chef</name>
<cmt>food</cmt>
<desc>Restaurant</desc>
<sym>Dot</sym>
<type>food</type>
</wpt>
<wpt lat="49.118654" lon="-122.757491">
<name>Sushi Shun</name>
<cmt>food</cmt>
<desc>Restaurant</desc>
<sym>Dot</sym>
<type>food</type>
</wpt>
<wpt lat="49.198426" lon="-122.811972">
<name>Circle K</name>
<cmt>convenience_store</cmt>
<desc>Convenience Store</desc>
<sym>Dot</sym>
<type>store</type>
</wpt>
<wpt lat="49.044826" lon="-122.778652">
<name>Starbucks</name>
<cmt>food</cmt>
<desc>Fast Food / Chain</desc>
<sym>Dot</sym>
<type>food</type>
</wpt>
<wpt lat="49.047353" lon="-122.784568">
<name>Menzou Ramen &amp; Bubble Tea</name>
<cmt>food</cmt>
<desc>Restaurant</desc>
<sym>Dot</sym>
<type>food</type>
</wpt>
<wpt lat="49.112054" lon="-122.726755">
<name>Greenaway Outdoor Pool</name>
<cmt>rest_stop</cmt>
<desc>Community Centre</desc>
<sym>Dot</sym>
<type>rest_area</type>
</wpt>
<wpt lat="49.056783" lon="-122.800745">
<name>Nando's</name>
<cmt>food</cmt>
<desc>Restaurant</desc>
<sym>Dot</sym>
<type>food</type>
</wpt>
<wpt lat="49.155131" lon="-122.867278">
<name>Shagun Sweets</name>
<cmt>food</cmt>
<desc>Restaurant</desc>
<sym>Dot</sym>
<type>food</type>
</wpt>
<wpt lat="49.044938" lon="-122.791925">
<name>KW Gardens Restaurant</name>
<cmt>food</cmt>
<desc>Restaurant</desc>
<sym>Dot</sym>
<type>food</type>
</wpt>
<wpt lat="49.136591" lon="-122.843180">
<name>Sushi Line</name>
<cmt>food</cmt>
<desc>Restaurant</desc>
<sym>Dot</sym>
<type>food</type>
</wpt>
<wpt lat="49.136546" lon="-122.844627">
<name>Veneto's Cakes &amp; Pastries</name>
<cmt>food</cmt>
<desc>Bakery / Donuts</desc>
<sym>Dot</sym>
<type>food</type>
</wpt>
<wpt lat="49.046298" lon="-122.801688">
<name>IHOP</name>
<cmt>food</cmt>
<desc>Restaurant</desc>
<sym>Dot</sym>
<type>food</type>
</wpt>
<wpt lat="49.118430" lon="-122.802032">
<name>Golden Panda Restaurant</name>
<cmt>food</cmt>
<desc>Restaurant</desc>
<sym>Dot</sym>
<type>food</type>
</wpt>
<wpt lat="49.047575" lon="-122.785720">
<name>Everything Wine</name>
<cmt>convenience_store</cmt>
<desc>Liquor Store</desc>
<sym>Dot</sym>
<type>store</type>
</wpt>
<wpt lat="49.042895" lon="-122.791050">
<name>Subway</name>
<cmt>food</cmt>
<desc>Fast Food / Chain</desc>
<sym>Dot</sym>
<type>food</type>
</wpt>
<wpt lat="49.118662" lon="-122.757609">
<name>Pizza64</name>
<cmt>food</cmt>
<desc>Restaurant</desc>
<sym>Dot</sym>
<type>food</type>
</wpt>
<wpt lat="49.089241" lon="-122.691731">
<name>Texas BBQ</name>
<cmt>food</cmt>
<desc>Restaurant</desc>
<sym>Dot</sym>
<type>food</type>
</wpt>
<wpt lat="49.148798" lon="-122.846258">
<name>Best Western King George Inn &amp; Suites</name>
<cmt>lodging</cmt>
<desc>Hotel / Motel</desc>
<sym>Dot</sym>
<type>shelter</type>
</wpt>
<wpt lat="49.060911" lon="-122.798559">
<name>Notti Biscotti</name>
<cmt>food</cmt>
<desc>Bakery / Donuts</desc>
<sym>Dot</sym>
<type>food</type>
</wpt>
<wpt lat="49.161612" lon="-122.791185">
<name>McDonald's</name>
<cmt>food</cmt>
<desc>Fast Food / Chain</desc>
<sym>Dot</sym>
<type>food</type>
</wpt>
<wpt lat="49.044893" lon="-122.794310">
<name>Docksteader Source For Sports</name>
<cmt>convenience_store</cmt>
<desc>Outdoor Gear</desc>
<sym>Dot</sym>
<type>store</type>
</wpt>
<wpt lat="49.046348" lon="-122.756283">
<name>Grandview Heights Aquatic Centre</name>
<cmt>rest_stop</cmt>
<desc>Community Centre</desc>
<sym>Dot</sym>
<type>rest_area</type>
</wpt>
<wpt lat="49.034084" lon="-122.800945">
<name>Popeyes</name>
<cmt>food</cmt>
<desc>Fast Food / Chain</desc>
<sym>Dot</sym>
<type>food</type>
</wpt>
<wpt lat="49.136535" lon="-122.842577">
<name>The Jin Sushi</name>
<cmt>food</cmt>
<desc>Restaurant</desc>
<sym>Dot</sym>
<type>food</type>
</wpt>
<wpt lat="49.058885" lon="-122.808842">
<name>McDonald's</name>
<cmt>food</cmt>
<desc>Fast Food / Chain</desc>
<sym>Dot</sym>
<type>food</type>
</wpt>
<wpt lat="49.192504" lon="-122.800544">
<name>Happy Jack's Cafe</name>
<cmt>coffee</cmt>
<desc>Café / Coffee</desc>
<sym>Dot</sym>
<type>food</type>
</wpt>
<wpt lat="49.188005" lon="-122.849269">
<name>Blenz Coffee</name>
<cmt>coffee</cmt>
<desc>Café / Coffee</desc>
<sym>Dot</sym>
<type>food</type>
</wpt>
<wpt lat="49.107109" lon="-122.734777">
<name>The Vault</name>
<cmt>food</cmt>
<desc>Restaurant</desc>
<sym>Dot</sym>
<type>food</type>
</wpt>
<wpt lat="49.156681" lon="-122.779985">
<name>Great Pizza</name>
<cmt>food</cmt>
<desc>Restaurant</desc>
<sym>Dot</sym>
<type>food</type>
</wpt>
<wpt lat="49.191815" lon="-122.796510">
<name>Hannam Supermarket</name>
<cmt>convenience_store</cmt>
<desc>Grocery Store</desc>
<sym>Dot</sym>
<type>store</type>
</wpt>
<wpt lat="49.133942" lon="-122.839023">
<name>Planet India Restaurant</name>
<cmt>food</cmt>
<desc>Restaurant</desc>
<sym>Dot</sym>
<type>food</type>
</wpt>
<wpt lat="49.158639" lon="-122.779967">
<name>The Great Indian Cuisine</name>
<cmt>food</cmt>
<desc>Restaurant</desc>
<sym>Dot</sym>
<type>food</type>
</wpt>
<wpt lat="49.046453" lon="-122.775369">
<name>De Dutch</name>
<cmt>food</cmt>
<desc>Restaurant</desc>
<sym>Dot</sym>
<type>food</type>
</wpt>
<wpt lat="49.134365" lon="-122.839723">
<name>Fruiticana</name>
<cmt>convenience_store</cmt>
<desc>Grocery Store</desc>
<sym>Dot</sym>
<type>store</type>
</wpt>
<wpt lat="49.047517" lon="-122.784328">
<name>Sushi Castle</name>
<cmt>food</cmt>
<desc>Restaurant</desc>
<sym>Dot</sym>
<type>food</type>
</wpt>
<wpt lat="49.157091" lon="-122.780105">
<name>Noodle Island</name>
<cmt>food</cmt>
<desc>Restaurant</desc>
<sym>Dot</sym>
<type>food</type>
</wpt>
<wpt lat="49.033119" lon="-122.803447">
<name>Winners</name>
<cmt>convenience_store</cmt>
<desc>Grocery Store</desc>
<sym>Dot</sym>
<type>store</type>
</wpt>
<wpt lat="49.188701" lon="-122.851528">
<name>Nemesis Coffee</name>
<cmt>coffee</cmt>
<desc>Café / Coffee</desc>
<sym>Dot</sym>
<type>food</type>
</wpt>
<wpt lat="49.057291" lon="-122.800477">
<name>Southpoint Liquor Store</name>
<cmt>convenience_store</cmt>
<desc>Liquor Store</desc>
<sym>Dot</sym>
<type>store</type>
</wpt>
<wpt lat="49.046417" lon="-122.777239">
<name>Islands Cafe</name>
<cmt>food</cmt>
<desc>Restaurant</desc>
<sym>Dot</sym>
<type>food</type>
</wpt>
<wpt lat="49.157591" lon="-122.780140">
<name>Inchin's Bamboo Garden</name>
<cmt>food</cmt>
<desc>Restaurant</desc>
<sym>Dot</sym>
<type>food</type>
</wpt>
<wpt lat="49.044604" lon="-122.776713">
<name>Afghan Kitchen</name>
<cmt>food</cmt>
<desc>Restaurant</desc>
<sym>Dot</sym>
<type>food</type>
</wpt>
<wpt lat="49.046442" lon="-122.777537">
<name>Giant</name>
<cmt>bike_shop</cmt>
<desc>Repair Shop</desc>
<sym>Dot</sym>
<type>gear</type>
</wpt>
<wpt lat="49.134327" lon="-122.885960">
<name>Tim Hortons</name>
<cmt>food</cmt>
<desc>Fast Food / Chain</desc>
<sym>Dot</sym>
<type>food</type>
</wpt>
<wpt lat="49.189051" lon="-122.802002">
<name>CHACHI'S</name>
<cmt>food</cmt>
<desc>Fast Food / Chain</desc>
<sym>Dot</sym>
<type>food</type>
</wpt>
<wpt lat="49.046457" lon="-122.775895">
<name>Blaze Pizza</name>
<cmt>food</cmt>
<desc>Restaurant</desc>
<sym>Dot</sym>
<type>food</type>
</wpt>
<wpt lat="49.189125" lon="-122.801977">
<name>Jamaican Mi Juicy</name>
<cmt>food</cmt>
<desc>Fast Food / Chain</desc>
<sym>Dot</sym>
<type>food</type>
</wpt>
<wpt lat="49.059659" lon="-122.801956">
<name>Tap &amp; Barrel</name>
<cmt>food</cmt>
<desc>Restaurant</desc>
<sym>Dot</sym>
<type>food</type>
</wpt>
<wpt lat="49.162589" lon="-122.791488">
<name>Tim Hortons</name>
<cmt>food</cmt>
<desc>Fast Food / Chain</desc>
<sym>Dot</sym>
<type>food</type>
</wpt>
<wpt lat="49.184563" lon="-122.844601">
<name>Newton Hotpot</name>
<cmt>food</cmt>
<desc>Restaurant</desc>
<sym>Dot</sym>
<type>food</type>
</wpt>
<wpt lat="49.158304" lon="-122.780206">
<name>Tobiko Sushi</name>
<cmt>food</cmt>
<desc>Restaurant</desc>
<sym>Dot</sym>
<type>food</type>
</wpt>
<wpt lat="49.056779" lon="-122.802383">
<name>Save-On-Foods</name>
<cmt>convenience_store</cmt>
<desc>Grocery Store</desc>
<sym>Dot</sym>
<type>store</type>
</wpt>
<wpt lat="49.188535" lon="-122.802126">
<name>Famoso Neapolitan Pizzeria</name>
<cmt>food</cmt>
<desc>Restaurant</desc>
<sym>Dot</sym>
<type>food</type>
</wpt>
<wpt lat="49.185524" lon="-122.848078">
<name>大統華 T&amp;T Supermarket</name>
<cmt>convenience_store</cmt>
<desc>Grocery Store</desc>
<sym>Dot</sym>
<type>store</type>
</wpt>
<wpt lat="49.158393" lon="-122.780223">
<name>Pizza Hut</name>
<cmt>food</cmt>
<desc>Fast Food / Chain</desc>
<sym>Dot</sym>
<type>food</type>
</wpt>
<wpt lat="49.189194" lon="-122.801980">
<name>A&amp;W</name>
<cmt>food</cmt>
<desc>Fast Food / Chain</desc>
<sym>Dot</sym>
<type>food</type>
</wpt>
<wpt lat="49.188926" lon="-122.802145">
<name>Subway</name>
<cmt>food</cmt>
<desc>Fast Food / Chain</desc>
<sym>Dot</sym>
<type>food</type>
</wpt>
<wpt lat="49.188683" lon="-122.802172">
<name>Chipotle</name>
<cmt>food</cmt>
<desc>Fast Food / Chain</desc>
<sym>Dot</sym>
<type>food</type>
</wpt>
<wpt lat="49.033869" lon="-122.801446">
<name>Freshii</name>
<cmt>food</cmt>
<desc>Restaurant</desc>
<sym>Dot</sym>
<type>food</type>
</wpt>
<wpt lat="49.044524" lon="-122.776701">
<name>Panago</name>
<cmt>food</cmt>
<desc>Fast Food / Chain</desc>
<sym>Dot</sym>
<type>food</type>
</wpt>
<wpt lat="49.138111" lon="-122.844955">
<name>Boston Pizza</name>
<cmt>food</cmt>
<desc>Fast Food / Chain</desc>
<sym>Dot</sym>
<type>food</type>
</wpt>
<wpt lat="49.186410" lon="-122.850276">
<name>Tim Hortons</name>
<cmt>food</cmt>
<desc>Fast Food / Chain</desc>
<sym>Dot</sym>
<type>food</type>
</wpt>
<wpt lat="49.047672" lon="-122.784950">
<name>Kababji</name>
<cmt>food</cmt>
<desc>Restaurant</desc>
<sym>Dot</sym>
<type>food</type>
</wpt>
<wpt lat="49.147578" lon="-122.890001">
<name>The Keg</name>
<cmt>food</cmt>
<desc>Restaurant</desc>
<sym>Dot</sym>
<type>food</type>
</wpt>
<wpt lat="49.199731" lon="-122.778462">
<name>A&amp;W</name>
<cmt>food</cmt>
<desc>Fast Food / Chain</desc>
<sym>Dot</sym>
<type>food</type>
</wpt>
<wpt lat="49.191954" lon="-122.788193">
<name>Fatburger</name>
<cmt>food</cmt>
<desc>Fast Food / Chain</desc>
<sym>Dot</sym>
<type>food</type>
</wpt>
<wpt lat="49.057304" lon="-122.800733">
<name>Showshaa - The Modern Taproom</name>
<cmt>food</cmt>
<desc>Restaurant</desc>
<sym>Dot</sym>
<type>food</type>
</wpt>
<wpt lat="49.198962" lon="-122.777281">
<name>Tim Hortons</name>
<cmt>food</cmt>
<desc>Fast Food / Chain</desc>
<sym>Dot</sym>
<type>food</type>
</wpt>
<wpt lat="49.190332" lon="-122.804985">
<name>Hungry Eats</name>
<cmt>food</cmt>
<desc>Restaurant</desc>
<sym>Dot</sym>
<type>food</type>
</wpt>
<wpt lat="49.188630" lon="-122.802229">
<name>Milestones</name>
<cmt>food</cmt>
<desc>Restaurant</desc>
<sym>Dot</sym>
<type>food</type>
</wpt>
<wpt lat="49.185660" lon="-122.848249">
<name>Winners</name>
<cmt>convenience_store</cmt>
<desc>Grocery Store</desc>
<sym>Dot</sym>
<type>store</type>
</wpt>
<wpt lat="49.189679" lon="-122.799255">
<name>Jin Soo Sung Chan Korean Restaurant</name>
<cmt>food</cmt>
<desc>Restaurant</desc>
<sym>Dot</sym>
<type>food</type>
</wpt>
<wpt lat="49.044471" lon="-122.777214">
<name>A&amp;W</name>
<cmt>food</cmt>
<desc>Fast Food / Chain</desc>
<sym>Dot</sym>
<type>food</type>
</wpt>
<wpt lat="49.047723" lon="-122.784629">
<name>Menchie's Frozen Yogurt</name>
<cmt>food</cmt>
<desc>Ice Cream</desc>
<sym>Dot</sym>
<type>food</type>
</wpt>
<wpt lat="49.133766" lon="-122.839317">
<name>Chicken World</name>
<cmt>food</cmt>
<desc>Fast Food / Chain</desc>
<sym>Dot</sym>
<type>food</type>
</wpt>
<wpt lat="49.190420" lon="-122.848328">
<name>Civic Hotel</name>
<cmt>lodging</cmt>
<desc>Hotel / Motel</desc>
<sym>Dot</sym>
<type>shelter</type>
</wpt>
<wpt lat="49.187793" lon="-122.800692">
<name>Sushi Tengoku</name>
<cmt>food</cmt>
<desc>Restaurant</desc>
<sym>Dot</sym>
<type>food</type>
</wpt>
<wpt lat="49.047730" lon="-122.785063">
<name>Chipotle</name>
<cmt>food</cmt>
<desc>Fast Food / Chain</desc>
<sym>Dot</sym>
<type>food</type>
</wpt>
<wpt lat="49.187192" lon="-122.849834">
<name>KFC</name>
<cmt>food</cmt>
<desc>Fast Food / Chain</desc>
<sym>Dot</sym>
<type>food</type>
</wpt>
<wpt lat="49.188891" lon="-122.802272">
<name>Edo</name>
<cmt>food</cmt>
<desc>Fast Food / Chain</desc>
<sym>Dot</sym>
<type>food</type>
</wpt>
<wpt lat="49.186992" lon="-122.849980">
<name>Subway</name>
<cmt>food</cmt>
<desc>Fast Food / Chain</desc>
<sym>Dot</sym>
<type>food</type>
</wpt>
<wpt lat="49.190781" lon="-122.848331">
<name>Prado Coffee</name>
<cmt>coffee</cmt>
<desc>Café / Coffee</desc>
<sym>Dot</sym>
<type>food</type>
</wpt>
<wpt lat="49.057146" lon="-122.801753">
<name>Little Caesars</name>
<cmt>food</cmt>
<desc>Fast Food / Chain</desc>
<sym>Dot</sym>
<type>food</type>
</wpt>
<wpt lat="49.033778" lon="-122.801414">
<name>Mary Brown's</name>
<cmt>food</cmt>
<desc>Fast Food / Chain</desc>
<sym>Dot</sym>
<type>food</type>
</wpt>
<wpt lat="49.190262" lon="-122.848275">
<name>Dominion Bar &amp; Kitchen</name>
<cmt>food</cmt>
<desc>Restaurant</desc>
<sym>Dot</sym>
<type>food</type>
</wpt>
<wpt lat="49.184565" lon="-122.844393">
<name>King George Donair</name>
<cmt>food</cmt>
<desc>Fast Food / Chain</desc>
<sym>Dot</sym>
<type>food</type>
</wpt>
<wpt lat="49.046654" lon="-122.798562">
<name>Phở Sunrise</name>
<cmt>food</cmt>
<desc>Restaurant</desc>
<sym>Dot</sym>
<type>food</type>
</wpt>
<wpt lat="49.047780" lon="-122.785213">
<name>Booster Juice</name>
<cmt>food</cmt>
<desc>Fast Food / Chain</desc>
<sym>Dot</sym>
<type>food</type>
</wpt>
<wpt lat="49.046764" lon="-122.775236">
<name>Kin Thai Kitchen &amp; Bar</name>
<cmt>food</cmt>
<desc>Restaurant</desc>
<sym>Dot</sym>
<type>food</type>
</wpt>
<wpt lat="49.187170" lon="-122.849752">
<name>Surrey Indian Bite</name>
<cmt>food</cmt>
<desc>Fast Food / Chain</desc>
<sym>Dot</sym>
<type>food</type>
</wpt>
<wpt lat="49.189294" lon="-122.802111">
<name>Freshslice Pizza</name>
<cmt>food</cmt>
<desc>Fast Food / Chain</desc>
<sym>Dot</sym>
<type>food</type>
</wpt>
<wpt lat="49.199714" lon="-122.777909">
<name>Pho Hung</name>
<cmt>food</cmt>
<desc>Restaurant</desc>
<sym>Dot</sym>
<type>food</type>
</wpt>
<wpt lat="49.188893" lon="-122.802367">
<name>OPA! of Greece</name>
<cmt>food</cmt>
<desc>Restaurant</desc>
<sym>Dot</sym>
<type>food</type>
</wpt>
<wpt lat="49.138246" lon="-122.845064">
<name>Burger King</name>
<cmt>food</cmt>
<desc>Fast Food / Chain</desc>
<sym>Dot</sym>
<type>food</type>
</wpt>
<wpt lat="49.048882" lon="-122.786421">
<name>Winners</name>
<cmt>convenience_store</cmt>
<desc>Grocery Store</desc>
<sym>Dot</sym>
<type>store</type>
</wpt>
<wpt lat="49.203502" lon="-122.850528">
<name>Days Inn by Wyndham Surrey</name>
<cmt>lodging</cmt>
<desc>Hotel / Motel</desc>
<sym>Dot</sym>
<type>shelter</type>
</wpt>
<wpt lat="49.186965" lon="-122.849882">
<name>Steve's Poké Bar</name>
<cmt>food</cmt>
<desc>Fast Food / Chain</desc>
<sym>Dot</sym>
<type>food</type>
</wpt>
<wpt lat="49.119672" lon="-122.692011">
<name>7-Eleven</name>
<cmt>convenience_store</cmt>
<desc>Convenience Store</desc>
<sym>Dot</sym>
<type>store</type>
</wpt>
<wpt lat="49.046707" lon="-122.796398">
<name>Safeway</name>
<cmt>convenience_store</cmt>
<desc>Grocery Store</desc>
<sym>Dot</sym>
<type>store</type>
</wpt>
<wpt lat="49.186768" lon="-122.849939">
<name>Burger King</name>
<cmt>food</cmt>
<desc>Fast Food / Chain</desc>
<sym>Dot</sym>
<type>food</type>
</wpt>
<wpt lat="49.187148" lon="-122.849674">
<name>Opa!</name>
<cmt>food</cmt>
<desc>Fast Food / Chain</desc>
<sym>Dot</sym>
<type>food</type>
</wpt>
<wpt lat="49.134347" lon="-122.886334">
<name>Chipotle</name>
<cmt>food</cmt>
<desc>Fast Food / Chain</desc>
<sym>Dot</sym>
<type>food</type>
</wpt>
<wpt lat="49.033687" lon="-122.801433">
<name>Quiznos</name>
<cmt>food</cmt>
<desc>Fast Food / Chain</desc>
<sym>Dot</sym>
<type>food</type>
</wpt>
<wpt lat="49.046771" lon="-122.775566">
<name>Chatime</name>
<cmt>coffee</cmt>
<desc>Café / Coffee</desc>
<sym>Dot</sym>
<type>food</type>
</wpt>
<wpt lat="49.157421" lon="-122.777201">
<name>Dragon's Chop Suey House</name>
<cmt>food</cmt>
<desc>Restaurant</desc>
<sym>Dot</sym>
<type>food</type>
</wpt>
<wpt lat="49.198910" lon="-122.813989">
<name>Dairy Queen</name>
<cmt>food</cmt>
<desc>Ice Cream</desc>
<sym>Dot</sym>
<type>food</type>
</wpt>
<wpt lat="49.199603" lon="-122.849153">
<name>Nesters Market</name>
<cmt>convenience_store</cmt>
<desc>Grocery Store</desc>
<sym>Dot</sym>
<type>store</type>
</wpt>
<wpt lat="49.048040" lon="-122.785393">
<name>Thrifty Foods</name>
<cmt>convenience_store</cmt>
<desc>Grocery Store</desc>
<sym>Dot</sym>
<type>store</type>
</wpt>
<wpt lat="49.188908" lon="-122.802460">
<name>Thaï Express</name>
<cmt>food</cmt>
<desc>Fast Food / Chain</desc>
<sym>Dot</sym>
<type>food</type>
</wpt>
<wpt lat="49.190986" lon="-122.797092">
<name>Bianca Amor's Liquidation Supercentre</name>
<cmt>convenience_store</cmt>
<desc>Convenience Store</desc>
<sym>Dot</sym>
<type>store</type>
</wpt>
<wpt lat="49.046734" lon="-122.793750">
<name>The Carvery Sandwich Shop</name>
<cmt>food</cmt>
<desc>Fast Food / Chain</desc>
<sym>Dot</sym>
<type>food</type>
</wpt>
<wpt lat="49.059228" lon="-122.812001">
<name>Natalinos Pizza</name>
<cmt>food</cmt>
<desc>Fast Food / Chain</desc>
<sym>Dot</sym>
<type>food</type>
</wpt>
<wpt lat="49.198933" lon="-122.810257">
<name>Church's Chicken</name>
<cmt>food</cmt>
<desc>Fast Food / Chain</desc>
<sym>Dot</sym>
<type>food</type>
</wpt>
<wpt lat="49.103980" lon="-122.730485">
<name>Taco Bell</name>
<cmt>food</cmt>
<desc>Fast Food / Chain</desc>
<sym>Dot</sym>
<type>food</type>
</wpt>
<wpt lat="49.046710" lon="-122.778720">
<name>Sal y Limon</name>
<cmt>food</cmt>
<desc>Restaurant</desc>
<sym>Dot</sym>
<type>food</type>
</wpt>
<wpt lat="49.195258" lon="-122.776791">
<name>Fraser Heights Recreation Centre</name>
<cmt>rest_stop</cmt>
<desc>Community Centre</desc>
<sym>Dot</sym>
<type>rest_area</type>
</wpt>
<wpt lat="49.187129" lon="-122.849602">
<name>Quesada</name>
<cmt>food</cmt>
<desc>Fast Food / Chain</desc>
<sym>Dot</sym>
<type>food</type>
</wpt>
<wpt lat="49.198991" lon="-122.811544">
<name>Jolly Mac's</name>
<cmt>bar</cmt>
<desc>Brewery / Pub</desc>
<sym>Dot</sym>
<type>food</type>
</wpt>
<wpt lat="49.191949" lon="-122.787873">
<name>Chuihong</name>
<cmt>food</cmt>
<desc>Restaurant</desc>
<sym>Dot</sym>
<type>food</type>
</wpt>
<wpt lat="49.184623" lon="-122.844217">
<name>Big Bazaar</name>
<cmt>convenience_store</cmt>
<desc>Grocery Store</desc>
<sym>Dot</sym>
<type>store</type>
</wpt>
<wpt lat="49.135994" lon="-122.845269">
<name>A&amp;W</name>
<cmt>food</cmt>
<desc>Fast Food / Chain</desc>
<sym>Dot</sym>
<type>food</type>
</wpt>
<wpt lat="49.189980" lon="-122.848070">
<name>Tim Hortons</name>
<cmt>food</cmt>
<desc>Fast Food / Chain</desc>
<sym>Dot</sym>
<type>food</type>
</wpt>
<wpt lat="49.127319" lon="-122.845123">
<name>Denny's</name>
<cmt>food</cmt>
<desc>Restaurant</desc>
<sym>Dot</sym>
<type>food</type>
</wpt>
<wpt lat="49.189366" lon="-122.802261">
<name>KFC</name>
<cmt>food</cmt>
<desc>Fast Food / Chain</desc>
<sym>Dot</sym>
<type>food</type>
</wpt>
<wpt lat="49.188916" lon="-122.802534">
<name>Bourbon St. Grill</name>
<cmt>food</cmt>
<desc>Fast Food / Chain</desc>
<sym>Dot</sym>
<type>food</type>
</wpt>
<wpt lat="49.158305" lon="-122.780606">
<name>Starbucks</name>
<cmt>food</cmt>
<desc>Fast Food / Chain</desc>
<sym>Dot</sym>
<type>food</type>
</wpt>
<wpt lat="49.103946" lon="-122.730542">
<name>KFC</name>
<cmt>food</cmt>
<desc>Fast Food / Chain</desc>
<sym>Dot</sym>
<type>food</type>
</wpt>
<wpt lat="49.033615" lon="-122.801432">
<name>Tim Hortons</name>
<cmt>food</cmt>
<desc>Fast Food / Chain</desc>
<sym>Dot</sym>
<type>food</type>
</wpt>
<wpt lat="49.057951" lon="-122.802004">
<name>Starbucks</name>
<cmt>food</cmt>
<desc>Fast Food / Chain</desc>
<sym>Dot</sym>
<type>food</type>
</wpt>
<wpt lat="49.198982" lon="-122.814281">
<name>Malaysian Hut</name>
<cmt>food</cmt>
<desc>Restaurant</desc>
<sym>Dot</sym>
<type>food</type>
</wpt>
<wpt lat="49.033606" lon="-122.800719">
<name>Pizza Hut</name>
<cmt>food</cmt>
<desc>Fast Food / Chain</desc>
<sym>Dot</sym>
<type>food</type>
</wpt>
<wpt lat="49.157039" lon="-122.777095">
<name>Papa Joe's Pizza</name>
<cmt>food</cmt>
<desc>Fast Food / Chain</desc>
<sym>Dot</sym>
<type>food</type>
</wpt>
<wpt lat="49.188835" lon="-122.802573">
<name>Tim Hortons</name>
<cmt>food</cmt>
<desc>Fast Food / Chain</desc>
<sym>Dot</sym>
<type>food</type>
</wpt>
<wpt lat="49.139018" lon="-122.889495">
<name>Krishna's Dosa Palace</name>
<cmt>food</cmt>
<desc>Restaurant</desc>
<sym>Dot</sym>
<type>food</type>
</wpt>
<wpt lat="49.047930" lon="-122.784897">
<name>The Chopped Leaf</name>
<cmt>food</cmt>
<desc>Restaurant</desc>
<sym>Dot</sym>
<type>food</type>
</wpt>
<wpt lat="49.046810" lon="-122.796634">
<name>Starbucks</name>
<cmt>food</cmt>
<desc>Fast Food / Chain</desc>
<sym>Dot</sym>
<type>food</type>
</wpt>
<wpt lat="49.187114" lon="-122.849531">
<name>Freshslice Pizza</name>
<cmt>food</cmt>
<desc>Fast Food / Chain</desc>
<sym>Dot</sym>
<type>food</type>
</wpt>
<wpt lat="49.139001" lon="-122.889083">
<name>Apna Chaat House</name>
<cmt>food</cmt>
<desc>Restaurant</desc>
<sym>Dot</sym>
<type>food</type>
</wpt>
<wpt lat="49.199837" lon="-122.777734">
<name>Nesters Market</name>
<cmt>convenience_store</cmt>
<desc>Grocery Store</desc>
<sym>Dot</sym>
<type>store</type>
</wpt>
<wpt lat="49.191344" lon="-122.808309">
<name>Elvis Pizza</name>
<cmt>food</cmt>
<desc>Fast Food / Chain</desc>
<sym>Dot</sym>
<type>food</type>
</wpt>
<wpt lat="49.058254" lon="-122.802288">
<name>Tim Hortons</name>
<cmt>food</cmt>
<desc>Fast Food / Chain</desc>
<sym>Dot</sym>
<type>food</type>
</wpt>
<wpt lat="49.188973" lon="-122.802597">
<name>New York Fries</name>
<cmt>food</cmt>
<desc>Fast Food / Chain</desc>
<sym>Dot</sym>
<type>food</type>
</wpt>
<wpt lat="49.190630" lon="-122.847976">
<name>Freshii</name>
<cmt>food</cmt>
<desc>Restaurant</desc>
<sym>Dot</sym>
<type>food</type>
</wpt>
<wpt lat="49.032643" lon="-122.803126">
<name>Quesada</name>
<cmt>food</cmt>
<desc>Fast Food / Chain</desc>
<sym>Dot</sym>
<type>food</type>
</wpt>
<wpt lat="49.187115" lon="-122.849458">
<name>Charleys Philly Steaks</name>
<cmt>food</cmt>
<desc>Fast Food / Chain</desc>
<sym>Dot</sym>
<type>food</type>
</wpt>
<wpt lat="49.189392" lon="-122.802352">
<name>Bubble Waffle Cafe</name>
<cmt>coffee</cmt>
<desc>Café / Coffee</desc>
<sym>Dot</sym>
<type>food</type>
</wpt>
<wpt lat="49.190708" lon="-122.847976">
<name>D-Plus Curry House</name>
<cmt>food</cmt>
<desc>Restaurant</desc>
<sym>Dot</sym>
<type>food</type>
</wpt>
<wpt lat="49.199039" lon="-122.816416">
<name>Sarpanch Sweets &amp; Restaurant</name>
<cmt>food</cmt>
<desc>Restaurant</desc>
<sym>Dot</sym>
<type>food</type>
</wpt>
<wpt lat="49.199041" lon="-122.816089">
<name>Greek Island Pizza</name>
<cmt>food</cmt>
<desc>Fast Food / Chain</desc>
<sym>Dot</sym>
<type>food</type>
</wpt>
<wpt lat="49.136014" lon="-122.842536">
<name>Scott Hill Pizza</name>
<cmt>food</cmt>
<desc>Fast Food / Chain</desc>
<sym>Dot</sym>
<type>food</type>
</wpt>
<wpt lat="49.199032" lon="-122.812957">
<name>A1 Coffee &amp; Donuts</name>
<cmt>food</cmt>
<desc>Bakery / Donuts</desc>
<sym>Dot</sym>
<type>food</type>
</wpt>
<wpt lat="49.199042" lon="-122.813600">
<name>Al Baraka Specialty Foods &amp; Bakery LTD</name>
<cmt>convenience_store</cmt>
<desc>Convenience Store</desc>
<sym>Dot</sym>
<type>store</type>
</wpt>
<wpt lat="49.191902" lon="-122.803895">
<name>BC Liquor Stores</name>
<cmt>convenience_store</cmt>
<desc>Liquor Store</desc>
<sym>Dot</sym>
<type>store</type>
</wpt>
<wpt lat="49.199061" lon="-122.813449">
<name>Cabizerra Bistro</name>
<cmt>food</cmt>
<desc>Restaurant</desc>
<sym>Dot</sym>
<type>food</type>
</wpt>
<wpt lat="49.187713" lon="-122.848569">
<name>Skye Avenue Kitchen &amp; Lounge</name>
<cmt>food</cmt>
<desc>Restaurant</desc>
<sym>Dot</sym>
<type>food</type>
</wpt>
<wpt lat="49.187115" lon="-122.849357">
<name>Manchu Wok</name>
<cmt>food</cmt>
<desc>Fast Food / Chain</desc>
<sym>Dot</sym>
<type>food</type>
</wpt>
<wpt lat="49.176596" lon="-122.780835">
<name>Scott 96 Pizza</name>
<cmt>food</cmt>
<desc>Fast Food / Chain</desc>
<sym>Dot</sym>
<type>food</type>
</wpt>
<wpt lat="49.188837" lon="-122.802734">
<name>Migoto sushi</name>
<cmt>food</cmt>
<desc>Restaurant</desc>
<sym>Dot</sym>
<type>food</type>
</wpt>
<wpt lat="49.189661" lon="-122.847876">
<name>Uncle Fatih’s Pizza</name>
<cmt>food</cmt>
<desc>Fast Food / Chain</desc>
<sym>Dot</sym>
<type>food</type>
</wpt>
<wpt lat="49.189576" lon="-122.847874">
<name>Donair Hub</name>
<cmt>food</cmt>
<desc>Fast Food / Chain</desc>
<sym>Dot</sym>
<type>food</type>
</wpt>
<wpt lat="49.158907" lon="-122.780803">
<name>Fruiticana</name>
<cmt>convenience_store</cmt>
<desc>Grocery Store</desc>
<sym>Dot</sym>
<type>store</type>
</wpt>
<wpt lat="49.189394" lon="-122.802480">
<name>Dairy Queen</name>
<cmt>food</cmt>
<desc>Ice Cream</desc>
<sym>Dot</sym>
<type>food</type>
</wpt>
<wpt lat="49.103989" lon="-122.729297">
<name>Starbucks</name>
<cmt>food</cmt>
<desc>Fast Food / Chain</desc>
<sym>Dot</sym>
<type>food</type>
</wpt>
<wpt lat="49.187116" lon="-122.849283">
<name>Go Grill</name>
<cmt>food</cmt>
<desc>Fast Food / Chain</desc>
<sym>Dot</sym>
<type>food</type>
</wpt>
<wpt lat="49.188980" lon="-122.804464">
<name>Saint Germain</name>
<cmt>food</cmt>
<desc>Bakery / Donuts</desc>
<sym>Dot</sym>
<type>food</type>
</wpt>
<wpt lat="49.190015" lon="-122.800613">
<name>Tim Hortons</name>
<cmt>food</cmt>
<desc>Fast Food / Chain</desc>
<sym>Dot</sym>
<type>food</type>
</wpt>
<wpt lat="49.189257" lon="-122.802606">
<name>Freshii</name>
<cmt>food</cmt>
<desc>Restaurant</desc>
<sym>Dot</sym>
<type>food</type>
</wpt>
<wpt lat="49.133976" lon="-122.840370">
<name>Sabzi Mandi Supermarket</name>
<cmt>convenience_store</cmt>
<desc>Grocery Store</desc>
<sym>Dot</sym>
<type>store</type>
</wpt>
<wpt lat="49.134257" lon="-122.886722">
<name>A&amp;W</name>
<cmt>food</cmt>
<desc>Fast Food / Chain</desc>
<sym>Dot</sym>
<type>food</type>
</wpt>
<wpt lat="49.189011" lon="-122.804451">
<name>Baskin-Robbins</name>
<cmt>food</cmt>
<desc>Ice Cream</desc>
<sym>Dot</sym>
<type>food</type>
</wpt>
<wpt lat="49.199138" lon="-122.816616">
<name>Polonia Bakery &amp; Deli</name>
<cmt>food</cmt>
<desc>Bakery / Donuts</desc>
<sym>Dot</sym>
<type>food</type>
</wpt>
<wpt lat="49.043267" lon="-122.791920">
<name>Best Western</name>
<cmt>lodging</cmt>
<desc>Hotel / Motel</desc>
<sym>Dot</sym>
<type>shelter</type>
</wpt>
<wpt lat="49.190125" lon="-122.804460">
<name>Kernels</name>
<cmt>bar</cmt>
<desc>Brewery / Pub</desc>
<sym>Dot</sym>
<type>food</type>
</wpt>
<wpt lat="49.189970" lon="-122.804459">
<name>Cinnzeo</name>
<cmt>bar</cmt>
<desc>Brewery / Pub</desc>
<sym>Dot</sym>
<type>food</type>
</wpt>
<wpt lat="49.043810" lon="-122.792160">
<name>A&amp;W</name>
<cmt>food</cmt>
<desc>Fast Food / Chain</desc>
<sym>Dot</sym>
<type>food</type>
</wpt>
<wpt lat="49.184572" lon="-122.843876">
<name>Krave Smoke Vape Shop &amp; Convenience</name>
<cmt>convenience_store</cmt>
<desc>Convenience Store</desc>
<sym>Dot</sym>
<type>store</type>
</wpt>
<wpt lat="49.191959" lon="-122.798649">
<name>Fresh Restaurant &amp; Lounge</name>
<cmt>food</cmt>
<desc>Restaurant</desc>
<sym>Dot</sym>
<type>food</type>
</wpt>
<wpt lat="49.033442" lon="-122.800879">
<name>Starbucks</name>
<cmt>food</cmt>
<desc>Fast Food / Chain</desc>
<sym>Dot</sym>
<type>food</type>
</wpt>
<wpt lat="49.158978" lon="-122.780884">
<name>Diamond sweets &amp; restaurant</name>
<cmt>food</cmt>
<desc>Restaurant</desc>
<sym>Dot</sym>
<type>food</type>
</wpt>
<wpt lat="49.119797" lon="-122.691254">
<name>Tim Hortons</name>
<cmt>food</cmt>
<desc>Fast Food / Chain</desc>
<sym>Dot</sym>
<type>food</type>
</wpt>
<wpt lat="49.032025" lon="-122.803309">
<name>Save-On-Foods</name>
<cmt>convenience_store</cmt>
<desc>Grocery Store</desc>
<sym>Dot</sym>
<type>store</type>
</wpt>
<wpt lat="49.135883" lon="-122.842536">
<name>Espresso Café</name>
<cmt>coffee</cmt>
<desc>Café / Coffee</desc>
<sym>Dot</sym>
<type>food</type>
</wpt>
<wpt lat="49.190077" lon="-122.800118">
<name>Guildford Sushi House</name>
<cmt>food</cmt>
<desc>Restaurant</desc>
<sym>Dot</sym>
<type>food</type>
</wpt>
<wpt lat="49.187118" lon="-122.849113">
<name>A&amp;W</name>
<cmt>food</cmt>
<desc>Fast Food / Chain</desc>
<sym>Dot</sym>
<type>food</type>
</wpt>
<wpt lat="49.150902" lon="-122.889065">
<name>Dairy Queen</name>
<cmt>food</cmt>
<desc>Ice Cream</desc>
<sym>Dot</sym>
<type>food</type>
</wpt>
<wpt lat="49.044058" lon="-122.775579">
<name>Real Canadian Superstore</name>
<cmt>convenience_store</cmt>
<desc>Grocery Store</desc>
<sym>Dot</sym>
<type>store</type>
</wpt>
<wpt lat="49.186037" lon="-122.847925">
<name>Maxim's</name>
<cmt>food</cmt>
<desc>Bakery / Donuts</desc>
<sym>Dot</sym>
<type>food</type>
</wpt>
<wpt lat="49.138444" lon="-122.846619">
<name>Costco Food Court</name>
<cmt>food</cmt>
<desc>Fast Food / Chain</desc>
<sym>Dot</sym>
<type>food</type>
</wpt>
<wpt lat="49.158974" lon="-122.780964">
<name>D-Plus Pizza</name>
<cmt>food</cmt>
<desc>Fast Food / Chain</desc>
<sym>Dot</sym>
<type>food</type>
</wpt>
<wpt lat="49.186434" lon="-122.848867">
<name>Starbucks</name>
<cmt>food</cmt>
<desc>Fast Food / Chain</desc>
<sym>Dot</sym>
<type>food</type>
</wpt>
<wpt lat="49.184568" lon="-122.843761">
<name>A-1Pizza</name>
<cmt>food</cmt>
<desc>Fast Food / Chain</desc>
<sym>Dot</sym>
<type>food</type>
</wpt>
<wpt lat="49.187118" lon="-122.849036">
<name>Booster Juice</name>
<cmt>food</cmt>
<desc>Fast Food / Chain</desc>
<sym>Dot</sym>
<type>food</type>
</wpt>
<wpt lat="49.188811" lon="-122.804271">
<name>Carl's Jr.</name>
<cmt>food</cmt>
<desc>Fast Food / Chain</desc>
<sym>Dot</sym>
<type>food</type>
</wpt>
<wpt lat="49.044117" lon="-122.780996">
<name>McDonald's</name>
<cmt>food</cmt>
<desc>Fast Food / Chain</desc>
<sym>Dot</sym>
<type>food</type>
</wpt>
<wpt lat="49.138781" lon="-122.889623">
<name>FreshCo</name>
<cmt>convenience_store</cmt>
<desc>Grocery Store</desc>
<sym>Dot</sym>
<type>store</type>
</wpt>
<wpt lat="49.199225" lon="-122.812933">
<name>Tom's Food Market</name>
<cmt>convenience_store</cmt>
<desc>Convenience Store</desc>
<sym>Dot</sym>
<type>store</type>
</wpt>
<wpt lat="49.047060" lon="-122.798820">
<name>BC Liquor Store</name>
<cmt>convenience_store</cmt>
<desc>Liquor Store</desc>
<sym>Dot</sym>
<type>store</type>
</wpt>
<wpt lat="49.058961" lon="-122.802792">
<name>Milestones</name>
<cmt>food</cmt>
<desc>Restaurant</desc>
<sym>Dot</sym>
<type>food</type>
</wpt>
<wpt lat="49.186086" lon="-122.847925">
<name>Big Orange</name>
<cmt>coffee</cmt>
<desc>Café / Coffee</desc>
<sym>Dot</sym>
<type>food</type>
</wpt>
<wpt lat="49.190165" lon="-122.804291">
<name>Togo Sushi</name>
<cmt>food</cmt>
<desc>Restaurant</desc>
<sym>Dot</sym>
<type>food</type>
</wpt>
<wpt lat="49.191347" lon="-122.808659">
<name>Mek's Delight</name>
<cmt>food</cmt>
<desc>Restaurant</desc>
<sym>Dot</sym>
<type>food</type>
</wpt>
<wpt lat="49.057387" lon="-122.809213">
<name>Royal Taj Cusine</name>
<cmt>food</cmt>
<desc>Restaurant</desc>
<sym>Dot</sym>
<type>food</type>
</wpt>
<wpt lat="49.033342" lon="-122.800887">
<name>Ay Chihuahua</name>
<cmt>food</cmt>
<desc>Restaurant</desc>
<sym>Dot</sym>
<type>food</type>
</wpt>
<wpt lat="49.033130" lon="-122.802368">
<name>Freshslice Pizza</name>
<cmt>food</cmt>
<desc>Fast Food / Chain</desc>
<sym>Dot</sym>
<type>food</type>
</wpt>
<wpt lat="49.182826" lon="-122.845007">
<name>Freshslice Pizza</name>
<cmt>food</cmt>
<desc>Fast Food / Chain</desc>
<sym>Dot</sym>
<type>food</type>
</wpt>
<wpt lat="49.156935" lon="-122.781104">
<name>Quiznos</name>
<cmt>food</cmt>
<desc>Fast Food / Chain</desc>
<sym>Dot</sym>
<type>food</type>
</wpt>
<wpt lat="49.120049" lon="-122.692224">
<name>Hugo's Mexican Kitchen</name>
<cmt>food</cmt>
<desc>Restaurant</desc>
<sym>Dot</sym>
<type>food</type>
</wpt>
<wpt lat="49.186124" lon="-122.847928">
<name>Blenz</name>
<cmt>coffee</cmt>
<desc>Café / Coffee</desc>
<sym>Dot</sym>
<type>food</type>
</wpt>
<wpt lat="49.103999" lon="-122.731751">
<name>Dairy Queen</name>
<cmt>food</cmt>
<desc>Ice Cream</desc>
<sym>Dot</sym>
<type>food</type>
</wpt>
<wpt lat="49.048190" lon="-122.783277">
<name>Starbucks</name>
<cmt>food</cmt>
<desc>Fast Food / Chain</desc>
<sym>Dot</sym>
<type>food</type>
</wpt>
<wpt lat="49.149734" lon="-122.864579">
<name>Maharaja Catering</name>
<cmt>food</cmt>
<desc>Restaurant</desc>
<sym>Dot</sym>
<type>food</type>
</wpt>
<wpt lat="49.182987" lon="-122.844452">
<name>Chaiiwala of London - King George Hub</name>
<cmt>coffee</cmt>
<desc>Café / Coffee</desc>
<sym>Dot</sym>
<type>food</type>
</wpt>
<wpt lat="49.060198" lon="-122.802678">
<name>Sungiven Foods</name>
<cmt>convenience_store</cmt>
<desc>Grocery Store</desc>
<sym>Dot</sym>
<type>store</type>
</wpt>
<wpt lat="49.190195" lon="-122.800647">
<name>Papa John's</name>
<cmt>food</cmt>
<desc>Fast Food / Chain</desc>
<sym>Dot</sym>
<type>food</type>
</wpt>
<wpt lat="49.190167" lon="-122.804213">
<name>Jugo Juice</name>
<cmt>bar</cmt>
<desc>Brewery / Pub</desc>
<sym>Dot</sym>
<type>food</type>
</wpt>
<wpt lat="49.184587" lon="-122.843637">
<name>Ustaad G 76</name>
<cmt>food</cmt>
<desc>Restaurant</desc>
<sym>Dot</sym>
<type>food</type>
</wpt>
<wpt lat="49.033282" lon="-122.800891">
<name>House of Dosas</name>
<cmt>food</cmt>
<desc>Restaurant</desc>
<sym>Dot</sym>
<type>food</type>
</wpt>
<wpt lat="49.163189" lon="-122.873955">
<name>A&amp;W</name>
<cmt>food</cmt>
<desc>Fast Food / Chain</desc>
<sym>Dot</sym>
<type>food</type>
</wpt>
<wpt lat="49.190232" lon="-122.800077">
<name>Pearl Fever Tea House</name>
<cmt>coffee</cmt>
<desc>Café / Coffee</desc>
<sym>Dot</sym>
<type>food</type>
</wpt>
<wpt lat="49.182952" lon="-122.844378">
<name>Jerusalem Grill Shawarma Express</name>
<cmt>food</cmt>
<desc>Fast Food / Chain</desc>
<sym>Dot</sym>
<type>food</type>
</wpt>
<wpt lat="49.138737" lon="-122.842664">
<name>Haveli Indian Bistro</name>
<cmt>food</cmt>
<desc>Restaurant</desc>
<sym>Dot</sym>
<type>food</type>
</wpt>
<wpt lat="49.189735" lon="-122.847443">
<name>Top King's Restaurant &amp; Cafe</name>
<cmt>food</cmt>
<desc>Restaurant</desc>
<sym>Dot</sym>
<type>food</type>
</wpt>
<wpt lat="49.133789" lon="-122.840663">
<name>Pizza Hut</name>
<cmt>food</cmt>
<desc>Fast Food / Chain</desc>
<sym>Dot</sym>
<type>food</type>
</wpt>
<wpt lat="49.061131" lon="-122.801846">
<name>The Keg</name>
<cmt>food</cmt>
<desc>Restaurant</desc>
<sym>Dot</sym>
<type>food</type>
</wpt>
<wpt lat="49.150248" lon="-122.889940">
<name>Tim Hortons</name>
<cmt>food</cmt>
<desc>Fast Food / Chain</desc>
<sym>Dot</sym>
<type>food</type>
</wpt>
<wpt lat="49.104328" lon="-122.732373">
<name>Museum of Surrey</name>
<cmt>monument</cmt>
<desc>Museum / Gallery</desc>
<sym>Dot</sym>
<type>info</type>
</wpt>
<wpt lat="49.189079" lon="-122.847425">
<name>Freshslice Pizza</name>
<cmt>food</cmt>
<desc>Fast Food / Chain</desc>
<sym>Dot</sym>
<type>food</type>
</wpt>
<wpt lat="49.191704" lon="-122.798592">
<name>Sheraton Guildford Hotel</name>
<cmt>lodging</cmt>
<desc>Hotel / Motel</desc>
<sym>Dot</sym>
<type>shelter</type>
</wpt>
<wpt lat="49.133921" lon="-122.855569">
<name>Anand Pizza Sweets Restaurant</name>
<cmt>food</cmt>
<desc>Restaurant</desc>
<sym>Dot</sym>
<type>food</type>
</wpt>
<wpt lat="49.187164" lon="-122.800624">
<name>Starbucks</name>
<cmt>food</cmt>
<desc>Fast Food / Chain</desc>
<sym>Dot</sym>
<type>food</type>
</wpt>
<wpt lat="49.186848" lon="-122.849032">
<name>Orange Julius</name>
<cmt>food</cmt>
<desc>Fast Food / Chain</desc>
<sym>Dot</sym>
<type>food</type>
</wpt>
<wpt lat="49.113095" lon="-122.733630">
<name>Cloverdale Arena</name>
<cmt>rest_stop</cmt>
<desc>Community Centre</desc>
<sym>Dot</sym>
<type>rest_area</type>
</wpt>
<wpt lat="49.187209" lon="-122.801489">
<name>White Spot</name>
<cmt>food</cmt>
<desc>Fast Food / Chain</desc>
<sym>Dot</sym>
<type>food</type>
</wpt>
<wpt lat="49.138804" lon="-122.842669">
<name>Mary Brown's</name>
<cmt>food</cmt>
<desc>Fast Food / Chain</desc>
<sym>Dot</sym>
<type>food</type>
</wpt>
<wpt lat="49.191345" lon="-122.808944">
<name>Mar Mac Grocery</name>
<cmt>convenience_store</cmt>
<desc>Convenience Store</desc>
<sym>Dot</sym>
<type>store</type>
</wpt>
<wpt lat="49.199432" lon="-122.813706">
<name>UR Restaurant</name>
<cmt>food</cmt>
<desc>Restaurant</desc>
<sym>Dot</sym>
<type>food</type>
</wpt>
<wpt lat="49.047258" lon="-122.797658">
<name>Delhi delite indian cuisine &amp; sweets</name>
<cmt>food</cmt>
<desc>Restaurant</desc>
<sym>Dot</sym>
<type>food</type>
</wpt>
<wpt lat="49.189941" lon="-122.847341">
<name>Umami Ramen + Grill</name>
<cmt>food</cmt>
<desc>Restaurant</desc>
<sym>Dot</sym>
<type>food</type>
</wpt>
<wpt lat="49.157111" lon="-122.782064">
<name>Fresh St. Market</name>
<cmt>convenience_store</cmt>
<desc>Grocery Store</desc>
<sym>Dot</sym>
<type>store</type>
</wpt>
<wpt lat="49.157114" lon="-122.781741">
<name>Fleetwood Sushi</name>
<cmt>food</cmt>
<desc>Restaurant</desc>
<sym>Dot</sym>
<type>food</type>
</wpt>
<wpt lat="49.134323" lon="-122.887236">
<name>KFC</name>
<cmt>food</cmt>
<desc>Fast Food / Chain</desc>
<sym>Dot</sym>
<type>food</type>
</wpt>
<wpt lat="49.133918" lon="-122.855350">
<name>Subway</name>
<cmt>food</cmt>
<desc>Fast Food / Chain</desc>
<sym>Dot</sym>
<type>food</type>
</wpt>
<wpt lat="49.139141" lon="-122.843154">
<name>Pho Newton</name>
<cmt>food</cmt>
<desc>Fast Food / Chain</desc>
<sym>Dot</sym>
<type>food</type>
</wpt>
<wpt lat="49.189824" lon="-122.803924">
<name>Starbucks</name>
<cmt>food</cmt>
<desc>Fast Food / Chain</desc>
<sym>Dot</sym>
<type>food</type>
</wpt>
<wpt lat="49.163295" lon="-122.875166">
<name>Burger King</name>
<cmt>food</cmt>
<desc>Fast Food / Chain</desc>
<sym>Dot</sym>
<type>food</type>
</wpt>
<wpt lat="49.041529" lon="-122.787699">
<name>Ricky's</name>
<cmt>food</cmt>
<desc>Restaurant</desc>
<sym>Dot</sym>
<type>food</type>
</wpt>
<wpt lat="49.189412" lon="-122.772349">
<name>Tynehead R.V. Camp</name>
<cmt>camping</cmt>
<desc>Private Campground</desc>
<sym>Dot</sym>
<type>campsite</type>
</wpt>
<wpt lat="49.132929" lon="-122.838993">
<name>Circle K</name>
<cmt>convenience_store</cmt>
<desc>Convenience Store</desc>
<sym>Dot</sym>
<type>store</type>
</wpt>
<wpt lat="49.150374" lon="-122.889656">
<name>Big Bazaar</name>
<cmt>convenience_store</cmt>
<desc>Grocery Store</desc>
<sym>Dot</sym>
<type>store</type>
</wpt>
<wpt lat="49.127750" lon="-122.844413">
<name>Greco's Specialty Foods Market</name>
<cmt>convenience_store</cmt>
<desc>Grocery Store</desc>
<sym>Dot</sym>
<type>store</type>
</wpt>
<wpt lat="49.124258" lon="-122.702084">
<name>Dublin Crossing</name>
<cmt>bar</cmt>
<desc>Brewery / Pub</desc>
<sym>Dot</sym>
<type>food</type>
</wpt>
<wpt lat="49.190191" lon="-122.802255">
<name>COBS Bread</name>
<cmt>food</cmt>
<desc>Bakery / Donuts</desc>
<sym>Dot</sym>
<type>food</type>
</wpt>
<wpt lat="49.103727" lon="-122.728650">
<name>A&amp;W</name>
<cmt>food</cmt>
<desc>Fast Food / Chain</desc>
<sym>Dot</sym>
<type>food</type>
</wpt>
<wpt lat="49.133950" lon="-122.841140">
<name>New Parmar Sweets &amp; Catering</name>
<cmt>food</cmt>
<desc>Restaurant</desc>
<sym>Dot</sym>
<type>food</type>
</wpt>
<wpt lat="49.199590" lon="-122.810525">
<name>Buy-Low Foods</name>
<cmt>convenience_store</cmt>
<desc>Grocery Store</desc>
<sym>Dot</sym>
<type>store</type>
</wpt>
<wpt lat="49.199643" lon="-122.811558">
<name>Mauna Sushi</name>
<cmt>food</cmt>
<desc>Restaurant</desc>
<sym>Dot</sym>
<type>food</type>
</wpt>
<wpt lat="49.199643" lon="-122.811421">
<name>Panago</name>
<cmt>food</cmt>
<desc>Fast Food / Chain</desc>
<sym>Dot</sym>
<type>food</type>
</wpt>
<wpt lat="49.133008" lon="-122.839807">
<name>Chalo FreshCo</name>
<cmt>convenience_store</cmt>
<desc>Grocery Store</desc>
<sym>Dot</sym>
<type>store</type>
</wpt>
<wpt lat="49.196008" lon="-122.811927">
<name>Holly Outdoor Pool</name>
<cmt>rest_stop</cmt>
<desc>Community Centre</desc>
<sym>Dot</sym>
<type>rest_area</type>
</wpt>
<wpt lat="49.055588" lon="-122.805342">
<name>Krispy Samosa</name>
<cmt>food</cmt>
<desc>Restaurant</desc>
<sym>Dot</sym>
<type>food</type>
</wpt>
<wpt lat="49.155112" lon="-122.772178">
<name>Chef's Kebab</name>
<cmt>food</cmt>
<desc>Restaurant</desc>
<sym>Dot</sym>
<type>food</type>
</wpt>
<wpt lat="49.186938" lon="-122.800062">
<name>Pizza Hut</name>
<cmt>food</cmt>
<desc>Fast Food / Chain</desc>
<sym>Dot</sym>
<type>food</type>
</wpt>
<wpt lat="49.128061" lon="-122.846856">
<name>Aggarwal Grocery Hub</name>
<cmt>convenience_store</cmt>
<desc>Grocery Store</desc>
<sym>Dot</sym>
<type>store</type>
</wpt>
<wpt lat="49.185338" lon="-122.843678">
<name>JM7 Bakery</name>
<cmt>food</cmt>
<desc>Bakery / Donuts</desc>
<sym>Dot</sym>
<type>food</type>
</wpt>
<wpt lat="49.186389" lon="-122.847457">
<name>Boston Pizza</name>
<cmt>food</cmt>
<desc>Fast Food / Chain</desc>
<sym>Dot</sym>
<type>food</type>
</wpt>
<wpt lat="49.195016" lon="-122.801592">
<name>Sandman Suites Surrey-Guildford</name>
<cmt>lodging</cmt>
<desc>Hotel / Motel</desc>
<sym>Dot</sym>
<type>shelter</type>
</wpt>
<wpt lat="49.133779" lon="-122.841190">
<name>Subway</name>
<cmt>food</cmt>
<desc>Fast Food / Chain</desc>
<sym>Dot</sym>
<type>food</type>
</wpt>
<wpt lat="49.135356" lon="-122.843062">
<name>Panago</name>
<cmt>food</cmt>
<desc>Fast Food / Chain</desc>
<sym>Dot</sym>
<type>food</type>
</wpt>
<wpt lat="49.189941" lon="-122.846950">
<name>New Town Bakery</name>
<cmt>food</cmt>
<desc>Bakery / Donuts</desc>
<sym>Dot</sym>
<type>food</type>
</wpt>
<wpt lat="49.158207" lon="-122.781738">
<name>Liquor Depot</name>
<cmt>convenience_store</cmt>
<desc>Liquor Store</desc>
<sym>Dot</sym>
<type>store</type>
</wpt>
<wpt lat="49.135281" lon="-122.845995">
<name>Taco Bell</name>
<cmt>food</cmt>
<desc>Fast Food / Chain</desc>
<sym>Dot</sym>
<type>food</type>
</wpt>
<wpt lat="49.053333" lon="-122.800762">
<name>Hanaya Japanese Restaurant</name>
<cmt>food</cmt>
<desc>Restaurant</desc>
<sym>Dot</sym>
<type>food</type>
</wpt>
<wpt lat="49.186551" lon="-122.847648">
<name>Neptune Seafood Restaurant</name>
<cmt>food</cmt>
<desc>Restaurant</desc>
<sym>Dot</sym>
<type>food</type>
</wpt>
<wpt lat="49.128082" lon="-122.844967">
<name>Ambar Surrey Dhaba</name>
<cmt>food</cmt>
<desc>Restaurant</desc>
<sym>Dot</sym>
<type>food</type>
</wpt>
<wpt lat="49.160951" lon="-122.759248">
<name>Charles Richardson Nature Reserve</name>
<cmt>park</cmt>
<desc>Park / Nature</desc>
<sym>Dot</sym>
<type>rest_area</type>
</wpt>
<wpt lat="49.158906" lon="-122.781774">
<name>Subway</name>
<cmt>food</cmt>
<desc>Fast Food / Chain</desc>
<sym>Dot</sym>
<type>food</type>
</wpt>
<wpt lat="49.135232" lon="-122.845959">
<name>KFC</name>
<cmt>food</cmt>
<desc>Fast Food / Chain</desc>
<sym>Dot</sym>
<type>food</type>
</wpt>
<wpt lat="49.055801" lon="-122.805285">
<name>Eggcetra Breakfast Cafe</name>
<cmt>food</cmt>
<desc>Restaurant</desc>
<sym>Dot</sym>
<type>food</type>
</wpt>
<wpt lat="49.056083" lon="-122.804770">
<name>Kaffina Coffee</name>
<cmt>coffee</cmt>
<desc>Café / Coffee</desc>
<sym>Dot</sym>
<type>food</type>
</wpt>
<wpt lat="49.128118" lon="-122.844970">
<name>Mecca Halal Meats &amp; Grocery</name>
<cmt>convenience_store</cmt>
<desc>Convenience Store</desc>
<sym>Dot</sym>
<type>store</type>
</wpt>
<wpt lat="49.103723" lon="-122.728203">
<name>Ricky's</name>
<cmt>food</cmt>
<desc>Restaurant</desc>
<sym>Dot</sym>
<type>food</type>
</wpt>
<wpt lat="49.195112" lon="-122.801442">
<name>Moxie's</name>
<cmt>food</cmt>
<desc>Restaurant</desc>
<sym>Dot</sym>
<type>food</type>
</wpt>
<wpt lat="49.188156" lon="-122.847054">
<name>Galina's Euro Food</name>
<cmt>convenience_store</cmt>
<desc>Specialty / Health Food</desc>
<sym>Dot</sym>
<type>store</type>
</wpt>
<wpt lat="49.056287" lon="-122.804429">
<name>Chatime</name>
<cmt>coffee</cmt>
<desc>Café / Coffee</desc>
<sym>Dot</sym>
<type>food</type>
</wpt>
<wpt lat="49.191247" lon="-122.800070">
<name>7-Eleven</name>
<cmt>convenience_store</cmt>
<desc>Convenience Store</desc>
<sym>Dot</sym>
<type>store</type>
</wpt>
<wpt lat="49.053238" lon="-122.800774">
<name>Taste Of Super Kings</name>
<cmt>food</cmt>
<desc>Restaurant</desc>
<sym>Dot</sym>
<type>food</type>
</wpt>
<wpt lat="49.151395" lon="-122.865433">
<name>Aggarwal Sweets</name>
<cmt>food</cmt>
<desc>Restaurant</desc>
<sym>Dot</sym>
<type>food</type>
</wpt>
<wpt lat="49.056347" lon="-122.804358">
<name>Damiko Sushi</name>
<cmt>food</cmt>
<desc>Restaurant</desc>
<sym>Dot</sym>
<type>food</type>
</wpt>
<wpt lat="49.124521" lon="-122.702173">
<name>Papa Murphy's</name>
<cmt>food</cmt>
<desc>Fast Food / Chain</desc>
<sym>Dot</sym>
<type>food</type>
</wpt>
<wpt lat="49.103264" lon="-122.731558">
<name>No Frills</name>
<cmt>convenience_store</cmt>
<desc>Grocery Store</desc>
<sym>Dot</sym>
<type>store</type>
</wpt>
<wpt lat="49.184435" lon="-122.803430">
<name>Boston Pizza</name>
<cmt>food</cmt>
<desc>Fast Food / Chain</desc>
<sym>Dot</sym>
<type>food</type>
</wpt>
<wpt lat="49.164448" lon="-122.876766">
<name>Barcelo's</name>
<cmt>food</cmt>
<desc>Fast Food / Chain</desc>
<sym>Dot</sym>
<type>food</type>
</wpt>
<wpt lat="49.164246" lon="-122.876718">
<name>Pizza64</name>
<cmt>food</cmt>
<desc>Fast Food / Chain</desc>
<sym>Dot</sym>
<type>food</type>
</wpt>
<wpt lat="49.103480" lon="-122.732176">
<name>Pizza Hut Delivery</name>
<cmt>food</cmt>
<desc>Fast Food / Chain</desc>
<sym>Dot</sym>
<type>food</type>
</wpt>
<wpt lat="49.031730" lon="-122.802248">
<name>BC Liquor Store</name>
<cmt>convenience_store</cmt>
<desc>Liquor Store</desc>
<sym>Dot</sym>
<type>store</type>
</wpt>
<wpt lat="49.164188" lon="-122.876714">
<name>Lighthouse</name>
<cmt>food</cmt>
<desc>Fast Food / Chain</desc>
<sym>Dot</sym>
<type>food</type>
</wpt>
<wpt lat="49.190547" lon="-122.802211">
<name>Popeyes</name>
<cmt>food</cmt>
<desc>Fast Food / Chain</desc>
<sym>Dot</sym>
<type>food</type>
</wpt>
<wpt lat="49.105777" lon="-122.735176">
<name>Ken's Cafe &amp; Restaurant</name>
<cmt>coffee</cmt>
<desc>Café / Coffee</desc>
<sym>Dot</sym>
<type>food</type>
</wpt>
<wpt lat="49.032727" lon="-122.801470">
<name>White Spot</name>
<cmt>food</cmt>
<desc>Fast Food / Chain</desc>
<sym>Dot</sym>
<type>food</type>
</wpt>
<wpt lat="49.137368" lon="-122.885061">
<name>Strawberry Hill Branch</name>
<cmt>library</cmt>
<desc>Library</desc>
<sym>Dot</sym>
<type>info</type>
</wpt>
<wpt lat="49.103652" lon="-122.732531">
<name>Subway</name>
<cmt>food</cmt>
<desc>Fast Food / Chain</desc>
<sym>Dot</sym>
<type>food</type>
</wpt>
<wpt lat="49.104909" lon="-122.733411">
<name>Cloverdale Branch</name>
<cmt>library</cmt>
<desc>Library</desc>
<sym>Dot</sym>
<type>info</type>
</wpt>
<wpt lat="49.146372" lon="-122.888379">
<name>Canadian Tire</name>
<cmt>convenience_store</cmt>
<desc>General merchandise</desc>
<sym>Dot</sym>
<type>store</type>
</wpt>
<wpt lat="49.186964" lon="-122.847815">
<name>Walmart</name>
<cmt>convenience_store</cmt>
<desc>Grocery Store</desc>
<sym>Dot</sym>
<type>store</type>
</wpt>
<wpt lat="49.153418" lon="-122.822892">
<name>Petro-Canada</name>
<cmt>convenience_store</cmt>
<desc>Convenience Store</desc>
<sym>Dot</sym>
<type>store</type>
</wpt>
<wpt lat="49.123757" lon="-122.704300">
<name>Save-On-Foods</name>
<cmt>convenience_store</cmt>
<desc>Grocery Store</desc>
<sym>Dot</sym>
<type>store</type>
</wpt>
<wpt lat="49.182291" lon="-122.844360">
<name>A&amp;W</name>
<cmt>food</cmt>
<desc>Fast Food / Chain</desc>
<sym>Dot</sym>
<type>food</type>
</wpt>
<wpt lat="49.163980" lon="-122.876721">
<name>Angry Otter Liquor</name>
<cmt>convenience_store</cmt>
<desc>Liquor Store</desc>
<sym>Dot</sym>
<type>store</type>
</wpt>
<wpt lat="49.138627" lon="-122.848056">
<name>Costco</name>
<cmt>convenience_store</cmt>
<desc>Grocery Store</desc>
<sym>Dot</sym>
<type>store</type>
</wpt>
<wpt lat="49.032028" lon="-122.802057">
<name>COBS Bread</name>
<cmt>food</cmt>
<desc>Bakery / Donuts</desc>
<sym>Dot</sym>
<type>food</type>
</wpt>
<wpt lat="49.031886" lon="-122.802122">
<name>Hang Lee Wok</name>
<cmt>food</cmt>
<desc>Fast Food / Chain</desc>
<sym>Dot</sym>
<type>food</type>
</wpt>
<wpt lat="49.158386" lon="-122.782084">
<name>Boston Pizza</name>
<cmt>food</cmt>
<desc>Fast Food / Chain</desc>
<sym>Dot</sym>
<type>food</type>
</wpt>
<wpt lat="49.182038" lon="-122.845924">
<name>Combine Cafe &amp; Bar</name>
<cmt>food</cmt>
<desc>Restaurant</desc>
<sym>Dot</sym>
<type>food</type>
</wpt>
<wpt lat="49.190200" lon="-122.803162">
<name>Shefield Express</name>
<cmt>convenience_store</cmt>
<desc>Convenience Store</desc>
<sym>Dot</sym>
<type>store</type>
</wpt>
<wpt lat="49.186625" lon="-122.798731">
<name>Coffee Monster</name>
<cmt>coffee</cmt>
<desc>Café / Coffee</desc>
<sym>Dot</sym>
<type>food</type>
</wpt>
<wpt lat="49.050200" lon="-122.795219">
<name>Sunnyside Outdoor Pool</name>
<cmt>rest_stop</cmt>
<desc>Community Centre</desc>
<sym>Dot</sym>
<type>rest_area</type>
</wpt>
<wpt lat="49.033576" lon="-122.815522">
<name>South Surrey Indoor Pool</name>
<cmt>rest_stop</cmt>
<desc>Community Centre</desc>
<sym>Dot</sym>
<type>rest_area</type>
</wpt>
<wpt lat="49.032556" lon="-122.800872">
<name>Leon's Cafe</name>
<cmt>coffee</cmt>
<desc>Café / Coffee</desc>
<sym>Dot</sym>
<type>food</type>
</wpt>
<wpt lat="49.032039" lon="-122.801873">
<name>A&amp;W</name>
<cmt>food</cmt>
<desc>Fast Food / Chain</desc>
<sym>Dot</sym>
<type>food</type>
</wpt>
<wpt lat="49.134115" lon="-122.841952">
<name>Lucky Horse Restaurant</name>
<cmt>food</cmt>
<desc>Restaurant</desc>
<sym>Dot</sym>
<type>food</type>
</wpt>
<wpt lat="49.138746" lon="-122.858259">
<name>Olivo Cafe</name>
<cmt>coffee</cmt>
<desc>Café / Coffee</desc>
<sym>Dot</sym>
<type>food</type>
</wpt>
<wpt lat="49.134890" lon="-122.845213">
<name>Tim Hortons</name>
<cmt>food</cmt>
<desc>Fast Food / Chain</desc>
<sym>Dot</sym>
<type>food</type>
</wpt>
<wpt lat="49.134979" lon="-122.843536">
<name>Save-On-Foods</name>
<cmt>convenience_store</cmt>
<desc>Grocery Store</desc>
<sym>Dot</sym>
<type>store</type>
</wpt>
<wpt lat="49.184530" lon="-122.798794">
<name>大統華 T&amp;T Supermarket</name>
<cmt>convenience_store</cmt>
<desc>Grocery Store</desc>
<sym>Dot</sym>
<type>store</type>
</wpt>
<wpt lat="49.184681" lon="-122.798799">
<name>Rodem Korea</name>
<cmt>food</cmt>
<desc>Fast Food / Chain</desc>
<sym>Dot</sym>
<type>food</type>
</wpt>
<wpt lat="49.185618" lon="-122.798787">
<name>Lee Gar Nei</name>
<cmt>food</cmt>
<desc>Restaurant</desc>
<sym>Dot</sym>
<type>food</type>
</wpt>
<wpt lat="49.185693" lon="-122.798787">
<name>Big Chicken Town</name>
<cmt>food</cmt>
<desc>Restaurant</desc>
<sym>Dot</sym>
<type>food</type>
</wpt>
<wpt lat="49.184717" lon="-122.798802">
<name>YL's Curry Bowl</name>
<cmt>food</cmt>
<desc>Fast Food / Chain</desc>
<sym>Dot</sym>
<type>food</type>
</wpt>
<wpt lat="49.184757" lon="-122.798801">
<name>Kwan Kee Noodle House</name>
<cmt>food</cmt>
<desc>Fast Food / Chain</desc>
<sym>Dot</sym>
<type>food</type>
</wpt>
<wpt lat="49.184804" lon="-122.798800">
<name>Sashimi &amp; Sushi Express</name>
<cmt>food</cmt>
<desc>Fast Food / Chain</desc>
<sym>Dot</sym>
<type>food</type>
</wpt>
<wpt lat="49.185910" lon="-122.798791">
<name>Barcelos</name>
<cmt>food</cmt>
<desc>Restaurant</desc>
<sym>Dot</sym>
<type>food</type>
</wpt>
<wpt lat="49.164437" lon="-122.877128">
<name>Sam's Chaat House</name>
<cmt>food</cmt>
<desc>Restaurant</desc>
<sym>Dot</sym>
<type>food</type>
</wpt>
<wpt lat="49.184023" lon="-122.803044">
<name>Pho Canada</name>
<cmt>food</cmt>
<desc>Restaurant</desc>
<sym>Dot</sym>
<type>food</type>
</wpt>
<wpt lat="49.164294" lon="-122.877121">
<name>Pizza Hut</name>
<cmt>food</cmt>
<desc>Fast Food / Chain</desc>
<sym>Dot</sym>
<type>food</type>
</wpt>
<wpt lat="49.186581" lon="-122.801942">
<name>Domino's</name>
<cmt>food</cmt>
<desc>Fast Food / Chain</desc>
<sym>Dot</sym>
<type>food</type>
</wpt>
<wpt lat="49.189275" lon="-122.846319">
<name>Grandt Kitchen</name>
<cmt>food</cmt>
<desc>Restaurant</desc>
<sym>Dot</sym>
<type>food</type>
</wpt>
<wpt lat="49.105511" lon="-122.734779">
<name>Republica Coffee Roasters Cloverdale</name>
<cmt>coffee</cmt>
<desc>Café / Coffee</desc>
<sym>Dot</sym>
<type>food</type>
</wpt>
<wpt lat="49.189186" lon="-122.846313">
<name>Chatime</name>
<cmt>coffee</cmt>
<desc>Café / Coffee</desc>
<sym>Dot</sym>
<type>food</type>
</wpt>
<wpt lat="49.124826" lon="-122.702283">
<name>Subway</name>
<cmt>food</cmt>
<desc>Fast Food / Chain</desc>
<sym>Dot</sym>
<type>food</type>
</wpt>
<wpt lat="49.164107" lon="-122.877123">
<name>Subway</name>
<cmt>food</cmt>
<desc>Fast Food / Chain</desc>
<sym>Dot</sym>
<type>food</type>
</wpt>
<wpt lat="49.043182" lon="-122.780423">
<name>Wok Box</name>
<cmt>food</cmt>
<desc>Restaurant</desc>
<sym>Dot</sym>
<type>food</type>
</wpt>
<wpt lat="49.182145" lon="-122.843993">
<name>Tim Hortons</name>
<cmt>food</cmt>
<desc>Fast Food / Chain</desc>
<sym>Dot</sym>
<type>food</type>
</wpt>
<wpt lat="49.188004" lon="-122.846511">
<name>D-Plus Pizza</name>
<cmt>food</cmt>
<desc>Fast Food / Chain</desc>
<sym>Dot</sym>
<type>food</type>
</wpt>
<wpt lat="49.043171" lon="-122.780223">
<name>Subway</name>
<cmt>food</cmt>
<desc>Fast Food / Chain</desc>
<sym>Dot</sym>
<type>food</type>
</wpt>
<wpt lat="49.186585" lon="-122.802179">
<name>Seoul Grill House</name>
<cmt>food</cmt>
<desc>Restaurant</desc>
<sym>Dot</sym>
<type>food</type>
</wpt>
<wpt lat="49.124762" lon="-122.702930">
<name>Starbucks</name>
<cmt>food</cmt>
<desc>Fast Food / Chain</desc>
<sym>Dot</sym>
<type>food</type>
</wpt>
<wpt lat="49.104400" lon="-122.726884">
<name>Wendy's</name>
<cmt>food</cmt>
<desc>Fast Food / Chain</desc>
<sym>Dot</sym>
<type>food</type>
</wpt>
<wpt lat="49.163840" lon="-122.877114">
<name>Osmow's</name>
<cmt>food</cmt>
<desc>Fast Food / Chain</desc>
<sym>Dot</sym>
<type>food</type>
</wpt>
<wpt lat="49.157927" lon="-122.818001">
<name>Price Creek Park</name>
<cmt>park</cmt>
<desc>Park / Nature</desc>
<sym>Dot</sym>
<type>rest_area</type>
</wpt>
<wpt lat="49.043086" lon="-122.779730">
<name>Papa John's</name>
<cmt>food</cmt>
<desc>Fast Food / Chain</desc>
<sym>Dot</sym>
<type>food</type>
</wpt>
<wpt lat="49.059947" lon="-122.804238">
<name>Banana Leaf Surrey</name>
<cmt>food</cmt>
<desc>Restaurant</desc>
<sym>Dot</sym>
<type>food</type>
</wpt>
<wpt lat="49.135466" lon="-122.887659">
<name>Winners</name>
<cmt>convenience_store</cmt>
<desc>Grocery Store</desc>
<sym>Dot</sym>
<type>store</type>
</wpt>
<wpt lat="49.061392" lon="-122.811064">
<name>Choices Market</name>
<cmt>convenience_store</cmt>
<desc>Grocery Store</desc>
<sym>Dot</sym>
<type>store</type>
</wpt>
<wpt lat="49.186380" lon="-122.801508">
<name>Wendy's</name>
<cmt>food</cmt>
<desc>Fast Food / Chain</desc>
<sym>Dot</sym>
<type>food</type>
</wpt>
<wpt lat="49.198479" lon="-122.822514">
<name>7-Eleven</name>
<cmt>convenience_store</cmt>
<desc>Convenience Store</desc>
<sym>Dot</sym>
<type>store</type>
</wpt>
<wpt lat="49.186398" lon="-122.844450">
<name>Fresgo Inn</name>
<cmt>food</cmt>
<desc>Restaurant</desc>
<sym>Dot</sym>
<type>food</type>
</wpt>
<wpt lat="49.056614" lon="-122.808252">
<name>Rosie's Country Cafe</name>
<cmt>coffee</cmt>
<desc>Café / Coffee</desc>
<sym>Dot</sym>
<type>food</type>
</wpt>
<wpt lat="49.188968" lon="-122.846134">
<name>Sushi &amp; Roll</name>
<cmt>food</cmt>
<desc>Restaurant</desc>
<sym>Dot</sym>
<type>food</type>
</wpt>
<wpt lat="49.031518" lon="-122.801652">
<name>Sapporo Kitchen</name>
<cmt>food</cmt>
<desc>Restaurant</desc>
<sym>Dot</sym>
<type>food</type>
</wpt>
<wpt lat="49.102656" lon="-122.730362">
<name>Rusty's Pub</name>
<cmt>food</cmt>
<desc>Restaurant</desc>
<sym>Dot</sym>
<type>food</type>
</wpt>
<wpt lat="49.134786" lon="-122.843034">
<name>Namdhari's Restaurant</name>
<cmt>food</cmt>
<desc>Restaurant</desc>
<sym>Dot</sym>
<type>food</type>
</wpt>
<wpt lat="49.186198" lon="-122.843722">
<name>SunFarm International Specialty Foods</name>
<cmt>convenience_store</cmt>
<desc>Farmers' Market</desc>
<sym>Dot</sym>
<type>store</type>
</wpt>
<wpt lat="49.134323" lon="-122.888526">
<name>Quiznos</name>
<cmt>food</cmt>
<desc>Fast Food / Chain</desc>
<sym>Dot</sym>
<type>food</type>
</wpt>
<wpt lat="49.041794" lon="-122.815961">
<name>South Surrey Arena</name>
<cmt>rest_stop</cmt>
<desc>Community Centre</desc>
<sym>Dot</sym>
<type>rest_area</type>
</wpt>
<wpt lat="49.134708" lon="-122.843025">
<name>Fab Burgers Inc.</name>
<cmt>food</cmt>
<desc>Restaurant</desc>
<sym>Dot</sym>
<type>food</type>
</wpt>
<wpt lat="49.153689" lon="-122.764291">
<name>Surrey Sports &amp; Leisure Complex</name>
<cmt>rest_stop</cmt>
<desc>Community Centre</desc>
<sym>Dot</sym>
<type>rest_area</type>
</wpt>
<wpt lat="49.183842" lon="-122.802680">
<name>Menchie's</name>
<cmt>food</cmt>
<desc>Ice Cream</desc>
<sym>Dot</sym>
<type>food</type>
</wpt>
<wpt lat="49.124463" lon="-122.704220">
<name>Peachwave Frozen Yogurt</name>
<cmt>food</cmt>
<desc>Ice Cream</desc>
<sym>Dot</sym>
<type>food</type>
</wpt>
<wpt lat="49.182071" lon="-122.843605">
<name>Pho 68</name>
<cmt>food</cmt>
<desc>Restaurant</desc>
<sym>Dot</sym>
<type>food</type>
</wpt>
<wpt lat="49.155673" lon="-122.864354">
<name>Delta Pizza</name>
<cmt>food</cmt>
<desc>Restaurant</desc>
<sym>Dot</sym>
<type>food</type>
</wpt>
<wpt lat="49.134550" lon="-122.842576">
<name>Tomato's</name>
<cmt>food</cmt>
<desc>Restaurant</desc>
<sym>Dot</sym>
<type>food</type>
</wpt>
<wpt lat="49.031353" lon="-122.801435">
<name>Brown's Socialhouse Semiahmoo</name>
<cmt>food</cmt>
<desc>Restaurant</desc>
<sym>Dot</sym>
<type>food</type>
</wpt>
<wpt lat="49.137595" lon="-122.889528">
<name>On the Run</name>
<cmt>convenience_store</cmt>
<desc>Convenience Store</desc>
<sym>Dot</sym>
<type>store</type>
</wpt>
<wpt lat="49.181585" lon="-122.845071">
<name>Jollibee</name>
<cmt>food</cmt>
<desc>Fast Food / Chain</desc>
<sym>Dot</sym>
<type>food</type>
</wpt>
<wpt lat="49.181925" lon="-122.843686">
<name>Rice and Noodle</name>
<cmt>food</cmt>
<desc>Restaurant</desc>
<sym>Dot</sym>
<type>food</type>
</wpt>
<wpt lat="49.042841" lon="-122.779721">
<name>Meltwich Food Co.</name>
<cmt>food</cmt>
<desc>Restaurant</desc>
<sym>Dot</sym>
<type>food</type>
</wpt>
<wpt lat="49.183839" lon="-122.802510">
<name>bb.q Chicken</name>
<cmt>food</cmt>
<desc>Restaurant</desc>
<sym>Dot</sym>
<type>food</type>
</wpt>
<wpt lat="49.037388" lon="-122.800939">
<name>Baselines Pub</name>
<cmt>bar</cmt>
<desc>Brewery / Pub</desc>
<sym>Dot</sym>
<type>food</type>
</wpt>
<wpt lat="49.061396" lon="-122.812196">
<name>Subway</name>
<cmt>food</cmt>
<desc>Fast Food / Chain</desc>
<sym>Dot</sym>
<type>food</type>
</wpt>
<wpt lat="49.186445" lon="-122.843731">
<name>Habib Market</name>
<cmt>convenience_store</cmt>
<desc>Grocery Store</desc>
<sym>Dot</sym>
<type>store</type>
</wpt>
<wpt lat="49.133872" lon="-122.842603">
<name>Tasty Donair</name>
<cmt>food</cmt>
<desc>Fast Food / Chain</desc>
<sym>Dot</sym>
<type>food</type>
</wpt>
<wpt lat="49.198110" lon="-122.846706">
<name>Royal Canadian Legion Branch #229</name>
<cmt>bar</cmt>
<desc>Brewery / Pub</desc>
<sym>Dot</sym>
<type>food</type>
</wpt>
<wpt lat="49.181810" lon="-122.843717">
<name>KINTON RAMEN</name>
<cmt>food</cmt>
<desc>Restaurant</desc>
<sym>Dot</sym>
<type>food</type>
</wpt>
<wpt lat="49.133772" lon="-122.842602">
<name>Swift Convenience Store &amp; Smoke</name>
<cmt>convenience_store</cmt>
<desc>Convenience Store</desc>
<sym>Dot</sym>
<type>store</type>
</wpt>
<wpt lat="49.187483" lon="-122.846180">
<name>White Spot</name>
<cmt>food</cmt>
<desc>Fast Food / Chain</desc>
<sym>Dot</sym>
<type>food</type>
</wpt>
<wpt lat="49.103730" lon="-122.733900">
<name>Cloverdale Station</name>
<cmt>monument</cmt>
<desc>Museum / Gallery</desc>
<sym>Dot</sym>
<type>info</type>
</wpt>
<wpt lat="49.134334" lon="-122.888949">
<name>Jollibee</name>
<cmt>food</cmt>
<desc>Fast Food / Chain</desc>
<sym>Dot</sym>
<type>food</type>
</wpt>
<wpt lat="49.103933" lon="-122.734095">
<name>Clydesdale Inn</name>
<cmt>bar</cmt>
<desc>Brewery / Pub</desc>
<sym>Dot</sym>
<type>food</type>
</wpt>
<wpt lat="49.060438" lon="-122.804659">
<name>Cactus Club Cafe</name>
<cmt>food</cmt>
<desc>Restaurant</desc>
<sym>Dot</sym>
<type>food</type>
</wpt>
<wpt lat="49.134346" lon="-122.844971">
<name>Kelly's Pub</name>
<cmt>bar</cmt>
<desc>Brewery / Pub</desc>
<sym>Dot</sym>
<type>food</type>
</wpt>
<wpt lat="49.133921" lon="-122.853044">
<name>The British Store</name>
<cmt>convenience_store</cmt>
<desc>Grocery Store</desc>
<sym>Dot</sym>
<type>store</type>
</wpt>
<wpt lat="49.061561" lon="-122.812182">
<name>Rasoi Fine Indian Cuisine</name>
<cmt>food</cmt>
<desc>Restaurant</desc>
<sym>Dot</sym>
<type>food</type>
</wpt>
<wpt lat="49.037548" lon="-122.800933">
<name>Boston Pizza</name>
<cmt>food</cmt>
<desc>Fast Food / Chain</desc>
<sym>Dot</sym>
<type>food</type>
</wpt>
<wpt lat="49.104319" lon="-122.734393">
<name>Mom's Dosa Palace</name>
<cmt>food</cmt>
<desc>Restaurant</desc>
<sym>Dot</sym>
<type>food</type>
</wpt>
<wpt lat="49.134369" lon="-122.844272">
<name>Freshsllice Pizza</name>
<cmt>food</cmt>
<desc>Restaurant</desc>
<sym>Dot</sym>
<type>food</type>
</wpt>
<wpt lat="49.057820" lon="-122.804870">
<name>Canadian Tire</name>
<cmt>convenience_store</cmt>
<desc>General merchandise</desc>
<sym>Dot</sym>
<type>store</type>
</wpt>
<wpt lat="49.134373" lon="-122.843940">
<name>The Greek Corner</name>
<cmt>food</cmt>
<desc>Restaurant</desc>
<sym>Dot</sym>
<type>food</type>
</wpt>
<wpt lat="49.105616" lon="-122.738875">
<name>Starbucks</name>
<cmt>food</cmt>
<desc>Fast Food / Chain</desc>
<sym>Dot</sym>
<type>food</type>
</wpt>
<wpt lat="49.042618" lon="-122.779745">
<name>Five Guys</name>
<cmt>food</cmt>
<desc>Fast Food / Chain</desc>
<sym>Dot</sym>
<type>food</type>
</wpt>
<wpt lat="49.103670" lon="-122.726547">
<name>Tim Hortons</name>
<cmt>food</cmt>
<desc>Fast Food / Chain</desc>
<sym>Dot</sym>
<type>food</type>
</wpt>
<wpt lat="49.104002" lon="-122.734334">
<name>Clydesdale Inn</name>
<cmt>lodging</cmt>
<desc>Hotel / Motel</desc>
<sym>Dot</sym>
<type>shelter</type>
</wpt>
<wpt lat="49.181536" lon="-122.843929">
<name>Starbucks</name>
<cmt>food</cmt>
<desc>Fast Food / Chain</desc>
<sym>Dot</sym>
<type>food</type>
</wpt>
<wpt lat="49.104318" lon="-122.734527">
<name>De Dutch</name>
<cmt>food</cmt>
<desc>Fast Food / Chain</desc>
<sym>Dot</sym>
<type>food</type>
</wpt>
<wpt lat="49.181555" lon="-122.843844">
<name>Panago</name>
<cmt>food</cmt>
<desc>Fast Food / Chain</desc>
<sym>Dot</sym>
<type>food</type>
</wpt>
<wpt lat="49.108371" lon="-122.681875">
<name>Fox &amp; Fiddle Pub</name>
<cmt>bar</cmt>
<desc>Brewery / Pub</desc>
<sym>Dot</sym>
<type>food</type>
</wpt>
<wpt lat="49.185719" lon="-122.799783">
<name>Bubble World Surrey</name>
<cmt>food</cmt>
<desc>Restaurant</desc>
<sym>Dot</sym>
<type>food</type>
</wpt>
<wpt lat="49.104896" lon="-122.735141">
<name>Hawthorne Beer Market &amp; Bistro</name>
<cmt>bar</cmt>
<desc>Brewery / Pub</desc>
<sym>Dot</sym>
<type>food</type>
</wpt>
<wpt lat="49.124381" lon="-122.705216">
<name>The Village Sushi</name>
<cmt>food</cmt>
<desc>Restaurant</desc>
<sym>Dot</sym>
<type>food</type>
</wpt>
<wpt lat="49.181523" lon="-122.843715">
<name>Subway</name>
<cmt>food</cmt>
<desc>Fast Food / Chain</desc>
<sym>Dot</sym>
<type>food</type>
</wpt>
<wpt lat="49.133131" lon="-122.842616">
<name>Newton Wave Pool</name>
<cmt>rest_stop</cmt>
<desc>Community Centre</desc>
<sym>Dot</sym>
<type>rest_area</type>
</wpt>
<wpt lat="49.124713" lon="-122.704879">
<name>Tim Hortons</name>
<cmt>food</cmt>
<desc>Fast Food / Chain</desc>
<sym>Dot</sym>
<type>food</type>
</wpt>
<wpt lat="49.194619" lon="-122.846256">
<name>Union Latino's Food</name>
<cmt>convenience_store</cmt>
<desc>Grocery Store</desc>
<sym>Dot</sym>
<type>store</type>
</wpt>
<wpt lat="49.105767" lon="-122.739572">
<name>Vera's Burger Shack</name>
<cmt>food</cmt>
<desc>Restaurant</desc>
<sym>Dot</sym>
<type>food</type>
</wpt>
<wpt lat="49.163615" lon="-122.878022">
<name>Tim Hortons</name>
<cmt>food</cmt>
<desc>Fast Food / Chain</desc>
<sym>Dot</sym>
<type>food</type>
</wpt>
<wpt lat="49.185723" lon="-122.800171">
<name>Jade Valley</name>
<cmt>food</cmt>
<desc>Restaurant</desc>
<sym>Dot</sym>
<type>food</type>
</wpt>
<wpt lat="49.185723" lon="-122.800027">
<name>Bubble Waffle Cafe</name>
<cmt>coffee</cmt>
<desc>Café / Coffee</desc>
<sym>Dot</sym>
<type>food</type>
</wpt>
<wpt lat="49.181497" lon="-122.843571">
<name>Sushi Street</name>
<cmt>food</cmt>
<desc>Restaurant</desc>
<sym>Dot</sym>
<type>food</type>
</wpt>
<wpt lat="49.103903" lon="-122.734552">
<name>Coast &amp; Country Diner</name>
<cmt>food</cmt>
<desc>Restaurant</desc>
<sym>Dot</sym>
<type>food</type>
</wpt>
<wpt lat="49.198146" lon="-122.846162">
<name>BC Liquor Store</name>
<cmt>convenience_store</cmt>
<desc>Liquor Store</desc>
<sym>Dot</sym>
<type>store</type>
</wpt>
<wpt lat="49.181440" lon="-122.843513">
<name>Presotea</name>
<cmt>coffee</cmt>
<desc>Café / Coffee</desc>
<sym>Dot</sym>
<type>food</type>
</wpt>
<wpt lat="49.185695" lon="-122.801637">
<name>Nando's</name>
<cmt>food</cmt>
<desc>Restaurant</desc>
<sym>Dot</sym>
<type>food</type>
</wpt>
<wpt lat="49.181222" lon="-122.844250">
<name>Save-On-Foods</name>
<cmt>convenience_store</cmt>
<desc>Grocery Store</desc>
<sym>Dot</sym>
<type>store</type>
</wpt>
<wpt lat="49.155380" lon="-122.890032">
<name>Freshslice Pizza</name>
<cmt>food</cmt>
<desc>Fast Food / Chain</desc>
<sym>Dot</sym>
<type>food</type>
</wpt>
<wpt lat="49.196735" lon="-122.846061">
<name>Taqueria Jalisco Mexican Restaurant</name>
<cmt>food</cmt>
<desc>Restaurant</desc>
<sym>Dot</sym>
<type>food</type>
</wpt>
<wpt lat="49.190348" lon="-122.845011">
<name>Sushi King George</name>
<cmt>food</cmt>
<desc>Restaurant</desc>
<sym>Dot</sym>
<type>food</type>
</wpt>
<wpt lat="49.134271" lon="-122.889590">
<name>Spice 72 Indian Bistro and Lounge</name>
<cmt>food</cmt>
<desc>Restaurant</desc>
<sym>Dot</sym>
<type>food</type>
</wpt>
<wpt lat="49.184027" lon="-122.801597">
<name>7-Eleven</name>
<cmt>convenience_store</cmt>
<desc>Convenience Store</desc>
<sym>Dot</sym>
<type>store</type>
</wpt>
<wpt lat="49.135478" lon="-122.889118">
<name>Kami Japanese Restaurant</name>
<cmt>food</cmt>
<desc>Restaurant</desc>
<sym>Dot</sym>
<type>food</type>
</wpt>
<wpt lat="49.114455" lon="-122.680121">
<name>Baskin-Robbins</name>
<cmt>food</cmt>
<desc>Ice Cream</desc>
<sym>Dot</sym>
<type>food</type>
</wpt>
<wpt lat="49.114455" lon="-122.680214">
<name>Royal Chaska Indian Resto &amp; Bar</name>
<cmt>food</cmt>
<desc>Restaurant</desc>
<sym>Dot</sym>
<type>food</type>
</wpt>
<wpt lat="49.183630" lon="-122.801615">
<name>Steve's Poké Bar</name>
<cmt>food</cmt>
<desc>Restaurant</desc>
<sym>Dot</sym>
<type>food</type>
</wpt>
<wpt lat="49.190346" lon="-122.844837">
<name>Burger King</name>
<cmt>food</cmt>
<desc>Fast Food / Chain</desc>
<sym>Dot</sym>
<type>food</type>
</wpt>
<wpt lat="49.181191" lon="-122.843764">
<name>Waffle House Diner</name>
<cmt>food</cmt>
<desc>Restaurant</desc>
<sym>Dot</sym>
<type>food</type>
</wpt>
<wpt lat="49.050092" lon="-122.799870">
<name>C-Lovers Fish &amp; Chips</name>
<cmt>food</cmt>
<desc>Fast Food / Chain</desc>
<sym>Dot</sym>
<type>food</type>
</wpt>
<wpt lat="49.198081" lon="-122.845844">
<name>African Superstore</name>
<cmt>convenience_store</cmt>
<desc>Grocery Store</desc>
<sym>Dot</sym>
<type>store</type>
</wpt>
<wpt lat="49.133884" lon="-122.844542">
<name>Select Pizza</name>
<cmt>food</cmt>
<desc>Fast Food / Chain</desc>
<sym>Dot</sym>
<type>food</type>
</wpt>
<wpt lat="49.165455" lon="-122.878567">
<name>Walmart Supercentre</name>
<cmt>convenience_store</cmt>
<desc>Grocery Store</desc>
<sym>Dot</sym>
<type>store</type>
</wpt>
<wpt lat="49.133892" lon="-122.844124">
<name>Diya Restaurant &amp; Sweets</name>
<cmt>food</cmt>
<desc>Restaurant</desc>
<sym>Dot</sym>
<type>food</type>
</wpt>
<wpt lat="49.133888" lon="-122.844220">
<name>Kyoto Sushi</name>
<cmt>food</cmt>
<desc>Restaurant</desc>
<sym>Dot</sym>
<type>food</type>
</wpt>
<wpt lat="49.042143" lon="-122.779618">
<name>Kami Sushi</name>
<cmt>food</cmt>
<desc>Restaurant</desc>
<sym>Dot</sym>
<type>food</type>
</wpt>
<wpt lat="49.050460" lon="-122.800686">
<name>Maguroguy Sushi &amp; Grill</name>
<cmt>food</cmt>
<desc>Restaurant</desc>
<sym>Dot</sym>
<type>food</type>
</wpt>
<wpt lat="49.191379" lon="-122.844903">
<name>Subway</name>
<cmt>food</cmt>
<desc>Fast Food / Chain</desc>
<sym>Dot</sym>
<type>food</type>
</wpt>
<wpt lat="49.196735" lon="-122.845788">
<name>Beauty 4 Ashes</name>
<cmt>convenience_store</cmt>
<desc>Grocery Store</desc>
<sym>Dot</sym>
<type>store</type>
</wpt>
<wpt lat="49.185307" lon="-122.800415">
<name>Hellcrust Pizza</name>
<cmt>food</cmt>
<desc>Fast Food / Chain</desc>
<sym>Dot</sym>
<type>food</type>
</wpt>
<wpt lat="49.133914" lon="-122.852093">
<name>Domino's</name>
<cmt>food</cmt>
<desc>Fast Food / Chain</desc>
<sym>Dot</sym>
<type>food</type>
</wpt>
<wpt lat="49.048996" lon="-122.796713">
<name>Newton Pizza</name>
<cmt>food</cmt>
<desc>Fast Food / Chain</desc>
<sym>Dot</sym>
<type>food</type>
</wpt>
<wpt lat="49.104772" lon="-122.685236">
<name>Corner Cafe</name>
<cmt>coffee</cmt>
<desc>Café / Coffee</desc>
<sym>Dot</sym>
<type>food</type>
</wpt>
<wpt lat="49.133684" lon="-122.889990">
<name>Sirka Gourmet Takeout</name>
<cmt>food</cmt>
<desc>Restaurant</desc>
<sym>Dot</sym>
<type>food</type>
</wpt>
<wpt lat="49.135560" lon="-122.889313">
<name>Five Guys</name>
<cmt>food</cmt>
<desc>Fast Food / Chain</desc>
<sym>Dot</sym>
<type>food</type>
</wpt>
<wpt lat="49.049999" lon="-122.799971">
<name>All Of Oils, Wholesome Oils &amp; Vinegars</name>
<cmt>convenience_store</cmt>
<desc>Grocery Store</desc>
<sym>Dot</sym>
<type>store</type>
</wpt>
<wpt lat="49.193462" lon="-122.845704">
<name>Rickshaw Chinese Food</name>
<cmt>food</cmt>
<desc>Restaurant</desc>
<sym>Dot</sym>
<type>food</type>
</wpt>
<wpt lat="49.184414" lon="-122.800543">
<name>Circle K</name>
<cmt>convenience_store</cmt>
<desc>Convenience Store</desc>
<sym>Dot</sym>
<type>store</type>
</wpt>
<wpt lat="49.196731" lon="-122.845660">
<name>Guacamole Mexican Grill</name>
<cmt>food</cmt>
<desc>Restaurant</desc>
<sym>Dot</sym>
<type>food</type>
</wpt>
<wpt lat="49.184527" lon="-122.800546">
<name>Palmyra Mediterranean Grill</name>
<cmt>food</cmt>
<desc>Restaurant</desc>
<sym>Dot</sym>
<type>food</type>
</wpt>
<wpt lat="49.194569" lon="-122.845660">
<name>KFC</name>
<cmt>food</cmt>
<desc>Fast Food / Chain</desc>
<sym>Dot</sym>
<type>food</type>
</wpt>
<wpt lat="49.195658" lon="-122.845659">
<name>GG's Unisex Beauty &amp; African Caribbean Market</name>
<cmt>convenience_store</cmt>
<desc>Grocery Store</desc>
<sym>Dot</sym>
<type>store</type>
</wpt>
<wpt lat="49.163366" lon="-122.795337">
<name>Panago</name>
<cmt>food</cmt>
<desc>Fast Food / Chain</desc>
<sym>Dot</sym>
<type>food</type>
</wpt>
<wpt lat="49.199327" lon="-122.845622">
<name>Di Reggae Cafe</name>
<cmt>food</cmt>
<desc>Restaurant</desc>
<sym>Dot</sym>
<type>food</type>
</wpt>
<wpt lat="49.191001" lon="-122.844626">
<name>Starbucks</name>
<cmt>food</cmt>
<desc>Fast Food / Chain</desc>
<sym>Dot</sym>
<type>food</type>
</wpt>
<wpt lat="49.133835" lon="-122.846931">
<name>McDonald's</name>
<cmt>food</cmt>
<desc>Fast Food / Chain</desc>
<sym>Dot</sym>
<type>food</type>
</wpt>
<wpt lat="49.185223" lon="-122.800584">
<name>Subway</name>
<cmt>food</cmt>
<desc>Fast Food / Chain</desc>
<sym>Dot</sym>
<type>food</type>
</wpt>
<wpt lat="49.050294" lon="-122.800700">
<name>Blenz Coffee</name>
<cmt>coffee</cmt>
<desc>Café / Coffee</desc>
<sym>Dot</sym>
<type>food</type>
</wpt>
<wpt lat="49.177715" lon="-122.868299">
<name>Wow Grill &amp; Momo</name>
<cmt>food</cmt>
<desc>Restaurant</desc>
<sym>Dot</sym>
<type>food</type>
</wpt>
<wpt lat="49.196332" lon="-122.845583">
<name>Taste of Africa</name>
<cmt>food</cmt>
<desc>Restaurant</desc>
<sym>Dot</sym>
<type>food</type>
</wpt>
<wpt lat="49.188783" lon="-122.844583">
<name>McDonald's</name>
<cmt>food</cmt>
<desc>Fast Food / Chain</desc>
<sym>Dot</sym>
<type>food</type>
</wpt>
<wpt lat="49.176989" lon="-122.868320">
<name>Mezbaan Indian &amp; Indo Chinese Food</name>
<cmt>food</cmt>
<desc>Restaurant</desc>
<sym>Dot</sym>
<type>food</type>
</wpt>
<wpt lat="49.136413" lon="-122.889114">
<name>Nando's</name>
<cmt>food</cmt>
<desc>Restaurant</desc>
<sym>Dot</sym>
<type>food</type>
</wpt>
<wpt lat="49.180757" lon="-122.844544">
<name>Ruex Café &amp; Bar</name>
<cmt>food</cmt>
<desc>Restaurant</desc>
<sym>Dot</sym>
<type>food</type>
</wpt>
<wpt lat="49.107776" lon="-122.682989">
<name>Hampton Inn &amp; Suites by Hilton Langley-Surrey</name>
<cmt>lodging</cmt>
<desc>Hotel / Motel</desc>
<sym>Dot</sym>
<type>shelter</type>
</wpt>
<wpt lat="49.192261" lon="-122.844967">
<name>7-Eleven</name>
<cmt>convenience_store</cmt>
<desc>Convenience Store</desc>
<sym>Dot</sym>
<type>store</type>
</wpt>
<wpt lat="49.187652" lon="-122.844733">
<name>All About Pho</name>
<cmt>food</cmt>
<desc>Restaurant</desc>
<sym>Dot</sym>
<type>food</type>
</wpt>
<wpt lat="49.192124" lon="-122.783617">
<name>Four Points by Sheraton Surrey</name>
<cmt>lodging</cmt>
<desc>Hotel / Motel</desc>
<sym>Dot</sym>
<type>shelter</type>
</wpt>
<wpt lat="49.152668" lon="-122.762245">
<name>Comfort Inn &amp; Suites Surrey</name>
<cmt>lodging</cmt>
<desc>Hotel / Motel</desc>
<sym>Dot</sym>
<type>shelter</type>
</wpt>
<wpt lat="49.189397" lon="-122.812471">
<name>Hjorth Road Swimming Pool</name>
<cmt>rest_stop</cmt>
<desc>Community Centre</desc>
<sym>Dot</sym>
<type>rest_area</type>
</wpt>
<wpt lat="49.190814" lon="-122.784165">
<name>Holiday Inn Express &amp; Suites Surrey</name>
<cmt>lodging</cmt>
<desc>Hotel / Motel</desc>
<sym>Dot</sym>
<type>shelter</type>
</wpt>
<wpt lat="49.114917" lon="-122.680249">
<name>Chili House Restaurant</name>
<cmt>food</cmt>
<desc>Restaurant</desc>
<sym>Dot</sym>
<type>food</type>
</wpt>
<wpt lat="49.103803" lon="-122.725022">
<name>McDonald's</name>
<cmt>food</cmt>
<desc>Fast Food / Chain</desc>
<sym>Dot</sym>
<type>food</type>
</wpt>
<wpt lat="49.151943" lon="-122.761991">
<name>Baseline Pub</name>
<cmt>bar</cmt>
<desc>Brewery / Pub</desc>
<sym>Dot</sym>
<type>food</type>
</wpt>
<wpt lat="49.130354" lon="-122.868350">
<name>Prabu Sweets</name>
<cmt>food</cmt>
<desc>Restaurant</desc>
<sym>Dot</sym>
<type>food</type>
</wpt>
<wpt lat="49.136321" lon="-122.889757">
<name>Pizza 64</name>
<cmt>food</cmt>
<desc>Fast Food / Chain</desc>
<sym>Dot</sym>
<type>food</type>
</wpt>
<wpt lat="49.136318" lon="-122.889845">
<name>Pearl Fever</name>
<cmt>coffee</cmt>
<desc>Café / Coffee</desc>
<sym>Dot</sym>
<type>food</type>
</wpt>
<wpt lat="49.190625" lon="-122.816893">
<name>Real Canadian Superstore</name>
<cmt>convenience_store</cmt>
<desc>Grocery Store</desc>
<sym>Dot</sym>
<type>store</type>
</wpt>
<wpt lat="49.187633" lon="-122.843490">
<name>AHA Indian Food Paradise</name>
<cmt>food</cmt>
<desc>Restaurant</desc>
<sym>Dot</sym>
<type>food</type>
</wpt>
<wpt lat="49.136311" lon="-122.889943">
<name>Bandra Cafe</name>
<cmt>coffee</cmt>
<desc>Café / Coffee</desc>
<sym>Dot</sym>
<type>food</type>
</wpt>
<wpt lat="49.164346" lon="-122.796011">
<name>Denny's</name>
<cmt>food</cmt>
<desc>Restaurant</desc>
<sym>Dot</sym>
<type>food</type>
</wpt>
<wpt lat="49.177562" lon="-122.867586">
<name>Lighthouse Indian Kitchen</name>
<cmt>food</cmt>
<desc>Restaurant</desc>
<sym>Dot</sym>
<type>food</type>
</wpt>
<wpt lat="49.194669" lon="-122.844843">
<name>Papa John's</name>
<cmt>food</cmt>
<desc>Fast Food / Chain</desc>
<sym>Dot</sym>
<type>food</type>
</wpt>
<wpt lat="49.194751" lon="-122.844843">
<name>Dell Lanes</name>
<cmt>food</cmt>
<desc>Restaurant</desc>
<sym>Dot</sym>
<type>food</type>
</wpt>
<wpt lat="49.194262" lon="-122.844799">
<name>Church's Chicken</name>
<cmt>food</cmt>
<desc>Fast Food / Chain</desc>
<sym>Dot</sym>
<type>food</type>
</wpt>
<wpt lat="49.115485" lon="-122.733618">
<name>Cloverdale Recreation Centre</name>
<cmt>rest_stop</cmt>
<desc>Community Centre</desc>
<sym>Dot</sym>
<type>rest_area</type>
</wpt>
<wpt lat="49.133308" lon="-122.847286">
<name>Newton Cultural Centre</name>
<cmt>monument</cmt>
<desc>Museum / Gallery</desc>
<sym>Dot</sym>
<type>info</type>
</wpt>
<wpt lat="49.133753" lon="-122.848888">
<name>Old Surrey Restaurant</name>
<cmt>food</cmt>
<desc>Restaurant</desc>
<sym>Dot</sym>
<type>food</type>
</wpt>
<wpt lat="49.156266" lon="-122.889970">
<name>Church's Chicken</name>
<cmt>food</cmt>
<desc>Fast Food / Chain</desc>
<sym>Dot</sym>
<type>food</type>
</wpt>
<wpt lat="49.156269" lon="-122.889632">
<name>Select Pizza</name>
<cmt>food</cmt>
<desc>Fast Food / Chain</desc>
<sym>Dot</sym>
<type>food</type>
</wpt>
<wpt lat="49.191354" lon="-122.856942">
<name>Circle K</name>
<cmt>convenience_store</cmt>
<desc>Convenience Store</desc>
<sym>Dot</sym>
<type>store</type>
</wpt>
<wpt lat="49.125879" lon="-122.705171">
<name>Mary Brown's</name>
<cmt>food</cmt>
<desc>Fast Food / Chain</desc>
<sym>Dot</sym>
<type>food</type>
</wpt>
<wpt lat="49.192107" lon="-122.824211">
<name>Zugba Flame Grilled Chicken</name>
<cmt>food</cmt>
<desc>Restaurant</desc>
<sym>Dot</sym>
<type>food</type>
</wpt>
<wpt lat="49.039662" lon="-122.801553">
<name>Dairy Queen</name>
<cmt>food</cmt>
<desc>Ice Cream</desc>
<sym>Dot</sym>
<type>food</type>
</wpt>
<wpt lat="49.038834" lon="-122.802003">
<name>Shell Select</name>
<cmt>convenience_store</cmt>
<desc>Convenience Store</desc>
<sym>Dot</sym>
<type>store</type>
</wpt>
<wpt lat="49.164911" lon="-122.796370">
<name>No Frills</name>
<cmt>convenience_store</cmt>
<desc>Grocery Store</desc>
<sym>Dot</sym>
<type>store</type>
</wpt>
<wpt lat="49.191786" lon="-122.843800">
<name>Bozzini's</name>
<cmt>food</cmt>
<desc>Restaurant</desc>
<sym>Dot</sym>
<type>food</type>
</wpt>
<wpt lat="49.192039" lon="-122.824109">
<name>Loriz - Our Daily Bread</name>
<cmt>food</cmt>
<desc>Bakery / Donuts</desc>
<sym>Dot</sym>
<type>food</type>
</wpt>
<wpt lat="49.115342" lon="-122.680832">
<name>H Mart</name>
<cmt>convenience_store</cmt>
<desc>Grocery Store</desc>
<sym>Dot</sym>
<type>store</type>
</wpt>
<wpt lat="49.040547" lon="-122.818493">
<name>South Surrey Recreation and Arts Centre</name>
<cmt>rest_stop</cmt>
<desc>Community Centre</desc>
<sym>Dot</sym>
<type>rest_area</type>
</wpt>
<wpt lat="49.191874" lon="-122.823650">
<name>Liquor Discounter</name>
<cmt>convenience_store</cmt>
<desc>Liquor Store</desc>
<sym>Dot</sym>
<type>store</type>
</wpt>
<wpt lat="49.191919" lon="-122.824275">
<name>Hen Long Market</name>
<cmt>convenience_store</cmt>
<desc>Grocery Store</desc>
<sym>Dot</sym>
<type>store</type>
</wpt>
<wpt lat="49.115510" lon="-122.681716">
<name>Hiroshi Ramen</name>
<cmt>food</cmt>
<desc>Restaurant</desc>
<sym>Dot</sym>
<type>food</type>
</wpt>
<wpt lat="49.115510" lon="-122.681637">
<name>Phở 99 Vietnamese Noodle House</name>
<cmt>food</cmt>
<desc>Restaurant</desc>
<sym>Dot</sym>
<type>food</type>
</wpt>
<wpt lat="49.115564" lon="-122.681385">
<name>OoH La La Shwarma Bar</name>
<cmt>food</cmt>
<desc>Fast Food / Chain</desc>
<sym>Dot</sym>
<type>food</type>
</wpt>
<wpt lat="49.115567" lon="-122.681317">
<name>Baik Mi Korean Restaurant</name>
<cmt>food</cmt>
<desc>Restaurant</desc>
<sym>Dot</sym>
<type>food</type>
</wpt>
<wpt lat="49.132821" lon="-122.846194">
<name>7-Eleven</name>
<cmt>convenience_store</cmt>
<desc>Convenience Store</desc>
<sym>Dot</sym>
<type>store</type>
</wpt>
<wpt lat="49.132808" lon="-122.846067">
<name>Tim Hortons</name>
<cmt>food</cmt>
<desc>Fast Food / Chain</desc>
<sym>Dot</sym>
<type>food</type>
</wpt>
<wpt lat="49.130370" lon="-122.840141">
<name>Newton Library Branch</name>
<cmt>library</cmt>
<desc>Library</desc>
<sym>Dot</sym>
<type>info</type>
</wpt>
<wpt lat="49.115663" lon="-122.682302">
<name>Domino's</name>
<cmt>food</cmt>
<desc>Fast Food / Chain</desc>
<sym>Dot</sym>
<type>food</type>
</wpt>
<wpt lat="49.191681" lon="-122.823399">
<name>Phở Hòa</name>
<cmt>food</cmt>
<desc>Restaurant</desc>
<sym>Dot</sym>
<type>food</type>
</wpt>
<wpt lat="49.191672" lon="-122.823659">
<name>Jazen Tea</name>
<cmt>coffee</cmt>
<desc>Café / Coffee</desc>
<sym>Dot</sym>
<type>food</type>
</wpt>
<wpt lat="49.176759" lon="-122.866869">
<name>Chicken World</name>
<cmt>food</cmt>
<desc>Fast Food / Chain</desc>
<sym>Dot</sym>
<type>food</type>
</wpt>
<wpt lat="49.191663" lon="-122.823620">
<name>Freshslice Pizza</name>
<cmt>food</cmt>
<desc>Fast Food / Chain</desc>
<sym>Dot</sym>
<type>food</type>
</wpt>
<wpt lat="49.130815" lon="-122.891016">
<name>McDonald's</name>
<cmt>food</cmt>
<desc>Fast Food / Chain</desc>
<sym>Dot</sym>
<type>food</type>
</wpt>
<wpt lat="49.152413" lon="-122.891283">
<name>Day To Day Grocery &amp; Produce</name>
<cmt>convenience_store</cmt>
<desc>Convenience Store</desc>
<sym>Dot</sym>
<type>store</type>
</wpt>
<wpt lat="49.149549" lon="-122.890882">
<name>One20 Public House</name>
<cmt>bar</cmt>
<desc>Brewery / Pub</desc>
<sym>Dot</sym>
<type>food</type>
</wpt>
<wpt lat="49.153264" lon="-122.890860">
<name>Yummy Slice Pizza</name>
<cmt>food</cmt>
<desc>Fast Food / Chain</desc>
<sym>Dot</sym>
<type>food</type>
</wpt>
<wpt lat="49.149559" lon="-122.891554">
<name>Kumare Restaurant and Bakery</name>
<cmt>coffee</cmt>
<desc>Café / Coffee</desc>
<sym>Dot</sym>
<type>food</type>
</wpt>
<wpt lat="49.149560" lon="-122.891927">
<name>D-Plus Pizza</name>
<cmt>food</cmt>
<desc>Fast Food / Chain</desc>
<sym>Dot</sym>
<type>food</type>
</wpt>
<wpt lat="49.130862" lon="-122.892615">
<name>Save-On-Foods</name>
<cmt>convenience_store</cmt>
<desc>Grocery Store</desc>
<sym>Dot</sym>
<type>store</type>
</wpt>
<wpt lat="49.146881" lon="-122.891052">
<name>Cactus Club Cafe</name>
<cmt>food</cmt>
<desc>Restaurant</desc>
<sym>Dot</sym>
<type>food</type>
</wpt>
<wpt lat="49.131594" lon="-122.892178">
<name>Pizza Hut</name>
<cmt>food</cmt>
<desc>Fast Food / Chain</desc>
<sym>Dot</sym>
<type>food</type>
</wpt>
<wpt lat="49.152139" lon="-122.892919">
<name>Real Canadian Superstore</name>
<cmt>convenience_store</cmt>
<desc>Grocery Store</desc>
<sym>Dot</sym>
<type>store</type>
</wpt>
<wpt lat="49.132072" lon="-122.890846">
<name>Krispy Kreme</name>
<cmt>food</cmt>
<desc>Fast Food / Chain</desc>
<sym>Dot</sym>
<type>food</type>
</wpt>
<wpt lat="49.131663" lon="-122.892179">
<name>Mucho Burrito</name>
<cmt>food</cmt>
<desc>Restaurant</desc>
<sym>Dot</sym>
<type>food</type>
</wpt>
<wpt lat="49.131834" lon="-122.892179">
<name>Bulk Barn</name>
<cmt>convenience_store</cmt>
<desc>Grocery Store</desc>
<sym>Dot</sym>
<type>store</type>
</wpt>
<wpt lat="49.154257" lon="-122.890890">
<name>Tasty Indian Bistro</name>
<cmt>food</cmt>
<desc>Restaurant</desc>
<sym>Dot</sym>
<type>food</type>
</wpt>
<wpt lat="49.131383" lon="-122.893085">
<name>BC Liquor Store</name>
<cmt>convenience_store</cmt>
<desc>Liquor Store</desc>
<sym>Dot</sym>
<type>store</type>
</wpt>
<wpt lat="49.137450" lon="-122.890799">
<name>Subway</name>
<cmt>food</cmt>
<desc>Fast Food / Chain</desc>
<sym>Dot</sym>
<type>food</type>
</wpt>
<wpt lat="49.137442" lon="-122.891735">
<name>Menchie's</name>
<cmt>food</cmt>
<desc>Ice Cream</desc>
<sym>Dot</sym>
<type>food</type>
</wpt>
<wpt lat="49.132981" lon="-122.892385">
<name>Walmart Supercentre</name>
<cmt>convenience_store</cmt>
<desc>Grocery Store</desc>
<sym>Dot</sym>
<type>store</type>
</wpt>
<wpt lat="49.136727" lon="-122.891486">
<name>Day To Day Grocery &amp; Produce</name>
<cmt>convenience_store</cmt>
<desc>Grocery Store</desc>
<sym>Dot</sym>
<type>store</type>
</wpt>
<wpt lat="49.134685" lon="-122.890687">
<name>White Spot</name>
<cmt>food</cmt>
<desc>Fast Food / Chain</desc>
<sym>Dot</sym>
<type>food</type>
</wpt>
<wpt lat="49.134476" lon="-122.891850">
<name>Mary Brown's</name>
<cmt>food</cmt>
<desc>Fast Food / Chain</desc>
<sym>Dot</sym>
<type>food</type>
</wpt>
<wpt lat="49.134602" lon="-122.891924">
<name>Starbucks</name>
<cmt>food</cmt>
<desc>Fast Food / Chain</desc>
<sym>Dot</sym>
<type>food</type>
</wpt>
<wpt lat="49.030423" lon="-122.792013">
<name>Tim Hortons</name>
<cmt>food</cmt>
<desc>Fast Food / Chain</desc>
<sym>Dot</sym>
<type>food</type>
</wpt>
<wpt lat="49.030552" lon="-122.802952">
<name>Pelican Rouge</name>
<cmt>coffee</cmt>
<desc>Café / Coffee</desc>
<sym>Dot</sym>
<type>food</type>
</wpt>
<wpt lat="49.030548" lon="-122.802886">
<name>Tag Liquor Store</name>
<cmt>convenience_store</cmt>
<desc>Liquor Store</desc>
<sym>Dot</sym>
<type>store</type>
</wpt>
<wpt lat="49.030558" lon="-122.802693">
<name>Uptown Pizza</name>
<cmt>food</cmt>
<desc>Fast Food / Chain</desc>
<sym>Dot</sym>
<type>food</type>
</wpt>
<wpt lat="49.030013" lon="-122.814791">
<name>Eva Bene Butterfly Garden</name>
<cmt>park</cmt>
<desc>Park / Nature</desc>
<sym>Dot</sym>
<type>rest_area</type>
</wpt>
<wpt lat="49.030553" lon="-122.802040">
<name>Nature's Fare Markets</name>
<cmt>convenience_store</cmt>
<desc>Grocery Store</desc>
<sym>Dot</sym>
<type>store</type>
</wpt>
<wpt lat="49.030776" lon="-122.799352">
<name>Silver Dragon Restaurant</name>
<cmt>food</cmt>
<desc>Restaurant</desc>
<sym>Dot</sym>
<type>food</type>
</wpt>
<wpt lat="49.029916" lon="-122.801838">
<name>Pizza Dough Therapy by Ojas Blend</name>
<cmt>food</cmt>
<desc>Fast Food / Chain</desc>
<sym>Dot</sym>
<type>food</type>
</wpt>
<wpt lat="49.029446" lon="-122.802175">
<name>The Wooden Spoon Brunch &amp; Bistro</name>
<cmt>food</cmt>
<desc>Restaurant</desc>
<sym>Dot</sym>
<type>food</type>
</wpt>
<wpt lat="49.029443" lon="-122.801966">
<name>White Rock Beach Beer Brewery</name>
<cmt>bar</cmt>
<desc>Brewery / Pub</desc>
<sym>Dot</sym>
<type>food</type>
</wpt>
<wpt lat="49.029439" lon="-122.801830">
<name>White Rock Beach Beer</name>
<cmt>bar</cmt>
<desc>Brewery / Pub</desc>
<sym>Dot</sym>
<type>food</type>
</wpt>
<wpt lat="49.029594" lon="-122.801643">
<name>The Beer Shack</name>
<cmt>bar</cmt>
<desc>Brewery / Pub</desc>
<sym>Dot</sym>
<type>food</type>
</wpt>
<wpt lat="49.030388" lon="-122.800953">
<name>Mashawee Lebanese Grill</name>
<cmt>food</cmt>
<desc>Fast Food / Chain</desc>
<sym>Dot</sym>
<type>food</type>
</wpt>
<wpt lat="49.030308" lon="-122.800952">
<name>Chez Christophe</name>
<cmt>coffee</cmt>
<desc>Café / Coffee</desc>
<sym>Dot</sym>
<type>food</type>
</wpt>
<wpt lat="49.029023" lon="-122.802083">
<name>White Rock Community Centre</name>
<cmt>rest_stop</cmt>
<desc>Community Centre</desc>
<sym>Dot</sym>
<type>rest_area</type>
</wpt>
<wpt lat="49.029241" lon="-122.800006">
<name>Dining Wok Shanghai Restaurant</name>
<cmt>food</cmt>
<desc>Restaurant</desc>
<sym>Dot</sym>
<type>food</type>
</wpt>
<wpt lat="49.028368" lon="-122.802263">
<name>3 Dogs Brewing</name>
<cmt>bar</cmt>
<desc>Brewery / Pub</desc>
<sym>Dot</sym>
<type>food</type>
</wpt>
<wpt lat="49.029249" lon="-122.816709">
<name>Centennial Park Leisure Centre and Arena</name>
<cmt>rest_stop</cmt>
<desc>Community Centre</desc>
<sym>Dot</sym>
<type>rest_area</type>
</wpt>
<wpt lat="49.029102" lon="-122.801005">
<name>Café 8</name>
<cmt>food</cmt>
<desc>Restaurant</desc>
<sym>Dot</sym>
<type>food</type>
</wpt>
<wpt lat="49.028260" lon="-122.802109">
<name>Thrifty Foods</name>
<cmt>convenience_store</cmt>
<desc>Grocery Store</desc>
<sym>Dot</sym>
<type>store</type>
</wpt>
<wpt lat="49.028456" lon="-122.799497">
<name>Kappa Japanese Restaurant</name>
<cmt>food</cmt>
<desc>Restaurant</desc>
<sym>Dot</sym>
<type>food</type>
</wpt>
<wpt lat="49.029261" lon="-122.800613">
<name>Penang Szechuan Restaurant</name>
<cmt>food</cmt>
<desc>Restaurant</desc>
<sym>Dot</sym>
<type>food</type>
</wpt>
<wpt lat="49.029258" lon="-122.800518">
<name>Pho 777 Vietnamese Restaurant</name>
<cmt>food</cmt>
<desc>Restaurant</desc>
<sym>Dot</sym>
<type>food</type>
</wpt>
<wpt lat="49.028275" lon="-122.801734">
<name>Tacofino</name>
<cmt>food</cmt>
<desc>Restaurant</desc>
<sym>Dot</sym>
<type>food</type>
</wpt>
<wpt lat="49.028796" lon="-122.816730">
<name>Horst and Emmy Werner Centre for Active Living</name>
<cmt>rest_stop</cmt>
<desc>Community Centre</desc>
<sym>Dot</sym>
<type>rest_area</type>
</wpt>
<wpt lat="49.106093" lon="-122.688670">
<name>Bicycle Sports Pacific</name>
<cmt>bike_shop</cmt>
<desc>Repair Shop</desc>
<sym>Dot</sym>
<type>gear</type>
</wpt>
<wpt lat="49.109716" lon="-122.678902">
<name>IHOP</name>
<cmt>food</cmt>
<desc>Restaurant</desc>
<sym>Dot</sym>
<type>food</type>
</wpt>
<wpt lat="49.112457" lon="-122.677546">
<name>Westward Inn &amp; Suites</name>
<cmt>lodging</cmt>
<desc>Hotel / Motel</desc>
<sym>Dot</sym>
<type>shelter</type>
</wpt>
<wpt lat="49.112974" lon="-122.678335">
<name>Wendy's</name>
<cmt>food</cmt>
<desc>Fast Food / Chain</desc>
<sym>Dot</sym>
<type>food</type>
</wpt>
<wpt lat="49.112347" lon="-122.677232">
<name>Wings Tap &amp; Grill</name>
<cmt>food</cmt>
<desc>Restaurant</desc>
<sym>Dot</sym>
<type>food</type>
</wpt>
<wpt lat="49.111849" lon="-122.676889">
<name>7-Eleven</name>
<cmt>convenience_store</cmt>
<desc>Convenience Store</desc>
<sym>Dot</sym>
<type>store</type>
</wpt>
<wpt lat="49.110595" lon="-122.676861">
<name>Boston Pizza</name>
<cmt>food</cmt>
<desc>Fast Food / Chain</desc>
<sym>Dot</sym>
<type>food</type>
</wpt>
<wpt lat="49.111784" lon="-122.676707">
<name>Tim Hortons</name>
<cmt>food</cmt>
<desc>Fast Food / Chain</desc>
<sym>Dot</sym>
<type>food</type>
</wpt>
<wpt lat="49.111409" lon="-122.675306">
<name>McDonald's</name>
<cmt>food</cmt>
<desc>Fast Food / Chain</desc>
<sym>Dot</sym>
<type>food</type>
</wpt>
<wpt lat="49.112114" lon="-122.674352">
<name>On the Run</name>
<cmt>convenience_store</cmt>
<desc>Convenience Store</desc>
<sym>Dot</sym>
<type>store</type>
</wpt>
<wpt lat="49.115318" lon="-122.679173">
<name>Sushi Mori</name>
<cmt>food</cmt>
<desc>Restaurant</desc>
<sym>Dot</sym>
<type>food</type>
</wpt>
<wpt lat="49.114836" lon="-122.676871">
<name>Tim Hortons</name>
<cmt>food</cmt>
<desc>Fast Food / Chain</desc>
<sym>Dot</sym>
<type>food</type>
</wpt>
<wpt lat="49.114246" lon="-122.675617">
<name>Taco Time</name>
<cmt>food</cmt>
<desc>Fast Food / Chain</desc>
<sym>Dot</sym>
<type>food</type>
</wpt>
<wpt lat="49.114310" lon="-122.675676">
<name>New York Fries</name>
<cmt>food</cmt>
<desc>Fast Food / Chain</desc>
<sym>Dot</sym>
<type>food</type>
</wpt>
<wpt lat="49.114245" lon="-122.675488">
<name>KFC</name>
<cmt>food</cmt>
<desc>Fast Food / Chain</desc>
<sym>Dot</sym>
<type>food</type>
</wpt>
<wpt lat="49.114370" lon="-122.675676">
<name>Opa! Souvlaki</name>
<cmt>food</cmt>
<desc>Fast Food / Chain</desc>
<sym>Dot</sym>
<type>food</type>
</wpt>
<wpt lat="49.115490" lon="-122.679480">
<name>Subway</name>
<cmt>food</cmt>
<desc>Fast Food / Chain</desc>
<sym>Dot</sym>
<type>food</type>
</wpt>
<wpt lat="49.114424" lon="-122.675673">
<name>Teriyaki Experience</name>
<cmt>food</cmt>
<desc>Fast Food / Chain</desc>
<sym>Dot</sym>
<type>food</type>
</wpt>
<wpt lat="49.114243" lon="-122.675368">
<name>A&amp;W</name>
<cmt>food</cmt>
<desc>Fast Food / Chain</desc>
<sym>Dot</sym>
<type>food</type>
</wpt>
<wpt lat="49.115527" lon="-122.679479">
<name>An Indian Affair</name>
<cmt>food</cmt>
<desc>Restaurant</desc>
<sym>Dot</sym>
<type>food</type>
</wpt>
<wpt lat="49.114303" lon="-122.675294">
<name>Freshslice Pizza</name>
<cmt>food</cmt>
<desc>Fast Food / Chain</desc>
<sym>Dot</sym>
<type>food</type>
</wpt>
<wpt lat="49.115023" lon="-122.676700">
<name>Sharetea</name>
<cmt>coffee</cmt>
<desc>Café / Coffee</desc>
<sym>Dot</sym>
<type>food</type>
</wpt>
<wpt lat="49.114373" lon="-122.675294">
<name>Manchu Wok</name>
<cmt>food</cmt>
<desc>Fast Food / Chain</desc>
<sym>Dot</sym>
<type>food</type>
</wpt>
<wpt lat="49.114419" lon="-122.675293">
<name>Thaï Express</name>
<cmt>food</cmt>
<desc>Fast Food / Chain</desc>
<sym>Dot</sym>
<type>food</type>
</wpt>
<trk><name>Local Surrey Bike routes</name>
<trkseg>
<trkpt lat="49.031155" lon="-122.812213"/>
<trkpt lat="49.032435" lon="-122.812204"/>
<trkpt lat="49.032965" lon="-122.812204"/>
<trkpt lat="49.033472" lon="-122.812202"/>
<trkpt lat="49.033642" lon="-122.812206"/>
<trkpt lat="49.034467" lon="-122.812220"/>
<trkpt lat="49.035683" lon="-122.812236"/>
<trkpt lat="49.036030" lon="-122.812233"/>
<trkpt lat="49.036701" lon="-122.812227"/>
<trkpt lat="49.037854" lon="-122.812216"/>
<trkpt lat="49.038408" lon="-122.812213"/>
<trkpt lat="49.038705" lon="-122.812215"/>
<trkpt lat="49.038852" lon="-122.812215"/>
<trkpt lat="49.040218" lon="-122.812215"/>
<trkpt lat="49.040995" lon="-122.812214"/>
<trkpt lat="49.042048" lon="-122.812220"/>
<trkpt lat="49.043781" lon="-122.812228"/>
<trkpt lat="49.045053" lon="-122.812251"/>
<trkpt lat="49.045659" lon="-122.812258"/>
</trkseg>
<trkseg>
<trkpt lat="49.045659" lon="-122.812258"/>
<trkpt lat="49.045691" lon="-122.811000"/>
<trkpt lat="49.045675" lon="-122.806749"/>
<trkpt lat="49.045673" lon="-122.805826"/>
<trkpt lat="49.045670" lon="-122.804780"/>
<trkpt lat="49.045668" lon="-122.804328"/>
<trkpt lat="49.045668" lon="-122.804166"/>
<trkpt lat="49.045665" lon="-122.803621"/>
<trkpt lat="49.045674" lon="-122.803117"/>
<trkpt lat="49.045675" lon="-122.802590"/>
<trkpt lat="49.045674" lon="-122.802021"/>
<trkpt lat="49.045671" lon="-122.801212"/>
<trkpt lat="49.045664" lon="-122.799029"/>
<trkpt lat="49.045659" lon="-122.797648"/>
<trkpt lat="49.045659" lon="-122.797316"/>
<trkpt lat="49.045651" lon="-122.795726"/>
<trkpt lat="49.045649" lon="-122.794799"/>
<trkpt lat="49.045646" lon="-122.794209"/>
<trkpt lat="49.045643" lon="-122.793747"/>
<trkpt lat="49.045642" lon="-122.793553"/>
<trkpt lat="49.045636" lon="-122.791237"/>
<trkpt lat="49.045634" lon="-122.790214"/>
</trkseg>
<trkseg>
<trkpt lat="49.045634" lon="-122.790214"/>
<trkpt lat="49.046031" lon="-122.790214"/>
<trkpt lat="49.046277" lon="-122.790213"/>
<trkpt lat="49.049252" lon="-122.790280"/>
<trkpt lat="49.051109" lon="-122.792226"/>
<trkpt lat="49.052084" lon="-122.793314"/>
<trkpt lat="49.052385" lon="-122.793647"/>
<trkpt lat="49.052738" lon="-122.794107"/>
</trkseg>
<trkseg>
<trkpt lat="49.052738" lon="-122.794107"/>
<trkpt lat="49.052837" lon="-122.794608"/>
<trkpt lat="49.052843" lon="-122.794932"/>
<trkpt lat="49.052845" lon="-122.796184"/>
<trkpt lat="49.052845" lon="-122.796539"/>
<trkpt lat="49.052845" lon="-122.797042"/>
</trkseg>
<trkseg>
<trkpt lat="49.052910" lon="-122.797126"/>
<trkpt lat="49.053033" lon="-122.797128"/>
<trkpt lat="49.054526" lon="-122.797174"/>
<trkpt lat="49.055031" lon="-122.797238"/>
<trkpt lat="49.055430" lon="-122.798449"/>
<trkpt lat="49.055440" lon="-122.800289"/>
<trkpt lat="49.055440" lon="-122.800819"/>
<trkpt lat="49.055440" lon="-122.800984"/>
<trkpt lat="49.055493" lon="-122.800985"/>
<trkpt lat="49.056206" lon="-122.800997"/>
<trkpt lat="49.056200" lon="-122.801392"/>
<trkpt lat="49.055249" lon="-122.801375"/>
<trkpt lat="49.055236" lon="-122.801655"/>
<trkpt lat="49.055194" lon="-122.801656"/>
<trkpt lat="49.055158" lon="-122.801656"/>
<trkpt lat="49.055159" lon="-122.801771"/>
</trkseg>
<trkseg>
<trkpt lat="49.055125" lon="-122.801931"/>
<trkpt lat="49.054048" lon="-122.803933"/>
<trkpt lat="49.053979" lon="-122.804062"/>
<trkpt lat="49.053921" lon="-122.804170"/>
<trkpt lat="49.053191" lon="-122.805511"/>
<trkpt lat="49.053131" lon="-122.805659"/>
<trkpt lat="49.052891" lon="-122.806746"/>
<trkpt lat="49.052927" lon="-122.812396"/>
</trkseg>
<trkseg>
<trkpt lat="49.052365" lon="-122.812562"/>
<trkpt lat="49.049731" lon="-122.812351"/>
<trkpt lat="49.049755" lon="-122.812122"/>
</trkseg>
<trkseg>
<trkpt lat="49.049745" lon="-122.812246"/>
<trkpt lat="49.051040" lon="-122.812343"/>
<trkpt lat="49.052928" lon="-122.812299"/>
<trkpt lat="49.053715" lon="-122.812300"/>
<trkpt lat="49.056623" lon="-122.812297"/>
</trkseg>
<trkseg>
<trkpt lat="49.056623" lon="-122.812297"/>
<trkpt lat="49.056700" lon="-122.812301"/>
<trkpt lat="49.057833" lon="-122.811867"/>
</trkseg>
<trkseg>
<trkpt lat="49.057833" lon="-122.811867"/>
<trkpt lat="49.058315" lon="-122.810890"/>
<trkpt lat="49.058761" lon="-122.810002"/>
<trkpt lat="49.058827" lon="-122.809868"/>
</trkseg>
<trkseg>
<trkpt lat="49.058872" lon="-122.809926"/>
<trkpt lat="49.058804" lon="-122.810055"/>
<trkpt lat="49.058611" lon="-122.810421"/>
</trkseg>
<trkseg>
<trkpt lat="49.058611" lon="-122.810421"/>
<trkpt lat="49.057833" lon="-122.811867"/>
</trkseg>
<trkseg>
<trkpt lat="49.058611" lon="-122.810421"/>
<trkpt lat="49.059045" lon="-122.810359"/>
</trkseg>
<trkseg>
<trkpt lat="49.056623" lon="-122.812297"/>
<trkpt lat="49.056514" lon="-122.812243"/>
<trkpt lat="49.055764" lon="-122.812187"/>
<trkpt lat="49.049745" lon="-122.812246"/>
</trkseg>
<trkseg>
<trkpt lat="49.049745" lon="-122.812246"/>
<trkpt lat="49.046516" lon="-122.812254"/>
<trkpt lat="49.045659" lon="-122.812258"/>
</trkseg>
<trkseg>
<trkpt lat="49.045659" lon="-122.812258"/>
<trkpt lat="49.045616" lon="-122.807785"/>
<trkpt lat="49.045614" lon="-122.806754"/>
<trkpt lat="49.045606" lon="-122.804780"/>
<trkpt lat="49.045602" lon="-122.804247"/>
<trkpt lat="49.045602" lon="-122.804138"/>
<trkpt lat="49.045598" lon="-122.803624"/>
<trkpt lat="49.045597" lon="-122.802573"/>
<trkpt lat="49.045594" lon="-122.802003"/>
<trkpt lat="49.045587" lon="-122.801211"/>
<trkpt lat="49.045570" lon="-122.799249"/>
<trkpt lat="49.045567" lon="-122.798452"/>
<trkpt lat="49.045566" lon="-122.798088"/>
<trkpt lat="49.045559" lon="-122.795727"/>
<trkpt lat="49.045557" lon="-122.795036"/>
<trkpt lat="49.045552" lon="-122.793447"/>
<trkpt lat="49.045551" lon="-122.792956"/>
<trkpt lat="49.045544" lon="-122.791615"/>
<trkpt lat="49.045539" lon="-122.790214"/>
</trkseg>
<trkseg>
<trkpt lat="49.045539" lon="-122.790214"/>
<trkpt lat="49.045368" lon="-122.790214"/>
<trkpt lat="49.044908" lon="-122.790218"/>
<trkpt lat="49.043627" lon="-122.789949"/>
<trkpt lat="49.043245" lon="-122.789880"/>
<trkpt lat="49.042826" lon="-122.790060"/>
<trkpt lat="49.042718" lon="-122.790129"/>
<trkpt lat="49.042330" lon="-122.790286"/>
<trkpt lat="49.041738" lon="-122.790214"/>
<trkpt lat="49.039198" lon="-122.790218"/>
<trkpt lat="49.038342" lon="-122.790216"/>
<trkpt lat="49.037326" lon="-122.790228"/>
<trkpt lat="49.034725" lon="-122.790227"/>
</trkseg>
<trkseg>
<trkpt lat="49.034725" lon="-122.790227"/>
<trkpt lat="49.034739" lon="-122.795680"/>
<trkpt lat="49.034753" lon="-122.801123"/>
<trkpt lat="49.034754" lon="-122.801289"/>
<trkpt lat="49.034699" lon="-122.802910"/>
<trkpt lat="49.034097" lon="-122.804026"/>
<trkpt lat="49.033773" lon="-122.804276"/>
</trkseg>
<trkseg>
<trkpt lat="49.033743" lon="-122.804299"/>
<trkpt lat="49.032731" lon="-122.805082"/>
<trkpt lat="49.031948" lon="-122.805311"/>
<trkpt lat="49.031187" lon="-122.805318"/>
</trkseg>
<trkseg>
<trkpt lat="49.031092" lon="-122.795707"/>
<trkpt lat="49.032025" lon="-122.795695"/>
<trkpt lat="49.032930" lon="-122.795687"/>
<trkpt lat="49.037780" lon="-122.795692"/>
<trkpt lat="49.038351" lon="-122.795695"/>
</trkseg>
<trkseg>
<trkpt lat="49.034725" lon="-122.790227"/>
<trkpt lat="49.032917" lon="-122.790214"/>
<trkpt lat="49.032013" lon="-122.790209"/>
<trkpt lat="49.031091" lon="-122.790206"/>
</trkseg>
<trkseg>
<trkpt lat="49.045539" lon="-122.790214"/>
<trkpt lat="49.045634" lon="-122.790214"/>
</trkseg>
<trkseg>
<trkpt lat="49.045634" lon="-122.790214"/>
<trkpt lat="49.045631" lon="-122.788923"/>
<trkpt lat="49.045628" lon="-122.788454"/>
<trkpt lat="49.045626" lon="-122.787469"/>
<trkpt lat="49.045622" lon="-122.786557"/>
<trkpt lat="49.045621" lon="-122.784785"/>
<trkpt lat="49.045615" lon="-122.782847"/>
</trkseg>
<trkseg>
<trkpt lat="49.045615" lon="-122.782847"/>
<trkpt lat="49.046446" lon="-122.782973"/>
<trkpt lat="49.046570" lon="-122.783113"/>
<trkpt lat="49.046706" lon="-122.783843"/>
<trkpt lat="49.046762" lon="-122.784565"/>
</trkseg>
<trkseg>
<trkpt lat="49.046762" lon="-122.784565"/>
<trkpt lat="49.046781" lon="-122.785093"/>
<trkpt lat="49.046905" lon="-122.786100"/>
<trkpt lat="49.048028" lon="-122.787390"/>
<trkpt lat="49.048329" lon="-122.787740"/>
<trkpt lat="49.050662" lon="-122.790212"/>
<trkpt lat="49.052827" lon="-122.790217"/>
</trkseg>
<trkseg>
<trkpt lat="49.052764" lon="-122.790303"/>
<trkpt lat="49.052757" lon="-122.793040"/>
<trkpt lat="49.052932" lon="-122.793257"/>
<trkpt lat="49.052553" lon="-122.793629"/>
<trkpt lat="49.052727" lon="-122.793846"/>
<trkpt lat="49.052781" lon="-122.794023"/>
<trkpt lat="49.052738" lon="-122.794107"/>
</trkseg>
<trkseg>
<trkpt lat="49.052828" lon="-122.788668"/>
<trkpt lat="49.052826" lon="-122.788826"/>
<trkpt lat="49.052821" lon="-122.789228"/>
<trkpt lat="49.052824" lon="-122.790010"/>
<trkpt lat="49.052830" lon="-122.790405"/>
<trkpt lat="49.052836" lon="-122.791437"/>
<trkpt lat="49.052838" lon="-122.791901"/>
<trkpt lat="49.052838" lon="-122.792353"/>
<trkpt lat="49.052889" lon="-122.792736"/>
<trkpt lat="49.056809" lon="-122.798185"/>
<trkpt lat="49.057909" lon="-122.799695"/>
<trkpt lat="49.058650" lon="-122.800603"/>
<trkpt lat="49.059410" lon="-122.800677"/>
<trkpt lat="49.059865" lon="-122.800462"/>
<trkpt lat="49.060089" lon="-122.799982"/>
<trkpt lat="49.060122" lon="-122.798653"/>
<trkpt lat="49.060238" lon="-122.798203"/>
<trkpt lat="49.060476" lon="-122.797749"/>
</trkseg>
<trkseg>
<trkpt lat="49.060476" lon="-122.797749"/>
<trkpt lat="49.060602" lon="-122.797675"/>
<trkpt lat="49.060631" lon="-122.797658"/>
</trkseg>
<trkseg>
<trkpt lat="49.060476" lon="-122.797749"/>
<trkpt lat="49.060473" lon="-122.797528"/>
<trkpt lat="49.060497" lon="-122.797482"/>
</trkseg>
<trkseg>
<trkpt lat="49.068394" lon="-122.800927"/>
<trkpt lat="49.067615" lon="-122.800972"/>
<trkpt lat="49.067449" lon="-122.801038"/>
<trkpt lat="49.067298" lon="-122.801016"/>
<trkpt lat="49.063815" lon="-122.801043"/>
<trkpt lat="49.063823" lon="-122.801364"/>
<trkpt lat="49.067297" lon="-122.801360"/>
<trkpt lat="49.067452" lon="-122.801361"/>
<trkpt lat="49.068879" lon="-122.801469"/>
<trkpt lat="49.068965" lon="-122.801326"/>
<trkpt lat="49.068529" lon="-122.801262"/>
</trkseg>
<trkseg>
<trkpt lat="49.069675" lon="-122.801323"/>
<trkpt lat="49.070668" lon="-122.801285"/>
<trkpt lat="49.071130" lon="-122.801237"/>
</trkseg>
<trkseg>
<trkpt lat="49.053945" lon="-122.778128"/>
<trkpt lat="49.054453" lon="-122.776288"/>
<trkpt lat="49.054579" lon="-122.776100"/>
<trkpt lat="49.054953" lon="-122.776393"/>
<trkpt lat="49.055433" lon="-122.775331"/>
<trkpt lat="49.055572" lon="-122.772327"/>
<trkpt lat="49.055573" lon="-122.772143"/>
<trkpt lat="49.055599" lon="-122.769433"/>
<trkpt lat="49.055251" lon="-122.769169"/>
<trkpt lat="49.055119" lon="-122.768116"/>
<trkpt lat="49.055119" lon="-122.767993"/>
<trkpt lat="49.055119" lon="-122.767926"/>
<trkpt lat="49.055154" lon="-122.765221"/>
<trkpt lat="49.055491" lon="-122.765190"/>
</trkseg>
<trkseg>
<trkpt lat="49.052900" lon="-122.768080"/>
<trkpt lat="49.049286" lon="-122.768104"/>
<trkpt lat="49.046296" lon="-122.768137"/>
<trkpt lat="49.045663" lon="-122.768142"/>
</trkseg>
<trkseg>
<trkpt lat="49.045663" lon="-122.768142"/>
<trkpt lat="49.045659" lon="-122.769763"/>
<trkpt lat="49.045654" lon="-122.770631"/>
<trkpt lat="49.045636" lon="-122.773693"/>
<trkpt lat="49.045627" lon="-122.775230"/>
<trkpt lat="49.045626" lon="-122.775380"/>
<trkpt lat="49.045622" lon="-122.775950"/>
<trkpt lat="49.045617" lon="-122.776994"/>
<trkpt lat="49.045606" lon="-122.778164"/>
<trkpt lat="49.045606" lon="-122.779146"/>
<trkpt lat="49.045606" lon="-122.779308"/>
<trkpt lat="49.045606" lon="-122.779905"/>
<trkpt lat="49.045608" lon="-122.780858"/>
<trkpt lat="49.045613" lon="-122.781642"/>
<trkpt lat="49.045615" lon="-122.782732"/>
</trkseg>
<trkseg>
<trkpt lat="49.045615" lon="-122.782732"/>
<trkpt lat="49.046626" lon="-122.783032"/>
<trkpt lat="49.046766" lon="-122.783679"/>
<trkpt lat="49.046762" lon="-122.784565"/>
</trkseg>
<trkseg>
<trkpt lat="49.045615" lon="-122.782847"/>
<trkpt lat="49.045510" lon="-122.782811"/>
</trkseg>
<trkseg>
<trkpt lat="49.045510" lon="-122.782811"/>
<trkpt lat="49.045512" lon="-122.783832"/>
<trkpt lat="49.045519" lon="-122.784783"/>
<trkpt lat="49.045522" lon="-122.786552"/>
<trkpt lat="49.045529" lon="-122.787468"/>
<trkpt lat="49.045539" lon="-122.790214"/>
</trkseg>
<trkseg>
<trkpt lat="49.045615" lon="-122.782847"/>
<trkpt lat="49.045615" lon="-122.782732"/>
</trkseg>
<trkseg>
<trkpt lat="49.045615" lon="-122.782732"/>
<trkpt lat="49.045510" lon="-122.782811"/>
</trkseg>
<trkseg>
<trkpt lat="49.045510" lon="-122.782811"/>
<trkpt lat="49.045507" lon="-122.781967"/>
<trkpt lat="49.045505" lon="-122.781245"/>
<trkpt lat="49.045501" lon="-122.780651"/>
<trkpt lat="49.045502" lon="-122.779308"/>
<trkpt lat="49.045502" lon="-122.779146"/>
<trkpt lat="49.045502" lon="-122.778005"/>
<trkpt lat="49.045510" lon="-122.777053"/>
<trkpt lat="49.045512" lon="-122.776585"/>
<trkpt lat="49.045525" lon="-122.775307"/>
<trkpt lat="49.045565" lon="-122.769727"/>
<trkpt lat="49.045571" lon="-122.768143"/>
<trkpt lat="49.045581" lon="-122.766626"/>
<trkpt lat="49.045610" lon="-122.765712"/>
<trkpt lat="49.045637" lon="-122.765427"/>
</trkseg>
<trkseg>
<trkpt lat="49.045637" lon="-122.765427"/>
<trkpt lat="49.045661" lon="-122.765709"/>
<trkpt lat="49.045674" lon="-122.766433"/>
<trkpt lat="49.045668" lon="-122.767347"/>
<trkpt lat="49.045663" lon="-122.768142"/>
</trkseg>
<trkseg>
<trkpt lat="49.045824" lon="-122.765695"/>
<trkpt lat="49.045773" lon="-122.767969"/>
<trkpt lat="49.045773" lon="-122.768324"/>
<trkpt lat="49.045753" lon="-122.770870"/>
<trkpt lat="49.045751" lon="-122.771031"/>
<trkpt lat="49.045702" lon="-122.775148"/>
<trkpt lat="49.045435" lon="-122.775147"/>
</trkseg>
<trkseg>
<trkpt lat="49.045435" lon="-122.775147"/>
<trkpt lat="49.045434" lon="-122.775494"/>
<trkpt lat="49.045410" lon="-122.776925"/>
<trkpt lat="49.045411" lon="-122.777138"/>
<trkpt lat="49.045420" lon="-122.778980"/>
</trkseg>
<trkseg>
<trkpt lat="49.045435" lon="-122.775147"/>
<trkpt lat="49.045413" lon="-122.773905"/>
<trkpt lat="49.045414" lon="-122.773763"/>
<trkpt lat="49.045434" lon="-122.771028"/>
<trkpt lat="49.045436" lon="-122.770911"/>
<trkpt lat="49.045446" lon="-122.768316"/>
<trkpt lat="49.045453" lon="-122.767974"/>
<trkpt lat="49.045550" lon="-122.762695"/>
</trkseg>
<trkseg>
<trkpt lat="49.045637" lon="-122.765427"/>
<trkpt lat="49.045635" lon="-122.765368"/>
<trkpt lat="49.045646" lon="-122.762986"/>
<trkpt lat="49.045647" lon="-122.762695"/>
<trkpt lat="49.045653" lon="-122.761695"/>
<trkpt lat="49.045654" lon="-122.761518"/>
<trkpt lat="49.045665" lon="-122.759737"/>
<trkpt lat="49.045673" lon="-122.758404"/>
<trkpt lat="49.045674" lon="-122.758257"/>
<trkpt lat="49.045681" lon="-122.757048"/>
<trkpt lat="49.045682" lon="-122.755762"/>
<trkpt lat="49.045682" lon="-122.755613"/>
<trkpt lat="49.045683" lon="-122.755173"/>
<trkpt lat="49.045683" lon="-122.754767"/>
<trkpt lat="49.045683" lon="-122.753873"/>
<trkpt lat="49.045684" lon="-122.750957"/>
<trkpt lat="49.045687" lon="-122.746227"/>
<trkpt lat="49.045692" lon="-122.741113"/>
<trkpt lat="49.045703" lon="-122.736963"/>
<trkpt lat="49.045705" lon="-122.735301"/>
<trkpt lat="49.045695" lon="-122.733563"/>
<trkpt lat="49.045688" lon="-122.724399"/>
<trkpt lat="49.045698" lon="-122.713453"/>
<trkpt lat="49.045696" lon="-122.711904"/>
<trkpt lat="49.045695" lon="-122.697923"/>
<trkpt lat="49.045691" lon="-122.696902"/>
<trkpt lat="49.045689" lon="-122.695711"/>
<trkpt lat="49.045690" lon="-122.695362"/>
<trkpt lat="49.045689" lon="-122.693077"/>
<trkpt lat="49.045688" lon="-122.692846"/>
<trkpt lat="49.045687" lon="-122.691456"/>
</trkseg>
<trkseg>
<trkpt lat="49.045687" lon="-122.691456"/>
<trkpt lat="49.046449" lon="-122.691465"/>
<trkpt lat="49.048396" lon="-122.691487"/>
<trkpt lat="49.049278" lon="-122.691498"/>
<trkpt lat="49.052890" lon="-122.691526"/>
<trkpt lat="49.059132" lon="-122.691539"/>
<trkpt lat="49.060138" lon="-122.691541"/>
</trkseg>
<trkseg>
<trkpt lat="49.060138" lon="-122.691541"/>
<trkpt lat="49.060206" lon="-122.695369"/>
<trkpt lat="49.060209" lon="-122.697027"/>
<trkpt lat="49.060202" lon="-122.702651"/>
<trkpt lat="49.060166" lon="-122.713444"/>
</trkseg>
<trkseg>
<trkpt lat="49.060117" lon="-122.702516"/>
<trkpt lat="49.060111" lon="-122.698689"/>
<trkpt lat="49.060115" lon="-122.697027"/>
<trkpt lat="49.060102" lon="-122.693290"/>
<trkpt lat="49.060138" lon="-122.691541"/>
</trkseg>
<trkseg>
<trkpt lat="49.060286" lon="-122.691825"/>
<trkpt lat="49.062261" lon="-122.691832"/>
<trkpt lat="49.062379" lon="-122.691834"/>
<trkpt lat="49.064444" lon="-122.691857"/>
<trkpt lat="49.064560" lon="-122.691859"/>
<trkpt lat="49.067318" lon="-122.691872"/>
<trkpt lat="49.067456" lon="-122.691887"/>
<trkpt lat="49.071031" lon="-122.691912"/>
<trkpt lat="49.071149" lon="-122.691913"/>
<trkpt lat="49.074602" lon="-122.691997"/>
<trkpt lat="49.074688" lon="-122.691868"/>
<trkpt lat="49.074760" lon="-122.691854"/>
</trkseg>
<trkseg>
<trkpt lat="49.068220" lon="-122.691631"/>
<trkpt lat="49.067894" lon="-122.691883"/>
</trkseg>
<trkseg>
<trkpt lat="49.067497" lon="-122.691886"/>
<trkpt lat="49.067498" lon="-122.691788"/>
<trkpt lat="49.067502" lon="-122.691472"/>
<trkpt lat="49.067448" lon="-122.691297"/>
<trkpt lat="49.067306" lon="-122.691301"/>
<trkpt lat="49.064581" lon="-122.691271"/>
<trkpt lat="49.064479" lon="-122.691269"/>
<trkpt lat="49.060283" lon="-122.691241"/>
<trkpt lat="49.060282" lon="-122.691404"/>
<trkpt lat="49.060283" lon="-122.691754"/>
<trkpt lat="49.060289" lon="-122.693552"/>
<trkpt lat="49.060289" lon="-122.693706"/>
<trkpt lat="49.060292" lon="-122.695310"/>
<trkpt lat="49.060291" lon="-122.695450"/>
<trkpt lat="49.060294" lon="-122.696889"/>
<trkpt lat="49.060295" lon="-122.697164"/>
<trkpt lat="49.060297" lon="-122.698169"/>
<trkpt lat="49.060297" lon="-122.698296"/>
<trkpt lat="49.060301" lon="-122.700451"/>
<trkpt lat="49.060302" lon="-122.700649"/>
<trkpt lat="49.060303" lon="-122.702166"/>
<trkpt lat="49.060271" lon="-122.702383"/>
</trkseg>
<trkseg>
<trkpt lat="49.052903" lon="-122.696975"/>
<trkpt lat="49.051059" lon="-122.696936"/>
<trkpt lat="49.049296" lon="-122.696915"/>
</trkseg>
<trkseg>
<trkpt lat="49.045687" lon="-122.691456"/>
<trkpt lat="49.044903" lon="-122.691453"/>
<trkpt lat="49.044688" lon="-122.691450"/>
<trkpt lat="49.044386" lon="-122.691447"/>
<trkpt lat="49.043905" lon="-122.691443"/>
<trkpt lat="49.043619" lon="-122.691443"/>
<trkpt lat="49.042864" lon="-122.691441"/>
<trkpt lat="49.042576" lon="-122.691437"/>
<trkpt lat="49.042016" lon="-122.691432"/>
</trkseg>
<trkseg>
<trkpt lat="49.042016" lon="-122.691432"/>
<trkpt lat="49.042033" lon="-122.694618"/>
<trkpt lat="49.042058" lon="-122.696892"/>
</trkseg>
<trkseg>
<trkpt lat="49.042016" lon="-122.691432"/>
<trkpt lat="49.042022" lon="-122.690495"/>
<trkpt lat="49.042032" lon="-122.686948"/>
</trkseg>
<trkseg>
<trkpt lat="49.042016" lon="-122.691432"/>
<trkpt lat="49.041430" lon="-122.691421"/>
<trkpt lat="49.041122" lon="-122.691419"/>
<trkpt lat="49.040782" lon="-122.691415"/>
<trkpt lat="49.040237" lon="-122.691411"/>
<trkpt lat="49.039513" lon="-122.691408"/>
<trkpt lat="49.031663" lon="-122.691348"/>
<trkpt lat="49.031091" lon="-122.691348"/>
<trkpt lat="49.031100" lon="-122.687434"/>
<trkpt lat="49.031098" lon="-122.687164"/>
<trkpt lat="49.031114" lon="-122.680270"/>
</trkseg>
<trkseg>
<trkpt lat="49.045670" lon="-122.685637"/>
<trkpt lat="49.045690" lon="-122.687284"/>
<trkpt lat="49.045685" lon="-122.689996"/>
<trkpt lat="49.045685" lon="-122.690155"/>
<trkpt lat="49.045687" lon="-122.691456"/>
</trkseg>
<trkseg>
<trkpt lat="49.067387" lon="-122.691628"/>
<trkpt lat="49.068652" lon="-122.691630"/>
<trkpt lat="49.069986" lon="-122.691642"/>
<trkpt lat="49.071095" lon="-122.691654"/>
<trkpt lat="49.071415" lon="-122.691656"/>
<trkpt lat="49.073700" lon="-122.691673"/>
<trkpt lat="49.074762" lon="-122.691682"/>
<trkpt lat="49.075597" lon="-122.691658"/>
<trkpt lat="49.077528" lon="-122.691530"/>
<trkpt lat="49.085100" lon="-122.691024"/>
<trkpt lat="49.085514" lon="-122.690997"/>
<trkpt lat="49.088689" lon="-122.690785"/>
<trkpt lat="49.089544" lon="-122.690733"/>
<trkpt lat="49.090391" lon="-122.690791"/>
<trkpt lat="49.091927" lon="-122.690898"/>
<trkpt lat="49.092652" lon="-122.690954"/>
</trkseg>
<trkseg>
<trkpt lat="49.092652" lon="-122.690954"/>
<trkpt lat="49.093902" lon="-122.691030"/>
<trkpt lat="49.095206" lon="-122.691100"/>
<trkpt lat="49.095612" lon="-122.691119"/>
<trkpt lat="49.095785" lon="-122.691117"/>
<trkpt lat="49.096088" lon="-122.691110"/>
</trkseg>
<trkseg>
<trkpt lat="49.096088" lon="-122.691110"/>
<trkpt lat="49.096594" lon="-122.691139"/>
<trkpt lat="49.098809" lon="-122.691129"/>
<trkpt lat="49.099509" lon="-122.691121"/>
<trkpt lat="49.101253" lon="-122.691227"/>
</trkseg>
<trkseg>
<trkpt lat="49.101253" lon="-122.691227"/>
<trkpt lat="49.100880" lon="-122.693149"/>
<trkpt lat="49.100587" lon="-122.696737"/>
</trkseg>
<trkseg>
<trkpt lat="49.101253" lon="-122.691227"/>
<trkpt lat="49.104148" lon="-122.691232"/>
<trkpt lat="49.104406" lon="-122.691231"/>
<trkpt lat="49.104526" lon="-122.691226"/>
<trkpt lat="49.105242" lon="-122.691203"/>
<trkpt lat="49.106101" lon="-122.691160"/>
</trkseg>
<trkseg>
<trkpt lat="49.106101" lon="-122.691160"/>
<trkpt lat="49.110675" lon="-122.691197"/>
<trkpt lat="49.111311" lon="-122.691201"/>
</trkseg>
<trkseg>
<trkpt lat="49.111311" lon="-122.691201"/>
<trkpt lat="49.111309" lon="-122.692321"/>
<trkpt lat="49.111340" lon="-122.702049"/>
<trkpt lat="49.111341" lon="-122.702486"/>
<trkpt lat="49.111343" lon="-122.703076"/>
<trkpt lat="49.111350" lon="-122.705132"/>
<trkpt lat="49.111375" lon="-122.707798"/>
<trkpt lat="49.111402" lon="-122.710395"/>
</trkseg>
<trkseg>
<trkpt lat="49.111402" lon="-122.710395"/>
<trkpt lat="49.111419" lon="-122.711910"/>
</trkseg>
<trkseg>
<trkpt lat="49.111419" lon="-122.711910"/>
<trkpt lat="49.111425" lon="-122.712641"/>
<trkpt lat="49.111427" lon="-122.713312"/>
<trkpt lat="49.111436" lon="-122.722306"/>
<trkpt lat="49.111453" lon="-122.726063"/>
<trkpt lat="49.111456" lon="-122.726918"/>
<trkpt lat="49.111460" lon="-122.728150"/>
</trkseg>
<trkseg>
<trkpt lat="49.111460" lon="-122.728150"/>
<trkpt lat="49.111429" lon="-122.730317"/>
</trkseg>
<trkseg>
<trkpt lat="49.111429" lon="-122.730317"/>
<trkpt lat="49.111440" lon="-122.733733"/>
<trkpt lat="49.111446" lon="-122.734785"/>
<trkpt lat="49.111455" lon="-122.734962"/>
</trkseg>
<trkseg>
<trkpt lat="49.111519" lon="-122.734964"/>
<trkpt lat="49.111517" lon="-122.734787"/>
</trkseg>
<trkseg>
<trkpt lat="49.111517" lon="-122.734787"/>
<trkpt lat="49.111513" lon="-122.734268"/>
</trkseg>
<trkseg>
<trkpt lat="49.111513" lon="-122.734268"/>
<trkpt lat="49.111517" lon="-122.734787"/>
</trkseg>
<trkseg>
<trkpt lat="49.111513" lon="-122.734268"/>
<trkpt lat="49.111508" lon="-122.733740"/>
<trkpt lat="49.111497" lon="-122.730316"/>
</trkseg>
<trkseg>
<trkpt lat="49.111497" lon="-122.730316"/>
<trkpt lat="49.111429" lon="-122.730317"/>
</trkseg>
<trkseg>
<trkpt lat="49.111429" lon="-122.730317"/>
<trkpt lat="49.110512" lon="-122.730316"/>
<trkpt lat="49.109617" lon="-122.730315"/>
<trkpt lat="49.108690" lon="-122.730310"/>
<trkpt lat="49.107787" lon="-122.730310"/>
</trkseg>
<trkseg>
<trkpt lat="49.107787" lon="-122.730310"/>
<trkpt lat="49.107795" lon="-122.733713"/>
<trkpt lat="49.107800" lon="-122.734963"/>
<trkpt lat="49.107805" lon="-122.735765"/>
<trkpt lat="49.107814" lon="-122.735935"/>
</trkseg>
<trkseg>
<trkpt lat="49.107814" lon="-122.735935"/>
<trkpt lat="49.107880" lon="-122.736050"/>
<trkpt lat="49.108301" lon="-122.736711"/>
<trkpt lat="49.108376" lon="-122.736856"/>
<trkpt lat="49.108252" lon="-122.736819"/>
<trkpt lat="49.107814" lon="-122.735935"/>
</trkseg>
<trkseg>
<trkpt lat="49.107787" lon="-122.730310"/>
<trkpt lat="49.107790" lon="-122.726907"/>
<trkpt lat="49.107786" lon="-122.725354"/>
<trkpt lat="49.107788" lon="-122.723834"/>
</trkseg>
<trkseg>
<trkpt lat="49.107787" lon="-122.730310"/>
<trkpt lat="49.106887" lon="-122.730302"/>
<trkpt lat="49.106020" lon="-122.730301"/>
<trkpt lat="49.105073" lon="-122.730298"/>
</trkseg>
<trkseg>
<trkpt lat="49.111497" lon="-122.730316"/>
<trkpt lat="49.111491" lon="-122.729440"/>
<trkpt lat="49.111460" lon="-122.728150"/>
</trkseg>
<trkseg>
<trkpt lat="49.111419" lon="-122.711910"/>
<trkpt lat="49.111402" lon="-122.710395"/>
</trkseg>
<trkseg>
<trkpt lat="49.104150" lon="-122.701658"/>
<trkpt lat="49.105443" lon="-122.701679"/>
<trkpt lat="49.107000" lon="-122.701689"/>
<trkpt lat="49.107739" lon="-122.701694"/>
<trkpt lat="49.108689" lon="-122.701698"/>
<trkpt lat="49.109477" lon="-122.701702"/>
<trkpt lat="49.111338" lon="-122.701698"/>
<trkpt lat="49.111792" lon="-122.701709"/>
<trkpt lat="49.113904" lon="-122.701730"/>
<trkpt lat="49.116649" lon="-122.701745"/>
<trkpt lat="49.119013" lon="-122.701738"/>
<trkpt lat="49.119225" lon="-122.701737"/>
<trkpt lat="49.120764" lon="-122.701743"/>
<trkpt lat="49.121994" lon="-122.701739"/>
<trkpt lat="49.122559" lon="-122.701728"/>
</trkseg>
<trkseg>
<trkpt lat="49.118625" lon="-122.692157"/>
<trkpt lat="49.117607" lon="-122.691028"/>
<trkpt lat="49.113111" lon="-122.691166"/>
<trkpt lat="49.112616" lon="-122.691188"/>
<trkpt lat="49.111893" lon="-122.691188"/>
<trkpt lat="49.111311" lon="-122.691201"/>
</trkseg>
<trkseg>
<trkpt lat="49.111311" lon="-122.691201"/>
<trkpt lat="49.111309" lon="-122.690545"/>
<trkpt lat="49.111302" lon="-122.687716"/>
<trkpt lat="49.111268" lon="-122.682539"/>
<trkpt lat="49.111245" lon="-122.681278"/>
<trkpt lat="49.111235" lon="-122.680032"/>
</trkseg>
<trkseg>
<trkpt lat="49.104409" lon="-122.679971"/>
<trkpt lat="49.104158" lon="-122.679973"/>
<trkpt lat="49.101432" lon="-122.679882"/>
<trkpt lat="49.100585" lon="-122.680203"/>
<trkpt lat="49.100212" lon="-122.681491"/>
<trkpt lat="49.100107" lon="-122.684518"/>
<trkpt lat="49.100461" lon="-122.685934"/>
<trkpt lat="49.101001" lon="-122.687011"/>
<trkpt lat="49.101224" lon="-122.689487"/>
<trkpt lat="49.101227" lon="-122.689760"/>
<trkpt lat="49.101245" lon="-122.691085"/>
</trkseg>
<trkseg>
<trkpt lat="49.101245" lon="-122.691085"/>
<trkpt lat="49.101253" lon="-122.691227"/>
</trkseg>
<trkseg>
<trkpt lat="49.101245" lon="-122.691085"/>
<trkpt lat="49.102627" lon="-122.691103"/>
<trkpt lat="49.103627" lon="-122.691076"/>
<trkpt lat="49.104155" lon="-122.691064"/>
<trkpt lat="49.104412" lon="-122.691062"/>
<trkpt lat="49.104523" lon="-122.691061"/>
<trkpt lat="49.104821" lon="-122.691067"/>
<trkpt lat="49.105894" lon="-122.691118"/>
<trkpt lat="49.106101" lon="-122.691160"/>
</trkseg>
<trkseg>
<trkpt lat="49.101245" lon="-122.691085"/>
<trkpt lat="49.099831" lon="-122.690969"/>
<trkpt lat="49.099218" lon="-122.691011"/>
<trkpt lat="49.098807" lon="-122.691006"/>
<trkpt lat="49.096597" lon="-122.691017"/>
<trkpt lat="49.096088" lon="-122.691110"/>
</trkseg>
<trkseg>
<trkpt lat="49.095914" lon="-122.690881"/>
<trkpt lat="49.095787" lon="-122.691018"/>
</trkseg>
<trkseg>
<trkpt lat="49.096848" lon="-122.690891"/>
<trkpt lat="49.097196" lon="-122.690875"/>
</trkseg>
<trkseg>
<trkpt lat="49.097112" lon="-122.691294"/>
<trkpt lat="49.097249" lon="-122.690520"/>
<trkpt lat="49.097288" lon="-122.689635"/>
</trkseg>
<trkseg>
<trkpt lat="49.097058" lon="-122.691326"/>
<trkpt lat="49.096745" lon="-122.690876"/>
<trkpt lat="49.095860" lon="-122.690685"/>
<trkpt lat="49.096599" lon="-122.690963"/>
<trkpt lat="49.098806" lon="-122.690901"/>
<trkpt lat="49.101129" lon="-122.690927"/>
</trkseg>
<trkseg>
<trkpt lat="49.101269" lon="-122.688355"/>
<trkpt lat="49.101065" lon="-122.686974"/>
<trkpt lat="49.100529" lon="-122.685890"/>
<trkpt lat="49.100165" lon="-122.684613"/>
<trkpt lat="49.100168" lon="-122.684303"/>
<trkpt lat="49.100292" lon="-122.681680"/>
<trkpt lat="49.100294" lon="-122.681326"/>
<trkpt lat="49.100594" lon="-122.680365"/>
</trkseg>
<trkseg>
<trkpt lat="49.100594" lon="-122.680365"/>
<trkpt lat="49.101207" lon="-122.679994"/>
<trkpt lat="49.104336" lon="-122.680174"/>
</trkseg>
<trkseg>
<trkpt lat="49.100594" lon="-122.680365"/>
<trkpt lat="49.100478" lon="-122.680169"/>
<trkpt lat="49.100364" lon="-122.679917"/>
</trkseg>
<trkseg>
<trkpt lat="49.093197" lon="-122.679721"/>
<trkpt lat="49.092411" lon="-122.684288"/>
<trkpt lat="49.092382" lon="-122.684533"/>
<trkpt lat="49.092237" lon="-122.687347"/>
<trkpt lat="49.092652" lon="-122.690954"/>
</trkseg>
<trkseg>
<trkpt lat="49.060155" lon="-122.735390"/>
<trkpt lat="49.060117" lon="-122.736592"/>
<trkpt lat="49.060146" lon="-122.737428"/>
<trkpt lat="49.060132" lon="-122.745934"/>
<trkpt lat="49.060267" lon="-122.754212"/>
<trkpt lat="49.060317" lon="-122.755659"/>
<trkpt lat="49.060342" lon="-122.756904"/>
</trkseg>
<trkseg>
<trkpt lat="49.060342" lon="-122.756904"/>
<trkpt lat="49.060331" lon="-122.758191"/>
<trkpt lat="49.060327" lon="-122.758552"/>
<trkpt lat="49.060244" lon="-122.766592"/>
<trkpt lat="49.060240" lon="-122.766974"/>
<trkpt lat="49.060231" lon="-122.767853"/>
</trkseg>
<trkseg>
<trkpt lat="49.060342" lon="-122.756904"/>
<trkpt lat="49.060859" lon="-122.756889"/>
<trkpt lat="49.067633" lon="-122.756853"/>
<trkpt lat="49.074936" lon="-122.756805"/>
<trkpt lat="49.090205" lon="-122.756709"/>
<trkpt lat="49.090634" lon="-122.756713"/>
<trkpt lat="49.102788" lon="-122.756648"/>
<trkpt lat="49.103402" lon="-122.756643"/>
</trkseg>
<trkseg>
<trkpt lat="49.103402" lon="-122.756643"/>
<trkpt lat="49.104197" lon="-122.756671"/>
<trkpt lat="49.104341" lon="-122.756668"/>
<trkpt lat="49.104651" lon="-122.756668"/>
<trkpt lat="49.104904" lon="-122.756670"/>
<trkpt lat="49.105650" lon="-122.756648"/>
</trkseg>
<trkseg>
<trkpt lat="49.105650" lon="-122.756648"/>
<trkpt lat="49.105667" lon="-122.756646"/>
<trkpt lat="49.106441" lon="-122.756640"/>
<trkpt lat="49.107242" lon="-122.756633"/>
<trkpt lat="49.110466" lon="-122.756663"/>
</trkseg>
<trkseg>
<trkpt lat="49.110466" lon="-122.756663"/>
<trkpt lat="49.111016" lon="-122.756613"/>
<trkpt lat="49.111551" lon="-122.756612"/>
<trkpt lat="49.115680" lon="-122.756529"/>
<trkpt lat="49.116488" lon="-122.756533"/>
<trkpt lat="49.118048" lon="-122.756509"/>
<trkpt lat="49.118943" lon="-122.756511"/>
<trkpt lat="49.119054" lon="-122.756500"/>
<trkpt lat="49.120621" lon="-122.756564"/>
</trkseg>
<trkseg>
<trkpt lat="49.120621" lon="-122.756564"/>
<trkpt lat="49.118944" lon="-122.756625"/>
<trkpt lat="49.118864" lon="-122.756633"/>
<trkpt lat="49.118709" lon="-122.756649"/>
<trkpt lat="49.117982" lon="-122.756651"/>
<trkpt lat="49.111880" lon="-122.756719"/>
<trkpt lat="49.111549" lon="-122.756725"/>
<trkpt lat="49.111000" lon="-122.756725"/>
<trkpt lat="49.110466" lon="-122.756663"/>
</trkseg>
<trkseg>
<trkpt lat="49.105650" lon="-122.756648"/>
<trkpt lat="49.105352" lon="-122.756591"/>
<trkpt lat="49.105105" lon="-122.756580"/>
<trkpt lat="49.104338" lon="-122.756583"/>
<trkpt lat="49.103402" lon="-122.756643"/>
</trkseg>
<trkseg>
<trkpt lat="49.120621" lon="-122.756564"/>
<trkpt lat="49.126914" lon="-122.756549"/>
<trkpt lat="49.132053" lon="-122.756481"/>
<trkpt lat="49.132363" lon="-122.756475"/>
<trkpt lat="49.142091" lon="-122.756561"/>
<trkpt lat="49.143957" lon="-122.756567"/>
<trkpt lat="49.143958" lon="-122.756440"/>
<trkpt lat="49.145059" lon="-122.756435"/>
<trkpt lat="49.145205" lon="-122.756441"/>
<trkpt lat="49.146246" lon="-122.756375"/>
<trkpt lat="49.146827" lon="-122.756393"/>
<trkpt lat="49.146881" lon="-122.756480"/>
<trkpt lat="49.147715" lon="-122.756359"/>
</trkseg>
<trkseg>
<trkpt lat="49.147903" lon="-122.756635"/>
<trkpt lat="49.147198" lon="-122.756835"/>
<trkpt lat="49.147023" lon="-122.756798"/>
<trkpt lat="49.144621" lon="-122.756687"/>
</trkseg>
<trkseg>
<trkpt lat="49.147097" lon="-122.756830"/>
<trkpt lat="49.147391" lon="-122.757922"/>
<trkpt lat="49.148128" lon="-122.759471"/>
<trkpt lat="49.148218" lon="-122.761928"/>
<trkpt lat="49.148212" lon="-122.763532"/>
<trkpt lat="49.148218" lon="-122.765086"/>
<trkpt lat="49.148224" lon="-122.766359"/>
<trkpt lat="49.148224" lon="-122.767684"/>
</trkseg>
<trkseg>
<trkpt lat="49.148224" lon="-122.767684"/>
<trkpt lat="49.148219" lon="-122.769851"/>
<trkpt lat="49.148225" lon="-122.772010"/>
<trkpt lat="49.148229" lon="-122.773160"/>
<trkpt lat="49.148243" lon="-122.775132"/>
<trkpt lat="49.148243" lon="-122.775925"/>
<trkpt lat="49.148253" lon="-122.778858"/>
</trkseg>
<trkseg>
<trkpt lat="49.148253" lon="-122.778858"/>
<trkpt lat="49.148239" lon="-122.781726"/>
<trkpt lat="49.148228" lon="-122.784449"/>
<trkpt lat="49.148247" lon="-122.790094"/>
</trkseg>
<trkseg>
<trkpt lat="49.148247" lon="-122.790094"/>
<trkpt lat="49.151362" lon="-122.790129"/>
</trkseg>
<trkseg>
<trkpt lat="49.151362" lon="-122.790129"/>
<trkpt lat="49.151794" lon="-122.790195"/>
</trkseg>
<trkseg>
<trkpt lat="49.151933" lon="-122.790205"/>
<trkpt lat="49.152406" lon="-122.790130"/>
</trkseg>
<trkseg>
<trkpt lat="49.152406" lon="-122.790130"/>
<trkpt lat="49.155501" lon="-122.790129"/>
</trkseg>
<trkseg>
<trkpt lat="49.155501" lon="-122.790129"/>
<trkpt lat="49.155502" lon="-122.790351"/>
<trkpt lat="49.155504" lon="-122.790799"/>
<trkpt lat="49.155504" lon="-122.790965"/>
<trkpt lat="49.155523" lon="-122.796842"/>
<trkpt lat="49.155525" lon="-122.797227"/>
<trkpt lat="49.155544" lon="-122.800628"/>
<trkpt lat="49.155544" lon="-122.800885"/>
<trkpt lat="49.155544" lon="-122.801360"/>
<trkpt lat="49.155543" lon="-122.801510"/>
<trkpt lat="49.155534" lon="-122.811546"/>
<trkpt lat="49.155535" lon="-122.811833"/>
<trkpt lat="49.155534" lon="-122.812461"/>
<trkpt lat="49.155533" lon="-122.813156"/>
<trkpt lat="49.155533" lon="-122.813340"/>
<trkpt lat="49.155519" lon="-122.817017"/>
<trkpt lat="49.155518" lon="-122.817570"/>
</trkseg>
<trkseg>
<trkpt lat="49.155518" lon="-122.817570"/>
<trkpt lat="49.155575" lon="-122.822438"/>
<trkpt lat="49.155574" lon="-122.822868"/>
<trkpt lat="49.155573" lon="-122.823358"/>
<trkpt lat="49.155525" lon="-122.824797"/>
</trkseg>
<trkseg>
<trkpt lat="49.155525" lon="-122.824797"/>
<trkpt lat="49.155515" lon="-122.828119"/>
</trkseg>
<trkseg>
<trkpt lat="49.155515" lon="-122.828119"/>
<trkpt lat="49.155511" lon="-122.829748"/>
</trkseg>
<trkseg>
<trkpt lat="49.155511" lon="-122.829748"/>
<trkpt lat="49.155492" lon="-122.833343"/>
<trkpt lat="49.155486" lon="-122.833632"/>
<trkpt lat="49.155465" lon="-122.834537"/>
</trkseg>
<trkseg>
<trkpt lat="49.155511" lon="-122.829748"/>
<trkpt lat="49.155515" lon="-122.828119"/>
</trkseg>
<trkseg>
<trkpt lat="49.155525" lon="-122.824797"/>
<trkpt lat="49.155485" lon="-122.824218"/>
<trkpt lat="49.155488" lon="-122.823360"/>
<trkpt lat="49.155491" lon="-122.820484"/>
<trkpt lat="49.155492" lon="-122.819570"/>
<trkpt lat="49.155518" lon="-122.817570"/>
</trkseg>
<trkseg>
<trkpt lat="49.155501" lon="-122.790129"/>
<trkpt lat="49.155984" lon="-122.790135"/>
<trkpt lat="49.161072" lon="-122.790178"/>
<trkpt lat="49.161392" lon="-122.790186"/>
<trkpt lat="49.161683" lon="-122.790172"/>
<trkpt lat="49.161781" lon="-122.790167"/>
<trkpt lat="49.162109" lon="-122.790168"/>
<trkpt lat="49.162234" lon="-122.790170"/>
<trkpt lat="49.162448" lon="-122.790173"/>
<trkpt lat="49.162801" lon="-122.790180"/>
</trkseg>
<trkseg>
<trkpt lat="49.162801" lon="-122.790180"/>
<trkpt lat="49.163094" lon="-122.790176"/>
<trkpt lat="49.163447" lon="-122.790172"/>
<trkpt lat="49.164533" lon="-122.790162"/>
<trkpt lat="49.165129" lon="-122.790155"/>
<trkpt lat="49.165820" lon="-122.790133"/>
<trkpt lat="49.166485" lon="-122.790122"/>
<trkpt lat="49.169574" lon="-122.790076"/>
<trkpt lat="49.169873" lon="-122.790071"/>
<trkpt lat="49.170119" lon="-122.790067"/>
<trkpt lat="49.170386" lon="-122.790064"/>
<trkpt lat="49.170680" lon="-122.790060"/>
<trkpt lat="49.175357" lon="-122.790010"/>
</trkseg>
<trkseg>
<trkpt lat="49.175357" lon="-122.790010"/>
<trkpt lat="49.175904" lon="-122.789991"/>
</trkseg>
<trkseg>
<trkpt lat="49.175904" lon="-122.789991"/>
<trkpt lat="49.175357" lon="-122.790010"/>
</trkseg>
<trkseg>
<trkpt lat="49.175904" lon="-122.789991"/>
<trkpt lat="49.176257" lon="-122.789983"/>
<trkpt lat="49.176851" lon="-122.789971"/>
<trkpt lat="49.177496" lon="-122.789959"/>
<trkpt lat="49.182976" lon="-122.789842"/>
<trkpt lat="49.183371" lon="-122.789836"/>
<trkpt lat="49.183841" lon="-122.789819"/>
<trkpt lat="49.183878" lon="-122.789818"/>
<trkpt lat="49.184227" lon="-122.789804"/>
<trkpt lat="49.184359" lon="-122.789798"/>
<trkpt lat="49.184854" lon="-122.789786"/>
<trkpt lat="49.184939" lon="-122.789785"/>
<trkpt lat="49.187580" lon="-122.789774"/>
<trkpt lat="49.187964" lon="-122.789770"/>
<trkpt lat="49.188420" lon="-122.789766"/>
<trkpt lat="49.190983" lon="-122.789757"/>
<trkpt lat="49.191539" lon="-122.789762"/>
<trkpt lat="49.191623" lon="-122.789758"/>
<trkpt lat="49.192304" lon="-122.789758"/>
<trkpt lat="49.192482" lon="-122.789759"/>
<trkpt lat="49.193972" lon="-122.789747"/>
<trkpt lat="49.195330" lon="-122.789738"/>
<trkpt lat="49.195414" lon="-122.789736"/>
<trkpt lat="49.196423" lon="-122.789752"/>
<trkpt lat="49.196971" lon="-122.789766"/>
<trkpt lat="49.198133" lon="-122.789759"/>
<trkpt lat="49.198749" lon="-122.789758"/>
</trkseg>
<trkseg>
<trkpt lat="49.198749" lon="-122.789758"/>
<trkpt lat="49.198952" lon="-122.789762"/>
<trkpt lat="49.198749" lon="-122.789758"/>
</trkseg>
<trkseg>
<trkpt lat="49.198843" lon="-122.789608"/>
<trkpt lat="49.198844" lon="-122.784944"/>
</trkseg>
<trkseg>
<trkpt lat="49.198844" lon="-122.784944"/>
<trkpt lat="49.198913" lon="-122.784381"/>
</trkseg>
<trkseg>
<trkpt lat="49.198799" lon="-122.784378"/>
<trkpt lat="49.198844" lon="-122.784944"/>
</trkseg>
<trkseg>
<trkpt lat="49.197044" lon="-122.789654"/>
<trkpt lat="49.195434" lon="-122.789596"/>
</trkseg>
<trkseg>
<trkpt lat="49.195196" lon="-122.789598"/>
<trkpt lat="49.193464" lon="-122.789595"/>
<trkpt lat="49.193331" lon="-122.789594"/>
<trkpt lat="49.191681" lon="-122.789629"/>
</trkseg>
<trkseg>
<trkpt lat="49.190494" lon="-122.795321"/>
<trkpt lat="49.189964" lon="-122.795327"/>
<trkpt lat="49.189239" lon="-122.795339"/>
<trkpt lat="49.188781" lon="-122.795353"/>
</trkseg>
<trkseg>
<trkpt lat="49.188781" lon="-122.795353"/>
<trkpt lat="49.188771" lon="-122.796201"/>
<trkpt lat="49.188742" lon="-122.800184"/>
<trkpt lat="49.188740" lon="-122.800829"/>
</trkseg>
<trkseg>
<trkpt lat="49.188781" lon="-122.795353"/>
<trkpt lat="49.188007" lon="-122.795340"/>
<trkpt lat="49.187299" lon="-122.795324"/>
<trkpt lat="49.187224" lon="-122.795324"/>
</trkseg>
<trkseg>
<trkpt lat="49.187224" lon="-122.795324"/>
<trkpt lat="49.186780" lon="-122.795347"/>
</trkseg>
<trkseg>
<trkpt lat="49.186780" lon="-122.795347"/>
<trkpt lat="49.186148" lon="-122.795371"/>
<trkpt lat="49.185684" lon="-122.795374"/>
<trkpt lat="49.184642" lon="-122.795387"/>
<trkpt lat="49.184268" lon="-122.795401"/>
</trkseg>
<trkseg>
<trkpt lat="49.186780" lon="-122.795347"/>
<trkpt lat="49.187224" lon="-122.795324"/>
</trkseg>
<trkseg>
<trkpt lat="49.188585" lon="-122.795349"/>
<trkpt lat="49.188680" lon="-122.795443"/>
<trkpt lat="49.188720" lon="-122.795482"/>
<trkpt lat="49.188867" lon="-122.795482"/>
<trkpt lat="49.190420" lon="-122.795448"/>
<trkpt lat="49.190573" lon="-122.795455"/>
<trkpt lat="49.191402" lon="-122.795479"/>
<trkpt lat="49.191640" lon="-122.795472"/>
<trkpt lat="49.191776" lon="-122.795436"/>
<trkpt lat="49.192201" lon="-122.795433"/>
<trkpt lat="49.193266" lon="-122.795489"/>
</trkseg>
<trkseg>
<trkpt lat="49.193351" lon="-122.795321"/>
<trkpt lat="49.193218" lon="-122.799345"/>
<trkpt lat="49.193193" lon="-122.799759"/>
<trkpt lat="49.193184" lon="-122.800806"/>
<trkpt lat="49.193184" lon="-122.800967"/>
<trkpt lat="49.193181" lon="-122.801684"/>
<trkpt lat="49.193176" lon="-122.802673"/>
</trkseg>
<trkseg>
<trkpt lat="49.193176" lon="-122.802673"/>
<trkpt lat="49.193278" lon="-122.802816"/>
<trkpt lat="49.193261" lon="-122.804139"/>
<trkpt lat="49.193239" lon="-122.804348"/>
<trkpt lat="49.193237" lon="-122.804373"/>
<trkpt lat="49.193157" lon="-122.804688"/>
<trkpt lat="49.193153" lon="-122.806186"/>
<trkpt lat="49.193155" lon="-122.806269"/>
<trkpt lat="49.193160" lon="-122.806499"/>
<trkpt lat="49.193126" lon="-122.808765"/>
<trkpt lat="49.193073" lon="-122.808757"/>
<trkpt lat="49.193078" lon="-122.809457"/>
<trkpt lat="49.193107" lon="-122.809458"/>
<trkpt lat="49.193131" lon="-122.809459"/>
<trkpt lat="49.193149" lon="-122.812445"/>
</trkseg>
<trkseg>
<trkpt lat="49.193032" lon="-122.812443"/>
<trkpt lat="49.192969" lon="-122.806488"/>
<trkpt lat="49.192967" lon="-122.806269"/>
<trkpt lat="49.193071" lon="-122.804404"/>
<trkpt lat="49.193108" lon="-122.804194"/>
<trkpt lat="49.193115" lon="-122.802768"/>
<trkpt lat="49.193176" lon="-122.802673"/>
</trkseg>
<trkseg>
<trkpt lat="49.193407" lon="-122.806358"/>
<trkpt lat="49.193350" lon="-122.806362"/>
<trkpt lat="49.193053" lon="-122.806380"/>
</trkseg>
<trkseg>
<trkpt lat="49.193053" lon="-122.806380"/>
<trkpt lat="49.192818" lon="-122.806330"/>
<trkpt lat="49.192596" lon="-122.806338"/>
<trkpt lat="49.191533" lon="-122.806370"/>
<trkpt lat="49.191431" lon="-122.806369"/>
<trkpt lat="49.190925" lon="-122.806367"/>
<trkpt lat="49.190558" lon="-122.806366"/>
<trkpt lat="49.190411" lon="-122.806442"/>
</trkseg>
<trkseg>
<trkpt lat="49.190411" lon="-122.806442"/>
<trkpt lat="49.191431" lon="-122.806511"/>
<trkpt lat="49.191532" lon="-122.806502"/>
<trkpt lat="49.192104" lon="-122.806478"/>
<trkpt lat="49.192839" lon="-122.806450"/>
<trkpt lat="49.193053" lon="-122.806380"/>
</trkseg>
<trkseg>
<trkpt lat="49.193407" lon="-122.806358"/>
<trkpt lat="49.193796" lon="-122.806300"/>
<trkpt lat="49.194055" lon="-122.806343"/>
</trkseg>
<trkseg>
<trkpt lat="49.194055" lon="-122.806343"/>
<trkpt lat="49.193407" lon="-122.806358"/>
</trkseg>
<trkseg>
<trkpt lat="49.194055" lon="-122.806343"/>
<trkpt lat="49.198017" lon="-122.806212"/>
<trkpt lat="49.198740" lon="-122.806192"/>
</trkseg>
<trkseg>
<trkpt lat="49.197827" lon="-122.806223"/>
<trkpt lat="49.197887" lon="-122.811730"/>
<trkpt lat="49.197827" lon="-122.812492"/>
<trkpt lat="49.197843" lon="-122.817512"/>
<trkpt lat="49.196040" lon="-122.817537"/>
<trkpt lat="49.196080" lon="-122.823052"/>
</trkseg>
<trkseg>
<trkpt lat="49.190411" lon="-122.806442"/>
<trkpt lat="49.190388" lon="-122.806441"/>
<trkpt lat="49.189301" lon="-122.806438"/>
<trkpt lat="49.188873" lon="-122.806437"/>
</trkseg>
<trkseg>
<trkpt lat="49.188873" lon="-122.806437"/>
<trkpt lat="49.187908" lon="-122.806434"/>
</trkseg>
<trkseg>
<trkpt lat="49.187908" lon="-122.806434"/>
<trkpt lat="49.184193" lon="-122.806462"/>
<trkpt lat="49.184188" lon="-122.807316"/>
<trkpt lat="49.184185" lon="-122.807918"/>
<trkpt lat="49.184181" lon="-122.808601"/>
<trkpt lat="49.184178" lon="-122.809217"/>
<trkpt lat="49.184170" lon="-122.809729"/>
<trkpt lat="49.184164" lon="-122.811003"/>
<trkpt lat="49.184165" lon="-122.811187"/>
<trkpt lat="49.184161" lon="-122.811848"/>
</trkseg>
<trkseg>
<trkpt lat="49.184161" lon="-122.811848"/>
<trkpt lat="49.184084" lon="-122.811890"/>
</trkseg>
<trkseg>
<trkpt lat="49.184161" lon="-122.811848"/>
<trkpt lat="49.184238" lon="-122.811885"/>
</trkseg>
<trkseg>
<trkpt lat="49.187908" lon="-122.806434"/>
<trkpt lat="49.188409" lon="-122.806384"/>
<trkpt lat="49.188873" lon="-122.806437"/>
</trkseg>
<trkseg>
<trkpt lat="49.190494" lon="-122.795321"/>
<trkpt lat="49.191014" lon="-122.795297"/>
<trkpt lat="49.191482" lon="-122.795293"/>
<trkpt lat="49.191571" lon="-122.795293"/>
<trkpt lat="49.192731" lon="-122.795290"/>
<trkpt lat="49.193351" lon="-122.795321"/>
</trkseg>
<trkseg>
<trkpt lat="49.193351" lon="-122.795321"/>
<trkpt lat="49.192394" lon="-122.795395"/>
<trkpt lat="49.192201" lon="-122.795386"/>
<trkpt lat="49.191568" lon="-122.795383"/>
<trkpt lat="49.191481" lon="-122.795381"/>
<trkpt lat="49.190934" lon="-122.795377"/>
<trkpt lat="49.190494" lon="-122.795321"/>
</trkseg>
<trkseg>
<trkpt lat="49.197075" lon="-122.800135"/>
<trkpt lat="49.200181" lon="-122.798268"/>
<trkpt lat="49.200866" lon="-122.798008"/>
<trkpt lat="49.201480" lon="-122.797725"/>
<trkpt lat="49.201696" lon="-122.797384"/>
<trkpt lat="49.201256" lon="-122.796936"/>
<trkpt lat="49.202029" lon="-122.797039"/>
<trkpt lat="49.202079" lon="-122.796775"/>
<trkpt lat="49.202351" lon="-122.796445"/>
<trkpt lat="49.202395" lon="-122.795536"/>
</trkseg>
<trkseg>
<trkpt lat="49.202395" lon="-122.795536"/>
<trkpt lat="49.202456" lon="-122.795441"/>
</trkseg>
<trkseg>
<trkpt lat="49.202395" lon="-122.795536"/>
<trkpt lat="49.202360" lon="-122.795399"/>
</trkseg>
<trkseg>
<trkpt lat="49.197147" lon="-122.778648"/>
<trkpt lat="49.198842" lon="-122.778680"/>
<trkpt lat="49.198773" lon="-122.778713"/>
<trkpt lat="49.197448" lon="-122.778699"/>
<trkpt lat="49.197147" lon="-122.778648"/>
</trkseg>
<trkseg>
<trkpt lat="49.197147" lon="-122.778648"/>
<trkpt lat="49.196988" lon="-122.778647"/>
<trkpt lat="49.195280" lon="-122.778622"/>
</trkseg>
<trkseg>
<trkpt lat="49.195280" lon="-122.778622"/>
<trkpt lat="49.194716" lon="-122.778451"/>
<trkpt lat="49.193959" lon="-122.777529"/>
<trkpt lat="49.193722" lon="-122.777381"/>
<trkpt lat="49.193381" lon="-122.777305"/>
<trkpt lat="49.193305" lon="-122.777313"/>
</trkseg>
<trkseg>
<trkpt lat="49.193305" lon="-122.777313"/>
<trkpt lat="49.192426" lon="-122.777724"/>
<trkpt lat="49.191846" lon="-122.778067"/>
<trkpt lat="49.191659" lon="-122.778163"/>
<trkpt lat="49.191457" lon="-122.778261"/>
<trkpt lat="49.191212" lon="-122.778359"/>
<trkpt lat="49.190875" lon="-122.778458"/>
<trkpt lat="49.190636" lon="-122.778536"/>
<trkpt lat="49.190030" lon="-122.778619"/>
<trkpt lat="49.189336" lon="-122.778668"/>
</trkseg>
<trkseg>
<trkpt lat="49.189336" lon="-122.778668"/>
<trkpt lat="49.184353" lon="-122.778681"/>
<trkpt lat="49.177690" lon="-122.778910"/>
<trkpt lat="49.176959" lon="-122.778937"/>
<trkpt lat="49.176862" lon="-122.778940"/>
<trkpt lat="49.176332" lon="-122.778943"/>
<trkpt lat="49.175387" lon="-122.778891"/>
</trkseg>
<trkseg>
<trkpt lat="49.175387" lon="-122.778891"/>
<trkpt lat="49.175640" lon="-122.778845"/>
<trkpt lat="49.176003" lon="-122.778828"/>
<trkpt lat="49.176281" lon="-122.778811"/>
<trkpt lat="49.176861" lon="-122.778812"/>
<trkpt lat="49.176959" lon="-122.778808"/>
<trkpt lat="49.179905" lon="-122.778678"/>
<trkpt lat="49.180602" lon="-122.778662"/>
<trkpt lat="49.182110" lon="-122.778614"/>
<trkpt lat="49.182523" lon="-122.778596"/>
<trkpt lat="49.183729" lon="-122.778559"/>
<trkpt lat="49.184351" lon="-122.778546"/>
<trkpt lat="49.186457" lon="-122.778535"/>
<trkpt lat="49.187067" lon="-122.778593"/>
<trkpt lat="49.189331" lon="-122.778517"/>
</trkseg>
<trkseg>
<trkpt lat="49.189331" lon="-122.778517"/>
<trkpt lat="49.189336" lon="-122.778668"/>
</trkseg>
<trkseg>
<trkpt lat="49.189331" lon="-122.778517"/>
<trkpt lat="49.190117" lon="-122.778455"/>
<trkpt lat="49.190415" lon="-122.778413"/>
<trkpt lat="49.190820" lon="-122.778328"/>
<trkpt lat="49.191037" lon="-122.778256"/>
<trkpt lat="49.191808" lon="-122.777915"/>
<trkpt lat="49.192387" lon="-122.777575"/>
<trkpt lat="49.192789" lon="-122.777322"/>
<trkpt lat="49.193011" lon="-122.777207"/>
</trkseg>
<trkseg>
<trkpt lat="49.193011" lon="-122.777207"/>
<trkpt lat="49.193282" lon="-122.776626"/>
<trkpt lat="49.193298" lon="-122.777151"/>
</trkseg>
<trkseg>
<trkpt lat="49.193298" lon="-122.777151"/>
<trkpt lat="49.193305" lon="-122.777313"/>
</trkseg>
<trkseg>
<trkpt lat="49.193298" lon="-122.777151"/>
<trkpt lat="49.193371" lon="-122.777147"/>
<trkpt lat="49.193683" lon="-122.777211"/>
</trkseg>
<trkseg>
<trkpt lat="49.193683" lon="-122.777211"/>
<trkpt lat="49.194105" lon="-122.777485"/>
<trkpt lat="49.194548" lon="-122.778091"/>
<trkpt lat="49.195280" lon="-122.778622"/>
</trkseg>
<trkseg>
<trkpt lat="49.193683" lon="-122.777211"/>
<trkpt lat="49.193350" lon="-122.776592"/>
</trkseg>
<trkseg>
<trkpt lat="49.193298" lon="-122.777151"/>
<trkpt lat="49.193011" lon="-122.777207"/>
</trkseg>
<trkseg>
<trkpt lat="49.189331" lon="-122.778517"/>
<trkpt lat="49.189328" lon="-122.775638"/>
<trkpt lat="49.188932" lon="-122.775195"/>
<trkpt lat="49.187759" lon="-122.775202"/>
<trkpt lat="49.187717" lon="-122.763194"/>
<trkpt lat="49.187650" lon="-122.761118"/>
<trkpt lat="49.186417" lon="-122.756665"/>
<trkpt lat="49.177649" lon="-122.756570"/>
<trkpt lat="49.177085" lon="-122.756589"/>
</trkseg>
<trkseg>
<trkpt lat="49.162852" lon="-122.756605"/>
<trkpt lat="49.162851" lon="-122.757680"/>
<trkpt lat="49.162787" lon="-122.772466"/>
<trkpt lat="49.162787" lon="-122.773226"/>
<trkpt lat="49.162789" lon="-122.773486"/>
<trkpt lat="49.162788" lon="-122.773858"/>
<trkpt lat="49.162787" lon="-122.774090"/>
<trkpt lat="49.162786" lon="-122.774640"/>
<trkpt lat="49.162781" lon="-122.775171"/>
<trkpt lat="49.162777" lon="-122.776013"/>
</trkseg>
<trkseg>
<trkpt lat="49.162777" lon="-122.776013"/>
<trkpt lat="49.162795" lon="-122.777687"/>
<trkpt lat="49.162753" lon="-122.778861"/>
</trkseg>
<trkseg>
<trkpt lat="49.162753" lon="-122.778861"/>
<trkpt lat="49.162751" lon="-122.779290"/>
<trkpt lat="49.162751" lon="-122.779675"/>
<trkpt lat="49.162781" lon="-122.785721"/>
<trkpt lat="49.162783" lon="-122.786135"/>
<trkpt lat="49.162799" lon="-122.789623"/>
<trkpt lat="49.162801" lon="-122.790180"/>
</trkseg>
<trkseg>
<trkpt lat="49.155501" lon="-122.790129"/>
<trkpt lat="49.155498" lon="-122.789898"/>
<trkpt lat="49.155498" lon="-122.789445"/>
<trkpt lat="49.155498" lon="-122.789318"/>
<trkpt lat="49.155488" lon="-122.785506"/>
<trkpt lat="49.155487" lon="-122.785304"/>
<trkpt lat="49.155485" lon="-122.784755"/>
<trkpt lat="49.155483" lon="-122.784471"/>
</trkseg>
<trkseg>
<trkpt lat="49.155483" lon="-122.784471"/>
<trkpt lat="49.155510" lon="-122.783880"/>
<trkpt lat="49.155511" lon="-122.783553"/>
<trkpt lat="49.155512" lon="-122.781433"/>
<trkpt lat="49.155516" lon="-122.780821"/>
<trkpt lat="49.155509" lon="-122.778879"/>
</trkseg>
<trkseg>
<trkpt lat="49.155509" lon="-122.778879"/>
<trkpt lat="49.155754" lon="-122.778886"/>
<trkpt lat="49.155987" lon="-122.778885"/>
<trkpt lat="49.156445" lon="-122.778889"/>
<trkpt lat="49.156503" lon="-122.778889"/>
<trkpt lat="49.156555" lon="-122.778892"/>
</trkseg>
<trkseg>
<trkpt lat="49.156555" lon="-122.778892"/>
<trkpt lat="49.157039" lon="-122.778841"/>
<trkpt lat="49.157278" lon="-122.778842"/>
<trkpt lat="49.157384" lon="-122.778836"/>
<trkpt lat="49.157831" lon="-122.778809"/>
<trkpt lat="49.158064" lon="-122.778866"/>
</trkseg>
<trkseg>
<trkpt lat="49.158064" lon="-122.778866"/>
<trkpt lat="49.158003" lon="-122.778915"/>
<trkpt lat="49.157656" lon="-122.778916"/>
<trkpt lat="49.157417" lon="-122.778922"/>
<trkpt lat="49.157315" lon="-122.778929"/>
<trkpt lat="49.156555" lon="-122.778892"/>
</trkseg>
<trkseg>
<trkpt lat="49.155509" lon="-122.778879"/>
<trkpt lat="49.155422" lon="-122.778873"/>
</trkseg>
<trkseg>
<trkpt lat="49.155422" lon="-122.778873"/>
<trkpt lat="49.155420" lon="-122.779834"/>
<trkpt lat="49.155483" lon="-122.784471"/>
</trkseg>
<trkseg>
<trkpt lat="49.155509" lon="-122.778879"/>
<trkpt lat="49.155500" lon="-122.778172"/>
<trkpt lat="49.155511" lon="-122.775386"/>
<trkpt lat="49.155739" lon="-122.774873"/>
<trkpt lat="49.155819" lon="-122.774801"/>
</trkseg>
<trkseg>
<trkpt lat="49.155779" lon="-122.774700"/>
<trkpt lat="49.155699" lon="-122.774773"/>
<trkpt lat="49.155443" lon="-122.775358"/>
<trkpt lat="49.155422" lon="-122.778873"/>
</trkseg>
<trkseg>
<trkpt lat="49.155422" lon="-122.778873"/>
<trkpt lat="49.154931" lon="-122.778870"/>
<trkpt lat="49.152459" lon="-122.778869"/>
<trkpt lat="49.152222" lon="-122.778870"/>
</trkseg>
<trkseg>
<trkpt lat="49.152222" lon="-122.778870"/>
<trkpt lat="49.151900" lon="-122.778966"/>
</trkseg>
<trkseg>
<trkpt lat="49.151766" lon="-122.778950"/>
<trkpt lat="49.151449" lon="-122.778846"/>
</trkseg>
<trkseg>
<trkpt lat="49.151449" lon="-122.778846"/>
<trkpt lat="49.148253" lon="-122.778858"/>
</trkseg>
<trkseg>
<trkpt lat="49.151449" lon="-122.778846"/>
<trkpt lat="49.151778" lon="-122.778740"/>
</trkseg>
<trkseg>
<trkpt lat="49.151745" lon="-122.778818"/>
<trkpt lat="49.151932" lon="-122.778884"/>
<trkpt lat="49.151745" lon="-122.778818"/>
</trkseg>
<trkseg>
<trkpt lat="49.151906" lon="-122.778749"/>
<trkpt lat="49.152222" lon="-122.778870"/>
</trkseg>
<trkseg>
<trkpt lat="49.158064" lon="-122.778866"/>
<trkpt lat="49.158347" lon="-122.778880"/>
<trkpt lat="49.162191" lon="-122.778860"/>
<trkpt lat="49.162344" lon="-122.778860"/>
<trkpt lat="49.162646" lon="-122.778861"/>
<trkpt lat="49.162753" lon="-122.778861"/>
</trkseg>
<trkseg>
<trkpt lat="49.162753" lon="-122.778861"/>
<trkpt lat="49.162950" lon="-122.778862"/>
<trkpt lat="49.163270" lon="-122.778862"/>
<trkpt lat="49.163333" lon="-122.778862"/>
<trkpt lat="49.163741" lon="-122.778863"/>
<trkpt lat="49.164238" lon="-122.778863"/>
<trkpt lat="49.165070" lon="-122.778863"/>
<trkpt lat="49.165557" lon="-122.778863"/>
<trkpt lat="49.166453" lon="-122.778864"/>
<trkpt lat="49.168268" lon="-122.778865"/>
<trkpt lat="49.168349" lon="-122.778865"/>
<trkpt lat="49.168761" lon="-122.778864"/>
<trkpt lat="49.169499" lon="-122.778864"/>
<trkpt lat="49.170085" lon="-122.778866"/>
<trkpt lat="49.170443" lon="-122.778868"/>
<trkpt lat="49.170660" lon="-122.778869"/>
<trkpt lat="49.172599" lon="-122.778878"/>
<trkpt lat="49.172900" lon="-122.778880"/>
<trkpt lat="49.173278" lon="-122.778882"/>
<trkpt lat="49.175387" lon="-122.778891"/>
</trkseg>
<trkseg>
<trkpt lat="49.162753" lon="-122.778861"/>
<trkpt lat="49.162717" lon="-122.778260"/>
<trkpt lat="49.162735" lon="-122.777257"/>
<trkpt lat="49.162777" lon="-122.776013"/>
</trkseg>
<trkseg>
<trkpt lat="49.152645" lon="-122.767753"/>
<trkpt lat="49.148224" lon="-122.767684"/>
</trkseg>
<trkseg>
<trkpt lat="49.148247" lon="-122.790094"/>
<trkpt lat="49.147037" lon="-122.790080"/>
<trkpt lat="49.145481" lon="-122.790067"/>
<trkpt lat="49.144724" lon="-122.790055"/>
<trkpt lat="49.143111" lon="-122.790062"/>
<trkpt lat="49.139896" lon="-122.790087"/>
</trkseg>
<trkseg>
<trkpt lat="49.151362" lon="-122.790129"/>
<trkpt lat="49.151811" lon="-122.789970"/>
</trkseg>
<trkseg>
<trkpt lat="49.151937" lon="-122.789989"/>
<trkpt lat="49.152406" lon="-122.790130"/>
</trkseg>
<trkseg>
<trkpt lat="49.151933" lon="-122.790205"/>
<trkpt lat="49.151795" lon="-122.789991"/>
<trkpt lat="49.151933" lon="-122.790205"/>
</trkseg>
<trkseg>
<trkpt lat="49.126362" lon="-122.800954"/>
<trkpt lat="49.125782" lon="-122.800953"/>
<trkpt lat="49.123520" lon="-122.800949"/>
<trkpt lat="49.123084" lon="-122.800947"/>
<trkpt lat="49.122333" lon="-122.801029"/>
</trkseg>
<trkseg>
<trkpt lat="49.122333" lon="-122.801029"/>
<trkpt lat="49.123519" lon="-122.801093"/>
<trkpt lat="49.124044" lon="-122.801094"/>
<trkpt lat="49.124724" lon="-122.801099"/>
<trkpt lat="49.125434" lon="-122.801099"/>
<trkpt lat="49.126362" lon="-122.801103"/>
</trkseg>
<trkseg>
<trkpt lat="49.122333" lon="-122.801029"/>
<trkpt lat="49.120950" lon="-122.801022"/>
</trkseg>
<trkseg>
<trkpt lat="49.120950" lon="-122.801022"/>
<trkpt lat="49.120326" lon="-122.801092"/>
<trkpt lat="49.119075" lon="-122.801083"/>
<trkpt lat="49.118691" lon="-122.801081"/>
<trkpt lat="49.118342" lon="-122.801078"/>
<trkpt lat="49.117538" lon="-122.801072"/>
<trkpt lat="49.117124" lon="-122.801065"/>
<trkpt lat="49.116794" lon="-122.801068"/>
<trkpt lat="49.114560" lon="-122.801077"/>
<trkpt lat="49.114361" lon="-122.801075"/>
<trkpt lat="49.113953" lon="-122.801072"/>
<trkpt lat="49.112142" lon="-122.801059"/>
<trkpt lat="49.111720" lon="-122.801056"/>
</trkseg>
<trkseg>
<trkpt lat="49.111720" lon="-122.800913"/>
<trkpt lat="49.111948" lon="-122.800915"/>
<trkpt lat="49.112325" lon="-122.800917"/>
<trkpt lat="49.114027" lon="-122.800928"/>
<trkpt lat="49.114558" lon="-122.800932"/>
<trkpt lat="49.116674" lon="-122.800941"/>
<trkpt lat="49.118063" lon="-122.800930"/>
<trkpt lat="49.118430" lon="-122.800927"/>
<trkpt lat="49.119075" lon="-122.800932"/>
<trkpt lat="49.119297" lon="-122.800933"/>
<trkpt lat="49.119637" lon="-122.800936"/>
<trkpt lat="49.120950" lon="-122.801022"/>
</trkseg>
<trkseg>
<trkpt lat="49.134617" lon="-122.838690"/>
<trkpt lat="49.136784" lon="-122.838676"/>
<trkpt lat="49.137244" lon="-122.838679"/>
</trkseg>
<trkseg>
<trkpt lat="49.137244" lon="-122.838679"/>
<trkpt lat="49.137236" lon="-122.839647"/>
<trkpt lat="49.137234" lon="-122.839866"/>
<trkpt lat="49.137210" lon="-122.842830"/>
<trkpt lat="49.137198" lon="-122.844165"/>
</trkseg>
<trkseg>
<trkpt lat="49.137198" lon="-122.844165"/>
<trkpt lat="49.137220" lon="-122.845270"/>
<trkpt lat="49.137217" lon="-122.845554"/>
<trkpt lat="49.137216" lon="-122.845721"/>
</trkseg>
<trkseg>
<trkpt lat="49.137157" lon="-122.845720"/>
<trkpt lat="49.137158" lon="-122.845553"/>
<trkpt lat="49.137162" lon="-122.845221"/>
<trkpt lat="49.137165" lon="-122.844827"/>
</trkseg>
<trkseg>
<trkpt lat="49.137165" lon="-122.844827"/>
<trkpt lat="49.137111" lon="-122.845377"/>
</trkseg>
<trkseg>
<trkpt lat="49.137165" lon="-122.844827"/>
<trkpt lat="49.137198" lon="-122.844165"/>
</trkseg>
<trkseg>
<trkpt lat="49.137244" lon="-122.838679"/>
<trkpt lat="49.137781" lon="-122.838808"/>
<trkpt lat="49.138291" lon="-122.839471"/>
<trkpt lat="49.139165" lon="-122.840070"/>
<trkpt lat="49.139554" lon="-122.840072"/>
<trkpt lat="49.139980" lon="-122.840099"/>
<trkpt lat="49.140175" lon="-122.840190"/>
<trkpt lat="49.140263" lon="-122.840250"/>
<trkpt lat="49.140755" lon="-122.841054"/>
</trkseg>
<trkseg>
<trkpt lat="49.140755" lon="-122.841054"/>
<trkpt lat="49.140892" lon="-122.841567"/>
<trkpt lat="49.140884" lon="-122.843175"/>
<trkpt lat="49.140882" lon="-122.843560"/>
<trkpt lat="49.140880" lon="-122.844011"/>
<trkpt lat="49.140879" lon="-122.844090"/>
<trkpt lat="49.140878" lon="-122.844791"/>
<trkpt lat="49.140878" lon="-122.845586"/>
<trkpt lat="49.140879" lon="-122.845719"/>
<trkpt lat="49.140888" lon="-122.846466"/>
<trkpt lat="49.140890" lon="-122.846961"/>
<trkpt lat="49.140855" lon="-122.847064"/>
</trkseg>
<trkseg>
<trkpt lat="49.140855" lon="-122.847064"/>
<trkpt lat="49.140858" lon="-122.847216"/>
<trkpt lat="49.140859" lon="-122.847375"/>
<trkpt lat="49.140861" lon="-122.847517"/>
<trkpt lat="49.140871" lon="-122.848433"/>
<trkpt lat="49.140876" lon="-122.848905"/>
<trkpt lat="49.140881" lon="-122.849324"/>
<trkpt lat="49.140884" lon="-122.849561"/>
<trkpt lat="49.140890" lon="-122.850250"/>
<trkpt lat="49.140892" lon="-122.850559"/>
<trkpt lat="49.140895" lon="-122.850883"/>
<trkpt lat="49.140898" lon="-122.851207"/>
<trkpt lat="49.140906" lon="-122.852078"/>
<trkpt lat="49.140907" lon="-122.852184"/>
<trkpt lat="49.140909" lon="-122.852352"/>
<trkpt lat="49.140935" lon="-122.855399"/>
<trkpt lat="49.140945" lon="-122.856775"/>
<trkpt lat="49.140951" lon="-122.857658"/>
<trkpt lat="49.140955" lon="-122.858194"/>
<trkpt lat="49.140955" lon="-122.858505"/>
<trkpt lat="49.141022" lon="-122.866532"/>
<trkpt lat="49.141025" lon="-122.867199"/>
<trkpt lat="49.141031" lon="-122.867916"/>
<trkpt lat="49.141033" lon="-122.869035"/>
<trkpt lat="49.141024" lon="-122.872591"/>
<trkpt lat="49.140789" lon="-122.873515"/>
<trkpt lat="49.139946" lon="-122.874561"/>
<trkpt lat="49.139622" lon="-122.874852"/>
<trkpt lat="49.139272" lon="-122.875915"/>
<trkpt lat="49.139285" lon="-122.879066"/>
<trkpt lat="49.139419" lon="-122.885723"/>
<trkpt lat="49.139550" lon="-122.886872"/>
<trkpt lat="49.140095" lon="-122.887978"/>
<trkpt lat="49.140177" lon="-122.890247"/>
</trkseg>
<trkseg>
<trkpt lat="49.133972" lon="-122.884819"/>
<trkpt lat="49.130596" lon="-122.884904"/>
<trkpt lat="49.130270" lon="-122.885161"/>
<trkpt lat="49.130091" lon="-122.887633"/>
<trkpt lat="49.130333" lon="-122.889796"/>
<trkpt lat="49.130342" lon="-122.890371"/>
</trkseg>
<trkseg>
<trkpt lat="49.126630" lon="-122.867890"/>
<trkpt lat="49.126627" lon="-122.867748"/>
<trkpt lat="49.126584" lon="-122.867606"/>
<trkpt lat="49.126573" lon="-122.866670"/>
<trkpt lat="49.126419" lon="-122.857347"/>
<trkpt lat="49.126407" lon="-122.856626"/>
<trkpt lat="49.126396" lon="-122.855897"/>
<trkpt lat="49.126389" lon="-122.855495"/>
<trkpt lat="49.126244" lon="-122.846354"/>
<trkpt lat="49.126238" lon="-122.845610"/>
</trkseg>
<trkseg>
<trkpt lat="49.131730" lon="-122.856694"/>
<trkpt lat="49.132535" lon="-122.856707"/>
</trkseg>
<trkseg>
<trkpt lat="49.140855" lon="-122.847064"/>
<trkpt lat="49.140798" lon="-122.846347"/>
<trkpt lat="49.140792" lon="-122.845719"/>
<trkpt lat="49.140794" lon="-122.845585"/>
<trkpt lat="49.140792" lon="-122.844971"/>
<trkpt lat="49.140790" lon="-122.843831"/>
<trkpt lat="49.140792" lon="-122.843350"/>
<trkpt lat="49.140797" lon="-122.842487"/>
<trkpt lat="49.140803" lon="-122.841799"/>
<trkpt lat="49.140755" lon="-122.841054"/>
</trkseg>
<trkseg>
<trkpt lat="49.148153" lon="-122.845625"/>
<trkpt lat="49.148153" lon="-122.845794"/>
<trkpt lat="49.148152" lon="-122.846104"/>
<trkpt lat="49.148152" lon="-122.846237"/>
<trkpt lat="49.148175" lon="-122.855297"/>
<trkpt lat="49.148176" lon="-122.855677"/>
</trkseg>
<trkseg>
<trkpt lat="49.148176" lon="-122.855677"/>
<trkpt lat="49.148179" lon="-122.856831"/>
</trkseg>
<trkseg>
<trkpt lat="49.148179" lon="-122.856831"/>
<trkpt lat="49.148224" lon="-122.858470"/>
<trkpt lat="49.148224" lon="-122.858615"/>
<trkpt lat="49.148261" lon="-122.861809"/>
<trkpt lat="49.148263" lon="-122.862615"/>
<trkpt lat="49.148260" lon="-122.864317"/>
<trkpt lat="49.148270" lon="-122.864350"/>
<trkpt lat="49.148281" lon="-122.864528"/>
<trkpt lat="49.148323" lon="-122.865231"/>
<trkpt lat="49.148322" lon="-122.865420"/>
<trkpt lat="49.148322" lon="-122.865492"/>
<trkpt lat="49.148288" lon="-122.865569"/>
<trkpt lat="49.148272" lon="-122.866101"/>
<trkpt lat="49.148272" lon="-122.866274"/>
<trkpt lat="49.148288" lon="-122.867817"/>
<trkpt lat="49.148271" lon="-122.868160"/>
<trkpt lat="49.148275" lon="-122.868689"/>
<trkpt lat="49.148277" lon="-122.868811"/>
<trkpt lat="49.148327" lon="-122.872887"/>
<trkpt lat="49.148333" lon="-122.873120"/>
<trkpt lat="49.148473" lon="-122.878943"/>
<trkpt lat="49.148479" lon="-122.879237"/>
<trkpt lat="49.148507" lon="-122.881419"/>
<trkpt lat="49.148509" lon="-122.881531"/>
<trkpt lat="49.148540" lon="-122.883137"/>
<trkpt lat="49.148546" lon="-122.883321"/>
<trkpt lat="49.148627" lon="-122.886602"/>
<trkpt lat="49.148632" lon="-122.886795"/>
<trkpt lat="49.148641" lon="-122.888029"/>
<trkpt lat="49.148651" lon="-122.888257"/>
<trkpt lat="49.148660" lon="-122.888948"/>
<trkpt lat="49.148661" lon="-122.889052"/>
<trkpt lat="49.148668" lon="-122.889521"/>
<trkpt lat="49.148670" lon="-122.889670"/>
<trkpt lat="49.148704" lon="-122.890155"/>
</trkseg>
<trkseg>
<trkpt lat="49.148539" lon="-122.890280"/>
<trkpt lat="49.148470" lon="-122.889651"/>
<trkpt lat="49.148468" lon="-122.889533"/>
<trkpt lat="49.148458" lon="-122.888997"/>
<trkpt lat="49.148454" lon="-122.888763"/>
<trkpt lat="49.148440" lon="-122.888230"/>
<trkpt lat="49.148428" lon="-122.887996"/>
<trkpt lat="49.148379" lon="-122.884744"/>
<trkpt lat="49.148383" lon="-122.884570"/>
</trkseg>
<trkseg>
<trkpt lat="49.148379" lon="-122.884559"/>
<trkpt lat="49.148382" lon="-122.883335"/>
<trkpt lat="49.148383" lon="-122.883141"/>
<trkpt lat="49.148366" lon="-122.881953"/>
<trkpt lat="49.148361" lon="-122.881725"/>
<trkpt lat="49.148335" lon="-122.880614"/>
<trkpt lat="49.148330" lon="-122.880374"/>
<trkpt lat="49.148301" lon="-122.879256"/>
<trkpt lat="49.148300" lon="-122.878970"/>
<trkpt lat="49.148232" lon="-122.875708"/>
<trkpt lat="49.148225" lon="-122.875454"/>
<trkpt lat="49.148170" lon="-122.873148"/>
<trkpt lat="49.148157" lon="-122.872232"/>
<trkpt lat="49.148152" lon="-122.872053"/>
<trkpt lat="49.148134" lon="-122.870880"/>
<trkpt lat="49.148131" lon="-122.870737"/>
<trkpt lat="49.148121" lon="-122.870234"/>
<trkpt lat="49.148115" lon="-122.869977"/>
<trkpt lat="49.148113" lon="-122.869847"/>
<trkpt lat="49.148058" lon="-122.868144"/>
<trkpt lat="49.148053" lon="-122.867831"/>
</trkseg>
<trkseg>
<trkpt lat="49.148053" lon="-122.867831"/>
<trkpt lat="49.148065" lon="-122.866558"/>
</trkseg>
<trkseg>
<trkpt lat="49.148065" lon="-122.866558"/>
<trkpt lat="49.148053" lon="-122.867831"/>
</trkseg>
<trkseg>
<trkpt lat="49.148065" lon="-122.866558"/>
<trkpt lat="49.148066" lon="-122.866350"/>
<trkpt lat="49.148068" lon="-122.864587"/>
<trkpt lat="49.148062" lon="-122.864476"/>
<trkpt lat="49.148088" lon="-122.862525"/>
<trkpt lat="49.148088" lon="-122.861931"/>
<trkpt lat="49.148136" lon="-122.858622"/>
<trkpt lat="49.148138" lon="-122.858065"/>
<trkpt lat="49.148179" lon="-122.856831"/>
</trkseg>
<trkseg>
<trkpt lat="49.148179" lon="-122.856831"/>
<trkpt lat="49.148176" lon="-122.855677"/>
</trkseg>
<trkseg>
<trkpt lat="49.150335" lon="-122.867915"/>
<trkpt lat="49.150336" lon="-122.868082"/>
<trkpt lat="49.150343" lon="-122.868439"/>
<trkpt lat="49.151811" lon="-122.870159"/>
<trkpt lat="49.151879" lon="-122.870914"/>
<trkpt lat="49.152047" lon="-122.879113"/>
<trkpt lat="49.152243" lon="-122.888540"/>
<trkpt lat="49.152255" lon="-122.889433"/>
<trkpt lat="49.152267" lon="-122.890290"/>
</trkseg>
<trkseg>
<trkpt lat="49.155356" lon="-122.870737"/>
<trkpt lat="49.155258" lon="-122.868171"/>
</trkseg>
<trkseg>
<trkpt lat="49.164646" lon="-122.873550"/>
<trkpt lat="49.177127" lon="-122.873595"/>
</trkseg>
<trkseg>
<trkpt lat="49.177224" lon="-122.873576"/>
<trkpt lat="49.180827" lon="-122.873381"/>
<trkpt lat="49.180821" lon="-122.874711"/>
<trkpt lat="49.181064" lon="-122.876124"/>
<trkpt lat="49.181673" lon="-122.876873"/>
<trkpt lat="49.181735" lon="-122.877642"/>
<trkpt lat="49.182510" lon="-122.877604"/>
</trkseg>
<trkseg>
<trkpt lat="49.170801" lon="-122.867306"/>
<trkpt lat="49.170344" lon="-122.867290"/>
<trkpt lat="49.170304" lon="-122.867846"/>
<trkpt lat="49.169863" lon="-122.867894"/>
<trkpt lat="49.169871" lon="-122.868168"/>
</trkseg>
<trkseg>
<trkpt lat="49.164736" lon="-122.873516"/>
<trkpt lat="49.164736" lon="-122.873663"/>
<trkpt lat="49.164703" lon="-122.873723"/>
<trkpt lat="49.164654" lon="-122.873723"/>
</trkseg>
<trkseg>
<trkpt lat="49.184245" lon="-122.852015"/>
<trkpt lat="49.184306" lon="-122.851951"/>
<trkpt lat="49.185869" lon="-122.851705"/>
</trkseg>
<trkseg>
<trkpt lat="49.185869" lon="-122.851705"/>
<trkpt lat="49.185958" lon="-122.851660"/>
</trkseg>
<trkseg>
<trkpt lat="49.185958" lon="-122.851660"/>
<trkpt lat="49.186065" lon="-122.851641"/>
<trkpt lat="49.186090" lon="-122.851712"/>
<trkpt lat="49.187297" lon="-122.851382"/>
<trkpt lat="49.188133" lon="-122.850465"/>
<trkpt lat="49.188510" lon="-122.850014"/>
<trkpt lat="49.188802" lon="-122.849841"/>
<trkpt lat="49.189018" lon="-122.849800"/>
<trkpt lat="49.190083" lon="-122.849773"/>
<trkpt lat="49.190103" lon="-122.849773"/>
<trkpt lat="49.190163" lon="-122.849771"/>
<trkpt lat="49.190225" lon="-122.849769"/>
<trkpt lat="49.191170" lon="-122.850106"/>
<trkpt lat="49.191365" lon="-122.850265"/>
<trkpt lat="49.191530" lon="-122.850397"/>
<trkpt lat="49.191608" lon="-122.850457"/>
<trkpt lat="49.191700" lon="-122.850531"/>
<trkpt lat="49.192331" lon="-122.850831"/>
<trkpt lat="49.194480" lon="-122.850821"/>
<trkpt lat="49.195693" lon="-122.850819"/>
<trkpt lat="49.196077" lon="-122.850812"/>
<trkpt lat="49.198327" lon="-122.850806"/>
<trkpt lat="49.198863" lon="-122.850800"/>
<trkpt lat="49.198964" lon="-122.850798"/>
<trkpt lat="49.199533" lon="-122.850786"/>
<trkpt lat="49.199647" lon="-122.850806"/>
<trkpt lat="49.199900" lon="-122.850902"/>
<trkpt lat="49.200296" lon="-122.851292"/>
<trkpt lat="49.201059" lon="-122.852210"/>
<trkpt lat="49.201868" lon="-122.852124"/>
<trkpt lat="49.202523" lon="-122.851155"/>
</trkseg>
<trkseg>
<trkpt lat="49.202584" lon="-122.851245"/>
<trkpt lat="49.201774" lon="-122.852353"/>
<trkpt lat="49.201148" lon="-122.852405"/>
<trkpt lat="49.200656" lon="-122.852018"/>
<trkpt lat="49.200143" lon="-122.851263"/>
<trkpt lat="49.199578" lon="-122.850946"/>
<trkpt lat="49.198966" lon="-122.850949"/>
<trkpt lat="49.198865" lon="-122.850949"/>
<trkpt lat="49.197977" lon="-122.850956"/>
<trkpt lat="49.197412" lon="-122.850960"/>
<trkpt lat="49.195142" lon="-122.850974"/>
<trkpt lat="49.194481" lon="-122.850978"/>
<trkpt lat="49.193676" lon="-122.850982"/>
<trkpt lat="49.193152" lon="-122.850980"/>
<trkpt lat="49.192294" lon="-122.850977"/>
<trkpt lat="49.191960" lon="-122.850879"/>
<trkpt lat="49.191749" lon="-122.850740"/>
<trkpt lat="49.191656" lon="-122.850667"/>
<trkpt lat="49.191529" lon="-122.850557"/>
<trkpt lat="49.190734" lon="-122.849972"/>
<trkpt lat="49.190197" lon="-122.849911"/>
<trkpt lat="49.190050" lon="-122.850031"/>
<trkpt lat="49.188883" lon="-122.849975"/>
<trkpt lat="49.188555" lon="-122.850144"/>
<trkpt lat="49.188110" lon="-122.850733"/>
<trkpt lat="49.187783" lon="-122.851163"/>
<trkpt lat="49.187270" lon="-122.851567"/>
<trkpt lat="49.187084" lon="-122.851647"/>
<trkpt lat="49.186140" lon="-122.851856"/>
<trkpt lat="49.186032" lon="-122.851876"/>
<trkpt lat="49.185981" lon="-122.851730"/>
<trkpt lat="49.185958" lon="-122.851660"/>
</trkseg>
<trkseg>
<trkpt lat="49.185869" lon="-122.851705"/>
<trkpt lat="49.185733" lon="-122.851340"/>
<trkpt lat="49.185500" lon="-122.850609"/>
<trkpt lat="49.184747" lon="-122.848715"/>
<trkpt lat="49.184273" lon="-122.847414"/>
<trkpt lat="49.184242" lon="-122.847255"/>
<trkpt lat="49.184137" lon="-122.847155"/>
<trkpt lat="49.184153" lon="-122.846594"/>
<trkpt lat="49.184154" lon="-122.846038"/>
<trkpt lat="49.184153" lon="-122.845763"/>
</trkseg>
<trkseg>
<trkpt lat="49.191514" lon="-122.767456"/>
<trkpt lat="49.192782" lon="-122.767486"/>
<trkpt lat="49.193702" lon="-122.767111"/>
<trkpt lat="49.195834" lon="-122.767490"/>
<trkpt lat="49.198845" lon="-122.767518"/>
</trkseg>
<trkseg>
<trkpt lat="49.045755" lon="-122.771171"/>
<trkpt lat="49.045709" lon="-122.771171"/>
<trkpt lat="49.045505" lon="-122.771266"/>
<trkpt lat="49.045431" lon="-122.771263"/>
</trkseg>
<trkseg>
<trkpt lat="49.045432" lon="-122.771173"/>
<trkpt lat="49.044726" lon="-122.771227"/>
<trkpt lat="49.044661" lon="-122.771234"/>
<trkpt lat="49.043817" lon="-122.771254"/>
<trkpt lat="49.043759" lon="-122.771252"/>
<trkpt lat="49.043708" lon="-122.771251"/>
<trkpt lat="49.043651" lon="-122.771251"/>
<trkpt lat="49.042087" lon="-122.771216"/>
</trkseg>
</trk>
</gpx>