<?xml version="1.0" encoding="UTF-8"?>
<gpx version="1.1" creator="We Welcome Cyclists (bccycletourism.ca)" xmlns="http://www.topografix.com/GPX/1/1">
<metadata>
<name>Trans Canada Trail</name>
<link href="https://bccycletourism.ca/trail/trans-canada-trail/"><text>We Welcome Cyclists</text></link>
</metadata>
<wpt lat="49.309860" lon="-123.083615">
<name>Seabus</name>
<cmt>transit</cmt>
<desc>Bus / Public Transit</desc>
<sym>Dot</sym>
<type>transport</type>
</wpt>
<wpt lat="48.462500" lon="-123.575373">
<name>Goldstream Suspension Bridge</name>
<cmt>viewpoint</cmt>
<desc>Activity / Experience</desc>
<sym>Dot</sym>
<type>overlook</type>
</wpt>
<wpt lat="48.423001" lon="-123.368906">
<name>Songhees Tours</name>
<cmt>viewpoint</cmt>
<desc>Activity / Experience</desc>
<sym>Dot</sym>
<type>overlook</type>
</wpt>
<wpt lat="48.426432" lon="-123.370289">
<name>Dosa Paragon</name>
<cmt>food</cmt>
<desc>Restaurant</desc>
<sym>Dot</sym>
<type>food</type>
</wpt>
<wpt lat="48.426113" lon="-123.370225">
<name>Finn's Seafood Chops Cocktails</name>
<cmt>food</cmt>
<desc>Restaurant</desc>
<sym>Dot</sym>
<type>food</type>
</wpt>
<wpt lat="48.422925" lon="-123.368942">
<name>Tourism Victoria Visitor Centre</name>
<cmt>generic</cmt>
<desc>Visitor Centre</desc>
<sym>Dot</sym>
<type>generic</type>
</wpt>
<wpt lat="48.425682" lon="-123.369767">
<name>Darcy's Pub</name>
<cmt>bar</cmt>
<desc>Brewery / Pub</desc>
<sym>Dot</sym>
<type>food</type>
</wpt>
<wpt lat="48.425185" lon="-123.369662">
<name>The Keg</name>
<cmt>food</cmt>
<desc>Restaurant</desc>
<sym>Dot</sym>
<type>food</type>
</wpt>
<wpt lat="48.421873" lon="-123.380729">
<name>Il Covo Trattoria</name>
<cmt>food</cmt>
<desc>Restaurant</desc>
<sym>Dot</sym>
<type>food</type>
</wpt>
<wpt lat="48.425612" lon="-123.369696">
<name>SpringTide Whale Tours &amp; Charters</name>
<cmt>viewpoint</cmt>
<desc>Activity / Experience</desc>
<sym>Dot</sym>
<type>overlook</type>
</wpt>
<wpt lat="48.426106" lon="-123.369847">
<name>The Local</name>
<cmt>food</cmt>
<desc>Restaurant</desc>
<sym>Dot</sym>
<type>food</type>
</wpt>
<wpt lat="48.428726" lon="-123.370113">
<name>Bray's</name>
<cmt>food</cmt>
<desc>Restaurant</desc>
<sym>Dot</sym>
<type>food</type>
</wpt>
<wpt lat="48.426595" lon="-123.370039">
<name>The Joint Pizzeria</name>
<cmt>food</cmt>
<desc>Fast Food / Chain</desc>
<sym>Dot</sym>
<type>food</type>
</wpt>
<wpt lat="48.421667" lon="-123.376769">
<name>Nourish Kitchen &amp; Cafe</name>
<cmt>coffee</cmt>
<desc>Café / Coffee</desc>
<sym>Dot</sym>
<type>food</type>
</wpt>
<wpt lat="48.421043" lon="-123.371335">
<name>Steamship Grill &amp; Bar</name>
<cmt>food</cmt>
<desc>Restaurant</desc>
<sym>Dot</sym>
<type>food</type>
</wpt>
<wpt lat="48.426699" lon="-123.370075">
<name>Uni Modern Japanese</name>
<cmt>food</cmt>
<desc>Restaurant</desc>
<sym>Dot</sym>
<type>food</type>
</wpt>
<wpt lat="48.420787" lon="-123.368561">
<name>Emily Carr Statue</name>
<cmt>viewpoint</cmt>
<desc>Activity / Experience</desc>
<sym>Dot</sym>
<type>overlook</type>
</wpt>
<wpt lat="48.423341" lon="-123.369056">
<name>Starbucks</name>
<cmt>food</cmt>
<desc>Fast Food / Chain</desc>
<sym>Dot</sym>
<type>food</type>
</wpt>
<wpt lat="48.422728" lon="-123.368837">
<name>Milestones</name>
<cmt>food</cmt>
<desc>Restaurant</desc>
<sym>Dot</sym>
<type>food</type>
</wpt>
<wpt lat="48.428767" lon="-123.369748">
<name>Nubo Kitchen + Bar</name>
<cmt>food</cmt>
<desc>Restaurant</desc>
<sym>Dot</sym>
<type>food</type>
</wpt>
<wpt lat="48.428645" lon="-123.369479">
<name>Swans</name>
<cmt>bar</cmt>
<desc>Brewery / Pub</desc>
<sym>Dot</sym>
<type>food</type>
</wpt>
<wpt lat="48.421028" lon="-123.372775">
<name>Hotel Grand Pacific</name>
<cmt>lodging</cmt>
<desc>Hotel / Motel</desc>
<sym>Dot</sym>
<type>shelter</type>
</wpt>
<wpt lat="48.422613" lon="-123.382835">
<name>Barb's Fish &amp; Chips</name>
<cmt>food</cmt>
<desc>Restaurant</desc>
<sym>Dot</sym>
<type>food</type>
</wpt>
<wpt lat="48.423324" lon="-123.368993">
<name>KINTON RAMEN</name>
<cmt>food</cmt>
<desc>Restaurant</desc>
<sym>Dot</sym>
<type>food</type>
</wpt>
<wpt lat="48.421107" lon="-123.373139">
<name>Belleville's</name>
<cmt>food</cmt>
<desc>Restaurant</desc>
<sym>Dot</sym>
<type>food</type>
</wpt>
<wpt lat="48.432229" lon="-123.378327">
<name>Caffe Fantastico</name>
<cmt>coffee</cmt>
<desc>Café / Coffee</desc>
<sym>Dot</sym>
<type>food</type>
</wpt>
<wpt lat="48.422549" lon="-123.382587">
<name>Coco Grill</name>
<cmt>food</cmt>
<desc>Restaurant</desc>
<sym>Dot</sym>
<type>food</type>
</wpt>
<wpt lat="48.422733" lon="-123.383357">
<name>The Fish Store</name>
<cmt>food</cmt>
<desc>Restaurant</desc>
<sym>Dot</sym>
<type>food</type>
</wpt>
<wpt lat="48.420941" lon="-123.372597">
<name>Courtyard Café</name>
<cmt>coffee</cmt>
<desc>Café / Coffee</desc>
<sym>Dot</sym>
<type>food</type>
</wpt>
<wpt lat="48.422342" lon="-123.375564">
<name>Admiral Inn &amp; Suites</name>
<cmt>lodging</cmt>
<desc>Hotel / Motel</desc>
<sym>Dot</sym>
<type>shelter</type>
</wpt>
<wpt lat="48.421865" lon="-123.375256">
<name>Pendray Inn</name>
<cmt>lodging</cmt>
<desc>Hotel / Motel</desc>
<sym>Dot</sym>
<type>shelter</type>
</wpt>
<wpt lat="48.414533" lon="-123.382409">
<name>Surf Motel</name>
<cmt>lodging</cmt>
<desc>Hotel / Motel</desc>
<sym>Dot</sym>
<type>shelter</type>
</wpt>
<wpt lat="48.421764" lon="-123.375643">
<name>Huntingdon Manor</name>
<cmt>lodging</cmt>
<desc>Hotel / Motel</desc>
<sym>Dot</sym>
<type>shelter</type>
</wpt>
<wpt lat="48.424455" lon="-123.369405">
<name>Nautical Nellies Steak &amp; Seafood House</name>
<cmt>food</cmt>
<desc>Restaurant</desc>
<sym>Dot</sym>
<type>food</type>
</wpt>
<wpt lat="48.426108" lon="-123.370473">
<name>L'Authentique Poutine &amp; Burgers</name>
<cmt>food</cmt>
<desc>Fast Food / Chain</desc>
<sym>Dot</sym>
<type>food</type>
</wpt>
<wpt lat="48.426749" lon="-123.369926">
<name>Fiamo Pizza &amp; Wine Bar</name>
<cmt>food</cmt>
<desc>Fast Food / Chain</desc>
<sym>Dot</sym>
<type>food</type>
</wpt>
<wpt lat="48.421804" lon="-123.375264">
<name>Pendray Tea House</name>
<cmt>food</cmt>
<desc>Restaurant</desc>
<sym>Dot</sym>
<type>food</type>
</wpt>
<wpt lat="48.428795" lon="-123.369453">
<name>Mentora Ramen</name>
<cmt>food</cmt>
<desc>Restaurant</desc>
<sym>Dot</sym>
<type>food</type>
</wpt>
<wpt lat="48.423046" lon="-123.368112">
<name>Tractor</name>
<cmt>food</cmt>
<desc>Restaurant</desc>
<sym>Dot</sym>
<type>food</type>
</wpt>
<wpt lat="48.432162" lon="-123.378428">
<name>Fol Épi Bakery</name>
<cmt>food</cmt>
<desc>Bakery / Donuts</desc>
<sym>Dot</sym>
<type>food</type>
</wpt>
<wpt lat="48.421511" lon="-123.374752">
<name>The Pedaler</name>
<cmt>bike_shop</cmt>
<desc>Rentals</desc>
<sym>Dot</sym>
<type>gear</type>
</wpt>
<wpt lat="48.415365" lon="-123.384685">
<name>Breakwater Bistro &amp; Bar</name>
<cmt>food</cmt>
<desc>Restaurant</desc>
<sym>Dot</sym>
<type>food</type>
</wpt>
<wpt lat="48.428170" lon="-123.369400">
<name>Fuego</name>
<cmt>food</cmt>
<desc>Restaurant</desc>
<sym>Dot</sym>
<type>food</type>
</wpt>
<wpt lat="48.423253" lon="-123.368463">
<name>Cold Cones</name>
<cmt>food</cmt>
<desc>Ice Cream</desc>
<sym>Dot</sym>
<type>food</type>
</wpt>
<wpt lat="48.427046" lon="-123.369876">
<name>Chimac</name>
<cmt>food</cmt>
<desc>Restaurant</desc>
<sym>Dot</sym>
<type>food</type>
</wpt>
<wpt lat="48.422762" lon="-123.382725">
<name>Pirate Pizza Company</name>
<cmt>food</cmt>
<desc>Restaurant</desc>
<sym>Dot</sym>
<type>food</type>
</wpt>
<wpt lat="48.426390" lon="-123.370798">
<name>Victoria Regent Waterfront Hotel &amp; Suites</name>
<cmt>lodging</cmt>
<desc>Hotel / Motel</desc>
<sym>Dot</sym>
<type>shelter</type>
</wpt>
<wpt lat="48.426734" lon="-123.369766">
<name>Lucky Bar</name>
<cmt>bar</cmt>
<desc>Brewery / Pub</desc>
<sym>Dot</sym>
<type>food</type>
</wpt>
<wpt lat="48.422685" lon="-123.382472">
<name>Jackson's Ice Cream Float</name>
<cmt>food</cmt>
<desc>Ice Cream</desc>
<sym>Dot</sym>
<type>food</type>
</wpt>
<wpt lat="48.428092" lon="-123.369396">
<name>Artemis Whiskey Bar</name>
<cmt>bar</cmt>
<desc>Brewery / Pub</desc>
<sym>Dot</sym>
<type>food</type>
</wpt>
<wpt lat="48.421422" lon="-123.368078">
<name>The Fairmont Empress Hotel</name>
<cmt>lodging</cmt>
<desc>Hotel / Motel</desc>
<sym>Dot</sym>
<type>shelter</type>
</wpt>
<wpt lat="48.428930" lon="-123.369510">
<name>Swans Hotel &amp; Brewpub</name>
<cmt>lodging</cmt>
<desc>Hotel / Motel</desc>
<sym>Dot</sym>
<type>shelter</type>
</wpt>
<wpt lat="48.422876" lon="-123.367746">
<name>10 Acres Commons</name>
<cmt>food</cmt>
<desc>Restaurant</desc>
<sym>Dot</sym>
<type>food</type>
</wpt>
<wpt lat="48.421625" lon="-123.368002">
<name>Veranda</name>
<cmt>bar</cmt>
<desc>Brewery / Pub</desc>
<sym>Dot</sym>
<type>food</type>
</wpt>
<wpt lat="48.428639" lon="-123.369149">
<name>Swans Liquor Store</name>
<cmt>convenience_store</cmt>
<desc>Liquor Store</desc>
<sym>Dot</sym>
<type>store</type>
</wpt>
<wpt lat="48.420994" lon="-123.373540">
<name>Days Inn - Victoria On The Harbour</name>
<cmt>lodging</cmt>
<desc>Hotel / Motel</desc>
<sym>Dot</sym>
<type>shelter</type>
</wpt>
<wpt lat="48.428022" lon="-123.369385">
<name>Cafe Mexico</name>
<cmt>food</cmt>
<desc>Restaurant</desc>
<sym>Dot</sym>
<type>food</type>
</wpt>
<wpt lat="48.421216" lon="-123.374398">
<name>Harbour House Restaurant</name>
<cmt>food</cmt>
<desc>Restaurant</desc>
<sym>Dot</sym>
<type>food</type>
</wpt>
<wpt lat="48.423336" lon="-123.368456">
<name>Kebab On Fire</name>
<cmt>food</cmt>
<desc>Restaurant</desc>
<sym>Dot</sym>
<type>food</type>
</wpt>
<wpt lat="48.442904" lon="-123.378791">
<name>Howard Johnson by Wyndham Victoria</name>
<cmt>lodging</cmt>
<desc>Hotel / Motel</desc>
<sym>Dot</sym>
<type>shelter</type>
</wpt>
<wpt lat="48.422850" lon="-123.382804">
<name>Puerto Vallarta Amigos</name>
<cmt>food</cmt>
<desc>Restaurant</desc>
<sym>Dot</sym>
<type>food</type>
</wpt>
<wpt lat="48.424360" lon="-123.370432">
<name>Red Fish Blue Fish</name>
<cmt>food</cmt>
<desc>Fast Food / Chain</desc>
<sym>Dot</sym>
<type>food</type>
</wpt>
<wpt lat="48.422377" lon="-123.379961">
<name>The Coast Victoria Harbourside Hotel</name>
<cmt>lodging</cmt>
<desc>Hotel / Motel</desc>
<sym>Dot</sym>
<type>shelter</type>
</wpt>
<wpt lat="48.428381" lon="-123.369133">
<name>Drake Eatery</name>
<cmt>bar</cmt>
<desc>Brewery / Pub</desc>
<sym>Dot</sym>
<type>food</type>
</wpt>
<wpt lat="48.427062" lon="-123.369729">
<name>HI Victoria</name>
<cmt>lodging</cmt>
<desc>Hostel</desc>
<sym>Dot</sym>
<type>shelter</type>
</wpt>
<wpt lat="48.428996" lon="-123.369459">
<name>Chubby Dumpling</name>
<cmt>food</cmt>
<desc>Restaurant</desc>
<sym>Dot</sym>
<type>food</type>
</wpt>
<wpt lat="48.422347" lon="-123.379477">
<name>Blue Crab Seafood House</name>
<cmt>food</cmt>
<desc>Restaurant</desc>
<sym>Dot</sym>
<type>food</type>
</wpt>
<wpt lat="48.422514" lon="-123.380718">
<name>WorldMark Victoria</name>
<cmt>lodging</cmt>
<desc>Hotel / Motel</desc>
<sym>Dot</sym>
<type>shelter</type>
</wpt>
<wpt lat="48.421077" lon="-123.374199">
<name>Best Western Plus Inner Harbour</name>
<cmt>lodging</cmt>
<desc>Hotel / Motel</desc>
<sym>Dot</sym>
<type>shelter</type>
</wpt>
<wpt lat="48.421617" lon="-123.367860">
<name>Tea at the Empress</name>
<cmt>coffee</cmt>
<desc>Café / Coffee</desc>
<sym>Dot</sym>
<type>food</type>
</wpt>
<wpt lat="48.455665" lon="-123.378420">
<name>Recyclistas Bike Collective</name>
<cmt>bike_shop</cmt>
<desc>Repair Shop</desc>
<sym>Dot</sym>
<type>gear</type>
</wpt>
<wpt lat="48.422624" lon="-123.384735">
<name>Coffeehouse at Shoal Point</name>
<cmt>coffee</cmt>
<desc>Café / Coffee</desc>
<sym>Dot</sym>
<type>food</type>
</wpt>
<wpt lat="48.429072" lon="-123.369466">
<name>The Sour Pickle Cafe</name>
<cmt>food</cmt>
<desc>Restaurant</desc>
<sym>Dot</sym>
<type>food</type>
</wpt>
<wpt lat="48.444289" lon="-123.378385">
<name>Burnside / Gorge Community Centre</name>
<cmt>rest_stop</cmt>
<desc>Community Centre</desc>
<sym>Dot</sym>
<type>rest_area</type>
</wpt>
<wpt lat="48.423477" lon="-123.368449">
<name>Pizza Garden</name>
<cmt>food</cmt>
<desc>Restaurant</desc>
<sym>Dot</sym>
<type>food</type>
</wpt>
<wpt lat="48.425118" lon="-123.369012">
<name>Siam Thai Cuisine</name>
<cmt>food</cmt>
<desc>Restaurant</desc>
<sym>Dot</sym>
<type>food</type>
</wpt>
<wpt lat="48.425394" lon="-123.369011">
<name>Koto Japanese Restaurant</name>
<cmt>food</cmt>
<desc>Restaurant</desc>
<sym>Dot</sym>
<type>food</type>
</wpt>
<wpt lat="48.427819" lon="-123.369174">
<name>Hey Happy</name>
<cmt>coffee</cmt>
<desc>Café / Coffee</desc>
<sym>Dot</sym>
<type>food</type>
</wpt>
<wpt lat="48.424618" lon="-123.368844">
<name>Le Petit Saigon</name>
<cmt>food</cmt>
<desc>Restaurant</desc>
<sym>Dot</sym>
<type>food</type>
</wpt>
<wpt lat="48.423614" lon="-123.370532">
<name>Flying Otter Grill</name>
<cmt>food</cmt>
<desc>Restaurant</desc>
<sym>Dot</sym>
<type>food</type>
</wpt>
<wpt lat="48.423399" lon="-123.368072">
<name>Milano</name>
<cmt>coffee</cmt>
<desc>Café / Coffee</desc>
<sym>Dot</sym>
<type>food</type>
</wpt>
<wpt lat="48.423665" lon="-123.368521">
<name>Frankie's Modern Diner</name>
<cmt>food</cmt>
<desc>Restaurant</desc>
<sym>Dot</sym>
<type>food</type>
</wpt>
<wpt lat="48.427577" lon="-123.369236">
<name>Friends of Dorothy</name>
<cmt>food</cmt>
<desc>Restaurant</desc>
<sym>Dot</sym>
<type>food</type>
</wpt>
<wpt lat="48.426718" lon="-123.369271">
<name>El Furniture Warehouse</name>
<cmt>food</cmt>
<desc>Restaurant</desc>
<sym>Dot</sym>
<type>food</type>
</wpt>
<wpt lat="48.429191" lon="-123.369265">
<name>Eva Schnitzelhous</name>
<cmt>food</cmt>
<desc>Restaurant</desc>
<sym>Dot</sym>
<type>food</type>
</wpt>
<wpt lat="48.423752" lon="-123.368470">
<name>Axe &amp; Grind</name>
<cmt>rest_stop</cmt>
<desc>Community Centre</desc>
<sym>Dot</sym>
<type>rest_area</type>
</wpt>
<wpt lat="48.422912" lon="-123.367264">
<name>The Inn at the Union Club</name>
<cmt>lodging</cmt>
<desc>Hotel / Motel</desc>
<sym>Dot</sym>
<type>shelter</type>
</wpt>
<wpt lat="48.426685" lon="-123.369178">
<name>Saint Cecilia</name>
<cmt>coffee</cmt>
<desc>Café / Coffee</desc>
<sym>Dot</sym>
<type>food</type>
</wpt>
<wpt lat="48.423681" lon="-123.368403">
<name>Burger King</name>
<cmt>food</cmt>
<desc>Fast Food / Chain</desc>
<sym>Dot</sym>
<type>food</type>
</wpt>
<wpt lat="48.426633" lon="-123.369148">
<name>Saint Cecilia Coffee, Ice Cream &amp; Goods</name>
<cmt>food</cmt>
<desc>Ice Cream</desc>
<sym>Dot</sym>
<type>food</type>
</wpt>
<wpt lat="48.421747" lon="-123.367477">
<name>Q at the Empress</name>
<cmt>food</cmt>
<desc>Restaurant</desc>
<sym>Dot</sym>
<type>food</type>
</wpt>
<wpt lat="48.423363" lon="-123.367572">
<name>10 Acres Bistro</name>
<cmt>food</cmt>
<desc>Restaurant</desc>
<sym>Dot</sym>
<type>food</type>
</wpt>
<wpt lat="48.421410" lon="-123.383472">
<name>Finest At Sea</name>
<cmt>food</cmt>
<desc>Fast Food / Chain</desc>
<sym>Dot</sym>
<type>food</type>
</wpt>
<wpt lat="48.426677" lon="-123.369076">
<name>Cinnaholic</name>
<cmt>food</cmt>
<desc>Bakery / Donuts</desc>
<sym>Dot</sym>
<type>food</type>
</wpt>
<wpt lat="48.429222" lon="-123.369053">
<name>Ohana Poke</name>
<cmt>food</cmt>
<desc>Restaurant</desc>
<sym>Dot</sym>
<type>food</type>
</wpt>
<wpt lat="48.429354" lon="-123.371073">
<name>Cafe Malabar</name>
<cmt>food</cmt>
<desc>Restaurant</desc>
<sym>Dot</sym>
<type>food</type>
</wpt>
<wpt lat="48.403491" lon="-123.349162">
<name>Clover Point</name>
<cmt>viewpoint</cmt>
<desc>Activity / Experience</desc>
<sym>Dot</sym>
<type>overlook</type>
</wpt>
<wpt lat="48.426940" lon="-123.369081">
<name>Ferris'</name>
<cmt>food</cmt>
<desc>Restaurant</desc>
<sym>Dot</sym>
<type>food</type>
</wpt>
<wpt lat="48.425680" lon="-123.368615">
<name>Wind Cries Mary</name>
<cmt>coffee</cmt>
<desc>Café / Coffee</desc>
<sym>Dot</sym>
<type>food</type>
</wpt>
<wpt lat="48.428399" lon="-123.368422">
<name>Shanzee's Biscuit Café</name>
<cmt>coffee</cmt>
<desc>Café / Coffee</desc>
<sym>Dot</sym>
<type>food</type>
</wpt>
<wpt lat="48.427932" lon="-123.368651">
<name>Green Cuisine</name>
<cmt>food</cmt>
<desc>Restaurant</desc>
<sym>Dot</sym>
<type>food</type>
</wpt>
<wpt lat="48.423317" lon="-123.367220">
<name>The Courtney Room</name>
<cmt>food</cmt>
<desc>Restaurant</desc>
<sym>Dot</sym>
<type>food</type>
</wpt>
<wpt lat="48.423347" lon="-123.367248">
<name>The Magnolia Hotel &amp; Spa</name>
<cmt>lodging</cmt>
<desc>Hotel / Motel</desc>
<sym>Dot</sym>
<type>shelter</type>
</wpt>
<wpt lat="48.428115" lon="-123.368525">
<name>Whistle Buoy Brewing Company</name>
<cmt>bar</cmt>
<desc>Brewery / Pub</desc>
<sym>Dot</sym>
<type>food</type>
</wpt>
<wpt lat="48.424866" lon="-123.368428">
<name>The Bard and the Banker</name>
<cmt>bar</cmt>
<desc>Brewery / Pub</desc>
<sym>Dot</sym>
<type>food</type>
</wpt>
<wpt lat="48.433534" lon="-123.380752">
<name>Browns Crafthouse</name>
<cmt>food</cmt>
<desc>Restaurant</desc>
<sym>Dot</sym>
<type>food</type>
</wpt>
<wpt lat="48.427536" lon="-123.368751">
<name>Il Terrazzo</name>
<cmt>food</cmt>
<desc>Restaurant</desc>
<sym>Dot</sym>
<type>food</type>
</wpt>
<wpt lat="48.422370" lon="-123.366946">
<name>Miniature World</name>
<cmt>monument</cmt>
<desc>Museum / Gallery</desc>
<sym>Dot</sym>
<type>info</type>
</wpt>
<wpt lat="48.426914" lon="-123.368884">
<name>Block Victoria</name>
<cmt>food</cmt>
<desc>Restaurant</desc>
<sym>Dot</sym>
<type>food</type>
</wpt>
<wpt lat="48.425681" lon="-123.368418">
<name>Garrick's Head Pub</name>
<cmt>bar</cmt>
<desc>Brewery / Pub</desc>
<sym>Dot</sym>
<type>food</type>
</wpt>
<wpt lat="48.420815" lon="-123.376005">
<name>The Oswego Hotel</name>
<cmt>lodging</cmt>
<desc>Hotel / Motel</desc>
<sym>Dot</sym>
<type>shelter</type>
</wpt>
<wpt lat="48.420434" lon="-123.373801">
<name>Royal Scot Hotel &amp; Suites</name>
<cmt>lodging</cmt>
<desc>Hotel / Motel</desc>
<sym>Dot</sym>
<type>shelter</type>
</wpt>
<wpt lat="48.419634" lon="-123.368625">
<name>Royal BC Museum</name>
<cmt>monument</cmt>
<desc>Museum / Gallery</desc>
<sym>Dot</sym>
<type>info</type>
</wpt>
<wpt lat="48.429456" lon="-123.368900">
<name>Pinhalla</name>
<cmt>food</cmt>
<desc>Restaurant</desc>
<sym>Dot</sym>
<type>food</type>
</wpt>
<wpt lat="48.425902" lon="-123.368369">
<name>Re:Bar Modern Food</name>
<cmt>food</cmt>
<desc>Restaurant</desc>
<sym>Dot</sym>
<type>food</type>
</wpt>
<wpt lat="48.429237" lon="-123.368469">
<name>Bean Around The World</name>
<cmt>coffee</cmt>
<desc>Café / Coffee</desc>
<sym>Dot</sym>
<type>food</type>
</wpt>
<wpt lat="48.429665" lon="-123.370908">
<name>Swift Brewing &amp; Good Time Tasting Room</name>
<cmt>bar</cmt>
<desc>Brewery / Pub</desc>
<sym>Dot</sym>
<type>food</type>
</wpt>
<wpt lat="48.424555" lon="-123.368126">
<name>Chocolats Favoris</name>
<cmt>food</cmt>
<desc>Ice Cream</desc>
<sym>Dot</sym>
<type>food</type>
</wpt>
<wpt lat="48.429677" lon="-123.370708">
<name>CRAFT Beer Market</name>
<cmt>bar</cmt>
<desc>Brewery / Pub</desc>
<sym>Dot</sym>
<type>food</type>
</wpt>
<wpt lat="48.425655" lon="-123.368153">
<name>Garrick's Head</name>
<cmt>bar</cmt>
<desc>Brewery / Pub</desc>
<sym>Dot</sym>
<type>food</type>
</wpt>
<wpt lat="48.425714" lon="-123.368133">
<name>Irish Times</name>
<cmt>bar</cmt>
<desc>Brewery / Pub</desc>
<sym>Dot</sym>
<type>food</type>
</wpt>
<wpt lat="48.428635" lon="-123.367964">
<name>Just Matcha Tea Shop</name>
<cmt>coffee</cmt>
<desc>Café / Coffee</desc>
<sym>Dot</sym>
<type>food</type>
</wpt>
<wpt lat="48.428849" lon="-123.367958">
<name>Victoria Chinatown Museum</name>
<cmt>monument</cmt>
<desc>Museum / Gallery</desc>
<sym>Dot</sym>
<type>info</type>
</wpt>
<wpt lat="48.425349" lon="-123.367980">
<name>Murchie's Cafe</name>
<cmt>coffee</cmt>
<desc>Café / Coffee</desc>
<sym>Dot</sym>
<type>food</type>
</wpt>
<wpt lat="48.428624" lon="-123.367874">
<name>Friends &amp; Family Bake</name>
<cmt>food</cmt>
<desc>Bakery / Donuts</desc>
<sym>Dot</sym>
<type>food</type>
</wpt>
<wpt lat="48.432646" lon="-123.380311">
<name>Save-On-Foods</name>
<cmt>convenience_store</cmt>
<desc>Grocery Store</desc>
<sym>Dot</sym>
<type>store</type>
</wpt>
<wpt lat="48.425513" lon="-123.367947">
<name>Bedford Regency Hotel</name>
<cmt>lodging</cmt>
<desc>Hotel / Motel</desc>
<sym>Dot</sym>
<type>shelter</type>
</wpt>
<wpt lat="48.425482" lon="-123.367935">
<name>The Churchill</name>
<cmt>bar</cmt>
<desc>Brewery / Pub</desc>
<sym>Dot</sym>
<type>food</type>
</wpt>
<wpt lat="48.419615" lon="-123.371857">
<name>Embassy Inn</name>
<cmt>lodging</cmt>
<desc>Hotel / Motel</desc>
<sym>Dot</sym>
<type>shelter</type>
</wpt>
<wpt lat="48.419438" lon="-123.370310">
<name>British Columbia Parliament Buildings</name>
<cmt>viewpoint</cmt>
<desc>Activity / Experience</desc>
<sym>Dot</sym>
<type>overlook</type>
</wpt>
<wpt lat="48.429248" lon="-123.368058">
<name>Ugly Duckling Dining &amp; Provisions</name>
<cmt>food</cmt>
<desc>Restaurant</desc>
<sym>Dot</sym>
<type>food</type>
</wpt>
<wpt lat="48.420524" lon="-123.375717">
<name>Aegir Room</name>
<cmt>food</cmt>
<desc>Restaurant</desc>
<sym>Dot</sym>
<type>food</type>
</wpt>
<wpt lat="48.433285" lon="-123.381230">
<name>Pita Land</name>
<cmt>food</cmt>
<desc>Restaurant</desc>
<sym>Dot</sym>
<type>food</type>
</wpt>
<wpt lat="48.424713" lon="-123.367755">
<name>Olympus Ice Cream &amp; Bubble Tea</name>
<cmt>food</cmt>
<desc>Ice Cream</desc>
<sym>Dot</sym>
<type>food</type>
</wpt>
<wpt lat="48.429468" lon="-123.368213">
<name>Don Mee Seafood Restaurant</name>
<cmt>food</cmt>
<desc>Restaurant</desc>
<sym>Dot</sym>
<type>food</type>
</wpt>
<wpt lat="48.424780" lon="-123.367739">
<name>A&amp;W</name>
<cmt>food</cmt>
<desc>Fast Food / Chain</desc>
<sym>Dot</sym>
<type>food</type>
</wpt>
<wpt lat="48.424271" lon="-123.367644">
<name>BeaverTails</name>
<cmt>food</cmt>
<desc>Fast Food / Chain</desc>
<sym>Dot</sym>
<type>food</type>
</wpt>
<wpt lat="48.428631" lon="-123.367672">
<name>Habit Coffee</name>
<cmt>coffee</cmt>
<desc>Café / Coffee</desc>
<sym>Dot</sym>
<type>food</type>
</wpt>
<wpt lat="48.422136" lon="-123.366379">
<name>Cycle BC Rentals</name>
<cmt>bike_shop</cmt>
<desc>Rentals</desc>
<sym>Dot</sym>
<type>gear</type>
</wpt>
<wpt lat="48.429469" lon="-123.368133">
<name>MAiiZ Tortilleria &amp; Eatery</name>
<cmt>food</cmt>
<desc>Restaurant</desc>
<sym>Dot</sym>
<type>food</type>
</wpt>
<wpt lat="48.428631" lon="-123.367620">
<name>Momi Noodle</name>
<cmt>food</cmt>
<desc>Restaurant</desc>
<sym>Dot</sym>
<type>food</type>
</wpt>
<wpt lat="48.429253" lon="-123.367863">
<name>The Fan Tan Café</name>
<cmt>food</cmt>
<desc>Restaurant</desc>
<sym>Dot</sym>
<type>food</type>
</wpt>
<wpt lat="48.428631" lon="-123.367568">
<name>Dumpling Drop</name>
<cmt>food</cmt>
<desc>Restaurant</desc>
<sym>Dot</sym>
<type>food</type>
</wpt>
<wpt lat="48.422768" lon="-123.366126">
<name>Noodle Box</name>
<cmt>food</cmt>
<desc>Restaurant</desc>
<sym>Dot</sym>
<type>food</type>
</wpt>
<wpt lat="48.421767" lon="-123.366351">
<name>Maritime Museum of British Columbia</name>
<cmt>monument</cmt>
<desc>Museum / Gallery</desc>
<sym>Dot</sym>
<type>info</type>
</wpt>
<wpt lat="48.422871" lon="-123.366105">
<name>Cora</name>
<cmt>food</cmt>
<desc>Restaurant</desc>
<sym>Dot</sym>
<type>food</type>
</wpt>
<wpt lat="48.429471" lon="-123.367973">
<name>Little Yunnan Restaurant</name>
<cmt>food</cmt>
<desc>Restaurant</desc>
<sym>Dot</sym>
<type>food</type>
</wpt>
<wpt lat="48.429471" lon="-123.367915">
<name>Kwong Tung Seafood Restaurant</name>
<cmt>food</cmt>
<desc>Restaurant</desc>
<sym>Dot</sym>
<type>food</type>
</wpt>
<wpt lat="48.429449" lon="-123.367889">
<name>Fisgard Market</name>
<cmt>convenience_store</cmt>
<desc>Convenience Store</desc>
<sym>Dot</sym>
<type>store</type>
</wpt>
<wpt lat="48.424275" lon="-123.367378">
<name>Xing Fu Tang</name>
<cmt>coffee</cmt>
<desc>Café / Coffee</desc>
<sym>Dot</sym>
<type>food</type>
</wpt>
<wpt lat="48.426818" lon="-123.367912">
<name>Leopold's Tavern</name>
<cmt>bar</cmt>
<desc>Brewery / Pub</desc>
<sym>Dot</sym>
<type>food</type>
</wpt>
<wpt lat="48.427440" lon="-123.367839">
<name>Oni-Oni</name>
<cmt>food</cmt>
<desc>Restaurant</desc>
<sym>Dot</sym>
<type>food</type>
</wpt>
<wpt lat="48.425571" lon="-123.367493">
<name>Earls</name>
<cmt>food</cmt>
<desc>Restaurant</desc>
<sym>Dot</sym>
<type>food</type>
</wpt>
<wpt lat="48.429259" lon="-123.367584">
<name>Matadora Taperia</name>
<cmt>food</cmt>
<desc>Restaurant</desc>
<sym>Dot</sym>
<type>food</type>
</wpt>
<wpt lat="48.428250" lon="-123.367395">
<name>MEC Bike Shop</name>
<cmt>bike_shop</cmt>
<desc>Repair Shop</desc>
<sym>Dot</sym>
<type>gear</type>
</wpt>
<wpt lat="48.428969" lon="-123.377666">
<name>Shell Select</name>
<cmt>convenience_store</cmt>
<desc>Convenience Store</desc>
<sym>Dot</sym>
<type>store</type>
</wpt>
<wpt lat="48.419605" lon="-123.366985">
<name>Helmcken House</name>
<cmt>monument</cmt>
<desc>Museum / Gallery</desc>
<sym>Dot</sym>
<type>info</type>
</wpt>
<wpt lat="48.428672" lon="-123.367325">
<name>Varsha Indian Kitchen</name>
<cmt>food</cmt>
<desc>Restaurant</desc>
<sym>Dot</sym>
<type>food</type>
</wpt>
<wpt lat="48.432868" lon="-123.381281">
<name>Booster Juice</name>
<cmt>food</cmt>
<desc>Fast Food / Chain</desc>
<sym>Dot</sym>
<type>food</type>
</wpt>
<wpt lat="48.440245" lon="-123.378832">
<name>Selkirk Cafe</name>
<cmt>coffee</cmt>
<desc>Café / Coffee</desc>
<sym>Dot</sym>
<type>food</type>
</wpt>
<wpt lat="48.432732" lon="-123.381161">
<name>La Taquisa</name>
<cmt>food</cmt>
<desc>Fast Food / Chain</desc>
<sym>Dot</sym>
<type>food</type>
</wpt>
<wpt lat="48.427616" lon="-123.367626">
<name>MEC Mountain Equipment Company</name>
<cmt>convenience_store</cmt>
<desc>Outdoor Gear</desc>
<sym>Dot</sym>
<type>store</type>
</wpt>
<wpt lat="48.432662" lon="-123.381112">
<name>Spinnakers Gastro Brewpub</name>
<cmt>convenience_store</cmt>
<desc>Liquor Store</desc>
<sym>Dot</sym>
<type>store</type>
</wpt>
<wpt lat="48.442767" lon="-123.382379">
<name>The Loft Pub</name>
<cmt>bar</cmt>
<desc>Brewery / Pub</desc>
<sym>Dot</sym>
<type>food</type>
</wpt>
<wpt lat="48.433000" lon="-123.381572">
<name>Hot House Pizza</name>
<cmt>food</cmt>
<desc>Fast Food / Chain</desc>
<sym>Dot</sym>
<type>food</type>
</wpt>
<wpt lat="48.432401" lon="-123.380854">
<name>Big Wheel Burger</name>
<cmt>food</cmt>
<desc>Fast Food / Chain</desc>
<sym>Dot</sym>
<type>food</type>
</wpt>
<wpt lat="48.429475" lon="-123.367586">
<name>Wah Laiyuen</name>
<cmt>food</cmt>
<desc>Restaurant</desc>
<sym>Dot</sym>
<type>food</type>
</wpt>
<wpt lat="48.432538" lon="-123.381059">
<name>Starbucks</name>
<cmt>food</cmt>
<desc>Fast Food / Chain</desc>
<sym>Dot</sym>
<type>food</type>
</wpt>
<wpt lat="48.426786" lon="-123.374949">
<name>LURE Restaurant &amp; Bar</name>
<cmt>bar</cmt>
<desc>Brewery / Pub</desc>
<sym>Dot</sym>
<type>food</type>
</wpt>
<wpt lat="48.430295" lon="-123.369510">
<name>Grindstone Cafe</name>
<cmt>coffee</cmt>
<desc>Café / Coffee</desc>
<sym>Dot</sym>
<type>food</type>
</wpt>
<wpt lat="48.425448" lon="-123.367265">
<name>Booster Juice</name>
<cmt>food</cmt>
<desc>Fast Food / Chain</desc>
<sym>Dot</sym>
<type>food</type>
</wpt>
<wpt lat="48.430298" lon="-123.369351">
<name>Herald Street Brew Works</name>
<cmt>bar</cmt>
<desc>Brewery / Pub</desc>
<sym>Dot</sym>
<type>food</type>
</wpt>
<wpt lat="48.430099" lon="-123.368385">
<name>Union Pacific Coffee</name>
<cmt>coffee</cmt>
<desc>Café / Coffee</desc>
<sym>Dot</sym>
<type>food</type>
</wpt>
<wpt lat="48.422443" lon="-123.365665">
<name>7-Eleven</name>
<cmt>convenience_store</cmt>
<desc>Convenience Store</desc>
<sym>Dot</sym>
<type>store</type>
</wpt>
<wpt lat="48.442143" lon="-123.383180">
<name>Days Inn by Wyndham Victoria Uptown</name>
<cmt>lodging</cmt>
<desc>Hotel / Motel</desc>
<sym>Dot</sym>
<type>shelter</type>
</wpt>
<wpt lat="48.422294" lon="-123.365678">
<name>Browns Social House</name>
<cmt>food</cmt>
<desc>Restaurant</desc>
<sym>Dot</sym>
<type>food</type>
</wpt>
<wpt lat="48.432706" lon="-123.381471">
<name>Victoria Sushi</name>
<cmt>food</cmt>
<desc>Restaurant</desc>
<sym>Dot</sym>
<type>food</type>
</wpt>
<wpt lat="48.424099" lon="-123.377032">
<name>Inn at Laurel Point</name>
<cmt>lodging</cmt>
<desc>Hotel / Motel</desc>
<sym>Dot</sym>
<type>shelter</type>
</wpt>
<wpt lat="48.424267" lon="-123.366707">
<name>Macchiato Caffe</name>
<cmt>coffee</cmt>
<desc>Café / Coffee</desc>
<sym>Dot</sym>
<type>food</type>
</wpt>
<wpt lat="48.425419" lon="-123.367100">
<name>Mr. Pretzels</name>
<cmt>food</cmt>
<desc>Fast Food / Chain</desc>
<sym>Dot</sym>
<type>food</type>
</wpt>
<wpt lat="48.415545" lon="-123.380482">
<name>Gingerbread Cottage Bed and Breakfast</name>
<cmt>lodging</cmt>
<desc>B&amp;B / Inn</desc>
<sym>Dot</sym>
<type>shelter</type>
</wpt>
<wpt lat="48.423067" lon="-123.365511">
<name>The Sticky Wicket</name>
<cmt>bar</cmt>
<desc>Brewery / Pub</desc>
<sym>Dot</sym>
<type>food</type>
</wpt>
<wpt lat="48.426907" lon="-123.376019">
<name>Delta Victoria Ocean Pointe Resort and Spa</name>
<cmt>lodging</cmt>
<desc>Hotel / Motel</desc>
<sym>Dot</sym>
<type>shelter</type>
</wpt>
<wpt lat="48.420385" lon="-123.365962">
<name>The Old Spaghetti Factory</name>
<cmt>food</cmt>
<desc>Restaurant</desc>
<sym>Dot</sym>
<type>food</type>
</wpt>
<wpt lat="48.426672" lon="-123.367249">
<name>Starbucks</name>
<cmt>food</cmt>
<desc>Fast Food / Chain</desc>
<sym>Dot</sym>
<type>food</type>
</wpt>
<wpt lat="48.425553" lon="-123.366907">
<name>Sabayons</name>
<cmt>convenience_store</cmt>
<desc>Grocery Store</desc>
<sym>Dot</sym>
<type>store</type>
</wpt>
<wpt lat="48.427818" lon="-123.367002">
<name>Victorian Royal Suites</name>
<cmt>lodging</cmt>
<desc>Hotel / Motel</desc>
<sym>Dot</sym>
<type>shelter</type>
</wpt>
<wpt lat="48.423333" lon="-123.365472">
<name>The Clubhouse</name>
<cmt>bar</cmt>
<desc>Brewery / Pub</desc>
<sym>Dot</sym>
<type>food</type>
</wpt>
<wpt lat="48.427722" lon="-123.367040">
<name>Camöflage</name>
<cmt>convenience_store</cmt>
<desc>Grocery Store</desc>
<sym>Dot</sym>
<type>store</type>
</wpt>
<wpt lat="48.423050" lon="-123.365343">
<name>Rooftop Surfclub</name>
<cmt>bar</cmt>
<desc>Brewery / Pub</desc>
<sym>Dot</sym>
<type>food</type>
</wpt>
<wpt lat="48.426459" lon="-123.367101">
<name>Frank's Honeybun Café</name>
<cmt>food</cmt>
<desc>Restaurant</desc>
<sym>Dot</sym>
<type>food</type>
</wpt>
<wpt lat="48.423410" lon="-123.365455">
<name>Big Bad John's</name>
<cmt>bar</cmt>
<desc>Brewery / Pub</desc>
<sym>Dot</sym>
<type>food</type>
</wpt>
<wpt lat="48.421979" lon="-123.365454">
<name>Starbucks</name>
<cmt>food</cmt>
<desc>Fast Food / Chain</desc>
<sym>Dot</sym>
<type>food</type>
</wpt>
<wpt lat="48.415849" lon="-123.387874">
<name>Victoria Bike Rentals</name>
<cmt>bike_shop</cmt>
<desc>Rentals</desc>
<sym>Dot</sym>
<type>gear</type>
</wpt>
<wpt lat="48.446965" lon="-123.372350">
<name>Starbucks</name>
<cmt>food</cmt>
<desc>Fast Food / Chain</desc>
<sym>Dot</sym>
<type>food</type>
</wpt>
<wpt lat="48.423476" lon="-123.365417">
<name>The Strath</name>
<cmt>convenience_store</cmt>
<desc>Liquor Store</desc>
<sym>Dot</sym>
<type>store</type>
</wpt>
<wpt lat="48.421811" lon="-123.365399">
<name>Bartholomew's Pub</name>
<cmt>bar</cmt>
<desc>Brewery / Pub</desc>
<sym>Dot</sym>
<type>food</type>
</wpt>
<wpt lat="48.423035" lon="-123.365192">
<name>The Games Room</name>
<cmt>bar</cmt>
<desc>Brewery / Pub</desc>
<sym>Dot</sym>
<type>food</type>
</wpt>
<wpt lat="48.421774" lon="-123.365360">
<name>The Humboldt</name>
<cmt>bar</cmt>
<desc>Brewery / Pub</desc>
<sym>Dot</sym>
<type>food</type>
</wpt>
<wpt lat="48.424968" lon="-123.366643">
<name>Good Earth</name>
<cmt>coffee</cmt>
<desc>Café / Coffee</desc>
<sym>Dot</sym>
<type>food</type>
</wpt>
<wpt lat="48.425465" lon="-123.366677">
<name>Marble Slab Creamery</name>
<cmt>food</cmt>
<desc>Ice Cream</desc>
<sym>Dot</sym>
<type>food</type>
</wpt>
<wpt lat="48.424477" lon="-123.366408">
<name>Pagliacci's</name>
<cmt>food</cmt>
<desc>Restaurant</desc>
<sym>Dot</sym>
<type>food</type>
</wpt>
<wpt lat="48.425487" lon="-123.366639">
<name>New Owly Cade</name>
<cmt>coffee</cmt>
<desc>Café / Coffee</desc>
<sym>Dot</sym>
<type>food</type>
</wpt>
<wpt lat="48.423445" lon="-123.365250">
<name>Strathcona Hotel</name>
<cmt>lodging</cmt>
<desc>Hotel / Motel</desc>
<sym>Dot</sym>
<type>shelter</type>
</wpt>
<wpt lat="48.421986" lon="-123.365245">
<name>DoubleTree by Hilton Hotel &amp; Suites Victoria</name>
<cmt>lodging</cmt>
<desc>Hotel / Motel</desc>
<sym>Dot</sym>
<type>shelter</type>
</wpt>
<wpt lat="48.424087" lon="-123.365742">
<name>Freshii</name>
<cmt>food</cmt>
<desc>Restaurant</desc>
<sym>Dot</sym>
<type>food</type>
</wpt>
<wpt lat="48.429228" lon="-123.366605">
<name>Starbucks</name>
<cmt>food</cmt>
<desc>Fast Food / Chain</desc>
<sym>Dot</sym>
<type>food</type>
</wpt>
<wpt lat="48.430337" lon="-123.367732">
<name>Jam Cafe</name>
<cmt>food</cmt>
<desc>Restaurant</desc>
<sym>Dot</sym>
<type>food</type>
</wpt>
<wpt lat="48.429503" lon="-123.366712">
<name>QV Cafe</name>
<cmt>coffee</cmt>
<desc>Café / Coffee</desc>
<sym>Dot</sym>
<type>food</type>
</wpt>
<wpt lat="48.418946" lon="-123.366585">
<name>Helm's Inn</name>
<cmt>lodging</cmt>
<desc>Hotel / Motel</desc>
<sym>Dot</sym>
<type>shelter</type>
</wpt>
<wpt lat="48.425907" lon="-123.366521">
<name>Bodega Wine &amp; Tapas Bar</name>
<cmt>bar</cmt>
<desc>Brewery / Pub</desc>
<sym>Dot</sym>
<type>food</type>
</wpt>
<wpt lat="48.429819" lon="-123.366884">
<name>Brasserie L'école</name>
<cmt>food</cmt>
<desc>Restaurant</desc>
<sym>Dot</sym>
<type>food</type>
</wpt>
<wpt lat="48.429485" lon="-123.366601">
<name>Indian Aroma Restaurant</name>
<cmt>food</cmt>
<desc>Restaurant</desc>
<sym>Dot</sym>
<type>food</type>
</wpt>
<wpt lat="48.424280" lon="-123.365687">
<name>Chipotle</name>
<cmt>food</cmt>
<desc>Restaurant</desc>
<sym>Dot</sym>
<type>food</type>
</wpt>
<wpt lat="48.424613" lon="-123.366179">
<name>Flourish BeauTea</name>
<cmt>coffee</cmt>
<desc>Café / Coffee</desc>
<sym>Dot</sym>
<type>food</type>
</wpt>
<wpt lat="48.423958" lon="-123.365302">
<name>Blenz Coffee</name>
<cmt>coffee</cmt>
<desc>Café / Coffee</desc>
<sym>Dot</sym>
<type>food</type>
</wpt>
<wpt lat="48.423867" lon="-123.365190">
<name>Smile Chicken</name>
<cmt>food</cmt>
<desc>Restaurant</desc>
<sym>Dot</sym>
<type>food</type>
</wpt>
<wpt lat="48.438804" lon="-123.378909">
<name>Glo Restaurant &amp; Lounge</name>
<cmt>food</cmt>
<desc>Restaurant</desc>
<sym>Dot</sym>
<type>food</type>
</wpt>
<wpt lat="48.430320" lon="-123.367358">
<name>End Dive</name>
<cmt>food</cmt>
<desc>Restaurant</desc>
<sym>Dot</sym>
<type>food</type>
</wpt>
<wpt lat="48.424099" lon="-123.365282">
<name>Hanks</name>
<cmt>food</cmt>
<desc>Restaurant</desc>
<sym>Dot</sym>
<type>food</type>
</wpt>
<wpt lat="48.426306" lon="-123.366407">
<name>Rise n Grind</name>
<cmt>food</cmt>
<desc>Restaurant</desc>
<sym>Dot</sym>
<type>food</type>
</wpt>
<wpt lat="48.422148" lon="-123.364776">
<name>Ithaka Greek Restaurant</name>
<cmt>food</cmt>
<desc>Restaurant</desc>
<sym>Dot</sym>
<type>food</type>
</wpt>
<wpt lat="48.445912" lon="-123.372576">
<name>Hotel Zed Victoria</name>
<cmt>lodging</cmt>
<desc>Hotel / Motel</desc>
<sym>Dot</sym>
<type>shelter</type>
</wpt>
<wpt lat="48.446417" lon="-123.372031">
<name>KFC</name>
<cmt>food</cmt>
<desc>Fast Food / Chain</desc>
<sym>Dot</sym>
<type>food</type>
</wpt>
<wpt lat="48.439177" lon="-123.378293">
<name>Sol Fine Foods</name>
<cmt>food</cmt>
<desc>Restaurant</desc>
<sym>Dot</sym>
<type>food</type>
</wpt>
<wpt lat="48.421390" lon="-123.364850">
<name>Fire+ Water Restaurant</name>
<cmt>food</cmt>
<desc>Restaurant</desc>
<sym>Dot</sym>
<type>food</type>
</wpt>
<wpt lat="48.424812" lon="-123.365993">
<name>Bento</name>
<cmt>food</cmt>
<desc>Restaurant</desc>
<sym>Dot</sym>
<type>food</type>
</wpt>
<wpt lat="48.422353" lon="-123.364536">
<name>Chateau Victoria Hotel &amp; Suites</name>
<cmt>lodging</cmt>
<desc>Hotel / Motel</desc>
<sym>Dot</sym>
<type>shelter</type>
</wpt>
<wpt lat="48.428319" lon="-123.365921">
<name>Victoria City Hall - siʔem tawen'ewtxw</name>
<cmt>rest_stop</cmt>
<desc>Community Centre</desc>
<sym>Dot</sym>
<type>rest_area</type>
</wpt>
<wpt lat="48.424129" lon="-123.365039">
<name>Unicorn Sparkles</name>
<cmt>food</cmt>
<desc>Restaurant</desc>
<sym>Dot</sym>
<type>food</type>
</wpt>
<wpt lat="48.424990" lon="-123.365929">
<name>A&amp;W</name>
<cmt>food</cmt>
<desc>Fast Food / Chain</desc>
<sym>Dot</sym>
<type>food</type>
</wpt>
<wpt lat="48.424929" lon="-123.365915">
<name>Opa! of Greece</name>
<cmt>food</cmt>
<desc>Fast Food / Chain</desc>
<sym>Dot</sym>
<type>food</type>
</wpt>
<wpt lat="48.426315" lon="-123.366050">
<name>Giant Bicycles</name>
<cmt>bike_shop</cmt>
<desc>Repair Shop</desc>
<sym>Dot</sym>
<type>gear</type>
</wpt>
<wpt lat="48.424974" lon="-123.365826">
<name>Big Orange</name>
<cmt>coffee</cmt>
<desc>Café / Coffee</desc>
<sym>Dot</sym>
<type>food</type>
</wpt>
<wpt lat="48.429490" lon="-123.365954">
<name>Bao</name>
<cmt>food</cmt>
<desc>Restaurant</desc>
<sym>Dot</sym>
<type>food</type>
</wpt>
<wpt lat="48.422480" lon="-123.364291">
<name>Clive's Classic Lounge</name>
<cmt>bar</cmt>
<desc>Brewery / Pub</desc>
<sym>Dot</sym>
<type>food</type>
</wpt>
<wpt lat="48.421572" lon="-123.364518">
<name>Victoria Marriott Inner Harbour</name>
<cmt>lodging</cmt>
<desc>Hotel / Motel</desc>
<sym>Dot</sym>
<type>shelter</type>
</wpt>
<wpt lat="48.424990" lon="-123.365729">
<name>Umi Sushi Express</name>
<cmt>food</cmt>
<desc>Fast Food / Chain</desc>
<sym>Dot</sym>
<type>food</type>
</wpt>
<wpt lat="48.426589" lon="-123.365998">
<name>Wonderffle Cafe</name>
<cmt>coffee</cmt>
<desc>Café / Coffee</desc>
<sym>Dot</sym>
<type>food</type>
</wpt>
<wpt lat="48.423047" lon="-123.364187">
<name>Central Library Branch</name>
<cmt>library</cmt>
<desc>Library</desc>
<sym>Dot</sym>
<type>info</type>
</wpt>
<wpt lat="48.428400" lon="-123.365600">
<name>velofix</name>
<cmt>bike_shop</cmt>
<desc>Repair Shop</desc>
<sym>Dot</sym>
<type>gear</type>
</wpt>
<wpt lat="48.422471" lon="-123.364184">
<name>Vista 18</name>
<cmt>food</cmt>
<desc>Restaurant</desc>
<sym>Dot</sym>
<type>food</type>
</wpt>
<wpt lat="48.424998" lon="-123.365656">
<name>New York Fries</name>
<cmt>food</cmt>
<desc>Fast Food / Chain</desc>
<sym>Dot</sym>
<type>food</type>
</wpt>
<wpt lat="48.411576" lon="-123.368863">
<name>Beacon Drive In</name>
<cmt>food</cmt>
<desc>Restaurant</desc>
<sym>Dot</sym>
<type>food</type>
</wpt>
<wpt lat="48.435207" lon="-123.375443">
<name>Brass Monkey Taproom</name>
<cmt>bar</cmt>
<desc>Brewery / Pub</desc>
<sym>Dot</sym>
<type>food</type>
</wpt>
<wpt lat="48.412194" lon="-123.372534">
<name>For Good Measure</name>
<cmt>convenience_store</cmt>
<desc>Convenience Store</desc>
<sym>Dot</sym>
<type>store</type>
</wpt>
<wpt lat="48.446115" lon="-123.371709">
<name>The Ruby on Douglas</name>
<cmt>food</cmt>
<desc>Restaurant</desc>
<sym>Dot</sym>
<type>food</type>
</wpt>
<wpt lat="48.425310" lon="-123.365548">
<name>Winners</name>
<cmt>convenience_store</cmt>
<desc>Grocery Store</desc>
<sym>Dot</sym>
<type>store</type>
</wpt>
<wpt lat="48.427557" lon="-123.365701">
<name>Best Western Plus Carlton Plaza</name>
<cmt>lodging</cmt>
<desc>Hotel / Motel</desc>
<sym>Dot</sym>
<type>shelter</type>
</wpt>
<wpt lat="48.427702" lon="-123.365489">
<name>Broad Street Cycles</name>
<cmt>bike_shop</cmt>
<desc>Repair Shop</desc>
<sym>Dot</sym>
<type>gear</type>
</wpt>
<wpt lat="48.424824" lon="-123.365048">
<name>Cactus Club Cafe</name>
<cmt>food</cmt>
<desc>Restaurant</desc>
<sym>Dot</sym>
<type>food</type>
</wpt>
<wpt lat="48.423761" lon="-123.364078">
<name>Japanese Village Teppan Steak &amp; Seafood House</name>
<cmt>food</cmt>
<desc>Restaurant</desc>
<sym>Dot</sym>
<type>food</type>
</wpt>
<wpt lat="48.424678" lon="-123.364829">
<name>Monkey C Interactive's Artcade</name>
<cmt>monument</cmt>
<desc>Museum / Gallery</desc>
<sym>Dot</sym>
<type>info</type>
</wpt>
<wpt lat="48.422672" lon="-123.363763">
<name>Quality Inn Downtown Inner Harbour</name>
<cmt>lodging</cmt>
<desc>Hotel / Motel</desc>
<sym>Dot</sym>
<type>shelter</type>
</wpt>
<wpt lat="48.425637" lon="-123.365305">
<name>McDonald's</name>
<cmt>food</cmt>
<desc>Fast Food / Chain</desc>
<sym>Dot</sym>
<type>food</type>
</wpt>
<wpt lat="48.417961" lon="-123.372820">
<name>Murder Burger</name>
<cmt>food</cmt>
<desc>Restaurant</desc>
<sym>Dot</sym>
<type>food</type>
</wpt>
<wpt lat="48.417827" lon="-123.372300">
<name>sxʷeŋxʷəŋ təŋəxʷ James Bay Library Branch</name>
<cmt>library</cmt>
<desc>Library</desc>
<sym>Dot</sym>
<type>info</type>
</wpt>
<wpt lat="48.424681" lon="-123.364592">
<name>The Dutch Bakery &amp; Diner</name>
<cmt>food</cmt>
<desc>Bakery / Donuts</desc>
<sym>Dot</sym>
<type>food</type>
</wpt>
<wpt lat="48.435388" lon="-123.374947">
<name>Salt Chuck Pie Company</name>
<cmt>food</cmt>
<desc>Fast Food / Chain</desc>
<sym>Dot</sym>
<type>food</type>
</wpt>
<wpt lat="48.430035" lon="-123.365552">
<name>In Er G Plant Alchemy</name>
<cmt>food</cmt>
<desc>Restaurant</desc>
<sym>Dot</sym>
<type>food</type>
</wpt>
<wpt lat="48.431393" lon="-123.367596">
<name>Sports Rent</name>
<cmt>bike_shop</cmt>
<desc>Repair Shop</desc>
<sym>Dot</sym>
<type>gear</type>
</wpt>
<wpt lat="48.417551" lon="-123.371019">
<name>Good Earth Coffeehouse</name>
<cmt>coffee</cmt>
<desc>Café / Coffee</desc>
<sym>Dot</sym>
<type>food</type>
</wpt>
<wpt lat="48.427346" lon="-123.365215">
<name>The Ruby</name>
<cmt>food</cmt>
<desc>Restaurant</desc>
<sym>Dot</sym>
<type>food</type>
</wpt>
<wpt lat="48.424620" lon="-123.364286">
<name>Crust Bakery</name>
<cmt>food</cmt>
<desc>Bakery / Donuts</desc>
<sym>Dot</sym>
<type>food</type>
</wpt>
<wpt lat="48.436347" lon="-123.387488">
<name>Crown Palace</name>
<cmt>food</cmt>
<desc>Restaurant</desc>
<sym>Dot</sym>
<type>food</type>
</wpt>
<wpt lat="48.425269" lon="-123.364890">
<name>James Joyce Bistro and Peacock Billiards</name>
<cmt>food</cmt>
<desc>Restaurant</desc>
<sym>Dot</sym>
<type>food</type>
</wpt>
<wpt lat="48.426520" lon="-123.365111">
<name>Circle K</name>
<cmt>convenience_store</cmt>
<desc>Convenience Store</desc>
<sym>Dot</sym>
<type>store</type>
</wpt>
<wpt lat="48.417314" lon="-123.368732">
<name>Bird Cages Confectionery</name>
<cmt>convenience_store</cmt>
<desc>Convenience Store</desc>
<sym>Dot</sym>
<type>store</type>
</wpt>
<wpt lat="48.434032" lon="-123.384936">
<name>The Market Garden</name>
<cmt>convenience_store</cmt>
<desc>Grocery Store</desc>
<sym>Dot</sym>
<type>store</type>
</wpt>
<wpt lat="48.446496" lon="-123.370473">
<name>Nespresso</name>
<cmt>coffee</cmt>
<desc>Café / Coffee</desc>
<sym>Dot</sym>
<type>food</type>
</wpt>
<wpt lat="48.429020" lon="-123.364719">
<name>Island Poké</name>
<cmt>food</cmt>
<desc>Restaurant</desc>
<sym>Dot</sym>
<type>food</type>
</wpt>
<wpt lat="48.427886" lon="-123.364769">
<name>The Palms Restaurant &amp; Lounge</name>
<cmt>food</cmt>
<desc>Restaurant</desc>
<sym>Dot</sym>
<type>food</type>
</wpt>
<wpt lat="48.430352" lon="-123.365412">
<name>Rabbit Rabbit</name>
<cmt>bar</cmt>
<desc>Brewery / Pub</desc>
<sym>Dot</sym>
<type>food</type>
</wpt>
<wpt lat="48.425707" lon="-123.364786">
<name>Fatburger</name>
<cmt>food</cmt>
<desc>Fast Food / Chain</desc>
<sym>Dot</sym>
<type>food</type>
</wpt>
<wpt lat="48.429151" lon="-123.364718">
<name>Green Leaf Vietnamese Bistro</name>
<cmt>food</cmt>
<desc>Restaurant</desc>
<sym>Dot</sym>
<type>food</type>
</wpt>
<wpt lat="48.431983" lon="-123.369484">
<name>The Duke Saloon</name>
<cmt>bar</cmt>
<desc>Brewery / Pub</desc>
<sym>Dot</sym>
<type>food</type>
</wpt>
<wpt lat="48.425774" lon="-123.364774">
<name>Cat's Coffee &amp; Cake</name>
<cmt>coffee</cmt>
<desc>Café / Coffee</desc>
<sym>Dot</sym>
<type>food</type>
</wpt>
<wpt lat="48.427579" lon="-123.364838">
<name>The Mint</name>
<cmt>food</cmt>
<desc>Restaurant</desc>
<sym>Dot</sym>
<type>food</type>
</wpt>
<wpt lat="48.427791" lon="-123.364749">
<name>Hotel Rialto</name>
<cmt>lodging</cmt>
<desc>Hotel / Motel</desc>
<sym>Dot</sym>
<type>shelter</type>
</wpt>
<wpt lat="48.429281" lon="-123.364717">
<name>SURA Korean Grillhouse</name>
<cmt>food</cmt>
<desc>Restaurant</desc>
<sym>Dot</sym>
<type>food</type>
</wpt>
<wpt lat="48.443425" lon="-123.384918">
<name>Robin Hood Inn &amp; Suites</name>
<cmt>lodging</cmt>
<desc>Hotel / Motel</desc>
<sym>Dot</sym>
<type>shelter</type>
</wpt>
<wpt lat="48.426977" lon="-123.364993">
<name>Second Slice Pizza</name>
<cmt>food</cmt>
<desc>Fast Food / Chain</desc>
<sym>Dot</sym>
<type>food</type>
</wpt>
<wpt lat="48.427109" lon="-123.364958">
<name>Burger King</name>
<cmt>food</cmt>
<desc>Fast Food / Chain</desc>
<sym>Dot</sym>
<type>food</type>
</wpt>
<wpt lat="48.427027" lon="-123.364979">
<name>Subway</name>
<cmt>food</cmt>
<desc>Fast Food / Chain</desc>
<sym>Dot</sym>
<type>food</type>
</wpt>
<wpt lat="48.424578" lon="-123.363780">
<name>Tim Hortons</name>
<cmt>food</cmt>
<desc>Fast Food / Chain</desc>
<sym>Dot</sym>
<type>food</type>
</wpt>
<wpt lat="48.415157" lon="-123.375350">
<name>Thrifty Foods James Bay</name>
<cmt>convenience_store</cmt>
<desc>Grocery Store</desc>
<sym>Dot</sym>
<type>store</type>
</wpt>
<wpt lat="48.425508" lon="-123.364558">
<name>Toro</name>
<cmt>food</cmt>
<desc>Restaurant</desc>
<sym>Dot</sym>
<type>food</type>
</wpt>
<wpt lat="48.429753" lon="-123.364716">
<name>Best Buy</name>
<cmt>convenience_store</cmt>
<desc>Convenience Store</desc>
<sym>Dot</sym>
<type>store</type>
</wpt>
<wpt lat="48.423287" lon="-123.363039">
<name>Taste of Village Indian Kitchen &amp; Bar</name>
<cmt>food</cmt>
<desc>Restaurant</desc>
<sym>Dot</sym>
<type>food</type>
</wpt>
<wpt lat="48.423411" lon="-123.363007">
<name>Kanpai Asian Eatery &amp; Bar</name>
<cmt>food</cmt>
<desc>Restaurant</desc>
<sym>Dot</sym>
<type>food</type>
</wpt>
<wpt lat="48.417035" lon="-123.369217">
<name>Rosewood Victoria Inn</name>
<cmt>lodging</cmt>
<desc>Hotel / Motel</desc>
<sym>Dot</sym>
<type>shelter</type>
</wpt>
<wpt lat="48.424292" lon="-123.363397">
<name>Beijing Bistro</name>
<cmt>food</cmt>
<desc>Restaurant</desc>
<sym>Dot</sym>
<type>food</type>
</wpt>
<wpt lat="48.429949" lon="-123.364721">
<name>Blue Nile African Restaurant</name>
<cmt>food</cmt>
<desc>Restaurant</desc>
<sym>Dot</sym>
<type>food</type>
</wpt>
<wpt lat="48.436554" lon="-123.388203">
<name>Fry's Red Wheat Bread Bakery</name>
<cmt>food</cmt>
<desc>Bakery / Donuts</desc>
<sym>Dot</sym>
<type>food</type>
</wpt>
<wpt lat="48.436601" lon="-123.388252">
<name>Spiral Cafe</name>
<cmt>coffee</cmt>
<desc>Café / Coffee</desc>
<sym>Dot</sym>
<type>food</type>
</wpt>
<wpt lat="48.431973" lon="-123.367691">
<name>Phillips Tasting Room</name>
<cmt>bar</cmt>
<desc>Brewery / Pub</desc>
<sym>Dot</sym>
<type>food</type>
</wpt>
<wpt lat="48.442680" lon="-123.385962">
<name>Floyd's Diner</name>
<cmt>food</cmt>
<desc>Restaurant</desc>
<sym>Dot</sym>
<type>food</type>
</wpt>
<wpt lat="48.426700" lon="-123.364614">
<name>Hope Key</name>
<cmt>food</cmt>
<desc>Restaurant</desc>
<sym>Dot</sym>
<type>food</type>
</wpt>
<wpt lat="48.424279" lon="-123.363276">
<name>Ali Baba Pizza</name>
<cmt>food</cmt>
<desc>Restaurant</desc>
<sym>Dot</sym>
<type>food</type>
</wpt>
<wpt lat="48.428439" lon="-123.364175">
<name>Marilena Cafe &amp; Raw Bar</name>
<cmt>food</cmt>
<desc>Restaurant</desc>
<sym>Dot</sym>
<type>food</type>
</wpt>
<wpt lat="48.424538" lon="-123.363389">
<name>Serena's Pizzeria and Hoagies</name>
<cmt>food</cmt>
<desc>Restaurant</desc>
<sym>Dot</sym>
<type>food</type>
</wpt>
<wpt lat="48.423781" lon="-123.362904">
<name>Bond Bond's Bakery</name>
<cmt>food</cmt>
<desc>Bakery / Donuts</desc>
<sym>Dot</sym>
<type>food</type>
</wpt>
<wpt lat="48.415575" lon="-123.375650">
<name>Heron Rock Bistro</name>
<cmt>food</cmt>
<desc>Restaurant</desc>
<sym>Dot</sym>
<type>food</type>
</wpt>
<wpt lat="48.417183" lon="-123.372668">
<name>Red Barn Market</name>
<cmt>convenience_store</cmt>
<desc>Grocery Store</desc>
<sym>Dot</sym>
<type>store</type>
</wpt>
<wpt lat="48.423834" lon="-123.362888">
<name>Pho Tru</name>
<cmt>food</cmt>
<desc>Restaurant</desc>
<sym>Dot</sym>
<type>food</type>
</wpt>
<wpt lat="48.426422" lon="-123.364358">
<name>Bulk Barn</name>
<cmt>convenience_store</cmt>
<desc>Grocery Store</desc>
<sym>Dot</sym>
<type>store</type>
</wpt>
<wpt lat="48.423900" lon="-123.362874">
<name>Menbow Ramen Bar</name>
<cmt>food</cmt>
<desc>Restaurant</desc>
<sym>Dot</sym>
<type>food</type>
</wpt>
<wpt lat="48.424523" lon="-123.363237">
<name>Pho Vy</name>
<cmt>food</cmt>
<desc>Restaurant</desc>
<sym>Dot</sym>
<type>food</type>
</wpt>
<wpt lat="48.424248" lon="-123.363037">
<name>Burger Crush</name>
<cmt>food</cmt>
<desc>Restaurant</desc>
<sym>Dot</sym>
<type>food</type>
</wpt>
<wpt lat="48.426051" lon="-123.364187">
<name>Haunted Manor Mini-Golf &amp; Ping-Pong</name>
<cmt>bar</cmt>
<desc>Brewery / Pub</desc>
<sym>Dot</sym>
<type>food</type>
</wpt>
<wpt lat="48.442534" lon="-123.386426">
<name>The Vic</name>
<cmt>lodging</cmt>
<desc>Hotel / Motel</desc>
<sym>Dot</sym>
<type>shelter</type>
</wpt>
<wpt lat="48.424513" lon="-123.363142">
<name>Bale Banh Mi Sandwiches</name>
<cmt>convenience_store</cmt>
<desc>Specialty / Health Food</desc>
<sym>Dot</sym>
<type>store</type>
</wpt>
<wpt lat="48.424062" lon="-123.362827">
<name>L'Apéro</name>
<cmt>food</cmt>
<desc>Restaurant</desc>
<sym>Dot</sym>
<type>food</type>
</wpt>
<wpt lat="48.443140" lon="-123.385926">
<name>Hecklers Bar &amp; Grill</name>
<cmt>food</cmt>
<desc>Restaurant</desc>
<sym>Dot</sym>
<type>food</type>
</wpt>
<wpt lat="48.430828" lon="-123.364981">
<name>Island Travel Inn</name>
<cmt>lodging</cmt>
<desc>Hotel / Motel</desc>
<sym>Dot</sym>
<type>shelter</type>
</wpt>
<wpt lat="48.447614" lon="-123.369120">
<name>Manchu Wok</name>
<cmt>food</cmt>
<desc>Fast Food / Chain</desc>
<sym>Dot</sym>
<type>food</type>
</wpt>
<wpt lat="48.428127" lon="-123.363898">
<name>Rudi</name>
<cmt>food</cmt>
<desc>Restaurant</desc>
<sym>Dot</sym>
<type>food</type>
</wpt>
<wpt lat="48.447700" lon="-123.369066">
<name>KFC</name>
<cmt>food</cmt>
<desc>Fast Food / Chain</desc>
<sym>Dot</sym>
<type>food</type>
</wpt>
<wpt lat="48.447547" lon="-123.369102">
<name>OPA! Of Greece</name>
<cmt>food</cmt>
<desc>Fast Food / Chain</desc>
<sym>Dot</sym>
<type>food</type>
</wpt>
<wpt lat="48.446148" lon="-123.369781">
<name>Mr. Pretzels</name>
<cmt>food</cmt>
<desc>Fast Food / Chain</desc>
<sym>Dot</sym>
<type>food</type>
</wpt>
<wpt lat="48.447742" lon="-123.369013">
<name>A&amp;W</name>
<cmt>food</cmt>
<desc>Fast Food / Chain</desc>
<sym>Dot</sym>
<type>food</type>
</wpt>
<wpt lat="48.443152" lon="-123.386035">
<name>Liquor Depot</name>
<cmt>convenience_store</cmt>
<desc>Liquor Store</desc>
<sym>Dot</sym>
<type>store</type>
</wpt>
<wpt lat="48.447483" lon="-123.369068">
<name>Pho Tru</name>
<cmt>food</cmt>
<desc>Fast Food / Chain</desc>
<sym>Dot</sym>
<type>food</type>
</wpt>
<wpt lat="48.427023" lon="-123.364259">
<name>Board with Friends Cafe</name>
<cmt>coffee</cmt>
<desc>Café / Coffee</desc>
<sym>Dot</sym>
<type>food</type>
</wpt>
<wpt lat="48.424222" lon="-123.362763">
<name>Good Ovening Korean Pub and Oven Roasted Chicken</name>
<cmt>food</cmt>
<desc>Restaurant</desc>
<sym>Dot</sym>
<type>food</type>
</wpt>
<wpt lat="48.415515" lon="-123.374903">
<name>Superior Pizza</name>
<cmt>food</cmt>
<desc>Fast Food / Chain</desc>
<sym>Dot</sym>
<type>food</type>
</wpt>
<wpt lat="48.429826" lon="-123.364061">
<name>No Frills</name>
<cmt>convenience_store</cmt>
<desc>Grocery Store</desc>
<sym>Dot</sym>
<type>store</type>
</wpt>
<wpt lat="48.426029" lon="-123.363924">
<name>Interactivity Board Game Cafe</name>
<cmt>coffee</cmt>
<desc>Café / Coffee</desc>
<sym>Dot</sym>
<type>food</type>
</wpt>
<wpt lat="48.425440" lon="-123.363828">
<name>Empire Donuts</name>
<cmt>food</cmt>
<desc>Bakery / Donuts</desc>
<sym>Dot</sym>
<type>food</type>
</wpt>
<wpt lat="48.447760" lon="-123.368932">
<name>Menbow Ramen Express</name>
<cmt>food</cmt>
<desc>Fast Food / Chain</desc>
<sym>Dot</sym>
<type>food</type>
</wpt>
<wpt lat="48.420071" lon="-123.362886">
<name>Tre Fantastico</name>
<cmt>food</cmt>
<desc>Restaurant</desc>
<sym>Dot</sym>
<type>food</type>
</wpt>
<wpt lat="48.447446" lon="-123.369002">
<name>Ono Poke</name>
<cmt>food</cmt>
<desc>Fast Food / Chain</desc>
<sym>Dot</sym>
<type>food</type>
</wpt>
<wpt lat="48.423631" lon="-123.362429">
<name>Discovery Coffee</name>
<cmt>coffee</cmt>
<desc>Café / Coffee</desc>
<sym>Dot</sym>
<type>food</type>
</wpt>
<wpt lat="48.425504" lon="-123.363812">
<name>Soupa Cafe</name>
<cmt>coffee</cmt>
<desc>Café / Coffee</desc>
<sym>Dot</sym>
<type>food</type>
</wpt>
<wpt lat="48.447774" lon="-123.368870">
<name>New York Fries</name>
<cmt>food</cmt>
<desc>Fast Food / Chain</desc>
<sym>Dot</sym>
<type>food</type>
</wpt>
<wpt lat="48.415111" lon="-123.374084">
<name>Piggy &amp; Paisley</name>
<cmt>coffee</cmt>
<desc>Café / Coffee</desc>
<sym>Dot</sym>
<type>food</type>
</wpt>
<wpt lat="48.427809" lon="-123.363771">
<name>John's Place</name>
<cmt>food</cmt>
<desc>Restaurant</desc>
<sym>Dot</sym>
<type>food</type>
</wpt>
<wpt lat="48.420358" lon="-123.362760">
<name>The Parkside Hotel &amp; Spa</name>
<cmt>lodging</cmt>
<desc>Hotel / Motel</desc>
<sym>Dot</sym>
<type>shelter</type>
</wpt>
<wpt lat="48.435544" lon="-123.373350">
<name>Greek On the Street</name>
<cmt>food</cmt>
<desc>Restaurant</desc>
<sym>Dot</sym>
<type>food</type>
</wpt>
<wpt lat="48.415664" lon="-123.374981">
<name>James Bay Coffee House</name>
<cmt>coffee</cmt>
<desc>Café / Coffee</desc>
<sym>Dot</sym>
<type>food</type>
</wpt>
<wpt lat="48.423861" lon="-123.362416">
<name>Yalla</name>
<cmt>food</cmt>
<desc>Restaurant</desc>
<sym>Dot</sym>
<type>food</type>
</wpt>
<wpt lat="48.447864" lon="-123.368783">
<name>H Mart</name>
<cmt>convenience_store</cmt>
<desc>Grocery Store</desc>
<sym>Dot</sym>
<type>store</type>
</wpt>
<wpt lat="48.426015" lon="-123.363786">
<name>Saint Franks</name>
<cmt>food</cmt>
<desc>Restaurant</desc>
<sym>Dot</sym>
<type>food</type>
</wpt>
<wpt lat="48.445343" lon="-123.370214">
<name>Starbucks</name>
<cmt>food</cmt>
<desc>Fast Food / Chain</desc>
<sym>Dot</sym>
<type>food</type>
</wpt>
<wpt lat="48.447382" lon="-123.368906">
<name>Freshly Squeezed</name>
<cmt>food</cmt>
<desc>Fast Food / Chain</desc>
<sym>Dot</sym>
<type>food</type>
</wpt>
<wpt lat="48.415860" lon="-123.375367">
<name>Spinnakers Spirit Merchants</name>
<cmt>convenience_store</cmt>
<desc>Liquor Store</desc>
<sym>Dot</sym>
<type>store</type>
</wpt>
<wpt lat="48.425787" lon="-123.363735">
<name>Dosa Paragon</name>
<cmt>food</cmt>
<desc>Restaurant</desc>
<sym>Dot</sym>
<type>food</type>
</wpt>
<wpt lat="48.425824" lon="-123.363726">
<name>Sushi Time Express</name>
<cmt>food</cmt>
<desc>Fast Food / Chain</desc>
<sym>Dot</sym>
<type>food</type>
</wpt>
<wpt lat="48.447751" lon="-123.368774">
<name>Subway</name>
<cmt>food</cmt>
<desc>Fast Food / Chain</desc>
<sym>Dot</sym>
<type>food</type>
</wpt>
<wpt lat="48.423928" lon="-123.362400">
<name>La Taquisa</name>
<cmt>food</cmt>
<desc>Restaurant</desc>
<sym>Dot</sym>
<type>food</type>
</wpt>
<wpt lat="48.423975" lon="-123.362390">
<name>be love</name>
<cmt>food</cmt>
<desc>Restaurant</desc>
<sym>Dot</sym>
<type>food</type>
</wpt>
<wpt lat="48.447685" lon="-123.368745">
<name>Taco Time</name>
<cmt>food</cmt>
<desc>Fast Food / Chain</desc>
<sym>Dot</sym>
<type>food</type>
</wpt>
<wpt lat="48.427272" lon="-123.363839">
<name>Other Guise</name>
<cmt>monument</cmt>
<desc>Museum / Gallery</desc>
<sym>Dot</sym>
<type>info</type>
</wpt>
<wpt lat="48.424635" lon="-123.362693">
<name>Bobadog Bubble Tea &amp; Hot Dogs</name>
<cmt>food</cmt>
<desc>Restaurant</desc>
<sym>Dot</sym>
<type>food</type>
</wpt>
<wpt lat="48.423706" lon="-123.362195">
<name>Superflux Cabana</name>
<cmt>bar</cmt>
<desc>Brewery / Pub</desc>
<sym>Dot</sym>
<type>food</type>
</wpt>
<wpt lat="48.428999" lon="-123.363496">
<name>Golden City</name>
<cmt>food</cmt>
<desc>Restaurant</desc>
<sym>Dot</sym>
<type>food</type>
</wpt>
<wpt lat="48.441116" lon="-123.373705">
<name>Heavenly Desserts</name>
<cmt>coffee</cmt>
<desc>Café / Coffee</desc>
<sym>Dot</sym>
<type>food</type>
</wpt>
<wpt lat="48.447407" lon="-123.368684">
<name>The Big Orange Juice Bar</name>
<cmt>food</cmt>
<desc>Fast Food / Chain</desc>
<sym>Dot</sym>
<type>food</type>
</wpt>
<wpt lat="48.430724" lon="-123.364255">
<name>Bangkok Modern Thai Cuisine</name>
<cmt>food</cmt>
<desc>Restaurant</desc>
<sym>Dot</sym>
<type>food</type>
</wpt>
<wpt lat="48.425098" lon="-123.362960">
<name>The Coda</name>
<cmt>bar</cmt>
<desc>Brewery / Pub</desc>
<sym>Dot</sym>
<type>food</type>
</wpt>
<wpt lat="48.447285" lon="-123.368674">
<name>Starbucks</name>
<cmt>food</cmt>
<desc>Fast Food / Chain</desc>
<sym>Dot</sym>
<type>food</type>
</wpt>
<wpt lat="48.424749" lon="-123.362640">
<name>Italian Food Imports</name>
<cmt>convenience_store</cmt>
<desc>Specialty / Health Food</desc>
<sym>Dot</sym>
<type>store</type>
</wpt>
<wpt lat="48.429547" lon="-123.363508">
<name>Deer &amp; Dough Bakery Cafe</name>
<cmt>food</cmt>
<desc>Bakery / Donuts</desc>
<sym>Dot</sym>
<type>food</type>
</wpt>
<wpt lat="48.441096" lon="-123.373571">
<name>Subway</name>
<cmt>food</cmt>
<desc>Fast Food / Chain</desc>
<sym>Dot</sym>
<type>food</type>
</wpt>
<wpt lat="48.424167" lon="-123.362200">
<name>Fish Hook</name>
<cmt>food</cmt>
<desc>Restaurant</desc>
<sym>Dot</sym>
<type>food</type>
</wpt>
<wpt lat="48.437104" lon="-123.373611">
<name>Hoyne Brewing Company</name>
<cmt>bar</cmt>
<desc>Brewery / Pub</desc>
<sym>Dot</sym>
<type>food</type>
</wpt>
<wpt lat="48.431456" lon="-123.364913">
<name>Red Cedar Cafe</name>
<cmt>food</cmt>
<desc>Restaurant</desc>
<sym>Dot</sym>
<type>food</type>
</wpt>
<wpt lat="48.436749" lon="-123.373430">
<name>Parachute</name>
<cmt>food</cmt>
<desc>Ice Cream</desc>
<sym>Dot</sym>
<type>food</type>
</wpt>
<wpt lat="48.425089" lon="-123.362838">
<name>Hermann's Jazz Club</name>
<cmt>bar</cmt>
<desc>Brewery / Pub</desc>
<sym>Dot</sym>
<type>food</type>
</wpt>
<wpt lat="48.428038" lon="-123.363299">
<name>Cube Food Box</name>
<cmt>food</cmt>
<desc>Restaurant</desc>
<sym>Dot</sym>
<type>food</type>
</wpt>
<wpt lat="48.416621" lon="-123.372905">
<name>Discovery Coffee</name>
<cmt>coffee</cmt>
<desc>Café / Coffee</desc>
<sym>Dot</sym>
<type>food</type>
</wpt>
<wpt lat="48.426762" lon="-123.381919">
<name>Boom + Batten Restaurant &amp; Cafe</name>
<cmt>food</cmt>
<desc>Restaurant</desc>
<sym>Dot</sym>
<type>food</type>
</wpt>
<wpt lat="48.424451" lon="-123.362260">
<name>Subway</name>
<cmt>food</cmt>
<desc>Fast Food / Chain</desc>
<sym>Dot</sym>
<type>food</type>
</wpt>
<wpt lat="48.436422" lon="-123.373231">
<name>Cit-E Cycles</name>
<cmt>bike_shop</cmt>
<desc>Repair Shop</desc>
<sym>Dot</sym>
<type>gear</type>
</wpt>
<wpt lat="48.424153" lon="-123.362076">
<name>Original Pho</name>
<cmt>food</cmt>
<desc>Restaurant</desc>
<sym>Dot</sym>
<type>food</type>
</wpt>
<wpt lat="48.424989" lon="-123.362610">
<name>Sarpino's Pizza</name>
<cmt>food</cmt>
<desc>Restaurant</desc>
<sym>Dot</sym>
<type>food</type>
</wpt>
<wpt lat="48.427200" lon="-123.363383">
<name>The Vicious Poodle</name>
<cmt>bar</cmt>
<desc>Brewery / Pub</desc>
<sym>Dot</sym>
<type>food</type>
</wpt>
<wpt lat="48.415309" lon="-123.373482">
<name>The Bent Mast</name>
<cmt>bar</cmt>
<desc>Brewery / Pub</desc>
<sym>Dot</sym>
<type>food</type>
</wpt>
<wpt lat="48.424656" lon="-123.362210">
<name>Shiki Sushi</name>
<cmt>food</cmt>
<desc>Restaurant</desc>
<sym>Dot</sym>
<type>food</type>
</wpt>
<wpt lat="49.267877" lon="-123.125828">
<name>Charleson Park Community Garden</name>
<cmt>park</cmt>
<desc>Park / Nature</desc>
<sym>Dot</sym>
<type>rest_area</type>
</wpt>
<wpt lat="49.289294" lon="-123.036652">
<name>New Brighton Pool</name>
<cmt>rest_stop</cmt>
<desc>Community Centre</desc>
<sym>Dot</sym>
<type>rest_area</type>
</wpt>
<wpt lat="49.290415" lon="-123.125114">
<name>Coal Harbour Community Centre</name>
<cmt>rest_stop</cmt>
<desc>Community Centre</desc>
<sym>Dot</sym>
<type>rest_area</type>
</wpt>
<wpt lat="49.268526" lon="-123.118626">
<name>Riviera Cafe &amp; Restaurant</name>
<cmt>food</cmt>
<desc>Restaurant</desc>
<sym>Dot</sym>
<type>food</type>
</wpt>
<wpt lat="49.290046" lon="-123.116951">
<name>De Dutch</name>
<cmt>food</cmt>
<desc>Restaurant</desc>
<sym>Dot</sym>
<type>food</type>
</wpt>
<wpt lat="49.277377" lon="-123.086985">
<name>Union Market</name>
<cmt>coffee</cmt>
<desc>Café / Coffee</desc>
<sym>Dot</sym>
<type>food</type>
</wpt>
<wpt lat="49.289362" lon="-123.114427">
<name>Mahony's Tavern</name>
<cmt>food</cmt>
<desc>Restaurant</desc>
<sym>Dot</sym>
<type>food</type>
</wpt>
<wpt lat="49.285758" lon="-123.111669">
<name>Starbucks</name>
<cmt>food</cmt>
<desc>Fast Food / Chain</desc>
<sym>Dot</sym>
<type>food</type>
</wpt>
<wpt lat="49.286003" lon="-123.112456">
<name>Chronic Tacos</name>
<cmt>food</cmt>
<desc>Fast Food / Chain</desc>
<sym>Dot</sym>
<type>food</type>
</wpt>
<wpt lat="49.285899" lon="-123.112287">
<name>A&amp;W</name>
<cmt>food</cmt>
<desc>Fast Food / Chain</desc>
<sym>Dot</sym>
<type>food</type>
</wpt>
<wpt lat="49.289232" lon="-123.114491">
<name>Uno Gelato</name>
<cmt>food</cmt>
<desc>Ice Cream</desc>
<sym>Dot</sym>
<type>food</type>
</wpt>
<wpt lat="49.285858" lon="-123.111859">
<name>Real Fruit Bubble Tea</name>
<cmt>coffee</cmt>
<desc>Café / Coffee</desc>
<sym>Dot</sym>
<type>food</type>
</wpt>
<wpt lat="49.277538" lon="-123.074505">
<name>Bomber Brewing</name>
<cmt>bar</cmt>
<desc>Brewery / Pub</desc>
<sym>Dot</sym>
<type>food</type>
</wpt>
<wpt lat="49.277727" lon="-123.074892">
<name>Bici</name>
<cmt>bike_shop</cmt>
<desc>Repair Shop</desc>
<sym>Dot</sym>
<type>gear</type>
</wpt>
<wpt lat="49.293631" lon="-123.142719">
<name>Ted and Mary Greig Rhododendron Garden</name>
<cmt>park</cmt>
<desc>Park / Nature</desc>
<sym>Dot</sym>
<type>rest_area</type>
</wpt>
<wpt lat="49.269047" lon="-123.118483">
<name>Uno Gelato</name>
<cmt>food</cmt>
<desc>Ice Cream</desc>
<sym>Dot</sym>
<type>food</type>
</wpt>
<wpt lat="49.294400" lon="-123.137873">
<name>Lost Lagoon Nature House</name>
<cmt>park</cmt>
<desc>Park / Nature</desc>
<sym>Dot</sym>
<type>rest_area</type>
</wpt>
<wpt lat="49.288664" lon="-123.115181">
<name>Chop Steakhouse &amp; Bar</name>
<cmt>food</cmt>
<desc>Restaurant</desc>
<sym>Dot</sym>
<type>food</type>
</wpt>
<wpt lat="49.289088" lon="-123.114688">
<name>Subway</name>
<cmt>food</cmt>
<desc>Fast Food / Chain</desc>
<sym>Dot</sym>
<type>food</type>
</wpt>
<wpt lat="49.287930" lon="-123.115163">
<name>Vancouver Tourism Visitor Centre</name>
<cmt>generic</cmt>
<desc>Visitor Centre</desc>
<sym>Dot</sym>
<type>generic</type>
</wpt>
<wpt lat="49.272644" lon="-123.147279">
<name>Triple-O's</name>
<cmt>food</cmt>
<desc>Restaurant</desc>
<sym>Dot</sym>
<type>food</type>
</wpt>
<wpt lat="49.288837" lon="-123.114996">
<name>Quesada</name>
<cmt>food</cmt>
<desc>Fast Food / Chain</desc>
<sym>Dot</sym>
<type>food</type>
</wpt>
<wpt lat="49.279365" lon="-123.099084">
<name>Los Sapos Tacos</name>
<cmt>food</cmt>
<desc>Restaurant</desc>
<sym>Dot</sym>
<type>food</type>
</wpt>
<wpt lat="49.288958" lon="-123.114858">
<name>Steve's Poke Bar</name>
<cmt>food</cmt>
<desc>Restaurant</desc>
<sym>Dot</sym>
<type>food</type>
</wpt>
<wpt lat="49.277761" lon="-123.076042">
<name>Off The Rail Tasting Room</name>
<cmt>bar</cmt>
<desc>Brewery / Pub</desc>
<sym>Dot</sym>
<type>food</type>
</wpt>
<wpt lat="49.279569" lon="-123.098152">
<name>Sun Fresh Bakery</name>
<cmt>food</cmt>
<desc>Bakery / Donuts</desc>
<sym>Dot</sym>
<type>food</type>
</wpt>
<wpt lat="49.279563" lon="-123.097839">
<name>Maxim's Bakery &amp; Restaurant</name>
<cmt>food</cmt>
<desc>Bakery / Donuts</desc>
<sym>Dot</sym>
<type>food</type>
</wpt>
<wpt lat="49.279594" lon="-123.099480">
<name>RedBeef Noodle Kitchen</name>
<cmt>food</cmt>
<desc>Restaurant</desc>
<sym>Dot</sym>
<type>food</type>
</wpt>
<wpt lat="49.277409" lon="-123.066190">
<name>Wise Club &amp; Hall</name>
<cmt>bar</cmt>
<desc>Brewery / Pub</desc>
<sym>Dot</sym>
<type>food</type>
</wpt>
<wpt lat="49.290443" lon="-123.117659">
<name>The Cockpit</name>
<cmt>coffee</cmt>
<desc>Café / Coffee</desc>
<sym>Dot</sym>
<type>food</type>
</wpt>
<wpt lat="49.288578" lon="-123.142644">
<name>Sylvia's Bar</name>
<cmt>bar</cmt>
<desc>Brewery / Pub</desc>
<sym>Dot</sym>
<type>food</type>
</wpt>
<wpt lat="49.279620" lon="-123.100570">
<name>Bao Bei</name>
<cmt>food</cmt>
<desc>Restaurant</desc>
<sym>Dot</sym>
<type>food</type>
</wpt>
<wpt lat="49.279626" lon="-123.101080">
<name>El Torito Mexican Restaurant</name>
<cmt>food</cmt>
<desc>Restaurant</desc>
<sym>Dot</sym>
<type>food</type>
</wpt>
<wpt lat="49.272813" lon="-123.147603">
<name>Starbucks</name>
<cmt>food</cmt>
<desc>Fast Food / Chain</desc>
<sym>Dot</sym>
<type>food</type>
</wpt>
<wpt lat="49.281320" lon="-123.061466">
<name>Innocent Ice Cream Parlour</name>
<cmt>food</cmt>
<desc>Ice Cream</desc>
<sym>Dot</sym>
<type>food</type>
</wpt>
<wpt lat="49.279340" lon="-123.098808">
<name>Tatos Kitchen</name>
<cmt>food</cmt>
<desc>Restaurant</desc>
<sym>Dot</sym>
<type>food</type>
</wpt>
<wpt lat="49.268711" lon="-123.118640">
<name>The Wicklow</name>
<cmt>bar</cmt>
<desc>Brewery / Pub</desc>
<sym>Dot</sym>
<type>food</type>
</wpt>
<wpt lat="49.279346" lon="-123.099337">
<name>Tim Hortons</name>
<cmt>food</cmt>
<desc>Fast Food / Chain</desc>
<sym>Dot</sym>
<type>food</type>
</wpt>
<wpt lat="49.279308" lon="-123.097392">
<name>Oyster Express</name>
<cmt>food</cmt>
<desc>Restaurant</desc>
<sym>Dot</sym>
<type>food</type>
</wpt>
<wpt lat="49.289394" lon="-123.114881">
<name>The Golden Horn Turkish Bakery &amp; Cafe</name>
<cmt>food</cmt>
<desc>Bakery / Donuts</desc>
<sym>Dot</sym>
<type>food</type>
</wpt>
<wpt lat="49.279620" lon="-123.101326">
<name>The Keefer Bar</name>
<cmt>bar</cmt>
<desc>Brewery / Pub</desc>
<sym>Dot</sym>
<type>food</type>
</wpt>
<wpt lat="49.279349" lon="-123.100307">
<name>Juke</name>
<cmt>food</cmt>
<desc>Restaurant</desc>
<sym>Dot</sym>
<type>food</type>
</wpt>
<wpt lat="49.277177" lon="-123.080690">
<name>Luppolo Brewing Company</name>
<cmt>bar</cmt>
<desc>Brewery / Pub</desc>
<sym>Dot</sym>
<type>food</type>
</wpt>
<wpt lat="49.275768" lon="-123.132430">
<name>Long Table Distillery</name>
<cmt>bar</cmt>
<desc>Brewery / Pub</desc>
<sym>Dot</sym>
<type>food</type>
</wpt>
<wpt lat="49.277474" lon="-123.074517">
<name>Bomber Tasting Room</name>
<cmt>bar</cmt>
<desc>Brewery / Pub</desc>
<sym>Dot</sym>
<type>food</type>
</wpt>
<wpt lat="49.288004" lon="-123.114392">
<name>Canada Place</name>
<cmt>viewpoint</cmt>
<desc>Activity / Experience</desc>
<sym>Dot</sym>
<type>overlook</type>
</wpt>
<wpt lat="49.272699" lon="-123.147278">
<name>Siegel's Bagels</name>
<cmt>food</cmt>
<desc>Bakery / Donuts</desc>
<sym>Dot</sym>
<type>food</type>
</wpt>
<wpt lat="49.287939" lon="-123.114141">
<name>Canada Place Welcome Centre</name>
<cmt>generic</cmt>
<desc>Visitor Centre</desc>
<sym>Dot</sym>
<type>generic</type>
</wpt>
<wpt lat="49.288484" lon="-123.115395">
<name>Starbucks</name>
<cmt>food</cmt>
<desc>Fast Food / Chain</desc>
<sym>Dot</sym>
<type>food</type>
</wpt>
<wpt lat="49.290453" lon="-123.117454">
<name>Gulf Island Seaplanes</name>
<cmt>viewpoint</cmt>
<desc>Activity / Experience</desc>
<sym>Dot</sym>
<type>overlook</type>
</wpt>
<wpt lat="49.285157" lon="-123.061900">
<name>Moet's Convenience Stores</name>
<cmt>convenience_store</cmt>
<desc>Convenience Store</desc>
<sym>Dot</sym>
<type>store</type>
</wpt>
<wpt lat="49.267446" lon="-123.119643">
<name>Convivial Café and Bakery</name>
<cmt>food</cmt>
<desc>Bakery / Donuts</desc>
<sym>Dot</sym>
<type>food</type>
</wpt>
<wpt lat="49.285909" lon="-123.111966">
<name>Subway</name>
<cmt>food</cmt>
<desc>Fast Food / Chain</desc>
<sym>Dot</sym>
<type>food</type>
</wpt>
<wpt lat="49.278685" lon="-123.145329">
<name>False Creek</name>
<cmt>park</cmt>
<desc>Park / Nature</desc>
<sym>Dot</sym>
<type>rest_area</type>
</wpt>
<wpt lat="49.286742" lon="-123.142240">
<name>CRAFT Beer Market</name>
<cmt>food</cmt>
<desc>Restaurant</desc>
<sym>Dot</sym>
<type>food</type>
</wpt>
<wpt lat="49.277162" lon="-123.081769">
<name>La Casa Gelato</name>
<cmt>food</cmt>
<desc>Ice Cream</desc>
<sym>Dot</sym>
<type>food</type>
</wpt>
<wpt lat="49.287505" lon="-123.113923">
<name>Arc</name>
<cmt>food</cmt>
<desc>Restaurant</desc>
<sym>Dot</sym>
<type>food</type>
</wpt>
<wpt lat="49.269904" lon="-123.137586">
<name>Blue Hat Bakery &amp; Cafe</name>
<cmt>food</cmt>
<desc>Bakery / Donuts</desc>
<sym>Dot</sym>
<type>food</type>
</wpt>
<wpt lat="49.286572" lon="-123.114180">
<name>Awesome Bagel &amp; More</name>
<cmt>food</cmt>
<desc>Bakery / Donuts</desc>
<sym>Dot</sym>
<type>food</type>
</wpt>
<wpt lat="49.272812" lon="-123.147494">
<name>Pizza Pizza</name>
<cmt>food</cmt>
<desc>Fast Food / Chain</desc>
<sym>Dot</sym>
<type>food</type>
</wpt>
<wpt lat="49.271436" lon="-123.106835">
<name>Terra Breads</name>
<cmt>coffee</cmt>
<desc>Café / Coffee</desc>
<sym>Dot</sym>
<type>food</type>
</wpt>
<wpt lat="49.279699" lon="-123.099992">
<name>Virtuous Pie</name>
<cmt>food</cmt>
<desc>Restaurant</desc>
<sym>Dot</sym>
<type>food</type>
</wpt>
<wpt lat="49.291569" lon="-123.127516">
<name>Cardero's</name>
<cmt>food</cmt>
<desc>Restaurant</desc>
<sym>Dot</sym>
<type>food</type>
</wpt>
<wpt lat="49.285939" lon="-123.112050">
<name>Body Energy Club</name>
<cmt>convenience_store</cmt>
<desc>Specialty / Health Food</desc>
<sym>Dot</sym>
<type>store</type>
</wpt>
<wpt lat="49.286591" lon="-123.142845">
<name>Cactus Club Cafe</name>
<cmt>food</cmt>
<desc>Restaurant</desc>
<sym>Dot</sym>
<type>food</type>
</wpt>
<wpt lat="49.275892" lon="-123.134216">
<name>The Grind</name>
<cmt>coffee</cmt>
<desc>Café / Coffee</desc>
<sym>Dot</sym>
<type>food</type>
</wpt>
<wpt lat="49.286945" lon="-123.141990">
<name>Hook Cantina</name>
<cmt>food</cmt>
<desc>Restaurant</desc>
<sym>Dot</sym>
<type>food</type>
</wpt>
<wpt lat="49.297759" lon="-123.131435">
<name>Stanley Park Information Booth</name>
<cmt>generic</cmt>
<desc>Visitor Centre</desc>
<sym>Dot</sym>
<type>generic</type>
</wpt>
<wpt lat="49.286813" lon="-123.113169">
<name>Blenz Coffee</name>
<cmt>coffee</cmt>
<desc>Café / Coffee</desc>
<sym>Dot</sym>
<type>food</type>
</wpt>
<wpt lat="49.279085" lon="-123.101923">
<name>Annabelle's</name>
<cmt>coffee</cmt>
<desc>Café / Coffee</desc>
<sym>Dot</sym>
<type>food</type>
</wpt>
<wpt lat="49.271755" lon="-123.106066">
<name>Tap &amp; Barrel</name>
<cmt>bar</cmt>
<desc>Brewery / Pub</desc>
<sym>Dot</sym>
<type>food</type>
</wpt>
<wpt lat="49.287065" lon="-123.112828">
<name>Miku</name>
<cmt>food</cmt>
<desc>Restaurant</desc>
<sym>Dot</sym>
<type>food</type>
</wpt>
<wpt lat="49.289800" lon="-123.116892">
<name>Tap &amp; Barrel</name>
<cmt>bar</cmt>
<desc>Brewery / Pub</desc>
<sym>Dot</sym>
<type>food</type>
</wpt>
<wpt lat="49.275980" lon="-123.103735">
<name>Canoe Cultures</name>
<cmt>monument</cmt>
<desc>Museum / Gallery</desc>
<sym>Dot</sym>
<type>info</type>
</wpt>
<wpt lat="49.287806" lon="-123.115344">
<name>Riley's Fish &amp; Steak</name>
<cmt>food</cmt>
<desc>Restaurant</desc>
<sym>Dot</sym>
<type>food</type>
</wpt>
<wpt lat="49.275634" lon="-123.135287">
<name>Hoshi</name>
<cmt>food</cmt>
<desc>Restaurant</desc>
<sym>Dot</sym>
<type>food</type>
</wpt>
<wpt lat="49.287270" lon="-123.113634">
<name>Fairmont Waterfront</name>
<cmt>lodging</cmt>
<desc>Hotel / Motel</desc>
<sym>Dot</sym>
<type>shelter</type>
</wpt>
<wpt lat="49.295490" lon="-123.150896">
<name>Second Beach Pool</name>
<cmt>rest_stop</cmt>
<desc>Community Centre</desc>
<sym>Dot</sym>
<type>rest_area</type>
</wpt>
<wpt lat="49.275544" lon="-123.135539">
<name>Beach Ave Bar &amp; Grill</name>
<cmt>food</cmt>
<desc>Restaurant</desc>
<sym>Dot</sym>
<type>food</type>
</wpt>
<wpt lat="49.277557" lon="-123.147317">
<name>Vancouver Maritime Museum</name>
<cmt>monument</cmt>
<desc>Museum / Gallery</desc>
<sym>Dot</sym>
<type>info</type>
</wpt>
<wpt lat="49.272614" lon="-123.148291">
<name>Vera's Burger Shack</name>
<cmt>food</cmt>
<desc>Fast Food / Chain</desc>
<sym>Dot</sym>
<type>food</type>
</wpt>
<wpt lat="49.289593" lon="-123.118431">
<name>Cactus Club Cafe</name>
<cmt>food</cmt>
<desc>Restaurant</desc>
<sym>Dot</sym>
<type>food</type>
</wpt>
<wpt lat="49.279644" lon="-123.091713">
<name>Strathcona Community Centre</name>
<cmt>rest_stop</cmt>
<desc>Community Centre</desc>
<sym>Dot</sym>
<type>rest_area</type>
</wpt>
<wpt lat="49.292133" lon="-123.129135">
<name>Westin Bayshore</name>
<cmt>lodging</cmt>
<desc>Hotel / Motel</desc>
<sym>Dot</sym>
<type>shelter</type>
</wpt>
<wpt lat="49.276927" lon="-123.131903">
<name>Bicycle Sports Pacific</name>
<cmt>bike_shop</cmt>
<desc>Repair Shop</desc>
<sym>Dot</sym>
<type>gear</type>
</wpt>
<wpt lat="49.285334" lon="-123.112222">
<name>Deville Coffee</name>
<cmt>coffee</cmt>
<desc>Café / Coffee</desc>
<sym>Dot</sym>
<type>food</type>
</wpt>
<wpt lat="49.293604" lon="-123.129584">
<name>Lift Bar Grill View</name>
<cmt>food</cmt>
<desc>Restaurant</desc>
<sym>Dot</sym>
<type>food</type>
</wpt>
<wpt lat="49.269221" lon="-123.118730">
<name>Bae Side</name>
<cmt>food</cmt>
<desc>Restaurant</desc>
<sym>Dot</sym>
<type>food</type>
</wpt>
<wpt lat="49.287214" lon="-123.113820">
<name>Famous Wok</name>
<cmt>food</cmt>
<desc>Restaurant</desc>
<sym>Dot</sym>
<type>food</type>
</wpt>
<wpt lat="49.287073" lon="-123.141800">
<name>The Three Brits Public House</name>
<cmt>bar</cmt>
<desc>Brewery / Pub</desc>
<sym>Dot</sym>
<type>food</type>
</wpt>
<wpt lat="49.279820" lon="-123.099467">
<name>The Boss Bakery &amp; Restaurant</name>
<cmt>food</cmt>
<desc>Bakery / Donuts</desc>
<sym>Dot</sym>
<type>food</type>
</wpt>
<wpt lat="49.287361" lon="-123.114029">
<name>Jugo Juice</name>
<cmt>food</cmt>
<desc>Fast Food / Chain</desc>
<sym>Dot</sym>
<type>food</type>
</wpt>
<wpt lat="49.287387" lon="-123.114120">
<name>Hula</name>
<cmt>food</cmt>
<desc>Restaurant</desc>
<sym>Dot</sym>
<type>food</type>
</wpt>
<wpt lat="49.287413" lon="-123.114221">
<name>Subway</name>
<cmt>food</cmt>
<desc>Fast Food / Chain</desc>
<sym>Dot</sym>
<type>food</type>
</wpt>
<wpt lat="49.287165" lon="-123.113899">
<name>Basha</name>
<cmt>food</cmt>
<desc>Restaurant</desc>
<sym>Dot</sym>
<type>food</type>
</wpt>
<wpt lat="49.276973" lon="-123.080592">
<name>Luppolo Brewing</name>
<cmt>bar</cmt>
<desc>Brewery / Pub</desc>
<sym>Dot</sym>
<type>food</type>
</wpt>
<wpt lat="49.285049" lon="-123.062187">
<name>Pho Dundas</name>
<cmt>food</cmt>
<desc>Restaurant</desc>
<sym>Dot</sym>
<type>food</type>
</wpt>
<wpt lat="49.278009" lon="-123.076080">
<name>Off The Rail</name>
<cmt>bar</cmt>
<desc>Brewery / Pub</desc>
<sym>Dot</sym>
<type>food</type>
</wpt>
<wpt lat="49.285309" lon="-123.062188">
<name>Chén̓chenstway Healing Garden and Indigenous Food Forest</name>
<cmt>park</cmt>
<desc>Park / Nature</desc>
<sym>Dot</sym>
<type>rest_area</type>
</wpt>
<wpt lat="49.279809" lon="-123.097472">
<name>Addah</name>
<cmt>food</cmt>
<desc>Restaurant</desc>
<sym>Dot</sym>
<type>food</type>
</wpt>
<wpt lat="49.271644" lon="-123.106129">
<name>Creekside Community Recreation Centre</name>
<cmt>rest_stop</cmt>
<desc>Community Centre</desc>
<sym>Dot</sym>
<type>rest_area</type>
</wpt>
<wpt lat="49.280989" lon="-123.061117">
<name>The Red Wagon Cafe</name>
<cmt>food</cmt>
<desc>Restaurant</desc>
<sym>Dot</sym>
<type>food</type>
</wpt>
<wpt lat="49.303063" lon="-123.155750">
<name>Third Beach Concession</name>
<cmt>food</cmt>
<desc>Fast Food / Chain</desc>
<sym>Dot</sym>
<type>food</type>
</wpt>
<wpt lat="49.287014" lon="-123.141696">
<name>Oakberry Açaí bowls</name>
<cmt>food</cmt>
<desc>Fast Food / Chain</desc>
<sym>Dot</sym>
<type>food</type>
</wpt>
<wpt lat="49.272625" lon="-123.148484">
<name>Cockney Kings</name>
<cmt>food</cmt>
<desc>Fast Food / Chain</desc>
<sym>Dot</sym>
<type>food</type>
</wpt>
<wpt lat="49.287897" lon="-123.113048">
<name>Pan Pacific Vancouver</name>
<cmt>lodging</cmt>
<desc>Hotel / Motel</desc>
<sym>Dot</sym>
<type>shelter</type>
</wpt>
<wpt lat="49.287030" lon="-123.114245">
<name>Chatime</name>
<cmt>coffee</cmt>
<desc>Café / Coffee</desc>
<sym>Dot</sym>
<type>food</type>
</wpt>
<wpt lat="49.272627" lon="-123.148532">
<name>Al Basha</name>
<cmt>food</cmt>
<desc>Fast Food / Chain</desc>
<sym>Dot</sym>
<type>food</type>
</wpt>
<wpt lat="49.285394" lon="-123.111402">
<name>Rogue Kitchen &amp; Wetbar</name>
<cmt>food</cmt>
<desc>Restaurant</desc>
<sym>Dot</sym>
<type>food</type>
</wpt>
<wpt lat="49.287210" lon="-123.114074">
<name>Thaï Express</name>
<cmt>food</cmt>
<desc>Fast Food / Chain</desc>
<sym>Dot</sym>
<type>food</type>
</wpt>
<wpt lat="49.288739" lon="-123.142156">
<name>Sylvia Hotel</name>
<cmt>lodging</cmt>
<desc>Hotel / Motel</desc>
<sym>Dot</sym>
<type>shelter</type>
</wpt>
<wpt lat="49.287353" lon="-123.114499">
<name>Tim Hortons</name>
<cmt>food</cmt>
<desc>Fast Food / Chain</desc>
<sym>Dot</sym>
<type>food</type>
</wpt>
<wpt lat="49.271166" lon="-123.106903">
<name>Legacy Liquor</name>
<cmt>convenience_store</cmt>
<desc>Liquor Store</desc>
<sym>Dot</sym>
<type>store</type>
</wpt>
<wpt lat="49.277771" lon="-123.147669">
<name>Ben Franklin</name>
<cmt>viewpoint</cmt>
<desc>Activity / Experience</desc>
<sym>Dot</sym>
<type>overlook</type>
</wpt>
<wpt lat="49.281334" lon="-123.060925">
<name>The Saigonville Restaurant</name>
<cmt>food</cmt>
<desc>Restaurant</desc>
<sym>Dot</sym>
<type>food</type>
</wpt>
<wpt lat="49.287165" lon="-123.114168">
<name>McDonald's</name>
<cmt>food</cmt>
<desc>Fast Food / Chain</desc>
<sym>Dot</sym>
<type>food</type>
</wpt>
<wpt lat="49.286836" lon="-123.114555">
<name>Spokes Bicycle Rentals</name>
<cmt>bike_shop</cmt>
<desc>Rentals</desc>
<sym>Dot</sym>
<type>gear</type>
</wpt>
<wpt lat="49.272629" lon="-123.148604">
<name>Panne Rizo</name>
<cmt>coffee</cmt>
<desc>Café / Coffee</desc>
<sym>Dot</sym>
<type>food</type>
</wpt>
<wpt lat="49.275078" lon="-123.133506">
<name>inBtwn Cafe</name>
<cmt>coffee</cmt>
<desc>Café / Coffee</desc>
<sym>Dot</sym>
<type>food</type>
</wpt>
<wpt lat="49.270247" lon="-123.136425">
<name>My Island Cafe</name>
<cmt>coffee</cmt>
<desc>Café / Coffee</desc>
<sym>Dot</sym>
<type>food</type>
</wpt>
<wpt lat="49.281297" lon="-123.062480">
<name>Volcano Sushi &amp; Grill</name>
<cmt>food</cmt>
<desc>Restaurant</desc>
<sym>Dot</sym>
<type>food</type>
</wpt>
<wpt lat="49.287080" lon="-123.114320">
<name>Starbucks</name>
<cmt>food</cmt>
<desc>Fast Food / Chain</desc>
<sym>Dot</sym>
<type>food</type>
</wpt>
<wpt lat="49.287266" lon="-123.141527">
<name>Bayside Lounge</name>
<cmt>bar</cmt>
<desc>Brewery / Pub</desc>
<sym>Dot</sym>
<type>food</type>
</wpt>
<wpt lat="49.279761" lon="-123.102540">
<name>Chinese Cultural Centre Museum</name>
<cmt>monument</cmt>
<desc>Museum / Gallery</desc>
<sym>Dot</sym>
<type>info</type>
</wpt>
<wpt lat="49.272630" lon="-123.148677">
<name>Moltan</name>
<cmt>food</cmt>
<desc>Restaurant</desc>
<sym>Dot</sym>
<type>food</type>
</wpt>
<wpt lat="49.302754" lon="-123.131246">
<name>Lumberman's Arch Cafe</name>
<cmt>coffee</cmt>
<desc>Café / Coffee</desc>
<sym>Dot</sym>
<type>food</type>
</wpt>
<wpt lat="49.277033" lon="-123.071211">
<name>East Vancouver Brewing</name>
<cmt>bar</cmt>
<desc>Brewery / Pub</desc>
<sym>Dot</sym>
<type>food</type>
</wpt>
<wpt lat="49.270266" lon="-123.136119">
<name>Half Time Sports</name>
<cmt>bike_shop</cmt>
<desc>Repair Shop</desc>
<sym>Dot</sym>
<type>gear</type>
</wpt>
<wpt lat="49.280040" lon="-123.099469">
<name>Bagheera</name>
<cmt>bar</cmt>
<desc>Brewery / Pub</desc>
<sym>Dot</sym>
<type>food</type>
</wpt>
<wpt lat="49.301224" lon="-123.157071">
<name>The Teahouse</name>
<cmt>food</cmt>
<desc>Restaurant</desc>
<sym>Dot</sym>
<type>food</type>
</wpt>
<wpt lat="49.299019" lon="-123.121519">
<name>Brockton Point Totem Poles</name>
<cmt>viewpoint</cmt>
<desc>Activity / Experience</desc>
<sym>Dot</sym>
<type>overlook</type>
</wpt>
<wpt lat="49.287873" lon="-123.116343">
<name>Motoretta Gelato</name>
<cmt>food</cmt>
<desc>Ice Cream</desc>
<sym>Dot</sym>
<type>food</type>
</wpt>
<wpt lat="49.287119" lon="-123.114393">
<name>Umi Sushi Express</name>
<cmt>food</cmt>
<desc>Restaurant</desc>
<sym>Dot</sym>
<type>food</type>
</wpt>
<wpt lat="49.285047" lon="-123.112065">
<name>Tim Hortons</name>
<cmt>food</cmt>
<desc>Fast Food / Chain</desc>
<sym>Dot</sym>
<type>food</type>
</wpt>
<wpt lat="49.287329" lon="-123.141457">
<name>Lucky Sushi Company</name>
<cmt>food</cmt>
<desc>Restaurant</desc>
<sym>Dot</sym>
<type>food</type>
</wpt>
<wpt lat="49.287236" lon="-123.141423">
<name>Starbucks</name>
<cmt>food</cmt>
<desc>Fast Food / Chain</desc>
<sym>Dot</sym>
<type>food</type>
</wpt>
<wpt lat="49.271409" lon="-123.105849">
<name>Onda by Casereccio</name>
<cmt>food</cmt>
<desc>Restaurant</desc>
<sym>Dot</sym>
<type>food</type>
</wpt>
<wpt lat="49.280095" lon="-123.099986">
<name>House of India</name>
<cmt>food</cmt>
<desc>Restaurant</desc>
<sym>Dot</sym>
<type>food</type>
</wpt>
<wpt lat="49.287358" lon="-123.141418">
<name>Vonns</name>
<cmt>food</cmt>
<desc>Restaurant</desc>
<sym>Dot</sym>
<type>food</type>
</wpt>
<wpt lat="49.279848" lon="-123.103615">
<name>Doctor Sun Yat-Sen Classical Chinese Garden</name>
<cmt>park</cmt>
<desc>Park / Nature</desc>
<sym>Dot</sym>
<type>rest_area</type>
</wpt>
<wpt lat="49.287145" lon="-123.114463">
<name>Kinton Ramen</name>
<cmt>coffee</cmt>
<desc>Café / Coffee</desc>
<sym>Dot</sym>
<type>food</type>
</wpt>
<wpt lat="49.285008" lon="-123.111867">
<name>BC Liquor Store</name>
<cmt>convenience_store</cmt>
<desc>Liquor Store</desc>
<sym>Dot</sym>
<type>store</type>
</wpt>
<wpt lat="49.272633" lon="-123.148822">
<name>Kits Beach Coffee</name>
<cmt>coffee</cmt>
<desc>Café / Coffee</desc>
<sym>Dot</sym>
<type>food</type>
</wpt>
<wpt lat="49.287198" lon="-123.114600">
<name>Fatburger</name>
<cmt>food</cmt>
<desc>Fast Food / Chain</desc>
<sym>Dot</sym>
<type>food</type>
</wpt>
<wpt lat="49.287171" lon="-123.114532">
<name>My Toan</name>
<cmt>food</cmt>
<desc>Restaurant</desc>
<sym>Dot</sym>
<type>food</type>
</wpt>
<wpt lat="49.310373" lon="-123.082221">
<name>Sharky's Chophouse &amp; Eatery</name>
<cmt>food</cmt>
<desc>Restaurant</desc>
<sym>Dot</sym>
<type>food</type>
</wpt>
<wpt lat="49.278767" lon="-123.137862">
<name>Sunset Beach Consession Stand</name>
<cmt>coffee</cmt>
<desc>Café / Coffee</desc>
<sym>Dot</sym>
<type>food</type>
</wpt>
<wpt lat="49.287389" lon="-123.141354">
<name>Marble Slab Creamery</name>
<cmt>food</cmt>
<desc>Ice Cream</desc>
<sym>Dot</sym>
<type>food</type>
</wpt>
<wpt lat="49.285058" lon="-123.112589">
<name>Pinche Taco Shop</name>
<cmt>food</cmt>
<desc>Restaurant</desc>
<sym>Dot</sym>
<type>food</type>
</wpt>
<wpt lat="49.270636" lon="-123.136651">
<name>The Vancouver Fish Company</name>
<cmt>food</cmt>
<desc>Restaurant</desc>
<sym>Dot</sym>
<type>food</type>
</wpt>
<wpt lat="49.278225" lon="-123.065457">
<name>Georgia General</name>
<cmt>convenience_store</cmt>
<desc>Grocery Store</desc>
<sym>Dot</sym>
<type>store</type>
</wpt>
<wpt lat="49.287745" lon="-123.141335">
<name>Papi's Seafood and Oyster Bar</name>
<cmt>food</cmt>
<desc>Restaurant</desc>
<sym>Dot</sym>
<type>food</type>
</wpt>
<wpt lat="49.278782" lon="-123.099504">
<name>Ba Le Sandwich Shop</name>
<cmt>food</cmt>
<desc>Restaurant</desc>
<sym>Dot</sym>
<type>food</type>
</wpt>
<wpt lat="49.287425" lon="-123.141310">
<name>Shamrock Storehouse</name>
<cmt>bar</cmt>
<desc>Brewery / Pub</desc>
<sym>Dot</sym>
<type>food</type>
</wpt>
<wpt lat="49.286779" lon="-123.141341">
<name>Freshslice Pizza</name>
<cmt>food</cmt>
<desc>Fast Food / Chain</desc>
<sym>Dot</sym>
<type>food</type>
</wpt>
<wpt lat="49.286941" lon="-123.114836">
<name>Lions Pub</name>
<cmt>bar</cmt>
<desc>Brewery / Pub</desc>
<sym>Dot</sym>
<type>food</type>
</wpt>
<wpt lat="49.288286" lon="-123.116669">
<name>Botanist</name>
<cmt>food</cmt>
<desc>Restaurant</desc>
<sym>Dot</sym>
<type>food</type>
</wpt>
<wpt lat="49.284911" lon="-123.111984">
<name>Top of Vancouver</name>
<cmt>food</cmt>
<desc>Restaurant</desc>
<sym>Dot</sym>
<type>food</type>
</wpt>
<wpt lat="49.278055" lon="-123.080529">
<name>Peace and Culture Coffee</name>
<cmt>coffee</cmt>
<desc>Café / Coffee</desc>
<sym>Dot</sym>
<type>food</type>
</wpt>
<wpt lat="49.287433" lon="-123.141266">
<name>Taqueria Jalisco Mexican Restaurant</name>
<cmt>food</cmt>
<desc>Restaurant</desc>
<sym>Dot</sym>
<type>food</type>
</wpt>
<wpt lat="49.276795" lon="-123.066372">
<name>The Cultch</name>
<cmt>monument</cmt>
<desc>Museum / Gallery</desc>
<sym>Dot</sym>
<type>info</type>
</wpt>
<wpt lat="49.278708" lon="-123.097977">
<name>Laowai</name>
<cmt>bar</cmt>
<desc>Brewery / Pub</desc>
<sym>Dot</sym>
<type>food</type>
</wpt>
<wpt lat="49.276822" lon="-123.070746">
<name>Uprising Breads Bakery</name>
<cmt>food</cmt>
<desc>Bakery / Donuts</desc>
<sym>Dot</sym>
<type>food</type>
</wpt>
<wpt lat="49.280237" lon="-123.098766">
<name>Or Gallery</name>
<cmt>monument</cmt>
<desc>Museum / Gallery</desc>
<sym>Dot</sym>
<type>info</type>
</wpt>
<wpt lat="49.276817" lon="-123.071496">
<name>Alternatives Gallery and Studio</name>
<cmt>monument</cmt>
<desc>Museum / Gallery</desc>
<sym>Dot</sym>
<type>info</type>
</wpt>
<wpt lat="49.278416" lon="-123.075745">
<name>Khoe</name>
<cmt>food</cmt>
<desc>Restaurant</desc>
<sym>Dot</sym>
<type>food</type>
</wpt>
<wpt lat="49.287810" lon="-123.141219">
<name>Chicken World</name>
<cmt>food</cmt>
<desc>Fast Food / Chain</desc>
<sym>Dot</sym>
<type>food</type>
</wpt>
<wpt lat="49.280241" lon="-123.098480">
<name>Vegan Supply</name>
<cmt>convenience_store</cmt>
<desc>Grocery Store</desc>
<sym>Dot</sym>
<type>store</type>
</wpt>
<wpt lat="49.278708" lon="-123.100055">
<name>Dalina</name>
<cmt>coffee</cmt>
<desc>Café / Coffee</desc>
<sym>Dot</sym>
<type>food</type>
</wpt>
<wpt lat="49.278685" lon="-123.098736">
<name>The Ramen Butcher</name>
<cmt>food</cmt>
<desc>Restaurant</desc>
<sym>Dot</sym>
<type>food</type>
</wpt>
<wpt lat="49.280290" lon="-123.101009">
<name>Uchu Cevicheria &amp; Raw Bar</name>
<cmt>food</cmt>
<desc>Restaurant</desc>
<sym>Dot</sym>
<type>food</type>
</wpt>
<wpt lat="49.278656" lon="-123.097293">
<name>Tasty Market and Cafe</name>
<cmt>coffee</cmt>
<desc>Café / Coffee</desc>
<sym>Dot</sym>
<type>food</type>
</wpt>
<wpt lat="49.280290" lon="-123.101203">
<name>New Town Bakery &amp; Restaurant</name>
<cmt>food</cmt>
<desc>Bakery / Donuts</desc>
<sym>Dot</sym>
<type>food</type>
</wpt>
<wpt lat="49.280238" lon="-123.097721">
<name>Zhao Mah Bakery Ltd</name>
<cmt>food</cmt>
<desc>Bakery / Donuts</desc>
<sym>Dot</sym>
<type>food</type>
</wpt>
<wpt lat="49.280237" lon="-123.097604">
<name>Manpuku Bento</name>
<cmt>food</cmt>
<desc>Restaurant</desc>
<sym>Dot</sym>
<type>food</type>
</wpt>
<wpt lat="49.280296" lon="-123.100783">
<name>Chinatown Storytelling Centre</name>
<cmt>monument</cmt>
<desc>Museum / Gallery</desc>
<sym>Dot</sym>
<type>info</type>
</wpt>
<wpt lat="49.278688" lon="-123.099504">
<name>Straight Outta Brooklyn NYC Pizza</name>
<cmt>food</cmt>
<desc>Restaurant</desc>
<sym>Dot</sym>
<type>food</type>
</wpt>
<wpt lat="49.278678" lon="-123.098952">
<name>Fat Mao Noodles</name>
<cmt>food</cmt>
<desc>Restaurant</desc>
<sym>Dot</sym>
<type>food</type>
</wpt>
<wpt lat="49.278657" lon="-123.097975">
<name>Blnd Tger Dumplings</name>
<cmt>food</cmt>
<desc>Restaurant</desc>
<sym>Dot</sym>
<type>food</type>
</wpt>
<wpt lat="49.278680" lon="-123.099249">
<name>Cantina Di Luigi</name>
<cmt>food</cmt>
<desc>Restaurant</desc>
<sym>Dot</sym>
<type>food</type>
</wpt>
<wpt lat="49.280296" lon="-123.101296">
<name>Golden Smell Mee Malaysian Singaporeon Cuisine</name>
<cmt>food</cmt>
<desc>Restaurant</desc>
<sym>Dot</sym>
<type>food</type>
</wpt>
<wpt lat="49.278449" lon="-123.075465">
<name>Coho Coffee</name>
<cmt>coffee</cmt>
<desc>Café / Coffee</desc>
<sym>Dot</sym>
<type>food</type>
</wpt>
<wpt lat="49.276914" lon="-123.130785">
<name>Desi Indian Lounge</name>
<cmt>food</cmt>
<desc>Restaurant</desc>
<sym>Dot</sym>
<type>food</type>
</wpt>
<wpt lat="49.287577" lon="-123.141151">
<name>English Bay Hotel</name>
<cmt>lodging</cmt>
<desc>Hotel / Motel</desc>
<sym>Dot</sym>
<type>shelter</type>
</wpt>
<wpt lat="49.286693" lon="-123.141203">
<name>English Bay Bike Rentals</name>
<cmt>bike_shop</cmt>
<desc>Rentals</desc>
<sym>Dot</sym>
<type>gear</type>
</wpt>
<wpt lat="49.286954" lon="-123.141081">
<name>The Park at English Bay</name>
<cmt>bar</cmt>
<desc>Brewery / Pub</desc>
<sym>Dot</sym>
<type>food</type>
</wpt>
<wpt lat="49.277574" lon="-123.131850">
<name>Osaka Sushi</name>
<cmt>food</cmt>
<desc>Restaurant</desc>
<sym>Dot</sym>
<type>food</type>
</wpt>
<wpt lat="49.287115" lon="-123.141050">
<name>Best Western Plus Sands</name>
<cmt>lodging</cmt>
<desc>Hotel / Motel</desc>
<sym>Dot</sym>
<type>shelter</type>
</wpt>
<wpt lat="49.275946" lon="-123.130239">
<name>The Parker Hotel Vancouver</name>
<cmt>lodging</cmt>
<desc>Hotel / Motel</desc>
<sym>Dot</sym>
<type>shelter</type>
</wpt>
<wpt lat="49.280310" lon="-123.101505">
<name>Chinatown BBQ</name>
<cmt>food</cmt>
<desc>Restaurant</desc>
<sym>Dot</sym>
<type>food</type>
</wpt>
<wpt lat="49.284827" lon="-123.111642">
<name>Booster Juice</name>
<cmt>food</cmt>
<desc>Fast Food / Chain</desc>
<sym>Dot</sym>
<type>food</type>
</wpt>
<wpt lat="49.288099" lon="-123.116883">
<name>Fairmont Pacific Rim</name>
<cmt>lodging</cmt>
<desc>Hotel / Motel</desc>
<sym>Dot</sym>
<type>shelter</type>
</wpt>
<wpt lat="49.272640" lon="-123.149178">
<name>Charqui Grill</name>
<cmt>food</cmt>
<desc>Restaurant</desc>
<sym>Dot</sym>
<type>food</type>
</wpt>
<wpt lat="49.276741" lon="-123.130413">
<name>Sashimiya</name>
<cmt>convenience_store</cmt>
<desc>Grocery Store</desc>
<sym>Dot</sym>
<type>store</type>
</wpt>
<wpt lat="49.270744" lon="-123.136378">
<name>Tony's Fish and Oyster Café</name>
<cmt>food</cmt>
<desc>Restaurant</desc>
<sym>Dot</sym>
<type>food</type>
</wpt>
<wpt lat="49.288033" lon="-123.116945">
<name>Giovane Caffè</name>
<cmt>coffee</cmt>
<desc>Café / Coffee</desc>
<sym>Dot</sym>
<type>food</type>
</wpt>
<wpt lat="49.284732" lon="-123.112130">
<name>Rice 'N Spice</name>
<cmt>food</cmt>
<desc>Fast Food / Chain</desc>
<sym>Dot</sym>
<type>food</type>
</wpt>
<wpt lat="49.286569" lon="-123.115258">
<name>Auberge Hotel Vancouver</name>
<cmt>lodging</cmt>
<desc>Hotel / Motel</desc>
<sym>Dot</sym>
<type>shelter</type>
</wpt>
<wpt lat="49.270471" lon="-123.135562">
<name>Granville Island Brewing Retail Store</name>
<cmt>bar</cmt>
<desc>Brewery / Pub</desc>
<sym>Dot</sym>
<type>food</type>
</wpt>
<wpt lat="49.286631" lon="-123.141090">
<name>Bella Gellataria</name>
<cmt>food</cmt>
<desc>Ice Cream</desc>
<sym>Dot</sym>
<type>food</type>
</wpt>
<wpt lat="49.280938" lon="-123.063115">
<name>On Lok Restaurant &amp; Wun Tun House</name>
<cmt>food</cmt>
<desc>Restaurant</desc>
<sym>Dot</sym>
<type>food</type>
</wpt>
<wpt lat="49.284696" lon="-123.112184">
<name>Teppan Kitchen</name>
<cmt>food</cmt>
<desc>Fast Food / Chain</desc>
<sym>Dot</sym>
<type>food</type>
</wpt>
<wpt lat="49.291350" lon="-123.129743">
<name>Breaking Bean</name>
<cmt>coffee</cmt>
<desc>Café / Coffee</desc>
<sym>Dot</sym>
<type>food</type>
</wpt>
<wpt lat="49.280983" lon="-123.060281">
<name>Nonna's Cucina</name>
<cmt>food</cmt>
<desc>Restaurant</desc>
<sym>Dot</sym>
<type>food</type>
</wpt>
<wpt lat="49.286623" lon="-123.115322">
<name>Mink</name>
<cmt>coffee</cmt>
<desc>Café / Coffee</desc>
<sym>Dot</sym>
<type>food</type>
</wpt>
<wpt lat="49.270555" lon="-123.135671">
<name>Granville Island Brewing Taproom</name>
<cmt>bar</cmt>
<desc>Brewery / Pub</desc>
<sym>Dot</sym>
<type>food</type>
</wpt>
<wpt lat="49.281338" lon="-123.063155">
<name>A&amp;W</name>
<cmt>food</cmt>
<desc>Fast Food / Chain</desc>
<sym>Dot</sym>
<type>food</type>
</wpt>
<wpt lat="49.270797" lon="-123.136297">
<name>The Improv Centre</name>
<cmt>monument</cmt>
<desc>Museum / Gallery</desc>
<sym>Dot</sym>
<type>info</type>
</wpt>
<wpt lat="49.287581" lon="-123.116761">
<name>Tractor</name>
<cmt>food</cmt>
<desc>Restaurant</desc>
<sym>Dot</sym>
<type>food</type>
</wpt>
<wpt lat="49.277454" lon="-123.131337">
<name>Daikichi Sushi</name>
<cmt>food</cmt>
<desc>Restaurant</desc>
<sym>Dot</sym>
<type>food</type>
</wpt>
<wpt lat="49.276646" lon="-123.142158">
<name>Bard on the Beach Shakespeare Festival</name>
<cmt>monument</cmt>
<desc>Museum / Gallery</desc>
<sym>Dot</sym>
<type>info</type>
</wpt>
<wpt lat="49.287704" lon="-123.140923">
<name>Babylon Cafe</name>
<cmt>coffee</cmt>
<desc>Café / Coffee</desc>
<sym>Dot</sym>
<type>food</type>
</wpt>
<wpt lat="49.270617" lon="-123.135753">
<name>Granville Island Brewery</name>
<cmt>bar</cmt>
<desc>Brewery / Pub</desc>
<sym>Dot</sym>
<type>food</type>
</wpt>
<wpt lat="49.273664" lon="-123.103907">
<name>Science World</name>
<cmt>monument</cmt>
<desc>Museum / Gallery</desc>
<sym>Dot</sym>
<type>info</type>
</wpt>
<wpt lat="49.286557" lon="-123.140981">
<name>Mumu Kitchen</name>
<cmt>food</cmt>
<desc>Restaurant</desc>
<sym>Dot</sym>
<type>food</type>
</wpt>
<wpt lat="49.276606" lon="-123.072244">
<name>Winning Trading Co</name>
<cmt>convenience_store</cmt>
<desc>Grocery Store</desc>
<sym>Dot</sym>
<type>store</type>
</wpt>
<wpt lat="49.276610" lon="-123.072515">
<name>Art Works</name>
<cmt>monument</cmt>
<desc>Museum / Gallery</desc>
<sym>Dot</sym>
<type>info</type>
</wpt>
<wpt lat="49.276662" lon="-123.076662">
<name>Fujiya</name>
<cmt>convenience_store</cmt>
<desc>Grocery Store</desc>
<sym>Dot</sym>
<type>store</type>
</wpt>
<wpt lat="49.273083" lon="-123.103976">
<name>White Spot</name>
<cmt>food</cmt>
<desc>Fast Food / Chain</desc>
<sym>Dot</sym>
<type>food</type>
</wpt>
<wpt lat="49.281304" lon="-123.060137">
<name>Royal Palace Seafood Restaurant</name>
<cmt>food</cmt>
<desc>Restaurant</desc>
<sym>Dot</sym>
<type>food</type>
</wpt>
<wpt lat="49.278455" lon="-123.098247">
<name>Phnom Penh Restaurant</name>
<cmt>food</cmt>
<desc>Restaurant</desc>
<sym>Dot</sym>
<type>food</type>
</wpt>
<wpt lat="49.287738" lon="-123.140863">
<name>Mediterranean Grill</name>
<cmt>coffee</cmt>
<desc>Café / Coffee</desc>
<sym>Dot</sym>
<type>food</type>
</wpt>
<wpt lat="49.276308" lon="-123.079798">
<name>Trees Organic Coffee</name>
<cmt>coffee</cmt>
<desc>Café / Coffee</desc>
<sym>Dot</sym>
<type>food</type>
</wpt>
<wpt lat="49.280521" lon="-123.100978">
<name>Jade Dynasty Restaurant</name>
<cmt>food</cmt>
<desc>Restaurant</desc>
<sym>Dot</sym>
<type>food</type>
</wpt>
<wpt lat="49.280521" lon="-123.100807">
<name>DD Mau Chinatown</name>
<cmt>food</cmt>
<desc>Restaurant</desc>
<sym>Dot</sym>
<type>food</type>
</wpt>
<wpt lat="49.280483" lon="-123.098505">
<name>Kam Wai Dim Sum</name>
<cmt>food</cmt>
<desc>Restaurant</desc>
<sym>Dot</sym>
<type>food</type>
</wpt>
<wpt lat="49.284869" lon="-123.110987">
<name>Steamworks</name>
<cmt>bar</cmt>
<desc>Brewery / Pub</desc>
<sym>Dot</sym>
<type>food</type>
</wpt>
<wpt lat="49.280477" lon="-123.098128">
<name>Meo</name>
<cmt>food</cmt>
<desc>Restaurant</desc>
<sym>Dot</sym>
<type>food</type>
</wpt>
<wpt lat="49.280491" lon="-123.098865">
<name>Mello</name>
<cmt>food</cmt>
<desc>Fast Food / Chain</desc>
<sym>Dot</sym>
<type>food</type>
</wpt>
<wpt lat="49.280478" lon="-123.098177">
<name>Kissa Tanto</name>
<cmt>food</cmt>
<desc>Restaurant</desc>
<sym>Dot</sym>
<type>food</type>
</wpt>
<wpt lat="49.280496" lon="-123.099028">
<name>Propaganda Coffee</name>
<cmt>coffee</cmt>
<desc>Café / Coffee</desc>
<sym>Dot</sym>
<type>food</type>
</wpt>
<wpt lat="49.280492" lon="-123.098799">
<name>Salt Chinatown</name>
<cmt>food</cmt>
<desc>Restaurant</desc>
<sym>Dot</sym>
<type>food</type>
</wpt>
<wpt lat="49.275371" lon="-123.130507">
<name>Fresh Street Market</name>
<cmt>convenience_store</cmt>
<desc>Grocery Store</desc>
<sym>Dot</sym>
<type>store</type>
</wpt>
<wpt lat="49.280262" lon="-123.104193">
<name>8EAST</name>
<cmt>rest_stop</cmt>
<desc>Community Centre</desc>
<sym>Dot</sym>
<type>rest_area</type>
</wpt>
<wpt lat="49.280469" lon="-123.096985">
<name>Barbara</name>
<cmt>food</cmt>
<desc>Restaurant</desc>
<sym>Dot</sym>
<type>food</type>
</wpt>
<wpt lat="49.280471" lon="-123.097170">
<name>Cofu</name>
<cmt>food</cmt>
<desc>Restaurant</desc>
<sym>Dot</sym>
<type>food</type>
</wpt>
<wpt lat="49.284611" lon="-123.112316">
<name>Vancouver Lookout (Harbour Centre)</name>
<cmt>park</cmt>
<desc>Park / Nature</desc>
<sym>Dot</sym>
<type>rest_area</type>
</wpt>
<wpt lat="49.278436" lon="-123.098864">
<name>Access Gallery</name>
<cmt>monument</cmt>
<desc>Museum / Gallery</desc>
<sym>Dot</sym>
<type>info</type>
</wpt>
<wpt lat="49.278419" lon="-123.098090">
<name>The Irish Heather Shebeen</name>
<cmt>bar</cmt>
<desc>Brewery / Pub</desc>
<sym>Dot</sym>
<type>food</type>
</wpt>
<wpt lat="49.273113" lon="-123.100710">
<name>Tim Hortons</name>
<cmt>food</cmt>
<desc>Fast Food / Chain</desc>
<sym>Dot</sym>
<type>food</type>
</wpt>
<wpt lat="49.278440" lon="-123.099511">
<name>London Pub</name>
<cmt>bar</cmt>
<desc>Brewery / Pub</desc>
<sym>Dot</sym>
<type>food</type>
</wpt>
<wpt lat="49.278434" lon="-123.099185">
<name>Fiorino</name>
<cmt>coffee</cmt>
<desc>Café / Coffee</desc>
<sym>Dot</sym>
<type>food</type>
</wpt>
<wpt lat="49.269314" lon="-123.138567">
<name>Straight Outta Brooklyn NYC Pizzeria</name>
<cmt>food</cmt>
<desc>Fast Food / Chain</desc>
<sym>Dot</sym>
<type>food</type>
</wpt>
<wpt lat="49.285654" lon="-123.114727">
<name>Breka Bakery &amp; Cafe</name>
<cmt>food</cmt>
<desc>Bakery / Donuts</desc>
<sym>Dot</sym>
<type>food</type>
</wpt>
<wpt lat="49.280544" lon="-123.100144">
<name>Pizza Coming Soon</name>
<cmt>food</cmt>
<desc>Restaurant</desc>
<sym>Dot</sym>
<type>food</type>
</wpt>
<wpt lat="49.280508" lon="-123.097180">
<name>Hush</name>
<cmt>coffee</cmt>
<desc>Café / Coffee</desc>
<sym>Dot</sym>
<type>food</type>
</wpt>
<wpt lat="49.284596" lon="-123.112490">
<name>My Toan Vietnamese Gourmet</name>
<cmt>food</cmt>
<desc>Fast Food / Chain</desc>
<sym>Dot</sym>
<type>food</type>
</wpt>
<wpt lat="49.269760" lon="-123.134242">
<name>False Creek Community Centre</name>
<cmt>rest_stop</cmt>
<desc>Community Centre</desc>
<sym>Dot</sym>
<type>rest_area</type>
</wpt>
<wpt lat="49.270966" lon="-123.136217">
<name>Ukama Gallery</name>
<cmt>monument</cmt>
<desc>Museum / Gallery</desc>
<sym>Dot</sym>
<type>info</type>
</wpt>
<wpt lat="49.284915" lon="-123.059988">
<name>Far Out Coffee Post</name>
<cmt>coffee</cmt>
<desc>Café / Coffee</desc>
<sym>Dot</sym>
<type>food</type>
</wpt>
<wpt lat="49.270477" lon="-123.141429">
<name>That's It Cafe</name>
<cmt>coffee</cmt>
<desc>Café / Coffee</desc>
<sym>Dot</sym>
<type>food</type>
</wpt>
<wpt lat="49.276471" lon="-123.070047">
<name>Vennie's Sub Shop</name>
<cmt>food</cmt>
<desc>Restaurant</desc>
<sym>Dot</sym>
<type>food</type>
</wpt>
<wpt lat="49.276369" lon="-123.145204">
<name>Museum of Vancouver</name>
<cmt>monument</cmt>
<desc>Museum / Gallery</desc>
<sym>Dot</sym>
<type>info</type>
</wpt>
<wpt lat="49.284691" lon="-123.111183">
<name>Ignite Pizzeria Express</name>
<cmt>food</cmt>
<desc>Fast Food / Chain</desc>
<sym>Dot</sym>
<type>food</type>
</wpt>
<wpt lat="49.276463" lon="-123.069993">
<name>The Bunny Cafe</name>
<cmt>coffee</cmt>
<desc>Café / Coffee</desc>
<sym>Dot</sym>
<type>food</type>
</wpt>
<wpt lat="49.284528" lon="-123.112054">
<name>Osaka Sushi &amp; Oshi</name>
<cmt>food</cmt>
<desc>Fast Food / Chain</desc>
<sym>Dot</sym>
<type>food</type>
</wpt>
<wpt lat="49.286258" lon="-123.059903">
<name>Templeton Market</name>
<cmt>convenience_store</cmt>
<desc>Convenience Store</desc>
<sym>Dot</sym>
<type>store</type>
</wpt>
<wpt lat="49.284552" lon="-123.112411">
<name>Harbour Spoon</name>
<cmt>food</cmt>
<desc>Fast Food / Chain</desc>
<sym>Dot</sym>
<type>food</type>
</wpt>
<wpt lat="49.274471" lon="-123.131707">
<name>Tartine Bread &amp; Pies</name>
<cmt>food</cmt>
<desc>Bakery / Donuts</desc>
<sym>Dot</sym>
<type>food</type>
</wpt>
<wpt lat="49.277931" lon="-123.108080">
<name>Crisp</name>
<cmt>food</cmt>
<desc>Fast Food / Chain</desc>
<sym>Dot</sym>
<type>food</type>
</wpt>
<wpt lat="49.292201" lon="-123.146560">
<name>Stanley Park Brewing Restaurant and Brewpub</name>
<cmt>bar</cmt>
<desc>Brewery / Pub</desc>
<sym>Dot</sym>
<type>food</type>
</wpt>
<wpt lat="49.285959" lon="-123.115236">
<name>Caffè Artigiano</name>
<cmt>coffee</cmt>
<desc>Café / Coffee</desc>
<sym>Dot</sym>
<type>food</type>
</wpt>
<wpt lat="49.286485" lon="-123.144217">
<name>Waterslide</name>
<cmt>viewpoint</cmt>
<desc>Activity / Experience</desc>
<sym>Dot</sym>
<type>overlook</type>
</wpt>
<wpt lat="49.270573" lon="-123.106382">
<name>CRAFT Beer Market (Olympic Village / False Creek)</name>
<cmt>bar</cmt>
<desc>Brewery / Pub</desc>
<sym>Dot</sym>
<type>food</type>
</wpt>
<wpt lat="49.284810" lon="-123.110869">
<name>Oakberry Açaí bowls</name>
<cmt>food</cmt>
<desc>Fast Food / Chain</desc>
<sym>Dot</sym>
<type>food</type>
</wpt>
<wpt lat="49.270692" lon="-123.105956">
<name>Save-On-Foods</name>
<cmt>convenience_store</cmt>
<desc>Grocery Store</desc>
<sym>Dot</sym>
<type>store</type>
</wpt>
<wpt lat="49.312665" lon="-123.142763">
<name>Prospect Point Cafe</name>
<cmt>coffee</cmt>
<desc>Café / Coffee</desc>
<sym>Dot</sym>
<type>food</type>
</wpt>
<wpt lat="49.312704" lon="-123.142586">
<name>Prospect Point Bar &amp; Grill</name>
<cmt>food</cmt>
<desc>Restaurant</desc>
<sym>Dot</sym>
<type>food</type>
</wpt>
<wpt lat="49.281357" lon="-123.063412">
<name>Yama Cafe</name>
<cmt>coffee</cmt>
<desc>Café / Coffee</desc>
<sym>Dot</sym>
<type>food</type>
</wpt>
<wpt lat="49.284515" lon="-123.112333">
<name>Thaï Express</name>
<cmt>food</cmt>
<desc>Fast Food / Chain</desc>
<sym>Dot</sym>
<type>food</type>
</wpt>
<wpt lat="49.269351" lon="-123.138826">
<name>Cofu Pressed Sushi</name>
<cmt>food</cmt>
<desc>Restaurant</desc>
<sym>Dot</sym>
<type>food</type>
</wpt>
<wpt lat="49.269316" lon="-123.138783">
<name>Afghan Horsemen Restaurant</name>
<cmt>food</cmt>
<desc>Restaurant</desc>
<sym>Dot</sym>
<type>food</type>
</wpt>
<wpt lat="49.276425" lon="-123.069358">
<name>Bump n Grind Cafe</name>
<cmt>coffee</cmt>
<desc>Café / Coffee</desc>
<sym>Dot</sym>
<type>food</type>
</wpt>
<wpt lat="49.285231" lon="-123.114311">
<name>Railtown</name>
<cmt>coffee</cmt>
<desc>Café / Coffee</desc>
<sym>Dot</sym>
<type>food</type>
</wpt>
<wpt lat="49.280540" lon="-123.101973">
<name>Between 2 Buns Burgers</name>
<cmt>food</cmt>
<desc>Fast Food / Chain</desc>
<sym>Dot</sym>
<type>food</type>
</wpt>
<wpt lat="49.287422" lon="-123.116942">
<name>JJ Bean</name>
<cmt>coffee</cmt>
<desc>Café / Coffee</desc>
<sym>Dot</sym>
<type>food</type>
</wpt>
<wpt lat="49.284480" lon="-123.112275">
<name>Fatburger</name>
<cmt>food</cmt>
<desc>Fast Food / Chain</desc>
<sym>Dot</sym>
<type>food</type>
</wpt>
<wpt lat="49.276160" lon="-123.079257">
<name>Kickstand Community Bike Shop</name>
<cmt>bike_shop</cmt>
<desc>Repair Shop</desc>
<sym>Dot</sym>
<type>gear</type>
</wpt>
<wpt lat="49.276398" lon="-123.069698">
<name>Kin Kao</name>
<cmt>food</cmt>
<desc>Restaurant</desc>
<sym>Dot</sym>
<type>food</type>
</wpt>
<wpt lat="49.269419" lon="-123.139002">
<name>The Corner Store Cafe</name>
<cmt>coffee</cmt>
<desc>Café / Coffee</desc>
<sym>Dot</sym>
<type>food</type>
</wpt>
<wpt lat="49.286377" lon="-123.140724">
<name>Circle K</name>
<cmt>convenience_store</cmt>
<desc>Convenience Store</desc>
<sym>Dot</sym>
<type>store</type>
</wpt>
<wpt lat="49.292300" lon="-123.146409">
<name>Stanley Park Brewing</name>
<cmt>bar</cmt>
<desc>Brewery / Pub</desc>
<sym>Dot</sym>
<type>food</type>
</wpt>
<wpt lat="49.276950" lon="-123.130068">
<name>Giardino Restaurant</name>
<cmt>food</cmt>
<desc>Restaurant</desc>
<sym>Dot</sym>
<type>food</type>
</wpt>
<wpt lat="49.276350" lon="-123.144981">
<name>H. R. MacMillan Space Centre</name>
<cmt>monument</cmt>
<desc>Museum / Gallery</desc>
<sym>Dot</sym>
<type>info</type>
</wpt>
<wpt lat="49.277633" lon="-123.131088">
<name>Place2be Cafe</name>
<cmt>coffee</cmt>
<desc>Café / Coffee</desc>
<sym>Dot</sym>
<type>food</type>
</wpt>
<wpt lat="49.288258" lon="-123.140591">
<name>Delany's Coffee</name>
<cmt>coffee</cmt>
<desc>Café / Coffee</desc>
<sym>Dot</sym>
<type>food</type>
</wpt>
<wpt lat="49.286264" lon="-123.115668">
<name>Palate Kitchen</name>
<cmt>food</cmt>
<desc>Restaurant</desc>
<sym>Dot</sym>
<type>food</type>
</wpt>
<wpt lat="49.286609" lon="-123.140588">
<name>Pho in Love</name>
<cmt>food</cmt>
<desc>Restaurant</desc>
<sym>Dot</sym>
<type>food</type>
</wpt>
<wpt lat="49.273077" lon="-123.100434">
<name>A&amp;W</name>
<cmt>food</cmt>
<desc>Fast Food / Chain</desc>
<sym>Dot</sym>
<type>food</type>
</wpt>
<wpt lat="49.278805" lon="-123.070601">
<name>Caffe La Tana</name>
<cmt>coffee</cmt>
<desc>Café / Coffee</desc>
<sym>Dot</sym>
<type>food</type>
</wpt>
<wpt lat="49.284398" lon="-123.112144">
<name>Bubble Waffle Cafe</name>
<cmt>coffee</cmt>
<desc>Café / Coffee</desc>
<sym>Dot</sym>
<type>food</type>
</wpt>
<wpt lat="49.286318" lon="-123.140629">
<name>Sula Indian Restaurant</name>
<cmt>food</cmt>
<desc>Restaurant</desc>
<sym>Dot</sym>
<type>food</type>
</wpt>
<wpt lat="49.289947" lon="-123.128186">
<name>L'Apres Midi Patisserie</name>
<cmt>food</cmt>
<desc>Bakery / Donuts</desc>
<sym>Dot</sym>
<type>food</type>
</wpt>
<wpt lat="49.276314" lon="-123.069349">
<name>Zawa Restaurant</name>
<cmt>food</cmt>
<desc>Restaurant</desc>
<sym>Dot</sym>
<type>food</type>
</wpt>
<wpt lat="49.279113" lon="-123.107422">
<name>NiNNiN Ramen House</name>
<cmt>food</cmt>
<desc>Restaurant</desc>
<sym>Dot</sym>
<type>food</type>
</wpt>
<wpt lat="49.276313" lon="-123.069710">
<name>Downlow Chicken Shack</name>
<cmt>food</cmt>
<desc>Restaurant</desc>
<sym>Dot</sym>
<type>food</type>
</wpt>
<wpt lat="49.277890" lon="-123.131368">
<name>Maxine's Cafe &amp; Bar</name>
<cmt>food</cmt>
<desc>Restaurant</desc>
<sym>Dot</sym>
<type>food</type>
</wpt>
<wpt lat="49.285799" lon="-123.115359">
<name>Curry Hut Indian Bistro</name>
<cmt>food</cmt>
<desc>Restaurant</desc>
<sym>Dot</sym>
<type>food</type>
</wpt>
<wpt lat="49.288296" lon="-123.140510">
<name>Big Bang Sushi</name>
<cmt>food</cmt>
<desc>Restaurant</desc>
<sym>Dot</sym>
<type>food</type>
</wpt>
<wpt lat="49.286176" lon="-123.140621">
<name>JJ Bean</name>
<cmt>coffee</cmt>
<desc>Café / Coffee</desc>
<sym>Dot</sym>
<type>food</type>
</wpt>
<wpt lat="49.285145" lon="-123.114470">
<name>Hungrey Zus</name>
<cmt>food</cmt>
<desc>Restaurant</desc>
<sym>Dot</sym>
<type>food</type>
</wpt>
<wpt lat="49.286615" lon="-123.140494">
<name>Davie Street Market</name>
<cmt>convenience_store</cmt>
<desc>Convenience Store</desc>
<sym>Dot</sym>
<type>store</type>
</wpt>
<wpt lat="49.287992" lon="-123.140464">
<name>Rio Brazilian Steakhouse</name>
<cmt>food</cmt>
<desc>Restaurant</desc>
<sym>Dot</sym>
<type>food</type>
</wpt>
<wpt lat="49.272641" lon="-123.149817">
<name>Octopus Garden</name>
<cmt>food</cmt>
<desc>Restaurant</desc>
<sym>Dot</sym>
<type>food</type>
</wpt>
<wpt lat="49.289062" lon="-123.122093">
<name>JOS</name>
<cmt>food</cmt>
<desc>Restaurant</desc>
<sym>Dot</sym>
<type>food</type>
</wpt>
<wpt lat="49.287919" lon="-123.140435">
<name>Diba</name>
<cmt>food</cmt>
<desc>Restaurant</desc>
<sym>Dot</sym>
<type>food</type>
</wpt>
<wpt lat="49.288022" lon="-123.140440">
<name>Cafe Portrait</name>
<cmt>coffee</cmt>
<desc>Café / Coffee</desc>
<sym>Dot</sym>
<type>food</type>
</wpt>
<wpt lat="49.278877" lon="-123.070604">
<name>Pepino's</name>
<cmt>food</cmt>
<desc>Restaurant</desc>
<sym>Dot</sym>
<type>food</type>
</wpt>
<wpt lat="49.270406" lon="-123.134579">
<name>The Liberty Distillery</name>
<cmt>bar</cmt>
<desc>Brewery / Pub</desc>
<sym>Dot</sym>
<type>food</type>
</wpt>
<wpt lat="49.277710" lon="-123.130968">
<name>Number e Food</name>
<cmt>coffee</cmt>
<desc>Café / Coffee</desc>
<sym>Dot</sym>
<type>food</type>
</wpt>
<wpt lat="49.288346" lon="-123.140457">
<name>Frying Pan</name>
<cmt>food</cmt>
<desc>Restaurant</desc>
<sym>Dot</sym>
<type>food</type>
</wpt>
<wpt lat="49.287311" lon="-123.117128">
<name>Brass Fish</name>
<cmt>food</cmt>
<desc>Restaurant</desc>
<sym>Dot</sym>
<type>food</type>
</wpt>
<wpt lat="49.288049" lon="-123.140402">
<name>España Restaurant</name>
<cmt>food</cmt>
<desc>Restaurant</desc>
<sym>Dot</sym>
<type>food</type>
</wpt>
<wpt lat="49.289204" lon="-123.122552">
<name>Urban Fare</name>
<cmt>convenience_store</cmt>
<desc>Grocery Store</desc>
<sym>Dot</sym>
<type>store</type>
</wpt>
<wpt lat="49.279456" lon="-123.107019">
<name>Hoduya</name>
<cmt>food</cmt>
<desc>Bakery / Donuts</desc>
<sym>Dot</sym>
<type>food</type>
</wpt>
<wpt lat="49.284345" lon="-123.112610">
<name>Delta Hotels Vancouver Downtown Suites</name>
<cmt>lodging</cmt>
<desc>Hotel / Motel</desc>
<sym>Dot</sym>
<type>shelter</type>
</wpt>
<wpt lat="49.279259" lon="-123.107425">
<name>Uncle Fatih's Pizza</name>
<cmt>food</cmt>
<desc>Fast Food / Chain</desc>
<sym>Dot</sym>
<type>food</type>
</wpt>
<wpt lat="49.285156" lon="-123.063961">
<name>McDonald's</name>
<cmt>food</cmt>
<desc>Fast Food / Chain</desc>
<sym>Dot</sym>
<type>food</type>
</wpt>
<wpt lat="49.284544" lon="-123.113301">
<name>Kita no Donburi</name>
<cmt>food</cmt>
<desc>Fast Food / Chain</desc>
<sym>Dot</sym>
<type>food</type>
</wpt>
<wpt lat="49.280582" lon="-123.103228">
<name>Chinese Canadian Museum</name>
<cmt>monument</cmt>
<desc>Museum / Gallery</desc>
<sym>Dot</sym>
<type>info</type>
</wpt>
<wpt lat="49.289266" lon="-123.126936">
<name>Kiku Sushi Restaurant</name>
<cmt>food</cmt>
<desc>Restaurant</desc>
<sym>Dot</sym>
<type>food</type>
</wpt>
<wpt lat="49.270396" lon="-123.105986">
<name>Subway</name>
<cmt>food</cmt>
<desc>Fast Food / Chain</desc>
<sym>Dot</sym>
<type>food</type>
</wpt>
<wpt lat="49.277971" lon="-123.131223">
<name>Bee's Knees eBike Tours and Rentals</name>
<cmt>bike_shop</cmt>
<desc>Rentals</desc>
<sym>Dot</sym>
<type>gear</type>
</wpt>
<wpt lat="49.284238" lon="-123.111908">
<name>Samuel and Frances Belzberg Library</name>
<cmt>library</cmt>
<desc>Library</desc>
<sym>Dot</sym>
<type>info</type>
</wpt>
<wpt lat="49.272646" lon="-123.149985">
<name>Circle K</name>
<cmt>convenience_store</cmt>
<desc>Convenience Store</desc>
<sym>Dot</sym>
<type>store</type>
</wpt>
<wpt lat="49.284738" lon="-123.110373">
<name>Guu with Otokomae</name>
<cmt>food</cmt>
<desc>Restaurant</desc>
<sym>Dot</sym>
<type>food</type>
</wpt>
<wpt lat="49.288123" lon="-123.140291">
<name>Tre Viet</name>
<cmt>food</cmt>
<desc>Restaurant</desc>
<sym>Dot</sym>
<type>food</type>
</wpt>
<wpt lat="49.271156" lon="-123.135808">
<name>The Keg</name>
<cmt>food</cmt>
<desc>Restaurant</desc>
<sym>Dot</sym>
<type>food</type>
</wpt>
<wpt lat="49.274599" lon="-123.130842">
<name>Ça Marche</name>
<cmt>food</cmt>
<desc>Fast Food / Chain</desc>
<sym>Dot</sym>
<type>food</type>
</wpt>
<wpt lat="49.293299" lon="-123.135281">
<name>Lord Stanley Suites On The Park</name>
<cmt>lodging</cmt>
<desc>Hotel / Motel</desc>
<sym>Dot</sym>
<type>shelter</type>
</wpt>
<wpt lat="49.281733" lon="-123.063857">
<name>Pallet Coffee Roasters</name>
<cmt>coffee</cmt>
<desc>Café / Coffee</desc>
<sym>Dot</sym>
<type>food</type>
</wpt>
<wpt lat="49.284859" lon="-123.114309">
<name>Trees Organic Coffee</name>
<cmt>coffee</cmt>
<desc>Café / Coffee</desc>
<sym>Dot</sym>
<type>food</type>
</wpt>
<wpt lat="49.284215" lon="-123.112463">
<name>Pholicious</name>
<cmt>food</cmt>
<desc>Restaurant</desc>
<sym>Dot</sym>
<type>food</type>
</wpt>
<wpt lat="49.273893" lon="-123.132775">
<name>Ancora</name>
<cmt>food</cmt>
<desc>Restaurant</desc>
<sym>Dot</sym>
<type>food</type>
</wpt>
<wpt lat="49.271958" lon="-123.100419">
<name>McDonald's</name>
<cmt>food</cmt>
<desc>Fast Food / Chain</desc>
<sym>Dot</sym>
<type>food</type>
</wpt>
<wpt lat="49.288177" lon="-123.140203">
<name>Falafel King</name>
<cmt>food</cmt>
<desc>Restaurant</desc>
<sym>Dot</sym>
<type>food</type>
</wpt>
<wpt lat="49.274756" lon="-123.100320">
<name>Subway</name>
<cmt>food</cmt>
<desc>Fast Food / Chain</desc>
<sym>Dot</sym>
<type>food</type>
</wpt>
<wpt lat="49.278444" lon="-123.059510">
<name>Templeton Park Pool</name>
<cmt>rest_stop</cmt>
<desc>Community Centre</desc>
<sym>Dot</sym>
<type>rest_area</type>
</wpt>
<wpt lat="49.270906" lon="-123.147654">
<name>Pane From Heaven</name>
<cmt>coffee</cmt>
<desc>Café / Coffee</desc>
<sym>Dot</sym>
<type>food</type>
</wpt>
<wpt lat="49.286421" lon="-123.140262">
<name>Red Umbrella Cafe</name>
<cmt>food</cmt>
<desc>Restaurant</desc>
<sym>Dot</sym>
<type>food</type>
</wpt>
<wpt lat="49.269556" lon="-123.139985">
<name>Sushi Hanabi</name>
<cmt>food</cmt>
<desc>Restaurant</desc>
<sym>Dot</sym>
<type>food</type>
</wpt>
<wpt lat="49.271486" lon="-123.100694">
<name>Fionn MacCool's</name>
<cmt>bar</cmt>
<desc>Brewery / Pub</desc>
<sym>Dot</sym>
<type>food</type>
</wpt>
<wpt lat="49.284709" lon="-123.110228">
<name>Momo Sushi</name>
<cmt>food</cmt>
<desc>Restaurant</desc>
<sym>Dot</sym>
<type>food</type>
</wpt>
<wpt lat="49.284463" lon="-123.113434">
<name>HellCrust Pizza</name>
<cmt>food</cmt>
<desc>Fast Food / Chain</desc>
<sym>Dot</sym>
<type>food</type>
</wpt>
<wpt lat="49.270285" lon="-123.134027">
<name>Off the Tracks</name>
<cmt>coffee</cmt>
<desc>Café / Coffee</desc>
<sym>Dot</sym>
<type>food</type>
</wpt>
<wpt lat="49.292355" lon="-123.133821">
<name>Spokes Cycle Rental</name>
<cmt>bike_shop</cmt>
<desc>Rentals</desc>
<sym>Dot</sym>
<type>gear</type>
</wpt>
<wpt lat="49.274389" lon="-123.130987">
<name>Auto Strada</name>
<cmt>food</cmt>
<desc>Restaurant</desc>
<sym>Dot</sym>
<type>food</type>
</wpt>
<wpt lat="49.288435" lon="-123.120537">
<name>P2B Restaurant + Bar</name>
<cmt>food</cmt>
<desc>Restaurant</desc>
<sym>Dot</sym>
<type>food</type>
</wpt>
<wpt lat="49.277526" lon="-123.108737">
<name>Triple Os</name>
<cmt>food</cmt>
<desc>Fast Food / Chain</desc>
<sym>Dot</sym>
<type>food</type>
</wpt>
<wpt lat="49.277133" lon="-123.129676">
<name>Starbucks</name>
<cmt>food</cmt>
<desc>Fast Food / Chain</desc>
<sym>Dot</sym>
<type>food</type>
</wpt>
<wpt lat="49.287431" lon="-123.117594">
<name>Nightingale</name>
<cmt>food</cmt>
<desc>Restaurant</desc>
<sym>Dot</sym>
<type>food</type>
</wpt>
<wpt lat="49.280053" lon="-123.106469">
<name>Zenya</name>
<cmt>food</cmt>
<desc>Fast Food / Chain</desc>
<sym>Dot</sym>
<type>food</type>
</wpt>
<wpt lat="49.277945" lon="-123.097241">
<name>Trackstand Cycleworks</name>
<cmt>bike_shop</cmt>
<desc>Repair Shop</desc>
<sym>Dot</sym>
<type>gear</type>
</wpt>
<wpt lat="49.280093" lon="-123.106431">
<name>Tashkent</name>
<cmt>food</cmt>
<desc>Fast Food / Chain</desc>
<sym>Dot</sym>
<type>food</type>
</wpt>
<wpt lat="49.306915" lon="-123.153616">
<name>Hollow Tree</name>
<cmt>viewpoint</cmt>
<desc>Activity / Experience</desc>
<sym>Dot</sym>
<type>overlook</type>
</wpt>
<wpt lat="49.280133" lon="-123.106397">
<name>Don José</name>
<cmt>food</cmt>
<desc>Fast Food / Chain</desc>
<sym>Dot</sym>
<type>food</type>
</wpt>
<wpt lat="49.270146" lon="-123.133826">
<name>Artisan Sake Maker</name>
<cmt>convenience_store</cmt>
<desc>Liquor Store</desc>
<sym>Dot</sym>
<type>store</type>
</wpt>
<wpt lat="49.280175" lon="-123.106364">
<name>Little Bangkok</name>
<cmt>food</cmt>
<desc>Fast Food / Chain</desc>
<sym>Dot</sym>
<type>food</type>
</wpt>
<wpt lat="49.284520" lon="-123.110442">
<name>Monaco Cafe</name>
<cmt>coffee</cmt>
<desc>Café / Coffee</desc>
<sym>Dot</sym>
<type>food</type>
</wpt>
<wpt lat="49.280214" lon="-123.106334">
<name>Bali Thai</name>
<cmt>food</cmt>
<desc>Fast Food / Chain</desc>
<sym>Dot</sym>
<type>food</type>
</wpt>
<wpt lat="49.276039" lon="-123.069686">
<name>The London Fish</name>
<cmt>food</cmt>
<desc>Restaurant</desc>
<sym>Dot</sym>
<type>food</type>
</wpt>
<wpt lat="49.270829" lon="-123.147043">
<name>New Fuji</name>
<cmt>food</cmt>
<desc>Restaurant</desc>
<sym>Dot</sym>
<type>food</type>
</wpt>
<wpt lat="49.269559" lon="-123.140211">
<name>Oidé Coffee</name>
<cmt>coffee</cmt>
<desc>Café / Coffee</desc>
<sym>Dot</sym>
<type>food</type>
</wpt>
<wpt lat="49.270827" lon="-123.146857">
<name>Okanagan Estate Wine Cellars</name>
<cmt>winery</cmt>
<desc>Winery / Cidery</desc>
<sym>Dot</sym>
<type>food</type>
</wpt>
<wpt lat="49.270826" lon="-123.146765">
<name>Annalena</name>
<cmt>food</cmt>
<desc>Restaurant</desc>
<sym>Dot</sym>
<type>food</type>
</wpt>
<wpt lat="49.292169" lon="-123.141371">
<name>Rosellen Suites at Stanley Park</name>
<cmt>lodging</cmt>
<desc>Hotel / Motel</desc>
<sym>Dot</sym>
<type>shelter</type>
</wpt>
<wpt lat="49.288544" lon="-123.140147">
<name>Akira Sushi</name>
<cmt>food</cmt>
<desc>Restaurant</desc>
<sym>Dot</sym>
<type>food</type>
</wpt>
<wpt lat="49.270818" lon="-123.147438">
<name>Superbolt Lab</name>
<cmt>coffee</cmt>
<desc>Café / Coffee</desc>
<sym>Dot</sym>
<type>food</type>
</wpt>
<wpt lat="49.270822" lon="-123.147657">
<name>Oddfish Restaurant</name>
<cmt>food</cmt>
<desc>Restaurant</desc>
<sym>Dot</sym>
<type>food</type>
</wpt>
<wpt lat="49.269351" lon="-123.130832">
<name>Dockside</name>
<cmt>food</cmt>
<desc>Restaurant</desc>
<sym>Dot</sym>
<type>food</type>
</wpt>
<wpt lat="49.279928" lon="-123.106678">
<name>Taco Time</name>
<cmt>food</cmt>
<desc>Fast Food / Chain</desc>
<sym>Dot</sym>
<type>food</type>
</wpt>
<wpt lat="49.279264" lon="-123.107846">
<name>Subway</name>
<cmt>food</cmt>
<desc>Fast Food / Chain</desc>
<sym>Dot</sym>
<type>food</type>
</wpt>
<wpt lat="49.285615" lon="-123.115708">
<name>Exchange Hotel Vancouver</name>
<cmt>lodging</cmt>
<desc>Hotel / Motel</desc>
<sym>Dot</sym>
<type>shelter</type>
</wpt>
<wpt lat="49.288557" lon="-123.140120">
<name>Bombay Kitchen + Bar</name>
<cmt>food</cmt>
<desc>Restaurant</desc>
<sym>Dot</sym>
<type>food</type>
</wpt>
<wpt lat="49.288292" lon="-123.140050">
<name>Noah's Cafe</name>
<cmt>food</cmt>
<desc>Restaurant</desc>
<sym>Dot</sym>
<type>food</type>
</wpt>
<wpt lat="49.278898" lon="-123.108233">
<name>TAKO</name>
<cmt>food</cmt>
<desc>Fast Food / Chain</desc>
<sym>Dot</sym>
<type>food</type>
</wpt>
<wpt lat="49.281056" lon="-123.100006">
<name>Carnegie Library Branch</name>
<cmt>library</cmt>
<desc>Library</desc>
<sym>Dot</sym>
<type>info</type>
</wpt>
<wpt lat="49.286061" lon="-123.116143">
<name>Azur Legacy Collection Hotel</name>
<cmt>lodging</cmt>
<desc>Hotel / Motel</desc>
<sym>Dot</sym>
<type>shelter</type>
</wpt>
<wpt lat="49.284745" lon="-123.114506">
<name>One Under Vancouver</name>
<cmt>food</cmt>
<desc>Restaurant</desc>
<sym>Dot</sym>
<type>food</type>
</wpt>
<wpt lat="49.288314" lon="-123.140013">
<name>D'oro Gelato e Caffè</name>
<cmt>food</cmt>
<desc>Ice Cream</desc>
<sym>Dot</sym>
<type>food</type>
</wpt>
<wpt lat="49.292278" lon="-123.133942">
<name>Tsukiya</name>
<cmt>food</cmt>
<desc>Restaurant</desc>
<sym>Dot</sym>
<type>food</type>
</wpt>
<wpt lat="49.288583" lon="-123.140079">
<name>Bombay Kitchen On Denman</name>
<cmt>food</cmt>
<desc>Restaurant</desc>
<sym>Dot</sym>
<type>food</type>
</wpt>
<wpt lat="49.274989" lon="-123.129841">
<name>Monzo Burger</name>
<cmt>food</cmt>
<desc>Restaurant</desc>
<sym>Dot</sym>
<type>food</type>
</wpt>
<wpt lat="49.284027" lon="-123.112269">
<name>Blenz Coffee</name>
<cmt>coffee</cmt>
<desc>Café / Coffee</desc>
<sym>Dot</sym>
<type>food</type>
</wpt>
<wpt lat="49.279350" lon="-123.107835">
<name>Freshslice Pizza</name>
<cmt>food</cmt>
<desc>Fast Food / Chain</desc>
<sym>Dot</sym>
<type>food</type>
</wpt>
<wpt lat="49.279885" lon="-123.106803">
<name>Torimaru</name>
<cmt>food</cmt>
<desc>Fast Food / Chain</desc>
<sym>Dot</sym>
<type>food</type>
</wpt>
<wpt lat="49.288453" lon="-123.121225">
<name>Pinnacle Hotel Harbourfront</name>
<cmt>lodging</cmt>
<desc>Hotel / Motel</desc>
<sym>Dot</sym>
<type>shelter</type>
</wpt>
<wpt lat="49.269511" lon="-123.140619">
<name>Reckless Bike Stores</name>
<cmt>bike_shop</cmt>
<desc>Repair Shop</desc>
<sym>Dot</sym>
<type>gear</type>
</wpt>
<wpt lat="49.281123" lon="-123.100052">
<name>Carnegie Community Centre</name>
<cmt>rest_stop</cmt>
<desc>Community Centre</desc>
<sym>Dot</sym>
<type>rest_area</type>
</wpt>
<wpt lat="49.281101" lon="-123.098369">
<name>The Rickshaw</name>
<cmt>monument</cmt>
<desc>Museum / Gallery</desc>
<sym>Dot</sym>
<type>info</type>
</wpt>
<wpt lat="49.275918" lon="-123.069714">
<name>Sunrise Pizza and Steak House</name>
<cmt>food</cmt>
<desc>Restaurant</desc>
<sym>Dot</sym>
<type>food</type>
</wpt>
<wpt lat="49.281109" lon="-123.098195">
<name>Savoy Pub</name>
<cmt>bar</cmt>
<desc>Brewery / Pub</desc>
<sym>Dot</sym>
<type>food</type>
</wpt>
<wpt lat="49.283788" lon="-123.064186">
<name>Parallel 49 Tasting Room &amp; Beer Store</name>
<cmt>bar</cmt>
<desc>Brewery / Pub</desc>
<sym>Dot</sym>
<type>food</type>
</wpt>
<wpt lat="49.292407" lon="-123.134321">
<name>Yes Cycle</name>
<cmt>bike_shop</cmt>
<desc>Repair Shop</desc>
<sym>Dot</sym>
<type>gear</type>
</wpt>
<wpt lat="49.277793" lon="-123.098359">
<name>Bar Gobo</name>
<cmt>bar</cmt>
<desc>Brewery / Pub</desc>
<sym>Dot</sym>
<type>food</type>
</wpt>
<wpt lat="49.269470" lon="-123.140658">
<name>Reckless Bike Stores - Kitsilano</name>
<cmt>bike_shop</cmt>
<desc>Repair Shop</desc>
<sym>Dot</sym>
<type>gear</type>
</wpt>
<wpt lat="49.277785" lon="-123.098183">
<name>Harvest Community Foods</name>
<cmt>coffee</cmt>
<desc>Café / Coffee</desc>
<sym>Dot</sym>
<type>food</type>
</wpt>
<wpt lat="49.288661" lon="-123.139973">
<name>Kin's Farm Market</name>
<cmt>convenience_store</cmt>
<desc>Farmers' Market</desc>
<sym>Dot</sym>
<type>store</type>
</wpt>
<wpt lat="49.272984" lon="-123.099738">
<name>Donair Dude</name>
<cmt>food</cmt>
<desc>Restaurant</desc>
<sym>Dot</sym>
<type>food</type>
</wpt>
<wpt lat="49.286089" lon="-123.116336">
<name>Tim Hortons</name>
<cmt>food</cmt>
<desc>Fast Food / Chain</desc>
<sym>Dot</sym>
<type>food</type>
</wpt>
<wpt lat="49.281008" lon="-123.089738">
<name>The Heatley</name>
<cmt>bar</cmt>
<desc>Brewery / Pub</desc>
<sym>Dot</sym>
<type>food</type>
</wpt>
<wpt lat="49.288421" lon="-123.139860">
<name>Nat's New York Pizzeria</name>
<cmt>food</cmt>
<desc>Fast Food / Chain</desc>
<sym>Dot</sym>
<type>food</type>
</wpt>
<wpt lat="49.277736" lon="-123.097161">
<name>Hunnybee Bruncheonette</name>
<cmt>food</cmt>
<desc>Restaurant</desc>
<sym>Dot</sym>
<type>food</type>
</wpt>
<wpt lat="49.281027" lon="-123.059083">
<name>Obanhmi</name>
<cmt>food</cmt>
<desc>Restaurant</desc>
<sym>Dot</sym>
<type>food</type>
</wpt>
<wpt lat="49.287660" lon="-123.118113">
<name>Aidan's Coffee &amp; Food</name>
<cmt>coffee</cmt>
<desc>Café / Coffee</desc>
<sym>Dot</sym>
<type>food</type>
</wpt>
<wpt lat="49.284513" lon="-123.114372">
<name>CoCo Fresh Tea &amp; Juice</name>
<cmt>coffee</cmt>
<desc>Café / Coffee</desc>
<sym>Dot</sym>
<type>food</type>
</wpt>
<wpt lat="49.283914" lon="-123.112357">
<name>Subway</name>
<cmt>food</cmt>
<desc>Fast Food / Chain</desc>
<sym>Dot</sym>
<type>food</type>
</wpt>
<wpt lat="49.280566" lon="-123.106244">
<name>Congee Noodle Delight</name>
<cmt>food</cmt>
<desc>Fast Food / Chain</desc>
<sym>Dot</sym>
<type>food</type>
</wpt>
<wpt lat="49.286343" lon="-123.139873">
<name>Bisou Premium Baked Goods</name>
<cmt>food</cmt>
<desc>Bakery / Donuts</desc>
<sym>Dot</sym>
<type>food</type>
</wpt>
<wpt lat="49.285571" lon="-123.115990">
<name>Open Outcry</name>
<cmt>food</cmt>
<desc>Restaurant</desc>
<sym>Dot</sym>
<type>food</type>
</wpt>
<wpt lat="49.269400" lon="-123.131363">
<name>Granville Island Hotel</name>
<cmt>lodging</cmt>
<desc>Hotel / Motel</desc>
<sym>Dot</sym>
<type>shelter</type>
</wpt>
<wpt lat="49.283789" lon="-123.064321">
<name>Parallel 49 Street Kitchen</name>
<cmt>bar</cmt>
<desc>Brewery / Pub</desc>
<sym>Dot</sym>
<type>food</type>
</wpt>
<wpt lat="49.288454" lon="-123.139806">
<name>Legendary Noodle House</name>
<cmt>food</cmt>
<desc>Restaurant</desc>
<sym>Dot</sym>
<type>food</type>
</wpt>
<wpt lat="49.285707" lon="-123.116160">
<name>Hydra Estiatorio Mediterranean</name>
<cmt>food</cmt>
<desc>Restaurant</desc>
<sym>Dot</sym>
<type>food</type>
</wpt>
<wpt lat="49.272022" lon="-123.150471">
<name>Maple Beach Bed and Breakfast</name>
<cmt>lodging</cmt>
<desc>B&amp;B / Inn</desc>
<sym>Dot</sym>
<type>shelter</type>
</wpt>
<wpt lat="49.269379" lon="-123.140625">
<name>Apollinia</name>
<cmt>food</cmt>
<desc>Restaurant</desc>
<sym>Dot</sym>
<type>food</type>
</wpt>
<wpt lat="49.279559" lon="-123.107842">
<name>Sushi Den</name>
<cmt>food</cmt>
<desc>Fast Food / Chain</desc>
<sym>Dot</sym>
<type>food</type>
</wpt>
<wpt lat="49.270546" lon="-123.146073">
<name>Bento Cafe</name>
<cmt>food</cmt>
<desc>Restaurant</desc>
<sym>Dot</sym>
<type>food</type>
</wpt>
<wpt lat="49.283846" lon="-123.111920">
<name>Waves Coffee House</name>
<cmt>coffee</cmt>
<desc>Café / Coffee</desc>
<sym>Dot</sym>
<type>food</type>
</wpt>
<wpt lat="49.277589" lon="-123.109174">
<name>Panago</name>
<cmt>food</cmt>
<desc>Fast Food / Chain</desc>
<sym>Dot</sym>
<type>food</type>
</wpt>
<wpt lat="49.301318" lon="-123.131447">
<name>Vancouver Aquarium</name>
<cmt>viewpoint</cmt>
<desc>Activity / Experience</desc>
<sym>Dot</sym>
<type>overlook</type>
</wpt>
<wpt lat="49.280981" lon="-123.088858">
<name>nə́c̓aʔmat ct Strathcona Library Branch</name>
<cmt>library</cmt>
<desc>Library</desc>
<sym>Dot</sym>
<type>info</type>
</wpt>
<wpt lat="49.270621" lon="-123.148192">
<name>Be Fresh Market</name>
<cmt>coffee</cmt>
<desc>Café / Coffee</desc>
<sym>Dot</sym>
<type>food</type>
</wpt>
<wpt lat="49.270570" lon="-123.147257">
<name>Radish</name>
<cmt>food</cmt>
<desc>Restaurant</desc>
<sym>Dot</sym>
<type>food</type>
</wpt>
<wpt lat="49.269566" lon="-123.131714">
<name>Circle Wellness Spa</name>
<cmt>viewpoint</cmt>
<desc>Activity / Experience</desc>
<sym>Dot</sym>
<type>overlook</type>
</wpt>
<wpt lat="49.270572" lon="-123.147691">
<name>Toyokan Bowl</name>
<cmt>food</cmt>
<desc>Restaurant</desc>
<sym>Dot</sym>
<type>food</type>
</wpt>
<wpt lat="49.269394" lon="-123.140980">
<name>Café Prado</name>
<cmt>coffee</cmt>
<desc>Café / Coffee</desc>
<sym>Dot</sym>
<type>food</type>
</wpt>
<wpt lat="49.281318" lon="-123.058906">
<name>Jackalope's Neighborhood Dive</name>
<cmt>food</cmt>
<desc>Restaurant</desc>
<sym>Dot</sym>
<type>food</type>
</wpt>
<wpt lat="49.279632" lon="-123.107850">
<name>Blenz Coffee</name>
<cmt>coffee</cmt>
<desc>Café / Coffee</desc>
<sym>Dot</sym>
<type>food</type>
</wpt>
<wpt lat="49.285019" lon="-123.064650">
<name>On the Run</name>
<cmt>convenience_store</cmt>
<desc>Convenience Store</desc>
<sym>Dot</sym>
<type>store</type>
</wpt>
<wpt lat="49.284068" lon="-123.113486">
<name>Seymour Mini Mart</name>
<cmt>convenience_store</cmt>
<desc>Convenience Store</desc>
<sym>Dot</sym>
<type>store</type>
</wpt>
<wpt lat="49.281235" lon="-123.102083">
<name>New Brandiz Fast Food</name>
<cmt>food</cmt>
<desc>Fast Food / Chain</desc>
<sym>Dot</sym>
<type>food</type>
</wpt>
<wpt lat="49.275712" lon="-123.100203">
<name>Machete</name>
<cmt>food</cmt>
<desc>Restaurant</desc>
<sym>Dot</sym>
<type>food</type>
</wpt>
<wpt lat="49.286498" lon="-123.116764">
<name>Days Inn</name>
<cmt>lodging</cmt>
<desc>Hotel / Motel</desc>
<sym>Dot</sym>
<type>shelter</type>
</wpt>
<wpt lat="49.279374" lon="-123.065462">
<name>Bosa Foods</name>
<cmt>convenience_store</cmt>
<desc>Grocery Store</desc>
<sym>Dot</sym>
<type>store</type>
</wpt>
<wpt lat="49.279859" lon="-123.132891">
<name>Hostelling International</name>
<cmt>lodging</cmt>
<desc>Hostel</desc>
<sym>Dot</sym>
<type>shelter</type>
</wpt>
<wpt lat="49.283753" lon="-123.112099">
<name>The Poke Guy</name>
<cmt>food</cmt>
<desc>Restaurant</desc>
<sym>Dot</sym>
<type>food</type>
</wpt>
<wpt lat="49.284701" lon="-123.109406">
<name>Al Porto Ristorante</name>
<cmt>food</cmt>
<desc>Restaurant</desc>
<sym>Dot</sym>
<type>food</type>
</wpt>
<wpt lat="49.281320" lon="-123.058793">
<name>The Green</name>
<cmt>coffee</cmt>
<desc>Café / Coffee</desc>
<sym>Dot</sym>
<type>food</type>
</wpt>
<wpt lat="49.270028" lon="-123.103149">
<name>Amato Gelato &amp; Cafè</name>
<cmt>food</cmt>
<desc>Ice Cream</desc>
<sym>Dot</sym>
<type>food</type>
</wpt>
<wpt lat="49.265727" lon="-123.120228">
<name>7-Eleven</name>
<cmt>convenience_store</cmt>
<desc>Convenience Store</desc>
<sym>Dot</sym>
<type>store</type>
</wpt>
<wpt lat="49.283841" lon="-123.064572">
<name>Parallel 49 Brewing</name>
<cmt>bar</cmt>
<desc>Brewery / Pub</desc>
<sym>Dot</sym>
<type>food</type>
</wpt>
<wpt lat="49.284010" lon="-123.113579">
<name>Pizza 2001</name>
<cmt>food</cmt>
<desc>Fast Food / Chain</desc>
<sym>Dot</sym>
<type>food</type>
</wpt>
<wpt lat="49.283719" lon="-123.112157">
<name>Sai Plant Deli</name>
<cmt>food</cmt>
<desc>Fast Food / Chain</desc>
<sym>Dot</sym>
<type>food</type>
</wpt>
<wpt lat="49.288827" lon="-123.139684">
<name>7-Eleven</name>
<cmt>convenience_store</cmt>
<desc>Convenience Store</desc>
<sym>Dot</sym>
<type>store</type>
</wpt>
<wpt lat="49.275922" lon="-123.100196">
<name>Vibe &amp; Bite</name>
<cmt>convenience_store</cmt>
<desc>Convenience Store</desc>
<sym>Dot</sym>
<type>store</type>
</wpt>
<wpt lat="49.281317" lon="-123.058712">
<name>Doe Coffee</name>
<cmt>coffee</cmt>
<desc>Café / Coffee</desc>
<sym>Dot</sym>
<type>food</type>
</wpt>
<wpt lat="49.279586" lon="-123.074937">
<name>Earnest Ice Cream</name>
<cmt>food</cmt>
<desc>Ice Cream</desc>
<sym>Dot</sym>
<type>food</type>
</wpt>
<wpt lat="49.288544" lon="-123.124478">
<name>Coal Harbour Liquor Store</name>
<cmt>convenience_store</cmt>
<desc>Liquor Store</desc>
<sym>Dot</sym>
<type>store</type>
</wpt>
<wpt lat="49.281206" lon="-123.104529">
<name>Aiyaohno Cafe</name>
<cmt>coffee</cmt>
<desc>Café / Coffee</desc>
<sym>Dot</sym>
<type>food</type>
</wpt>
<wpt lat="49.274675" lon="-123.129537">
<name>Linh Café</name>
<cmt>food</cmt>
<desc>Restaurant</desc>
<sym>Dot</sym>
<type>food</type>
</wpt>
<wpt lat="49.287898" lon="-123.120258">
<name>Showcase Restaurant &amp; Bar</name>
<cmt>food</cmt>
<desc>Restaurant</desc>
<sym>Dot</sym>
<type>food</type>
</wpt>
<wpt lat="49.273358" lon="-123.132748">
<name>Chang'an</name>
<cmt>food</cmt>
<desc>Restaurant</desc>
<sym>Dot</sym>
<type>food</type>
</wpt>
<wpt lat="49.277928" lon="-123.109429">
<name>Konica Minolta Champion's Club</name>
<cmt>food</cmt>
<desc>Restaurant</desc>
<sym>Dot</sym>
<type>food</type>
</wpt>
<wpt lat="49.275081" lon="-123.099616">
<name>The Ivanhoe Pub</name>
<cmt>bar</cmt>
<desc>Brewery / Pub</desc>
<sym>Dot</sym>
<type>food</type>
</wpt>
<wpt lat="49.283818" lon="-123.113280">
<name>Freshslice Pizza</name>
<cmt>food</cmt>
<desc>Fast Food / Chain</desc>
<sym>Dot</sym>
<type>food</type>
</wpt>
<wpt lat="49.269686" lon="-123.106355">
<name>The Bubble Tea Shop</name>
<cmt>coffee</cmt>
<desc>Café / Coffee</desc>
<sym>Dot</sym>
<type>food</type>
</wpt>
<wpt lat="49.287038" lon="-123.118101">
<name>Freshii</name>
<cmt>food</cmt>
<desc>Restaurant</desc>
<sym>Dot</sym>
<type>food</type>
</wpt>
<wpt lat="49.284933" lon="-123.115686">
<name>Tim Hortons</name>
<cmt>food</cmt>
<desc>Fast Food / Chain</desc>
<sym>Dot</sym>
<type>food</type>
</wpt>
<wpt lat="49.271851" lon="-123.135476">
<name>Popina Cantina</name>
<cmt>food</cmt>
<desc>Restaurant</desc>
<sym>Dot</sym>
<type>food</type>
</wpt>
<wpt lat="49.280319" lon="-123.107113">
<name>Carnitas Don Jose</name>
<cmt>food</cmt>
<desc>Fast Food / Chain</desc>
<sym>Dot</sym>
<type>food</type>
</wpt>
<wpt lat="49.284654" lon="-123.115283">
<name>Starbucks</name>
<cmt>food</cmt>
<desc>Fast Food / Chain</desc>
<sym>Dot</sym>
<type>food</type>
</wpt>
<wpt lat="49.286023" lon="-123.139526">
<name>BC Liquor Store</name>
<cmt>convenience_store</cmt>
<desc>Liquor Store</desc>
<sym>Dot</sym>
<type>store</type>
</wpt>
<wpt lat="49.275162" lon="-123.099609">
<name>C&amp;N Backpackers Central Station</name>
<cmt>lodging</cmt>
<desc>Hostel</desc>
<sym>Dot</sym>
<type>shelter</type>
</wpt>
<wpt lat="49.281326" lon="-123.090570">
<name>Eden</name>
<cmt>coffee</cmt>
<desc>Café / Coffee</desc>
<sym>Dot</sym>
<type>food</type>
</wpt>
<wpt lat="49.284181" lon="-123.114361">
<name>Himalayan Momo Restaurant and Bar</name>
<cmt>food</cmt>
<desc>Restaurant</desc>
<sym>Dot</sym>
<type>food</type>
</wpt>
<wpt lat="49.281511" lon="-123.100508">
<name>Washington Community Market</name>
<cmt>convenience_store</cmt>
<desc>Convenience Store</desc>
<sym>Dot</sym>
<type>store</type>
</wpt>
<wpt lat="49.280975" lon="-123.106143">
<name>Skwachàys Lodge</name>
<cmt>lodging</cmt>
<desc>Hotel / Motel</desc>
<sym>Dot</sym>
<type>shelter</type>
</wpt>
<wpt lat="49.283739" lon="-123.113167">
<name>Spin Roll</name>
<cmt>food</cmt>
<desc>Restaurant</desc>
<sym>Dot</sym>
<type>food</type>
</wpt>
<wpt lat="49.287299" lon="-123.118403">
<name>Kamei Royale</name>
<cmt>food</cmt>
<desc>Restaurant</desc>
<sym>Dot</sym>
<type>food</type>
</wpt>
<wpt lat="49.276112" lon="-123.128360">
<name>Grand Park Hotel &amp; Suites</name>
<cmt>lodging</cmt>
<desc>Hotel / Motel</desc>
<sym>Dot</sym>
<type>shelter</type>
</wpt>
<wpt lat="49.288667" lon="-123.139430">
<name>Denman Liquor Store</name>
<cmt>convenience_store</cmt>
<desc>Liquor Store</desc>
<sym>Dot</sym>
<type>store</type>
</wpt>
<wpt lat="49.284345" lon="-123.109577">
<name>Coastal Peoples Fine Arts Gallery</name>
<cmt>monument</cmt>
<desc>Museum / Gallery</desc>
<sym>Dot</sym>
<type>info</type>
</wpt>
<wpt lat="49.284127" lon="-123.114276">
<name>Burger King</name>
<cmt>food</cmt>
<desc>Fast Food / Chain</desc>
<sym>Dot</sym>
<type>food</type>
</wpt>
<wpt lat="49.284940" lon="-123.064963">
<name>Princeton Pub</name>
<cmt>bar</cmt>
<desc>Brewery / Pub</desc>
<sym>Dot</sym>
<type>food</type>
</wpt>
<wpt lat="49.299035" lon="-123.133869">
<name>Malkin Bowl</name>
<cmt>monument</cmt>
<desc>Museum / Gallery</desc>
<sym>Dot</sym>
<type>info</type>
</wpt>
<wpt lat="49.270391" lon="-123.100938">
<name>Pho Quynh Express</name>
<cmt>food</cmt>
<desc>Restaurant</desc>
<sym>Dot</sym>
<type>food</type>
</wpt>
<wpt lat="49.285567" lon="-123.116561">
<name>Moose's Down Under</name>
<cmt>bar</cmt>
<desc>Brewery / Pub</desc>
<sym>Dot</sym>
<type>food</type>
</wpt>
<wpt lat="49.281506" lon="-123.098349">
<name>Ovaltine Cafe</name>
<cmt>coffee</cmt>
<desc>Café / Coffee</desc>
<sym>Dot</sym>
<type>food</type>
</wpt>
<wpt lat="49.265808" lon="-123.122303">
<name>Tim Hortons</name>
<cmt>food</cmt>
<desc>Fast Food / Chain</desc>
<sym>Dot</sym>
<type>food</type>
</wpt>
<wpt lat="49.288932" lon="-123.139514">
<name>Sushi Aboard</name>
<cmt>food</cmt>
<desc>Restaurant</desc>
<sym>Dot</sym>
<type>food</type>
</wpt>
<wpt lat="49.283590" lon="-123.111511">
<name>Cafe Duello</name>
<cmt>coffee</cmt>
<desc>Café / Coffee</desc>
<sym>Dot</sym>
<type>food</type>
</wpt>
<wpt lat="49.281470" lon="-123.095151">
<name>Patricia Hotel</name>
<cmt>lodging</cmt>
<desc>Hotel / Motel</desc>
<sym>Dot</sym>
<type>shelter</type>
</wpt>
<wpt lat="49.277075" lon="-123.128590">
<name>Freshii</name>
<cmt>food</cmt>
<desc>Restaurant</desc>
<sym>Dot</sym>
<type>food</type>
</wpt>
<wpt lat="49.284728" lon="-123.115555">
<name>Tractor</name>
<cmt>coffee</cmt>
<desc>Café / Coffee</desc>
<sym>Dot</sym>
<type>food</type>
</wpt>
<wpt lat="49.275488" lon="-123.069294">
<name>Mogu Fried Chicken</name>
<cmt>food</cmt>
<desc>Restaurant</desc>
<sym>Dot</sym>
<type>food</type>
</wpt>
<wpt lat="49.284517" lon="-123.109222">
<name>Trees Organic Coffee</name>
<cmt>coffee</cmt>
<desc>Café / Coffee</desc>
<sym>Dot</sym>
<type>food</type>
</wpt>
<wpt lat="49.278768" lon="-123.109262">
<name>Costco Food Court</name>
<cmt>food</cmt>
<desc>Fast Food / Chain</desc>
<sym>Dot</sym>
<type>food</type>
</wpt>
<wpt lat="49.291940" lon="-123.134499">
<name>Bikes and Blades</name>
<cmt>bike_shop</cmt>
<desc>Repair Shop</desc>
<sym>Dot</sym>
<type>gear</type>
</wpt>
<wpt lat="49.284022" lon="-123.114107">
<name>Malone's Social Lounge &amp; Taphouse</name>
<cmt>bar</cmt>
<desc>Brewery / Pub</desc>
<sym>Dot</sym>
<type>food</type>
</wpt>
<wpt lat="49.288332" lon="-123.122596">
<name>Panago</name>
<cmt>food</cmt>
<desc>Fast Food / Chain</desc>
<sym>Dot</sym>
<type>food</type>
</wpt>
<wpt lat="49.289328" lon="-123.129092">
<name>Freshco Food Mart</name>
<cmt>convenience_store</cmt>
<desc>Convenience Store</desc>
<sym>Dot</sym>
<type>store</type>
</wpt>
<wpt lat="49.275463" lon="-123.099592">
<name>Bodega</name>
<cmt>food</cmt>
<desc>Restaurant</desc>
<sym>Dot</sym>
<type>food</type>
</wpt>
<wpt lat="49.288220" lon="-123.122313">
<name>Prestons Restaurant + Lounge</name>
<cmt>food</cmt>
<desc>Restaurant</desc>
<sym>Dot</sym>
<type>food</type>
</wpt>
<wpt lat="49.280223" lon="-123.107405">
<name>Crosstown Liquor Store</name>
<cmt>convenience_store</cmt>
<desc>Liquor Store</desc>
<sym>Dot</sym>
<type>store</type>
</wpt>
<wpt lat="49.269696" lon="-123.109208">
<name>Stega Eatery</name>
<cmt>food</cmt>
<desc>Restaurant</desc>
<sym>Dot</sym>
<type>food</type>
</wpt>
<wpt lat="49.265744" lon="-123.122305">
<name>Yanaki Sushi</name>
<cmt>food</cmt>
<desc>Restaurant</desc>
<sym>Dot</sym>
<type>food</type>
</wpt>
<wpt lat="49.287968" lon="-123.121420">
<name>The Bee's Knees</name>
<cmt>coffee</cmt>
<desc>Café / Coffee</desc>
<sym>Dot</sym>
<type>food</type>
</wpt>
<wpt lat="49.289263" lon="-123.139653">
<name>The Como Hotel</name>
<cmt>lodging</cmt>
<desc>Hotel / Motel</desc>
<sym>Dot</sym>
<type>shelter</type>
</wpt>
<wpt lat="49.288129" lon="-123.122048">
<name>Coast Coal Harbour Hotel by APA</name>
<cmt>lodging</cmt>
<desc>Hotel / Motel</desc>
<sym>Dot</sym>
<type>shelter</type>
</wpt>
<wpt lat="49.299823" lon="-123.131221">
<name>Bicycle Bistro</name>
<cmt>coffee</cmt>
<desc>Café / Coffee</desc>
<sym>Dot</sym>
<type>food</type>
</wpt>
<wpt lat="49.284510" lon="-123.109142">
<name>Silvestre Deli &amp; Bistro</name>
<cmt>food</cmt>
<desc>Restaurant</desc>
<sym>Dot</sym>
<type>food</type>
</wpt>
<wpt lat="49.288438" lon="-123.122991">
<name>7-Eleven</name>
<cmt>convenience_store</cmt>
<desc>Convenience Store</desc>
<sym>Dot</sym>
<type>store</type>
</wpt>
<wpt lat="49.275422" lon="-123.069259">
<name>Britannia Sushi</name>
<cmt>food</cmt>
<desc>Restaurant</desc>
<sym>Dot</sym>
<type>food</type>
</wpt>
<wpt lat="49.287974" lon="-123.121545">
<name>Marriott Pinnacle Downtown</name>
<cmt>lodging</cmt>
<desc>Hotel / Motel</desc>
<sym>Dot</sym>
<type>shelter</type>
</wpt>
<wpt lat="49.280288" lon="-123.107400">
<name>7-Eleven</name>
<cmt>convenience_store</cmt>
<desc>Convenience Store</desc>
<sym>Dot</sym>
<type>store</type>
</wpt>
<wpt lat="49.283838" lon="-123.113860">
<name>WINGS Tap &amp; Social</name>
<cmt>bar</cmt>
<desc>Brewery / Pub</desc>
<sym>Dot</sym>
<type>food</type>
</wpt>
<wpt lat="49.275412" lon="-123.069726">
<name>Eternal Abundance</name>
<cmt>convenience_store</cmt>
<desc>Grocery Store</desc>
<sym>Dot</sym>
<type>store</type>
</wpt>
<wpt lat="49.269497" lon="-123.107704">
<name>Jay Nok</name>
<cmt>food</cmt>
<desc>Restaurant</desc>
<sym>Dot</sym>
<type>food</type>
</wpt>
<wpt lat="49.276156" lon="-123.128164">
<name>White Spot</name>
<cmt>food</cmt>
<desc>Fast Food / Chain</desc>
<sym>Dot</sym>
<type>food</type>
</wpt>
<wpt lat="49.277992" lon="-123.109697">
<name>The Sportsbar LIVE! At Rogers Arena</name>
<cmt>bar</cmt>
<desc>Brewery / Pub</desc>
<sym>Dot</sym>
<type>food</type>
</wpt>
<wpt lat="49.269487" lon="-123.107259">
<name>Big Way Hot Pot</name>
<cmt>food</cmt>
<desc>Restaurant</desc>
<sym>Dot</sym>
<type>food</type>
</wpt>
<wpt lat="49.271666" lon="-123.134915">
<name>El Cafecito</name>
<cmt>coffee</cmt>
<desc>Café / Coffee</desc>
<sym>Dot</sym>
<type>food</type>
</wpt>
<wpt lat="49.289014" lon="-123.139401">
<name>Chef Ron Restaurant &amp; Bar</name>
<cmt>food</cmt>
<desc>Restaurant</desc>
<sym>Dot</sym>
<type>food</type>
</wpt>
<wpt lat="49.269504" lon="-123.108166">
<name>Ophelia</name>
<cmt>food</cmt>
<desc>Restaurant</desc>
<sym>Dot</sym>
<type>food</type>
</wpt>
<wpt lat="49.283975" lon="-123.114217">
<name>Seymour Hostel</name>
<cmt>lodging</cmt>
<desc>Hostel</desc>
<sym>Dot</sym>
<type>shelter</type>
</wpt>
<wpt lat="49.279936" lon="-123.108137">
<name>大統華 T&amp;T Supermarket</name>
<cmt>convenience_store</cmt>
<desc>Grocery Store</desc>
<sym>Dot</sym>
<type>store</type>
</wpt>
<wpt lat="49.291882" lon="-123.134583">
<name>Freedom Bike Rentals</name>
<cmt>bike_shop</cmt>
<desc>Rentals</desc>
<sym>Dot</sym>
<type>gear</type>
</wpt>
<wpt lat="49.288501" lon="-123.139164">
<name>93 Coffee</name>
<cmt>coffee</cmt>
<desc>Café / Coffee</desc>
<sym>Dot</sym>
<type>food</type>
</wpt>
<wpt lat="49.265610" lon="-123.121980">
<name>Szechuan Chili Restaurant</name>
<cmt>food</cmt>
<desc>Restaurant</desc>
<sym>Dot</sym>
<type>food</type>
</wpt>
<wpt lat="49.279631" lon="-123.108610">
<name>Mamalee</name>
<cmt>food</cmt>
<desc>Restaurant</desc>
<sym>Dot</sym>
<type>food</type>
</wpt>
<wpt lat="49.269508" lon="-123.108423">
<name>Pizza Hut</name>
<cmt>food</cmt>
<desc>Fast Food / Chain</desc>
<sym>Dot</sym>
<type>food</type>
</wpt>
<wpt lat="49.279813" lon="-123.074313">
<name>Timbertrain Coffee Roasters - Depot</name>
<cmt>coffee</cmt>
<desc>Café / Coffee</desc>
<sym>Dot</sym>
<type>food</type>
</wpt>
<wpt lat="49.275373" lon="-123.069259">
<name>Bombay Kitchen and Bar</name>
<cmt>food</cmt>
<desc>Restaurant</desc>
<sym>Dot</sym>
<type>food</type>
</wpt>
<wpt lat="49.288731" lon="-123.128133">
<name>Subway</name>
<cmt>food</cmt>
<desc>Fast Food / Chain</desc>
<sym>Dot</sym>
<type>food</type>
</wpt>
<wpt lat="49.280383" lon="-123.107405">
<name>Tokyo In April</name>
<cmt>food</cmt>
<desc>Restaurant</desc>
<sym>Dot</sym>
<type>food</type>
</wpt>
<wpt lat="49.269469" lon="-123.106367">
<name>Honolulu Coffee</name>
<cmt>coffee</cmt>
<desc>Café / Coffee</desc>
<sym>Dot</sym>
<type>food</type>
</wpt>
<wpt lat="49.271734" lon="-123.134927">
<name>Alimentaria Mexicana</name>
<cmt>food</cmt>
<desc>Restaurant</desc>
<sym>Dot</sym>
<type>food</type>
</wpt>
<wpt lat="49.291854" lon="-123.134623">
<name>Tonkotsu Ramen Tsukiya</name>
<cmt>food</cmt>
<desc>Restaurant</desc>
<sym>Dot</sym>
<type>food</type>
</wpt>
<wpt lat="49.287578" lon="-123.119152">
<name>Neate Donuts</name>
<cmt>food</cmt>
<desc>Bakery / Donuts</desc>
<sym>Dot</sym>
<type>food</type>
</wpt>
<wpt lat="49.287685" lon="-123.120502">
<name>Caffè Artigiano</name>
<cmt>coffee</cmt>
<desc>Café / Coffee</desc>
<sym>Dot</sym>
<type>food</type>
</wpt>
<wpt lat="49.276585" lon="-123.100116">
<name>The Boxcar</name>
<cmt>bar</cmt>
<desc>Brewery / Pub</desc>
<sym>Dot</sym>
<type>food</type>
</wpt>
<wpt lat="49.289179" lon="-123.110053">
<name>The Flying Whale</name>
<cmt>coffee</cmt>
<desc>Café / Coffee</desc>
<sym>Dot</sym>
<type>food</type>
</wpt>
<wpt lat="49.272663" lon="-123.136526">
<name>Tap &amp; Barrel Bridges</name>
<cmt>food</cmt>
<desc>Restaurant</desc>
<sym>Dot</sym>
<type>food</type>
</wpt>
<wpt lat="49.272154" lon="-123.135434">
<name>Liberty Wines</name>
<cmt>convenience_store</cmt>
<desc>Liquor Store</desc>
<sym>Dot</sym>
<type>store</type>
</wpt>
<wpt lat="49.279896" lon="-123.076698">
<name>Coffee Central Roasting</name>
<cmt>coffee</cmt>
<desc>Café / Coffee</desc>
<sym>Dot</sym>
<type>food</type>
</wpt>
<wpt lat="49.298469" lon="-123.136978">
<name>Stanley Park Rose Garden</name>
<cmt>park</cmt>
<desc>Park / Nature</desc>
<sym>Dot</sym>
<type>rest_area</type>
</wpt>
<wpt lat="49.279905" lon="-123.076896">
<name>Yuan Coffee</name>
<cmt>coffee</cmt>
<desc>Café / Coffee</desc>
<sym>Dot</sym>
<type>food</type>
</wpt>
<wpt lat="49.280810" lon="-123.107015">
<name>Caveman Cafe</name>
<cmt>coffee</cmt>
<desc>Café / Coffee</desc>
<sym>Dot</sym>
<type>food</type>
</wpt>
<wpt lat="49.300770" lon="-123.131377">
<name>Upstream Bar + Grill</name>
<cmt>food</cmt>
<desc>Fast Food / Chain</desc>
<sym>Dot</sym>
<type>food</type>
</wpt>
<wpt lat="49.284607" lon="-123.108511">
<name>Black Frog Eatery</name>
<cmt>bar</cmt>
<desc>Brewery / Pub</desc>
<sym>Dot</sym>
<type>food</type>
</wpt>
<wpt lat="49.269658" lon="-123.102906">
<name>Tractor</name>
<cmt>food</cmt>
<desc>Restaurant</desc>
<sym>Dot</sym>
<type>food</type>
</wpt>
<wpt lat="49.275875" lon="-123.099584">
<name>Torafuku</name>
<cmt>food</cmt>
<desc>Restaurant</desc>
<sym>Dot</sym>
<type>food</type>
</wpt>
<wpt lat="49.278777" lon="-123.109564">
<name>Costco</name>
<cmt>convenience_store</cmt>
<desc>Grocery Store</desc>
<sym>Dot</sym>
<type>store</type>
</wpt>
<wpt lat="49.272436" lon="-123.135847">
<name>A Bread Affair</name>
<cmt>food</cmt>
<desc>Bakery / Donuts</desc>
<sym>Dot</sym>
<type>food</type>
</wpt>
<wpt lat="49.269521" lon="-123.109214">
<name>Nook</name>
<cmt>food</cmt>
<desc>Restaurant</desc>
<sym>Dot</sym>
<type>food</type>
</wpt>
<wpt lat="49.291796" lon="-123.134692">
<name>Jo-E Cycles</name>
<cmt>bike_shop</cmt>
<desc>Repair Shop</desc>
<sym>Dot</sym>
<type>gear</type>
</wpt>
<wpt lat="49.287553" lon="-123.120002">
<name>Starbucks</name>
<cmt>food</cmt>
<desc>Fast Food / Chain</desc>
<sym>Dot</sym>
<type>food</type>
</wpt>
<wpt lat="49.280560" lon="-123.107394">
<name>Einstein Wrap House</name>
<cmt>food</cmt>
<desc>Fast Food / Chain</desc>
<sym>Dot</sym>
<type>food</type>
</wpt>
<wpt lat="49.284246" lon="-123.109171">
<name>Poke N Chat</name>
<cmt>food</cmt>
<desc>Restaurant</desc>
<sym>Dot</sym>
<type>food</type>
</wpt>
<wpt lat="49.269666" lon="-123.102397">
<name>Mountain Equipment Company</name>
<cmt>convenience_store</cmt>
<desc>Outdoor Gear</desc>
<sym>Dot</sym>
<type>store</type>
</wpt>
<wpt lat="49.284407" lon="-123.115560">
<name>Zaatar w Zeit</name>
<cmt>food</cmt>
<desc>Restaurant</desc>
<sym>Dot</sym>
<type>food</type>
</wpt>
<wpt lat="49.280188" lon="-123.132411">
<name>The Sunset Hotel West End</name>
<cmt>lodging</cmt>
<desc>Hotel / Motel</desc>
<sym>Dot</sym>
<type>shelter</type>
</wpt>
<wpt lat="49.281371" lon="-123.058122">
<name>Plain Jane Ice Cream</name>
<cmt>food</cmt>
<desc>Ice Cream</desc>
<sym>Dot</sym>
<type>food</type>
</wpt>
<wpt lat="49.277800" lon="-123.128890">
<name>Residence Inn Vancouver Downtown</name>
<cmt>lodging</cmt>
<desc>Hotel / Motel</desc>
<sym>Dot</sym>
<type>shelter</type>
</wpt>
<wpt lat="49.283841" lon="-123.114381">
<name>The 515 Bar</name>
<cmt>bar</cmt>
<desc>Brewery / Pub</desc>
<sym>Dot</sym>
<type>food</type>
</wpt>
<wpt lat="49.286665" lon="-123.118340">
<name>JOEY Bentall One</name>
<cmt>food</cmt>
<desc>Restaurant</desc>
<sym>Dot</sym>
<type>food</type>
</wpt>
<wpt lat="49.283392" lon="-123.113138">
<name>Al-Madina General Store</name>
<cmt>convenience_store</cmt>
<desc>Convenience Store</desc>
<sym>Dot</sym>
<type>store</type>
</wpt>
<wpt lat="49.278703" lon="-123.130204">
<name>Maple Leaf Delicatessen Coffe Shop</name>
<cmt>coffee</cmt>
<desc>Café / Coffee</desc>
<sym>Dot</sym>
<type>food</type>
</wpt>
<wpt lat="49.287247" lon="-123.118925">
<name>Meat &amp; Bread</name>
<cmt>food</cmt>
<desc>Restaurant</desc>
<sym>Dot</sym>
<type>food</type>
</wpt>
<wpt lat="49.275197" lon="-123.069286">
<name>Mi Tierra Latina</name>
<cmt>convenience_store</cmt>
<desc>Grocery Store</desc>
<sym>Dot</sym>
<type>store</type>
</wpt>
<wpt lat="49.284233" lon="-123.109032">
<name>Water Street Cafe</name>
<cmt>food</cmt>
<desc>Restaurant</desc>
<sym>Dot</sym>
<type>food</type>
</wpt>
<wpt lat="49.288943" lon="-123.139016">
<name>Burger King</name>
<cmt>food</cmt>
<desc>Fast Food / Chain</desc>
<sym>Dot</sym>
<type>food</type>
</wpt>
<wpt lat="49.272173" lon="-123.135145">
<name>JJ Bean</name>
<cmt>coffee</cmt>
<desc>Café / Coffee</desc>
<sym>Dot</sym>
<type>food</type>
</wpt>
<wpt lat="49.281398" lon="-123.058025">
<name>Dachi Restaurant and Natural Wine</name>
<cmt>food</cmt>
<desc>Restaurant</desc>
<sym>Dot</sym>
<type>food</type>
</wpt>
<wpt lat="49.272254" lon="-123.135250">
<name>Lee's Donuts</name>
<cmt>food</cmt>
<desc>Bakery / Donuts</desc>
<sym>Dot</sym>
<type>food</type>
</wpt>
<wpt lat="49.283906" lon="-123.109496">
<name>Timbertrain Coffee Roasters</name>
<cmt>coffee</cmt>
<desc>Café / Coffee</desc>
<sym>Dot</sym>
<type>food</type>
</wpt>
<wpt lat="49.280756" lon="-123.107400">
<name>Keto Caveman</name>
<cmt>coffee</cmt>
<desc>Café / Coffee</desc>
<sym>Dot</sym>
<type>food</type>
</wpt>
<wpt lat="49.281020" lon="-123.058004">
<name>Rumble Fish</name>
<cmt>food</cmt>
<desc>Restaurant</desc>
<sym>Dot</sym>
<type>food</type>
</wpt>
<wpt lat="49.272325" lon="-123.135301">
<name>Four Season Farm</name>
<cmt>convenience_store</cmt>
<desc>Farmers' Market</desc>
<sym>Dot</sym>
<type>store</type>
</wpt>
<wpt lat="49.288442" lon="-123.138761">
<name>Sonder at Revival</name>
<cmt>lodging</cmt>
<desc>Hotel / Motel</desc>
<sym>Dot</sym>
<type>shelter</type>
</wpt>
<wpt lat="49.287571" lon="-123.121131">
<name>Captain's Oven Pizza</name>
<cmt>food</cmt>
<desc>Fast Food / Chain</desc>
<sym>Dot</sym>
<type>food</type>
</wpt>
<wpt lat="49.272363" lon="-123.135337">
<name>Duso's Italia</name>
<cmt>convenience_store</cmt>
<desc>Specialty / Health Food</desc>
<sym>Dot</sym>
<type>store</type>
</wpt>
<wpt lat="49.287548" lon="-123.121038">
<name>Heritage Asian Eatery</name>
<cmt>food</cmt>
<desc>Restaurant</desc>
<sym>Dot</sym>
<type>food</type>
</wpt>
<wpt lat="49.284394" lon="-123.108567">
<name>Lee's Donuts</name>
<cmt>food</cmt>
<desc>Bakery / Donuts</desc>
<sym>Dot</sym>
<type>food</type>
</wpt>
<wpt lat="49.285288" lon="-123.139022">
<name>McDonald's</name>
<cmt>food</cmt>
<desc>Fast Food / Chain</desc>
<sym>Dot</sym>
<type>food</type>
</wpt>
<wpt lat="49.278756" lon="-123.130101">
<name>Caffe Mira</name>
<cmt>coffee</cmt>
<desc>Café / Coffee</desc>
<sym>Dot</sym>
<type>food</type>
</wpt>
<wpt lat="49.272220" lon="-123.135064">
<name>Stuarts Quality Baked Goods</name>
<cmt>food</cmt>
<desc>Bakery / Donuts</desc>
<sym>Dot</sym>
<type>food</type>
</wpt>
<wpt lat="49.272420" lon="-123.135407">
<name>Oyama Sausage</name>
<cmt>convenience_store</cmt>
<desc>Specialty / Health Food</desc>
<sym>Dot</sym>
<type>store</type>
</wpt>
<wpt lat="49.291681" lon="-123.134880">
<name>Jingle Bao</name>
<cmt>food</cmt>
<desc>Restaurant</desc>
<sym>Dot</sym>
<type>food</type>
</wpt>
<wpt lat="49.280042" lon="-123.108598">
<name>Pizzeria Ludica</name>
<cmt>food</cmt>
<desc>Restaurant</desc>
<sym>Dot</sym>
<type>food</type>
</wpt>
<wpt lat="49.280897" lon="-123.107314">
<name>McDonald's</name>
<cmt>food</cmt>
<desc>Fast Food / Chain</desc>
<sym>Dot</sym>
<type>food</type>
</wpt>
<wpt lat="49.284291" lon="-123.115724">
<name>Subway</name>
<cmt>food</cmt>
<desc>Fast Food / Chain</desc>
<sym>Dot</sym>
<type>food</type>
</wpt>
<wpt lat="49.279962" lon="-123.108756">
<name>Charisma Social Club House</name>
<cmt>coffee</cmt>
<desc>Café / Coffee</desc>
<sym>Dot</sym>
<type>food</type>
</wpt>
<wpt lat="49.276310" lon="-123.099559">
<name>The American</name>
<cmt>bar</cmt>
<desc>Brewery / Pub</desc>
<sym>Dot</sym>
<type>food</type>
</wpt>
<wpt lat="49.280009" lon="-123.108690">
<name>Pappa Roti</name>
<cmt>coffee</cmt>
<desc>Café / Coffee</desc>
<sym>Dot</sym>
<type>food</type>
</wpt>
<wpt lat="49.272048" lon="-123.134772">
<name>Granville Island Stage</name>
<cmt>monument</cmt>
<desc>Museum / Gallery</desc>
<sym>Dot</sym>
<type>info</type>
</wpt>
<wpt lat="49.272382" lon="-123.135272">
<name>Siegel's Bagels</name>
<cmt>food</cmt>
<desc>Bakery / Donuts</desc>
<sym>Dot</sym>
<type>food</type>
</wpt>
<wpt lat="49.291810" lon="-123.135189">
<name>Tetsu Sushi Bar</name>
<cmt>food</cmt>
<desc>Restaurant</desc>
<sym>Dot</sym>
<type>food</type>
</wpt>
<wpt lat="49.276377" lon="-123.127668">
<name>Spirit Of Howe</name>
<cmt>convenience_store</cmt>
<desc>Liquor Store</desc>
<sym>Dot</sym>
<type>store</type>
</wpt>
<wpt lat="49.269437" lon="-123.103525">
<name>Brewhall</name>
<cmt>bar</cmt>
<desc>Brewery / Pub</desc>
<sym>Dot</sym>
<type>food</type>
</wpt>
<wpt lat="49.269415" lon="-123.102927">
<name>Starbucks</name>
<cmt>food</cmt>
<desc>Fast Food / Chain</desc>
<sym>Dot</sym>
<type>food</type>
</wpt>
<wpt lat="49.291798" lon="-123.135226">
<name>Domino's</name>
<cmt>food</cmt>
<desc>Fast Food / Chain</desc>
<sym>Dot</sym>
<type>food</type>
</wpt>
<wpt lat="49.287588" lon="-123.121619">
<name>Tim Hortons</name>
<cmt>food</cmt>
<desc>Fast Food / Chain</desc>
<sym>Dot</sym>
<type>food</type>
</wpt>
<wpt lat="49.272400" lon="-123.135200">
<name>Granville Island Public Market</name>
<cmt>viewpoint</cmt>
<desc>Activity / Experience</desc>
<sym>Dot</sym>
<type>overlook</type>
</wpt>
<wpt lat="49.275041" lon="-123.069729">
<name>Choices Market</name>
<cmt>convenience_store</cmt>
<desc>Grocery Store</desc>
<sym>Dot</sym>
<type>store</type>
</wpt>
<wpt lat="49.272582" lon="-123.135486">
<name>Petit Ami Coffee</name>
<cmt>coffee</cmt>
<desc>Café / Coffee</desc>
<sym>Dot</sym>
<type>food</type>
</wpt>
<wpt lat="49.281759" lon="-123.105081">
<name>Gallery Gachet</name>
<cmt>monument</cmt>
<desc>Museum / Gallery</desc>
<sym>Dot</sym>
<type>info</type>
</wpt>
<wpt lat="49.291771" lon="-123.135260">
<name>Lucifer's</name>
<cmt>convenience_store</cmt>
<desc>Grocery Store</desc>
<sym>Dot</sym>
<type>store</type>
</wpt>
<wpt lat="49.280210" lon="-123.077344">
<name>Superflux Beer Store</name>
<cmt>bar</cmt>
<desc>Brewery / Pub</desc>
<sym>Dot</sym>
<type>food</type>
</wpt>
<wpt lat="49.290275" lon="-123.131749">
<name>Red Accordion</name>
<cmt>bar</cmt>
<desc>Brewery / Pub</desc>
<sym>Dot</sym>
<type>food</type>
</wpt>
<wpt lat="49.268687" lon="-123.141358">
<name>Brewing August</name>
<cmt>bar</cmt>
<desc>Brewery / Pub</desc>
<sym>Dot</sym>
<type>food</type>
</wpt>
<wpt lat="49.284895" lon="-123.065815">
<name>Nabi House</name>
<cmt>food</cmt>
<desc>Restaurant</desc>
<sym>Dot</sym>
<type>food</type>
</wpt>
<wpt lat="49.272636" lon="-123.135525">
<name>Organic Acres Market</name>
<cmt>convenience_store</cmt>
<desc>Grocery Store</desc>
<sym>Dot</sym>
<type>store</type>
</wpt>
<wpt lat="49.281396" lon="-123.133708">
<name>Okami Sushi</name>
<cmt>food</cmt>
<desc>Restaurant</desc>
<sym>Dot</sym>
<type>food</type>
</wpt>
<wpt lat="49.284203" lon="-123.115849">
<name>Hungry Guys Kitchen</name>
<cmt>food</cmt>
<desc>Restaurant</desc>
<sym>Dot</sym>
<type>food</type>
</wpt>
<wpt lat="49.272608" lon="-123.135430">
<name>Fraser Valley Juice</name>
<cmt>food</cmt>
<desc>Fast Food / Chain</desc>
<sym>Dot</sym>
<type>food</type>
</wpt>
<wpt lat="49.274974" lon="-123.070283">
<name>Britannia Community Centre</name>
<cmt>rest_stop</cmt>
<desc>Community Centre</desc>
<sym>Dot</sym>
<type>rest_area</type>
</wpt>
<wpt lat="49.291740" lon="-123.135304">
<name>Nook</name>
<cmt>food</cmt>
<desc>Restaurant</desc>
<sym>Dot</sym>
<type>food</type>
</wpt>
<wpt lat="49.280967" lon="-123.133016">
<name>Sandman Suites Vancouver on Davie</name>
<cmt>lodging</cmt>
<desc>Hotel / Motel</desc>
<sym>Dot</sym>
<type>shelter</type>
</wpt>
<wpt lat="49.274720" lon="-123.110519">
<name>Batch</name>
<cmt>bar</cmt>
<desc>Brewery / Pub</desc>
<sym>Dot</sym>
<type>food</type>
</wpt>
<wpt lat="49.274969" lon="-123.069283">
<name>Lunch Lady</name>
<cmt>food</cmt>
<desc>Restaurant</desc>
<sym>Dot</sym>
<type>food</type>
</wpt>
<wpt lat="49.285502" lon="-123.138734">
<name>Safeway</name>
<cmt>convenience_store</cmt>
<desc>Grocery Store</desc>
<sym>Dot</sym>
<type>store</type>
</wpt>
<wpt lat="49.291575" lon="-123.135063">
<name>Kintaro Ramen</name>
<cmt>food</cmt>
<desc>Restaurant</desc>
<sym>Dot</sym>
<type>food</type>
</wpt>
<wpt lat="49.289384" lon="-123.138909">
<name>Tim Hortons</name>
<cmt>food</cmt>
<desc>Fast Food / Chain</desc>
<sym>Dot</sym>
<type>food</type>
</wpt>
<wpt lat="49.274965" lon="-123.070708">
<name>Britannia Library Branch</name>
<cmt>library</cmt>
<desc>Library</desc>
<sym>Dot</sym>
<type>info</type>
</wpt>
<wpt lat="49.288033" lon="-123.123617">
<name>A&amp;W</name>
<cmt>food</cmt>
<desc>Fast Food / Chain</desc>
<sym>Dot</sym>
<type>food</type>
</wpt>
<wpt lat="49.276095" lon="-123.127478">
<name>7-Eleven</name>
<cmt>convenience_store</cmt>
<desc>Convenience Store</desc>
<sym>Dot</sym>
<type>store</type>
</wpt>
<wpt lat="49.275049" lon="-123.077036">
<name>Truck Stop Cafe</name>
<cmt>food</cmt>
<desc>Restaurant</desc>
<sym>Dot</sym>
<type>food</type>
</wpt>
<wpt lat="49.284835" lon="-123.116804">
<name>Chali Rosso</name>
<cmt>monument</cmt>
<desc>Museum / Gallery</desc>
<sym>Dot</sym>
<type>info</type>
</wpt>
<wpt lat="49.281850" lon="-123.104170">
<name>Pidgin</name>
<cmt>food</cmt>
<desc>Restaurant</desc>
<sym>Dot</sym>
<type>food</type>
</wpt>
<wpt lat="49.282069" lon="-123.097911">
<name>Firehall Arts Centre</name>
<cmt>monument</cmt>
<desc>Museum / Gallery</desc>
<sym>Dot</sym>
<type>info</type>
</wpt>
<wpt lat="49.280289" lon="-123.077720">
<name>Superflux Brewery</name>
<cmt>bar</cmt>
<desc>Brewery / Pub</desc>
<sym>Dot</sym>
<type>food</type>
</wpt>
<wpt lat="49.299634" lon="-123.133657">
<name>Stanley's Bar and Grill</name>
<cmt>food</cmt>
<desc>Restaurant</desc>
<sym>Dot</sym>
<type>food</type>
</wpt>
<wpt lat="49.282083" lon="-123.098189">
<name>Vancouver Police Museum</name>
<cmt>monument</cmt>
<desc>Museum / Gallery</desc>
<sym>Dot</sym>
<type>info</type>
</wpt>
<wpt lat="49.272636" lon="-123.135371">
<name>Chau Veggie Express</name>
<cmt>food</cmt>
<desc>Fast Food / Chain</desc>
<sym>Dot</sym>
<type>food</type>
</wpt>
<wpt lat="49.269674" lon="-123.145961">
<name>Subway</name>
<cmt>food</cmt>
<desc>Fast Food / Chain</desc>
<sym>Dot</sym>
<type>food</type>
</wpt>
<wpt lat="49.283740" lon="-123.109231">
<name>Stega Eatery</name>
<cmt>food</cmt>
<desc>Restaurant</desc>
<sym>Dot</sym>
<type>food</type>
</wpt>
<wpt lat="49.272363" lon="-123.134879">
<name>Zara's Italian Deli &amp; Fresh Pasta</name>
<cmt>convenience_store</cmt>
<desc>Specialty / Health Food</desc>
<sym>Dot</sym>
<type>store</type>
</wpt>
<wpt lat="49.281667" lon="-123.106149">
<name>Bun &amp; Beans Cafe</name>
<cmt>coffee</cmt>
<desc>Café / Coffee</desc>
<sym>Dot</sym>
<type>food</type>
</wpt>
<wpt lat="49.287164" lon="-123.119709">
<name>Quiznos</name>
<cmt>food</cmt>
<desc>Fast Food / Chain</desc>
<sym>Dot</sym>
<type>food</type>
</wpt>
<wpt lat="49.284314" lon="-123.108115">
<name>Café Kitsuné</name>
<cmt>coffee</cmt>
<desc>Café / Coffee</desc>
<sym>Dot</sym>
<type>food</type>
</wpt>
<wpt lat="49.272729" lon="-123.135493">
<name>Terra Breads</name>
<cmt>food</cmt>
<desc>Bakery / Donuts</desc>
<sym>Dot</sym>
<type>food</type>
</wpt>
<wpt lat="49.276519" lon="-123.127442">
<name>Sake Dining HASHIGO by Zakkushi</name>
<cmt>food</cmt>
<desc>Restaurant</desc>
<sym>Dot</sym>
<type>food</type>
</wpt>
<wpt lat="49.291828" lon="-123.135764">
<name>Tavola</name>
<cmt>food</cmt>
<desc>Restaurant</desc>
<sym>Dot</sym>
<type>food</type>
</wpt>
<wpt lat="49.280787" lon="-123.107836">
<name>Taishoken</name>
<cmt>food</cmt>
<desc>Restaurant</desc>
<sym>Dot</sym>
<type>food</type>
</wpt>
<wpt lat="49.287970" lon="-123.123681">
<name>Green Leaf Salad Bar</name>
<cmt>food</cmt>
<desc>Restaurant</desc>
<sym>Dot</sym>
<type>food</type>
</wpt>
<wpt lat="49.272888" lon="-123.135541">
<name>Popina</name>
<cmt>food</cmt>
<desc>Restaurant</desc>
<sym>Dot</sym>
<type>food</type>
</wpt>
<wpt lat="49.272661" lon="-123.135316">
<name>Pizza Pzazz</name>
<cmt>food</cmt>
<desc>Fast Food / Chain</desc>
<sym>Dot</sym>
<type>food</type>
</wpt>
<wpt lat="49.281478" lon="-123.133602">
<name>The Italians</name>
<cmt>food</cmt>
<desc>Restaurant</desc>
<sym>Dot</sym>
<type>food</type>
</wpt>
<wpt lat="49.287917" lon="-123.123768">
<name>Express Pho</name>
<cmt>food</cmt>
<desc>Restaurant</desc>
<sym>Dot</sym>
<type>food</type>
</wpt>
<wpt lat="49.284777" lon="-123.116885">
<name>Joyeaux Café and Restaurant</name>
<cmt>food</cmt>
<desc>Restaurant</desc>
<sym>Dot</sym>
<type>food</type>
</wpt>
<wpt lat="49.277285" lon="-123.127686">
<name>4 Brothers Pizza</name>
<cmt>food</cmt>
<desc>Fast Food / Chain</desc>
<sym>Dot</sym>
<type>food</type>
</wpt>
<wpt lat="49.272764" lon="-123.135426">
<name>La Tortilleria</name>
<cmt>food</cmt>
<desc>Fast Food / Chain</desc>
<sym>Dot</sym>
<type>food</type>
</wpt>
<wpt lat="49.272458" lon="-123.134856">
<name>Laurelle's Fine Foods</name>
<cmt>convenience_store</cmt>
<desc>Specialty / Health Food</desc>
<sym>Dot</sym>
<type>store</type>
</wpt>
<wpt lat="49.281297" lon="-123.057521">
<name>Tacofino Commissary</name>
<cmt>food</cmt>
<desc>Restaurant</desc>
<sym>Dot</sym>
<type>food</type>
</wpt>
<wpt lat="49.283434" lon="-123.114484">
<name>Homa Grill &amp; Donair</name>
<cmt>food</cmt>
<desc>Restaurant</desc>
<sym>Dot</sym>
<type>food</type>
</wpt>
<wpt lat="49.291487" lon="-123.135178">
<name>Chungchun</name>
<cmt>food</cmt>
<desc>Fast Food / Chain</desc>
<sym>Dot</sym>
<type>food</type>
</wpt>
<wpt lat="49.280896" lon="-123.107845">
<name>Tsuki Sushi Bar</name>
<cmt>food</cmt>
<desc>Restaurant</desc>
<sym>Dot</sym>
<type>food</type>
</wpt>
<wpt lat="49.284131" lon="-123.108383">
<name>Pourhouse</name>
<cmt>bar</cmt>
<desc>Brewery / Pub</desc>
<sym>Dot</sym>
<type>food</type>
</wpt>
<wpt lat="49.271981" lon="-123.134014">
<name>The Sandbar</name>
<cmt>food</cmt>
<desc>Restaurant</desc>
<sym>Dot</sym>
<type>food</type>
</wpt>
<wpt lat="49.280729" lon="-123.132345">
<name>The Junction</name>
<cmt>bar</cmt>
<desc>Brewery / Pub</desc>
<sym>Dot</sym>
<type>food</type>
</wpt>
<wpt lat="49.291451" lon="-123.135128">
<name>Afghani Kabul Kebab Donair</name>
<cmt>food</cmt>
<desc>Restaurant</desc>
<sym>Dot</sym>
<type>food</type>
</wpt>
<wpt lat="49.280291" lon="-123.131574">
<name>Thai Basil</name>
<cmt>food</cmt>
<desc>Restaurant</desc>
<sym>Dot</sym>
<type>food</type>
</wpt>
<wpt lat="49.291310" lon="-123.134874">
<name>Unni Pastries</name>
<cmt>coffee</cmt>
<desc>Café / Coffee</desc>
<sym>Dot</sym>
<type>food</type>
</wpt>
<wpt lat="49.291387" lon="-123.135016">
<name>Banana Leaf</name>
<cmt>food</cmt>
<desc>Restaurant</desc>
<sym>Dot</sym>
<type>food</type>
</wpt>
<wpt lat="49.272418" lon="-123.134744">
<name>The Stock Market</name>
<cmt>convenience_store</cmt>
<desc>Specialty / Health Food</desc>
<sym>Dot</sym>
<type>store</type>
</wpt>
<wpt lat="49.291716" lon="-123.135590">
<name>Times Square Suites Hotel</name>
<cmt>lodging</cmt>
<desc>Hotel / Motel</desc>
<sym>Dot</sym>
<type>shelter</type>
</wpt>
<wpt lat="49.287363" lon="-123.121674">
<name>Indian Delicacy</name>
<cmt>food</cmt>
<desc>Restaurant</desc>
<sym>Dot</sym>
<type>food</type>
</wpt>
<wpt lat="49.287845" lon="-123.123865">
<name>Starbucks</name>
<cmt>food</cmt>
<desc>Fast Food / Chain</desc>
<sym>Dot</sym>
<type>food</type>
</wpt>
<wpt lat="49.272965" lon="-123.134873">
<name>The Blue Parrot Coffee</name>
<cmt>coffee</cmt>
<desc>Café / Coffee</desc>
<sym>Dot</sym>
<type>food</type>
</wpt>
<wpt lat="49.284832" lon="-123.066089">
<name>The Pie Shoppe</name>
<cmt>coffee</cmt>
<desc>Café / Coffee</desc>
<sym>Dot</sym>
<type>food</type>
</wpt>
<wpt lat="49.288747" lon="-123.138325">
<name>No Frills</name>
<cmt>convenience_store</cmt>
<desc>Grocery Store</desc>
<sym>Dot</sym>
<type>store</type>
</wpt>
<wpt lat="49.291198" lon="-123.134705">
<name>VanLove Sushi</name>
<cmt>food</cmt>
<desc>Restaurant</desc>
<sym>Dot</sym>
<type>food</type>
</wpt>
<wpt lat="49.280970" lon="-123.107834">
<name>Tim Hortons</name>
<cmt>food</cmt>
<desc>Fast Food / Chain</desc>
<sym>Dot</sym>
<type>food</type>
</wpt>
<wpt lat="49.290603" lon="-123.133390">
<name>Maruhachi Ra-men</name>
<cmt>food</cmt>
<desc>Restaurant</desc>
<sym>Dot</sym>
<type>food</type>
</wpt>
<wpt lat="49.269644" lon="-123.143976">
<name>Pâtisserie Lebeau</name>
<cmt>food</cmt>
<desc>Bakery / Donuts</desc>
<sym>Dot</sym>
<type>food</type>
</wpt>
<wpt lat="49.281295" lon="-123.057437">
<name>Platform 7 Coffee</name>
<cmt>coffee</cmt>
<desc>Café / Coffee</desc>
<sym>Dot</sym>
<type>food</type>
</wpt>
<wpt lat="49.287044" lon="-123.119786">
<name>Fujiya</name>
<cmt>convenience_store</cmt>
<desc>Grocery Store</desc>
<sym>Dot</sym>
<type>store</type>
</wpt>
<wpt lat="49.281894" lon="-123.105775">
<name>Bazaar Smoke &amp; Convenience</name>
<cmt>convenience_store</cmt>
<desc>Convenience Store</desc>
<sym>Dot</sym>
<type>store</type>
</wpt>
<wpt lat="49.291114" lon="-123.134574">
<name>Pho Express Ankor Noodle House</name>
<cmt>food</cmt>
<desc>Restaurant</desc>
<sym>Dot</sym>
<type>food</type>
</wpt>
<wpt lat="49.283388" lon="-123.114554">
<name>Peqish</name>
<cmt>food</cmt>
<desc>Fast Food / Chain</desc>
<sym>Dot</sym>
<type>food</type>
</wpt>
<wpt lat="49.272518" lon="-123.134791">
<name>The Market Grill</name>
<cmt>food</cmt>
<desc>Fast Food / Chain</desc>
<sym>Dot</sym>
<type>food</type>
</wpt>
<wpt lat="49.283869" lon="-123.115767">
<name>Mo-Ment Crispy Burger</name>
<cmt>food</cmt>
<desc>Fast Food / Chain</desc>
<sym>Dot</sym>
<type>food</type>
</wpt>
<wpt lat="49.272419" lon="-123.134633">
<name>A la Mode</name>
<cmt>coffee</cmt>
<desc>Café / Coffee</desc>
<sym>Dot</sym>
<type>food</type>
</wpt>
<wpt lat="49.280984" lon="-123.057420">
<name>Church's Chicken</name>
<cmt>food</cmt>
<desc>Fast Food / Chain</desc>
<sym>Dot</sym>
<type>food</type>
</wpt>
<wpt lat="49.281901" lon="-123.105893">
<name>Funky Winker Beans</name>
<cmt>bar</cmt>
<desc>Brewery / Pub</desc>
<sym>Dot</sym>
<type>food</type>
</wpt>
<wpt lat="49.287655" lon="-123.122965">
<name>Loden Hotel</name>
<cmt>lodging</cmt>
<desc>Hotel / Motel</desc>
<sym>Dot</sym>
<type>shelter</type>
</wpt>
<wpt lat="49.282196" lon="-123.102401">
<name>Back and Forth Bar</name>
<cmt>bar</cmt>
<desc>Brewery / Pub</desc>
<sym>Dot</sym>
<type>food</type>
</wpt>
<wpt lat="49.273958" lon="-123.098051">
<name>A&amp;W</name>
<cmt>food</cmt>
<desc>Fast Food / Chain</desc>
<sym>Dot</sym>
<type>food</type>
</wpt>
<wpt lat="49.281294" lon="-123.057366">
<name>Miyako Sushi</name>
<cmt>food</cmt>
<desc>Restaurant</desc>
<sym>Dot</sym>
<type>food</type>
</wpt>
<wpt lat="49.276670" lon="-123.127211">
<name>Subway</name>
<cmt>food</cmt>
<desc>Fast Food / Chain</desc>
<sym>Dot</sym>
<type>food</type>
</wpt>
<wpt lat="49.291038" lon="-123.134512">
<name>Flower &amp; Horse In Spring</name>
<cmt>food</cmt>
<desc>Restaurant</desc>
<sym>Dot</sym>
<type>food</type>
</wpt>
<wpt lat="49.285930" lon="-123.118281">
<name>Blenz Coffee</name>
<cmt>coffee</cmt>
<desc>Café / Coffee</desc>
<sym>Dot</sym>
<type>food</type>
</wpt>
<wpt lat="49.280210" lon="-123.131197">
<name>Denny's</name>
<cmt>food</cmt>
<desc>Restaurant</desc>
<sym>Dot</sym>
<type>food</type>
</wpt>
<wpt lat="49.282332" lon="-123.134561">
<name>Score</name>
<cmt>bar</cmt>
<desc>Brewery / Pub</desc>
<sym>Dot</sym>
<type>food</type>
</wpt>
<wpt lat="49.281527" lon="-123.066053">
<name>Pelican Seafood Restaurant</name>
<cmt>food</cmt>
<desc>Restaurant</desc>
<sym>Dot</sym>
<type>food</type>
</wpt>
<wpt lat="49.274708" lon="-123.069282">
<name>Moja Coffee</name>
<cmt>coffee</cmt>
<desc>Café / Coffee</desc>
<sym>Dot</sym>
<type>food</type>
</wpt>
<wpt lat="49.280477" lon="-123.131611">
<name>Mi Tierra Latina</name>
<cmt>convenience_store</cmt>
<desc>Grocery Store</desc>
<sym>Dot</sym>
<type>store</type>
</wpt>
<wpt lat="49.290916" lon="-123.134307">
<name>Pizza Hut</name>
<cmt>food</cmt>
<desc>Fast Food / Chain</desc>
<sym>Dot</sym>
<type>food</type>
</wpt>
<wpt lat="49.290886" lon="-123.134262">
<name>Subway</name>
<cmt>food</cmt>
<desc>Fast Food / Chain</desc>
<sym>Dot</sym>
<type>food</type>
</wpt>
<wpt lat="49.282101" lon="-123.104513">
<name>East Van Roasters</name>
<cmt>coffee</cmt>
<desc>Café / Coffee</desc>
<sym>Dot</sym>
<type>food</type>
</wpt>
<wpt lat="49.280511" lon="-123.131653">
<name>Takis' Taverna</name>
<cmt>food</cmt>
<desc>Restaurant</desc>
<sym>Dot</sym>
<type>food</type>
</wpt>
<wpt lat="49.290848" lon="-123.134206">
<name>The Waffle Co.</name>
<cmt>coffee</cmt>
<desc>Café / Coffee</desc>
<sym>Dot</sym>
<type>food</type>
</wpt>
<wpt lat="49.280538" lon="-123.131698">
<name>Samurai Japanese Restaurant</name>
<cmt>food</cmt>
<desc>Restaurant</desc>
<sym>Dot</sym>
<type>food</type>
</wpt>
<wpt lat="49.290773" lon="-123.134078">
<name>Dinesty Dumpling House</name>
<cmt>food</cmt>
<desc>Restaurant</desc>
<sym>Dot</sym>
<type>food</type>
</wpt>
<wpt lat="49.281596" lon="-123.133376">
<name>Circle K</name>
<cmt>convenience_store</cmt>
<desc>Convenience Store</desc>
<sym>Dot</sym>
<type>store</type>
</wpt>
<wpt lat="49.280579" lon="-123.131764">
<name>Hellcrust Pizza</name>
<cmt>food</cmt>
<desc>Fast Food / Chain</desc>
<sym>Dot</sym>
<type>food</type>
</wpt>
<wpt lat="49.290725" lon="-123.133984">
<name>Quickly</name>
<cmt>coffee</cmt>
<desc>Café / Coffee</desc>
<sym>Dot</sym>
<type>food</type>
</wpt>
<wpt lat="49.269046" lon="-123.102915">
<name>Glory Juice</name>
<cmt>coffee</cmt>
<desc>Café / Coffee</desc>
<sym>Dot</sym>
<type>food</type>
</wpt>
<wpt lat="49.280044" lon="-123.130923">
<name>Pokébar</name>
<cmt>food</cmt>
<desc>Fast Food / Chain</desc>
<sym>Dot</sym>
<type>food</type>
</wpt>
<wpt lat="49.274680" lon="-123.069869">
<name>Sweet Cherubim</name>
<cmt>coffee</cmt>
<desc>Café / Coffee</desc>
<sym>Dot</sym>
<type>food</type>
</wpt>
<wpt lat="49.279691" lon="-123.109841">
<name>Tim Hortons</name>
<cmt>food</cmt>
<desc>Fast Food / Chain</desc>
<sym>Dot</sym>
<type>food</type>
</wpt>
<wpt lat="49.281285" lon="-123.132874">
<name>Kin's Farm Market</name>
<cmt>convenience_store</cmt>
<desc>Farmers' Market</desc>
<sym>Dot</sym>
<type>store</type>
</wpt>
<wpt lat="49.280624" lon="-123.131832">
<name>theVenti Coffee</name>
<cmt>coffee</cmt>
<desc>Café / Coffee</desc>
<sym>Dot</sym>
<type>food</type>
</wpt>
<wpt lat="49.290678" lon="-123.133913">
<name>Nero Belgian Waffle Bar</name>
<cmt>food</cmt>
<desc>Restaurant</desc>
<sym>Dot</sym>
<type>food</type>
</wpt>
<wpt lat="49.280702" lon="-123.131961">
<name>Stepho's Greek Restaurant</name>
<cmt>food</cmt>
<desc>Restaurant</desc>
<sym>Dot</sym>
<type>food</type>
</wpt>
<wpt lat="49.281369" lon="-123.132992">
<name>Donair Dude</name>
<cmt>food</cmt>
<desc>Fast Food / Chain</desc>
<sym>Dot</sym>
<type>food</type>
</wpt>
<wpt lat="49.280931" lon="-123.132305">
<name>Pho Goodness</name>
<cmt>food</cmt>
<desc>Fast Food / Chain</desc>
<sym>Dot</sym>
<type>food</type>
</wpt>
<wpt lat="49.282248" lon="-123.134342">
<name>Melriches Coffee House</name>
<cmt>coffee</cmt>
<desc>Café / Coffee</desc>
<sym>Dot</sym>
<type>food</type>
</wpt>
<wpt lat="49.281259" lon="-123.132813">
<name>COBS Bread</name>
<cmt>food</cmt>
<desc>Bakery / Donuts</desc>
<sym>Dot</sym>
<type>food</type>
</wpt>
<wpt lat="49.281341" lon="-123.132939">
<name>Yummy Slice Pizza</name>
<cmt>food</cmt>
<desc>Fast Food / Chain</desc>
<sym>Dot</sym>
<type>food</type>
</wpt>
<wpt lat="49.282131" lon="-123.134155">
<name>Master Donair</name>
<cmt>food</cmt>
<desc>Restaurant</desc>
<sym>Dot</sym>
<type>food</type>
</wpt>
<wpt lat="49.281929" lon="-123.133842">
<name>Davie Village Bakery &amp; Gelato</name>
<cmt>food</cmt>
<desc>Ice Cream</desc>
<sym>Dot</sym>
<type>food</type>
</wpt>
<wpt lat="49.282079" lon="-123.134071">
<name>Ho Ho's Yummy Food</name>
<cmt>coffee</cmt>
<desc>Café / Coffee</desc>
<sym>Dot</sym>
<type>food</type>
</wpt>
<wpt lat="49.280982" lon="-123.057275">
<name>Donald's Market</name>
<cmt>convenience_store</cmt>
<desc>Grocery Store</desc>
<sym>Dot</sym>
<type>store</type>
</wpt>
<wpt lat="49.282009" lon="-123.133947">
<name>Vancouver European Deli</name>
<cmt>convenience_store</cmt>
<desc>Specialty / Health Food</desc>
<sym>Dot</sym>
<type>store</type>
</wpt>
<wpt lat="49.281493" lon="-123.133151">
<name>House of Dosas</name>
<cmt>food</cmt>
<desc>Restaurant</desc>
<sym>Dot</sym>
<type>food</type>
</wpt>
<wpt lat="49.283091" lon="-123.135633">
<name>Kinara Indian Cuisine</name>
<cmt>food</cmt>
<desc>Restaurant</desc>
<sym>Dot</sym>
<type>food</type>
</wpt>
<wpt lat="49.282229" lon="-123.102741">
<name>Tekkaba</name>
<cmt>food</cmt>
<desc>Restaurant</desc>
<sym>Dot</sym>
<type>food</type>
</wpt>
<wpt lat="49.290622" lon="-123.133851">
<name>McDonald's</name>
<cmt>food</cmt>
<desc>Fast Food / Chain</desc>
<sym>Dot</sym>
<type>food</type>
</wpt>
<wpt lat="49.281272" lon="-123.107723">
<name>The Pint</name>
<cmt>bar</cmt>
<desc>Brewery / Pub</desc>
<sym>Dot</sym>
<type>food</type>
</wpt>
<wpt lat="49.283402" lon="-123.115045">
<name>Kokoro Tokyo Mazesoba</name>
<cmt>food</cmt>
<desc>Restaurant</desc>
<sym>Dot</sym>
<type>food</type>
</wpt>
<wpt lat="49.282271" lon="-123.102578">
<name>Columbia Hotel</name>
<cmt>lodging</cmt>
<desc>Hotel / Motel</desc>
<sym>Dot</sym>
<type>shelter</type>
</wpt>
<wpt lat="49.284615" lon="-123.117121">
<name>Mario's Coffee Express Ltd</name>
<cmt>coffee</cmt>
<desc>Café / Coffee</desc>
<sym>Dot</sym>
<type>food</type>
</wpt>
<wpt lat="49.289387" lon="-123.138387">
<name>Olympia Pizza &amp; Pasta Restaurant</name>
<cmt>food</cmt>
<desc>Restaurant</desc>
<sym>Dot</sym>
<type>food</type>
</wpt>
<wpt lat="49.279699" lon="-123.130399">
<name>Numbers Cabaret</name>
<cmt>bar</cmt>
<desc>Brewery / Pub</desc>
<sym>Dot</sym>
<type>food</type>
</wpt>
<wpt lat="49.282163" lon="-123.104506">
<name>Nelson the Seagull</name>
<cmt>coffee</cmt>
<desc>Café / Coffee</desc>
<sym>Dot</sym>
<type>food</type>
</wpt>
<wpt lat="49.279767" lon="-123.130488">
<name>Subway</name>
<cmt>food</cmt>
<desc>Fast Food / Chain</desc>
<sym>Dot</sym>
<type>food</type>
</wpt>
<wpt lat="49.278707" lon="-123.128947">
<name>Yolks</name>
<cmt>food</cmt>
<desc>Restaurant</desc>
<sym>Dot</sym>
<type>food</type>
</wpt>
<wpt lat="49.289610" lon="-123.138533">
<name>A&amp;W</name>
<cmt>food</cmt>
<desc>Fast Food / Chain</desc>
<sym>Dot</sym>
<type>food</type>
</wpt>
<wpt lat="49.279619" lon="-123.130273">
<name>Marquis Wine Cellars</name>
<cmt>convenience_store</cmt>
<desc>Liquor Store</desc>
<sym>Dot</sym>
<type>store</type>
</wpt>
<wpt lat="49.290088" lon="-123.132668">
<name>Whole Foods Market</name>
<cmt>convenience_store</cmt>
<desc>Grocery Store</desc>
<sym>Dot</sym>
<type>store</type>
</wpt>
<wpt lat="49.279519" lon="-123.130102">
<name>Vera's Burger Shack</name>
<cmt>food</cmt>
<desc>Fast Food / Chain</desc>
<sym>Dot</sym>
<type>food</type>
</wpt>
<wpt lat="49.291480" lon="-123.135691">
<name>Holy Guacamole</name>
<cmt>food</cmt>
<desc>Restaurant</desc>
<sym>Dot</sym>
<type>food</type>
</wpt>
<wpt lat="49.265420" lon="-123.135727">
<name>Marché Mon Pitou</name>
<cmt>coffee</cmt>
<desc>Café / Coffee</desc>
<sym>Dot</sym>
<type>food</type>
</wpt>
<wpt lat="49.289427" lon="-123.138318">
<name>Istanbul Döner Shop</name>
<cmt>food</cmt>
<desc>Restaurant</desc>
<sym>Dot</sym>
<type>food</type>
</wpt>
<wpt lat="49.283172" lon="-123.109459">
<name>Revolver</name>
<cmt>coffee</cmt>
<desc>Café / Coffee</desc>
<sym>Dot</sym>
<type>food</type>
</wpt>
<wpt lat="49.277908" lon="-123.127732">
<name>Subway</name>
<cmt>food</cmt>
<desc>Fast Food / Chain</desc>
<sym>Dot</sym>
<type>food</type>
</wpt>
<wpt lat="49.274583" lon="-123.069360">
<name>Dante Italian Sandwich</name>
<cmt>food</cmt>
<desc>Fast Food / Chain</desc>
<sym>Dot</sym>
<type>food</type>
</wpt>
<wpt lat="49.282983" lon="-123.109873">
<name>New Amsterdam Cafe</name>
<cmt>coffee</cmt>
<desc>Café / Coffee</desc>
<sym>Dot</sym>
<type>food</type>
</wpt>
<wpt lat="49.278281" lon="-123.128161">
<name>The Landis Hotel &amp; Suites</name>
<cmt>lodging</cmt>
<desc>Hotel / Motel</desc>
<sym>Dot</sym>
<type>shelter</type>
</wpt>
<wpt lat="49.277845" lon="-123.127630">
<name>Nando's</name>
<cmt>food</cmt>
<desc>Restaurant</desc>
<sym>Dot</sym>
<type>food</type>
</wpt>
<wpt lat="49.277322" lon="-123.111067">
<name>Dawson's Hot Dogs</name>
<cmt>food</cmt>
<desc>Restaurant</desc>
<sym>Dot</sym>
<type>food</type>
</wpt>
<wpt lat="49.272189" lon="-123.133701">
<name>The Relief</name>
<cmt>viewpoint</cmt>
<desc>Activity / Experience</desc>
<sym>Dot</sym>
<type>overlook</type>
</wpt>
<wpt lat="49.281799" lon="-123.133380">
<name>Davie Village</name>
<cmt>viewpoint</cmt>
<desc>Activity / Experience</desc>
<sym>Dot</sym>
<type>overlook</type>
</wpt>
<wpt lat="49.274541" lon="-123.069805">
<name>The Drive Canteen</name>
<cmt>food</cmt>
<desc>Restaurant</desc>
<sym>Dot</sym>
<type>food</type>
</wpt>
<wpt lat="49.277774" lon="-123.127520">
<name>Firecrust Neopolitan Pizzeria</name>
<cmt>food</cmt>
<desc>Restaurant</desc>
<sym>Dot</sym>
<type>food</type>
</wpt>
<wpt lat="49.272222" lon="-123.097857">
<name>Tim Hortons</name>
<cmt>food</cmt>
<desc>Fast Food / Chain</desc>
<sym>Dot</sym>
<type>food</type>
</wpt>
<wpt lat="49.265421" lon="-123.135878">
<name>Wicked Cafe</name>
<cmt>coffee</cmt>
<desc>Café / Coffee</desc>
<sym>Dot</sym>
<type>food</type>
</wpt>
<wpt lat="49.291400" lon="-123.135787">
<name>Ukrainian Village Restaurant</name>
<cmt>food</cmt>
<desc>Restaurant</desc>
<sym>Dot</sym>
<type>food</type>
</wpt>
<wpt lat="49.287499" lon="-123.123306">
<name>Tableau</name>
<cmt>food</cmt>
<desc>Restaurant</desc>
<sym>Dot</sym>
<type>food</type>
</wpt>
<wpt lat="49.291095" lon="-123.135242">
<name>Safeway</name>
<cmt>convenience_store</cmt>
<desc>Grocery Store</desc>
<sym>Dot</sym>
<type>store</type>
</wpt>
<wpt lat="49.269248" lon="-123.145988">
<name>Sushi Flamingo</name>
<cmt>food</cmt>
<desc>Restaurant</desc>
<sym>Dot</sym>
<type>food</type>
</wpt>
<wpt lat="49.289715" lon="-123.138378">
<name>Peaked Pies</name>
<cmt>food</cmt>
<desc>Fast Food / Chain</desc>
<sym>Dot</sym>
<type>food</type>
</wpt>
<wpt lat="49.265123" lon="-123.116384">
<name>Cafe &amp; Life Co.</name>
<cmt>coffee</cmt>
<desc>Café / Coffee</desc>
<sym>Dot</sym>
<type>food</type>
</wpt>
<wpt lat="49.264819" lon="-123.117251">
<name>Caffè Cittadella</name>
<cmt>coffee</cmt>
<desc>Café / Coffee</desc>
<sym>Dot</sym>
<type>food</type>
</wpt>
<wpt lat="49.280622" lon="-123.131343">
<name>Transylvanian Traditions Bakery</name>
<cmt>food</cmt>
<desc>Bakery / Donuts</desc>
<sym>Dot</sym>
<type>food</type>
</wpt>
<wpt lat="49.282764" lon="-123.110283">
<name>Nemesis</name>
<cmt>coffee</cmt>
<desc>Café / Coffee</desc>
<sym>Dot</sym>
<type>food</type>
</wpt>
<wpt lat="49.291321" lon="-123.135935">
<name>Breka Bakery &amp; Cafe</name>
<cmt>food</cmt>
<desc>Bakery / Donuts</desc>
<sym>Dot</sym>
<type>food</type>
</wpt>
<wpt lat="49.287486" lon="-123.123855">
<name>Melville Café</name>
<cmt>coffee</cmt>
<desc>Café / Coffee</desc>
<sym>Dot</sym>
<type>food</type>
</wpt>
<wpt lat="49.282567" lon="-123.111370">
<name>Social Crust Cafe &amp; Catering</name>
<cmt>coffee</cmt>
<desc>Café / Coffee</desc>
<sym>Dot</sym>
<type>food</type>
</wpt>
<wpt lat="49.285013" lon="-123.117913">
<name>Toloache Mexican Kitchen</name>
<cmt>food</cmt>
<desc>Restaurant</desc>
<sym>Dot</sym>
<type>food</type>
</wpt>
<wpt lat="49.280385" lon="-123.130937">
<name>Starbucks</name>
<cmt>food</cmt>
<desc>Fast Food / Chain</desc>
<sym>Dot</sym>
<type>food</type>
</wpt>
<wpt lat="49.281495" lon="-123.132742">
<name>Pumpjack</name>
<cmt>bar</cmt>
<desc>Brewery / Pub</desc>
<sym>Dot</sym>
<type>food</type>
</wpt>
<wpt lat="49.281640" lon="-123.107525">
<name>Stackhouse Steak Sandwiches</name>
<cmt>food</cmt>
<desc>Fast Food / Chain</desc>
<sym>Dot</sym>
<type>food</type>
</wpt>
<wpt lat="49.281540" lon="-123.132811">
<name>Tom Sushi</name>
<cmt>food</cmt>
<desc>Restaurant</desc>
<sym>Dot</sym>
<type>food</type>
</wpt>
<wpt lat="49.282507" lon="-123.134297">
<name>Your Independent Grocer</name>
<cmt>convenience_store</cmt>
<desc>Grocery Store</desc>
<sym>Dot</sym>
<type>store</type>
</wpt>
<wpt lat="49.266479" lon="-123.138669">
<name>Cheesecake etc.</name>
<cmt>food</cmt>
<desc>Restaurant</desc>
<sym>Dot</sym>
<type>food</type>
</wpt>
<wpt lat="49.281632" lon="-123.132944">
<name>Disco Cheetah</name>
<cmt>food</cmt>
<desc>Fast Food / Chain</desc>
<sym>Dot</sym>
<type>food</type>
</wpt>
<wpt lat="49.268826" lon="-123.102923">
<name>Earnest Ice Cream</name>
<cmt>food</cmt>
<desc>Ice Cream</desc>
<sym>Dot</sym>
<type>food</type>
</wpt>
<wpt lat="49.281603" lon="-123.132897">
<name>1181 Lounge</name>
<cmt>bar</cmt>
<desc>Brewery / Pub</desc>
<sym>Dot</sym>
<type>food</type>
</wpt>
<wpt lat="49.281433" lon="-123.132631">
<name>The Hestia Veggie</name>
<cmt>food</cmt>
<desc>Restaurant</desc>
<sym>Dot</sym>
<type>food</type>
</wpt>
<wpt lat="49.280256" lon="-123.130747">
<name>Amoka</name>
<cmt>coffee</cmt>
<desc>Café / Coffee</desc>
<sym>Dot</sym>
<type>food</type>
</wpt>
<wpt lat="49.280226" lon="-123.130709">
<name>Fatburger</name>
<cmt>food</cmt>
<desc>Fast Food / Chain</desc>
<sym>Dot</sym>
<type>food</type>
</wpt>
<wpt lat="49.281717" lon="-123.133062">
<name>BangKoK Bistro</name>
<cmt>food</cmt>
<desc>Restaurant</desc>
<sym>Dot</sym>
<type>food</type>
</wpt>
<wpt lat="49.281233" lon="-123.132309">
<name>KFC</name>
<cmt>food</cmt>
<desc>Fast Food / Chain</desc>
<sym>Dot</sym>
<type>food</type>
</wpt>
<wpt lat="49.281359" lon="-123.132504">
<name>Davie's The Best</name>
<cmt>food</cmt>
<desc>Restaurant</desc>
<sym>Dot</sym>
<type>food</type>
</wpt>
<wpt lat="49.280202" lon="-123.130670">
<name>Kadoya</name>
<cmt>food</cmt>
<desc>Restaurant</desc>
<sym>Dot</sym>
<type>food</type>
</wpt>
<wpt lat="49.281185" lon="-123.132227">
<name>Momo Factory Davie</name>
<cmt>food</cmt>
<desc>Restaurant</desc>
<sym>Dot</sym>
<type>food</type>
</wpt>
<wpt lat="49.282145" lon="-123.133706">
<name>Sainam</name>
<cmt>food</cmt>
<desc>Restaurant</desc>
<sym>Dot</sym>
<type>food</type>
</wpt>
<wpt lat="49.287381" lon="-123.123162">
<name>Nook</name>
<cmt>food</cmt>
<desc>Restaurant</desc>
<sym>Dot</sym>
<type>food</type>
</wpt>
<wpt lat="49.282055" lon="-123.133565">
<name>La Belle Patate/Poutine</name>
<cmt>food</cmt>
<desc>Fast Food / Chain</desc>
<sym>Dot</sym>
<type>food</type>
</wpt>
<wpt lat="49.282119" lon="-123.133662">
<name>NeNe Chicken</name>
<cmt>food</cmt>
<desc>Restaurant</desc>
<sym>Dot</sym>
<type>food</type>
</wpt>
<wpt lat="49.277602" lon="-123.127219">
<name>Tim Hortons</name>
<cmt>food</cmt>
<desc>Fast Food / Chain</desc>
<sym>Dot</sym>
<type>food</type>
</wpt>
<wpt lat="49.288070" lon="-123.129184">
<name>Greenbrier Hotel</name>
<cmt>lodging</cmt>
<desc>Hotel / Motel</desc>
<sym>Dot</sym>
<type>shelter</type>
</wpt>
<wpt lat="49.281678" lon="-123.107508">
<name>Mexican Stop</name>
<cmt>convenience_store</cmt>
<desc>Grocery Store</desc>
<sym>Dot</sym>
<type>store</type>
</wpt>
<wpt lat="49.289756" lon="-123.138326">
<name>Panago</name>
<cmt>food</cmt>
<desc>Fast Food / Chain</desc>
<sym>Dot</sym>
<type>food</type>
</wpt>
<wpt lat="49.281997" lon="-123.133455">
<name>Akihana Sushi</name>
<cmt>food</cmt>
<desc>Restaurant</desc>
<sym>Dot</sym>
<type>food</type>
</wpt>
<wpt lat="49.283192" lon="-123.109049">
<name>The Cambie</name>
<cmt>bar</cmt>
<desc>Brewery / Pub</desc>
<sym>Dot</sym>
<type>food</type>
</wpt>
<wpt lat="49.282503" lon="-123.112140">
<name>Victorian Hotel</name>
<cmt>lodging</cmt>
<desc>Hotel / Motel</desc>
<sym>Dot</sym>
<type>shelter</type>
</wpt>
<wpt lat="49.281964" lon="-123.133384">
<name>Blenz Coffee</name>
<cmt>coffee</cmt>
<desc>Café / Coffee</desc>
<sym>Dot</sym>
<type>food</type>
</wpt>
<wpt lat="49.290605" lon="-123.134392">
<name>BC Liquor Store</name>
<cmt>convenience_store</cmt>
<desc>Liquor Store</desc>
<sym>Dot</sym>
<type>store</type>
</wpt>
<wpt lat="49.282981" lon="-123.134945">
<name>Matchstick</name>
<cmt>coffee</cmt>
<desc>Café / Coffee</desc>
<sym>Dot</sym>
<type>food</type>
</wpt>
<wpt lat="49.274431" lon="-123.069353">
<name>SULA Indian Restaurant</name>
<cmt>food</cmt>
<desc>Restaurant</desc>
<sym>Dot</sym>
<type>food</type>
</wpt>
<wpt lat="49.279986" lon="-123.130351">
<name>Bonta Italian Ristorante</name>
<cmt>food</cmt>
<desc>Restaurant</desc>
<sym>Dot</sym>
<type>food</type>
</wpt>
<wpt lat="49.282384" lon="-123.104525">
<name>Di Beppe</name>
<cmt>food</cmt>
<desc>Restaurant</desc>
<sym>Dot</sym>
<type>food</type>
</wpt>
<wpt lat="49.289843" lon="-123.132620">
<name>Zabu Chicken</name>
<cmt>food</cmt>
<desc>Restaurant</desc>
<sym>Dot</sym>
<type>food</type>
</wpt>
<wpt lat="49.282515" lon="-123.111296">
<name>Saunter</name>
<cmt>coffee</cmt>
<desc>Café / Coffee</desc>
<sym>Dot</sym>
<type>food</type>
</wpt>
<wpt lat="49.279933" lon="-123.130252">
<name>Banana Leaf</name>
<cmt>food</cmt>
<desc>Restaurant</desc>
<sym>Dot</sym>
<type>food</type>
</wpt>
<wpt lat="49.280151" lon="-123.109872">
<name>Chambar</name>
<cmt>food</cmt>
<desc>Restaurant</desc>
<sym>Dot</sym>
<type>food</type>
</wpt>
<wpt lat="49.280308" lon="-123.109681">
<name>Jam Cafe</name>
<cmt>coffee</cmt>
<desc>Café / Coffee</desc>
<sym>Dot</sym>
<type>food</type>
</wpt>
<wpt lat="49.279841" lon="-123.130120">
<name>Chipotle</name>
<cmt>food</cmt>
<desc>Fast Food / Chain</desc>
<sym>Dot</sym>
<type>food</type>
</wpt>
<wpt lat="49.277516" lon="-123.127083">
<name>Sushi Howe</name>
<cmt>food</cmt>
<desc>Fast Food / Chain</desc>
<sym>Dot</sym>
<type>food</type>
</wpt>
<wpt lat="49.283107" lon="-123.109129">
<name>Gastown Hostel</name>
<cmt>lodging</cmt>
<desc>Hostel</desc>
<sym>Dot</sym>
<type>shelter</type>
</wpt>
<wpt lat="49.280266" lon="-123.109748">
<name>Devil's Elbow Ale and Smoke House</name>
<cmt>bar</cmt>
<desc>Brewery / Pub</desc>
<sym>Dot</sym>
<type>food</type>
</wpt>
<wpt lat="49.290441" lon="-123.134139">
<name>COBS Bread</name>
<cmt>food</cmt>
<desc>Bakery / Donuts</desc>
<sym>Dot</sym>
<type>food</type>
</wpt>
<wpt lat="49.282263" lon="-123.133768">
<name>Guu Davie</name>
<cmt>bar</cmt>
<desc>Brewery / Pub</desc>
<sym>Dot</sym>
<type>food</type>
</wpt>
<wpt lat="49.280667" lon="-123.131210">
<name>Latin Square</name>
<cmt>coffee</cmt>
<desc>Café / Coffee</desc>
<sym>Dot</sym>
<type>food</type>
</wpt>
<wpt lat="49.280946" lon="-123.085581">
<name>The Garden Strathcona</name>
<cmt>coffee</cmt>
<desc>Café / Coffee</desc>
<sym>Dot</sym>
<type>food</type>
</wpt>
<wpt lat="49.268985" lon="-123.101194">
<name>Mr Sushi</name>
<cmt>food</cmt>
<desc>Restaurant</desc>
<sym>Dot</sym>
<type>food</type>
</wpt>
<wpt lat="49.291170" lon="-123.136190">
<name>Zakkushi</name>
<cmt>food</cmt>
<desc>Restaurant</desc>
<sym>Dot</sym>
<type>food</type>
</wpt>
<wpt lat="49.289592" lon="-123.138072">
<name>Ong Ba Vietnamese Eatery</name>
<cmt>food</cmt>
<desc>Restaurant</desc>
<sym>Dot</sym>
<type>food</type>
</wpt>
<wpt lat="49.285170" lon="-123.118226">
<name>Alouette</name>
<cmt>food</cmt>
<desc>Restaurant</desc>
<sym>Dot</sym>
<type>food</type>
</wpt>
<wpt lat="49.281802" lon="-123.107462">
<name>Casa de Nata Portuguese Custard Tarts</name>
<cmt>food</cmt>
<desc>Bakery / Donuts</desc>
<sym>Dot</sym>
<type>food</type>
</wpt>
<wpt lat="49.277439" lon="-123.126960">
<name>Urban Choice Market</name>
<cmt>convenience_store</cmt>
<desc>Convenience Store</desc>
<sym>Dot</sym>
<type>store</type>
</wpt>
<wpt lat="49.280560" lon="-123.082557">
<name>RayCam Co-operative Centre</name>
<cmt>rest_stop</cmt>
<desc>Community Centre</desc>
<sym>Dot</sym>
<type>rest_area</type>
</wpt>
<wpt lat="49.279771" lon="-123.129926">
<name>The Basic</name>
<cmt>food</cmt>
<desc>Restaurant</desc>
<sym>Dot</sym>
<type>food</type>
</wpt>
<wpt lat="49.280638" lon="-123.131087">
<name>Cazba</name>
<cmt>food</cmt>
<desc>Restaurant</desc>
<sym>Dot</sym>
<type>food</type>
</wpt>
<wpt lat="49.290289" lon="-123.133888">
<name>Guu ​with Garlic</name>
<cmt>food</cmt>
<desc>Restaurant</desc>
<sym>Dot</sym>
<type>food</type>
</wpt>
<wpt lat="49.278669" lon="-123.128290">
<name>Sushi Mugen</name>
<cmt>food</cmt>
<desc>Restaurant</desc>
<sym>Dot</sym>
<type>food</type>
</wpt>
<wpt lat="49.274350" lon="-123.069358">
<name>Kulinarya Filipino Eatery</name>
<cmt>food</cmt>
<desc>Restaurant</desc>
<sym>Dot</sym>
<type>food</type>
</wpt>
<wpt lat="49.283014" lon="-123.109178">
<name>Take Out Shack</name>
<cmt>food</cmt>
<desc>Fast Food / Chain</desc>
<sym>Dot</sym>
<type>food</type>
</wpt>
<wpt lat="49.290248" lon="-123.133814">
<name>Sweet 7</name>
<cmt>food</cmt>
<desc>Restaurant</desc>
<sym>Dot</sym>
<type>food</type>
</wpt>
<wpt lat="49.290206" lon="-123.133742">
<name>Hokkaido Ramen Santouka</name>
<cmt>food</cmt>
<desc>Restaurant</desc>
<sym>Dot</sym>
<type>food</type>
</wpt>
<wpt lat="49.278414" lon="-123.127896">
<name>Breka Bakery &amp; Café</name>
<cmt>food</cmt>
<desc>Bakery / Donuts</desc>
<sym>Dot</sym>
<type>food</type>
</wpt>
<wpt lat="49.279654" lon="-123.129730">
<name>The Fountainhead Pub</name>
<cmt>bar</cmt>
<desc>Brewery / Pub</desc>
<sym>Dot</sym>
<type>food</type>
</wpt>
<wpt lat="49.279283" lon="-123.110805">
<name>British Columbia Regimental Museum</name>
<cmt>monument</cmt>
<desc>Museum / Gallery</desc>
<sym>Dot</sym>
<type>info</type>
</wpt>
<wpt lat="49.291112" lon="-123.136277">
<name>Modern Handi Indian Cuisine</name>
<cmt>food</cmt>
<desc>Restaurant</desc>
<sym>Dot</sym>
<type>food</type>
</wpt>
<wpt lat="49.289677" lon="-123.132304">
<name>Blenz Coffee</name>
<cmt>coffee</cmt>
<desc>Café / Coffee</desc>
<sym>Dot</sym>
<type>food</type>
</wpt>
<wpt lat="49.278283" lon="-123.127696">
<name>Canadian Music Centre in BC</name>
<cmt>monument</cmt>
<desc>Museum / Gallery</desc>
<sym>Dot</sym>
<type>info</type>
</wpt>
<wpt lat="49.282715" lon="-123.099853">
<name>Saan Saan Cafe and Restaurant</name>
<cmt>food</cmt>
<desc>Restaurant</desc>
<sym>Dot</sym>
<type>food</type>
</wpt>
<wpt lat="49.284888" lon="-123.118063">
<name>Starbucks</name>
<cmt>food</cmt>
<desc>Fast Food / Chain</desc>
<sym>Dot</sym>
<type>food</type>
</wpt>
<wpt lat="49.281209" lon="-123.131973">
<name>Gurkha Himalayan Kitchen</name>
<cmt>food</cmt>
<desc>Restaurant</desc>
<sym>Dot</sym>
<type>food</type>
</wpt>
<wpt lat="49.283152" lon="-123.115418">
<name>A&amp;W</name>
<cmt>food</cmt>
<desc>Fast Food / Chain</desc>
<sym>Dot</sym>
<type>food</type>
</wpt>
<wpt lat="49.278776" lon="-123.128352">
<name>El Paisano</name>
<cmt>convenience_store</cmt>
<desc>Grocery Store</desc>
<sym>Dot</sym>
<type>store</type>
</wpt>
<wpt lat="49.268957" lon="-123.100994">
<name>Chai Wagon</name>
<cmt>coffee</cmt>
<desc>Café / Coffee</desc>
<sym>Dot</sym>
<type>food</type>
</wpt>
<wpt lat="49.281902" lon="-123.107423">
<name>Prado</name>
<cmt>coffee</cmt>
<desc>Café / Coffee</desc>
<sym>Dot</sym>
<type>food</type>
</wpt>
<wpt lat="49.287349" lon="-123.123630">
<name>Domo Sushi</name>
<cmt>food</cmt>
<desc>Restaurant</desc>
<sym>Dot</sym>
<type>food</type>
</wpt>
<wpt lat="49.290030" lon="-123.133493">
<name>Sushi Bar Maumi</name>
<cmt>food</cmt>
<desc>Restaurant</desc>
<sym>Dot</sym>
<type>food</type>
</wpt>
<wpt lat="49.282761" lon="-123.109648">
<name>Nuba</name>
<cmt>food</cmt>
<desc>Restaurant</desc>
<sym>Dot</sym>
<type>food</type>
</wpt>
<wpt lat="49.282691" lon="-123.114223">
<name>St Clair Hotel-Hostel</name>
<cmt>lodging</cmt>
<desc>Hostel</desc>
<sym>Dot</sym>
<type>shelter</type>
</wpt>
<wpt lat="49.282406" lon="-123.111144">
<name>The Magnet</name>
<cmt>bar</cmt>
<desc>Brewery / Pub</desc>
<sym>Dot</sym>
<type>food</type>
</wpt>
<wpt lat="49.281914" lon="-123.107460">
<name>Boba Run</name>
<cmt>coffee</cmt>
<desc>Café / Coffee</desc>
<sym>Dot</sym>
<type>food</type>
</wpt>
<wpt lat="49.278781" lon="-123.128286">
<name>Twins Chinese Kitchen</name>
<cmt>food</cmt>
<desc>Restaurant</desc>
<sym>Dot</sym>
<type>food</type>
</wpt>
<wpt lat="49.291025" lon="-123.136408">
<name>Damaskino Shawarma</name>
<cmt>food</cmt>
<desc>Restaurant</desc>
<sym>Dot</sym>
<type>food</type>
</wpt>
<wpt lat="49.290349" lon="-123.134278">
<name>Momo Sushi</name>
<cmt>food</cmt>
<desc>Restaurant</desc>
<sym>Dot</sym>
<type>food</type>
</wpt>
<wpt lat="49.268659" lon="-123.104490">
<name>Faculty Brewing</name>
<cmt>bar</cmt>
<desc>Brewery / Pub</desc>
<sym>Dot</sym>
<type>food</type>
</wpt>
<wpt lat="49.280974" lon="-123.078454">
<name>On the Run</name>
<cmt>convenience_store</cmt>
<desc>Convenience Store</desc>
<sym>Dot</sym>
<type>store</type>
</wpt>
<wpt lat="49.280873" lon="-123.080507">
<name>Pink Pearl Chinese Restaurant</name>
<cmt>food</cmt>
<desc>Restaurant</desc>
<sym>Dot</sym>
<type>food</type>
</wpt>
<wpt lat="49.289846" lon="-123.133158">
<name>Hongdae Pocha Korean</name>
<cmt>food</cmt>
<desc>Restaurant</desc>
<sym>Dot</sym>
<type>food</type>
</wpt>
<wpt lat="49.282984" lon="-123.115166">
<name>7-Eleven</name>
<cmt>convenience_store</cmt>
<desc>Convenience Store</desc>
<sym>Dot</sym>
<type>store</type>
</wpt>
<wpt lat="49.281926" lon="-123.132907">
<name>Fresco Foods</name>
<cmt>convenience_store</cmt>
<desc>Grocery Store</desc>
<sym>Dot</sym>
<type>store</type>
</wpt>
<wpt lat="49.277074" lon="-123.126565">
<name>Quality Inn &amp; Suites Downtown Vancouver</name>
<cmt>lodging</cmt>
<desc>Hotel / Motel</desc>
<sym>Dot</sym>
<type>shelter</type>
</wpt>
<wpt lat="49.276776" lon="-123.126463">
<name>Tequila Cocina</name>
<cmt>food</cmt>
<desc>Restaurant</desc>
<sym>Dot</sym>
<type>food</type>
</wpt>
<wpt lat="49.277295" lon="-123.126667">
<name>Fritz's European Fry House/Poutine</name>
<cmt>food</cmt>
<desc>Fast Food / Chain</desc>
<sym>Dot</sym>
<type>food</type>
</wpt>
<wpt lat="49.268264" lon="-123.110155">
<name>Restaurant Kavita</name>
<cmt>food</cmt>
<desc>Restaurant</desc>
<sym>Dot</sym>
<type>food</type>
</wpt>
<wpt lat="49.289018" lon="-123.131280">
<name>bb.q Chicken</name>
<cmt>food</cmt>
<desc>Restaurant</desc>
<sym>Dot</sym>
<type>food</type>
</wpt>
<wpt lat="49.285347" lon="-123.118600">
<name>Le Soleil Hotel and Suites</name>
<cmt>lodging</cmt>
<desc>Hotel / Motel</desc>
<sym>Dot</sym>
<type>shelter</type>
</wpt>
<wpt lat="49.286163" lon="-123.119694">
<name>Taco Nori</name>
<cmt>food</cmt>
<desc>Fast Food / Chain</desc>
<sym>Dot</sym>
<type>food</type>
</wpt>
<wpt lat="49.268263" lon="-123.110034">
<name>The Skript Kitchen</name>
<cmt>coffee</cmt>
<desc>Café / Coffee</desc>
<sym>Dot</sym>
<type>food</type>
</wpt>
<wpt lat="49.274207" lon="-123.069390">
<name>Portguese Club of Vancouver</name>
<cmt>food</cmt>
<desc>Restaurant</desc>
<sym>Dot</sym>
<type>food</type>
</wpt>
<wpt lat="49.288940" lon="-123.131209">
<name>Imran Beef Noodle</name>
<cmt>food</cmt>
<desc>Restaurant</desc>
<sym>Dot</sym>
<type>food</type>
</wpt>
<wpt lat="49.290939" lon="-123.136538">
<name>Milano Coffee</name>
<cmt>coffee</cmt>
<desc>Café / Coffee</desc>
<sym>Dot</sym>
<type>food</type>
</wpt>
<wpt lat="49.288866" lon="-123.131101">
<name>PappaRoti</name>
<cmt>coffee</cmt>
<desc>Café / Coffee</desc>
<sym>Dot</sym>
<type>food</type>
</wpt>
<wpt lat="49.300325" lon="-123.134357">
<name>Air Force Garden of Remembrance</name>
<cmt>park</cmt>
<desc>Park / Nature</desc>
<sym>Dot</sym>
<type>rest_area</type>
</wpt>
<wpt lat="49.268588" lon="-123.104493">
<name>Argo Cafe</name>
<cmt>coffee</cmt>
<desc>Café / Coffee</desc>
<sym>Dot</sym>
<type>food</type>
</wpt>
<wpt lat="49.288406" lon="-123.130403">
<name>Divya Sutra Suites on Robson Downtown Vancouver</name>
<cmt>lodging</cmt>
<desc>Hotel / Motel</desc>
<sym>Dot</sym>
<type>shelter</type>
</wpt>
<wpt lat="49.288620" lon="-123.130733">
<name>Big Way Hot Pot</name>
<cmt>food</cmt>
<desc>Restaurant</desc>
<sym>Dot</sym>
<type>food</type>
</wpt>
<wpt lat="49.274198" lon="-123.069769">
<name>Thai Basil</name>
<cmt>food</cmt>
<desc>Restaurant</desc>
<sym>Dot</sym>
<type>food</type>
</wpt>
<wpt lat="49.288680" lon="-123.130827">
<name>The Captain's Boil</name>
<cmt>food</cmt>
<desc>Restaurant</desc>
<sym>Dot</sym>
<type>food</type>
</wpt>
<wpt lat="49.286852" lon="-123.122304">
<name>Pallet Coffee Roasters</name>
<cmt>coffee</cmt>
<desc>Café / Coffee</desc>
<sym>Dot</sym>
<type>food</type>
</wpt>
<wpt lat="49.281945" lon="-123.107631">
<name>Santo Taco</name>
<cmt>food</cmt>
<desc>Restaurant</desc>
<sym>Dot</sym>
<type>food</type>
</wpt>
<wpt lat="49.283885" lon="-123.107042">
<name>Straight Outta Brooklyn Pizza</name>
<cmt>food</cmt>
<desc>Restaurant</desc>
<sym>Dot</sym>
<type>food</type>
</wpt>
<wpt lat="49.282853" lon="-123.114984">
<name>Did's Pizza</name>
<cmt>food</cmt>
<desc>Fast Food / Chain</desc>
<sym>Dot</sym>
<type>food</type>
</wpt>
<wpt lat="49.277206" lon="-123.126521">
<name>Numero Uno Pizza</name>
<cmt>food</cmt>
<desc>Fast Food / Chain</desc>
<sym>Dot</sym>
<type>food</type>
</wpt>
<wpt lat="49.283207" lon="-123.115964">
<name>St. Regis Hotel</name>
<cmt>lodging</cmt>
<desc>Hotel / Motel</desc>
<sym>Dot</sym>
<type>shelter</type>
</wpt>
<wpt lat="49.277160" lon="-123.126493">
<name>Blenz Coffee</name>
<cmt>coffee</cmt>
<desc>Café / Coffee</desc>
<sym>Dot</sym>
<type>food</type>
</wpt>
<wpt lat="49.287766" lon="-123.129241">
<name>Tropicana Suite Hotel</name>
<cmt>lodging</cmt>
<desc>Hotel / Motel</desc>
<sym>Dot</sym>
<type>shelter</type>
</wpt>
<wpt lat="49.285504" lon="-123.118815">
<name>Cactus Club Cafe</name>
<cmt>food</cmt>
<desc>Restaurant</desc>
<sym>Dot</sym>
<type>food</type>
</wpt>
<wpt lat="49.289641" lon="-123.132863">
<name>AlHadbah Donair</name>
<cmt>food</cmt>
<desc>Restaurant</desc>
<sym>Dot</sym>
<type>food</type>
</wpt>
<wpt lat="49.290278" lon="-123.134424">
<name>Aria Market</name>
<cmt>convenience_store</cmt>
<desc>Grocery Store</desc>
<sym>Dot</sym>
<type>store</type>
</wpt>
<wpt lat="49.282647" lon="-123.104529">
<name>Kozak Ukraïnian Restaurant</name>
<cmt>food</cmt>
<desc>Restaurant</desc>
<sym>Dot</sym>
<type>food</type>
</wpt>
<wpt lat="49.287098" lon="-123.123312">
<name>Time Out Cafe &amp; Market</name>
<cmt>coffee</cmt>
<desc>Café / Coffee</desc>
<sym>Dot</sym>
<type>food</type>
</wpt>
<wpt lat="49.277783" lon="-123.126841">
<name>Honeybrew Strudel Bar</name>
<cmt>coffee</cmt>
<desc>Café / Coffee</desc>
<sym>Dot</sym>
<type>food</type>
</wpt>
<wpt lat="49.282713" lon="-123.109315">
<name>La Playita Seafood</name>
<cmt>food</cmt>
<desc>Restaurant</desc>
<sym>Dot</sym>
<type>food</type>
</wpt>
<wpt lat="49.269131" lon="-123.099973">
<name>West Point Cycles</name>
<cmt>bike_shop</cmt>
<desc>Repair Shop</desc>
<sym>Dot</sym>
<type>gear</type>
</wpt>
<wpt lat="49.276914" lon="-123.126335">
<name>Ambassador Hotel</name>
<cmt>lodging</cmt>
<desc>Hotel / Motel</desc>
<sym>Dot</sym>
<type>shelter</type>
</wpt>
<wpt lat="49.283380" lon="-123.116411">
<name>The Keg</name>
<cmt>food</cmt>
<desc>Restaurant</desc>
<sym>Dot</sym>
<type>food</type>
</wpt>
<wpt lat="49.284329" lon="-123.117811">
<name>Pho Quynh Express</name>
<cmt>food</cmt>
<desc>Restaurant</desc>
<sym>Dot</sym>
<type>food</type>
</wpt>
<wpt lat="49.277668" lon="-123.126685">
<name>Freshslice Pizza</name>
<cmt>food</cmt>
<desc>Fast Food / Chain</desc>
<sym>Dot</sym>
<type>food</type>
</wpt>
<wpt lat="49.263683" lon="-123.131860">
<name>Royal Seoul House</name>
<cmt>food</cmt>
<desc>Restaurant</desc>
<sym>Dot</sym>
<type>food</type>
</wpt>
<wpt lat="49.282611" lon="-123.114622">
<name>theVenti Coffee</name>
<cmt>coffee</cmt>
<desc>Café / Coffee</desc>
<sym>Dot</sym>
<type>food</type>
</wpt>
<wpt lat="49.273655" lon="-123.118459">
<name>Small Victory</name>
<cmt>coffee</cmt>
<desc>Café / Coffee</desc>
<sym>Dot</sym>
<type>food</type>
</wpt>
<wpt lat="49.283592" lon="-123.116828">
<name>ABURI Market</name>
<cmt>convenience_store</cmt>
<desc>Grocery Store</desc>
<sym>Dot</sym>
<type>store</type>
</wpt>
<wpt lat="49.282609" lon="-123.105799">
<name>Greta YVR</name>
<cmt>bar</cmt>
<desc>Brewery / Pub</desc>
<sym>Dot</sym>
<type>food</type>
</wpt>
<wpt lat="49.282567" lon="-123.114555">
<name>Wow Full Noodle House</name>
<cmt>food</cmt>
<desc>Restaurant</desc>
<sym>Dot</sym>
<type>food</type>
</wpt>
<wpt lat="49.284554" lon="-123.118158">
<name>Freshslice Pizza</name>
<cmt>food</cmt>
<desc>Fast Food / Chain</desc>
<sym>Dot</sym>
<type>food</type>
</wpt>
<wpt lat="49.287665" lon="-123.129250">
<name>Stepho's Souvlaki Greek Tavern</name>
<cmt>food</cmt>
<desc>Restaurant</desc>
<sym>Dot</sym>
<type>food</type>
</wpt>
<wpt lat="49.282623" lon="-123.109344">
<name>Meat &amp; Bread</name>
<cmt>food</cmt>
<desc>Restaurant</desc>
<sym>Dot</sym>
<type>food</type>
</wpt>
<wpt lat="49.282524" lon="-123.114459">
<name>Ramen Gojiro</name>
<cmt>food</cmt>
<desc>Restaurant</desc>
<sym>Dot</sym>
<type>food</type>
</wpt>
<wpt lat="49.287346" lon="-123.128340">
<name>Chosun Korean BBQ</name>
<cmt>food</cmt>
<desc>Restaurant</desc>
<sym>Dot</sym>
<type>food</type>
</wpt>
<wpt lat="49.282979" lon="-123.115706">
<name>Beaucoup Bakery</name>
<cmt>food</cmt>
<desc>Bakery / Donuts</desc>
<sym>Dot</sym>
<type>food</type>
</wpt>
<wpt lat="49.286071" lon="-123.119875">
<name>The Bagel Stop</name>
<cmt>food</cmt>
<desc>Bakery / Donuts</desc>
<sym>Dot</sym>
<type>food</type>
</wpt>
<wpt lat="49.283076" lon="-123.108384">
<name>Tequila Lounge</name>
<cmt>food</cmt>
<desc>Restaurant</desc>
<sym>Dot</sym>
<type>food</type>
</wpt>
<wpt lat="49.290775" lon="-123.136750">
<name>Khaghan Restaurant</name>
<cmt>food</cmt>
<desc>Restaurant</desc>
<sym>Dot</sym>
<type>food</type>
</wpt>
<wpt lat="49.274322" lon="-123.126942">
<name>Kaide Sushi Bar</name>
<cmt>food</cmt>
<desc>Restaurant</desc>
<sym>Dot</sym>
<type>food</type>
</wpt>
<wpt lat="49.281531" lon="-123.056300">
<name>Sushi Nanaimo</name>
<cmt>food</cmt>
<desc>Restaurant</desc>
<sym>Dot</sym>
<type>food</type>
</wpt>
<wpt lat="49.281118" lon="-123.072844">
<name>Yolks</name>
<cmt>food</cmt>
<desc>Restaurant</desc>
<sym>Dot</sym>
<type>food</type>
</wpt>
<wpt lat="49.287571" lon="-123.129108">
<name>Switch</name>
<cmt>bar</cmt>
<desc>Brewery / Pub</desc>
<sym>Dot</sym>
<type>food</type>
</wpt>
<wpt lat="49.281277" lon="-123.056290">
<name>East Café</name>
<cmt>coffee</cmt>
<desc>Café / Coffee</desc>
<sym>Dot</sym>
<type>food</type>
</wpt>
<wpt lat="49.281157" lon="-123.075024">
<name>No Frills</name>
<cmt>convenience_store</cmt>
<desc>Grocery Store</desc>
<sym>Dot</sym>
<type>store</type>
</wpt>
<wpt lat="49.283247" lon="-123.116401">
<name>Xing Fu Tang</name>
<cmt>coffee</cmt>
<desc>Café / Coffee</desc>
<sym>Dot</sym>
<type>food</type>
</wpt>
<wpt lat="49.280977" lon="-123.056297">
<name>Thai Away</name>
<cmt>food</cmt>
<desc>Restaurant</desc>
<sym>Dot</sym>
<type>food</type>
</wpt>
<wpt lat="49.286343" lon="-123.120525">
<name>FUNK coffee bar</name>
<cmt>bar</cmt>
<desc>Brewery / Pub</desc>
<sym>Dot</sym>
<type>food</type>
</wpt>
<wpt lat="49.287444" lon="-123.128832">
<name>Dae Bak Bon Ga</name>
<cmt>food</cmt>
<desc>Restaurant</desc>
<sym>Dot</sym>
<type>food</type>
</wpt>
<wpt lat="49.286932" lon="-123.124661">
<name>Freshii</name>
<cmt>food</cmt>
<desc>Restaurant</desc>
<sym>Dot</sym>
<type>food</type>
</wpt>
<wpt lat="49.287308" lon="-123.128401">
<name>Sushi Hyun Omakase</name>
<cmt>food</cmt>
<desc>Restaurant</desc>
<sym>Dot</sym>
<type>food</type>
</wpt>
<wpt lat="49.268772" lon="-123.145147">
<name>TV Dinner Market &amp; Café</name>
<cmt>coffee</cmt>
<desc>Café / Coffee</desc>
<sym>Dot</sym>
<type>food</type>
</wpt>
<wpt lat="49.287486" lon="-123.128980">
<name>Miko Sushi</name>
<cmt>food</cmt>
<desc>Restaurant</desc>
<sym>Dot</sym>
<type>food</type>
</wpt>
<wpt lat="49.282992" lon="-123.097458">
<name>Sunrise Market</name>
<cmt>convenience_store</cmt>
<desc>Grocery Store</desc>
<sym>Dot</sym>
<type>store</type>
</wpt>
<wpt lat="49.281307" lon="-123.085262">
<name>Prototype Coffee</name>
<cmt>coffee</cmt>
<desc>Café / Coffee</desc>
<sym>Dot</sym>
<type>food</type>
</wpt>
<wpt lat="49.282790" lon="-123.104467">
<name>Artspeak Gallery</name>
<cmt>monument</cmt>
<desc>Museum / Gallery</desc>
<sym>Dot</sym>
<type>info</type>
</wpt>
<wpt lat="49.281993" lon="-123.107973">
<name>Hoxton Gastown</name>
<cmt>food</cmt>
<desc>Restaurant</desc>
<sym>Dot</sym>
<type>food</type>
</wpt>
<wpt lat="49.276951" lon="-123.126160">
<name>Two Parrots</name>
<cmt>bar</cmt>
<desc>Brewery / Pub</desc>
<sym>Dot</sym>
<type>food</type>
</wpt>
<wpt lat="49.289857" lon="-123.137652">
<name>The Basic</name>
<cmt>food</cmt>
<desc>Restaurant</desc>
<sym>Dot</sym>
<type>food</type>
</wpt>
<wpt lat="49.282900" lon="-123.091936">
<name>Dosanko Restaurant</name>
<cmt>food</cmt>
<desc>Restaurant</desc>
<sym>Dot</sym>
<type>food</type>
</wpt>
<wpt lat="49.290778" lon="-123.136235">
<name>True Confections</name>
<cmt>coffee</cmt>
<desc>Café / Coffee</desc>
<sym>Dot</sym>
<type>food</type>
</wpt>
<wpt lat="49.287455" lon="-123.128933">
<name>Ramen Danbo</name>
<cmt>food</cmt>
<desc>Restaurant</desc>
<sym>Dot</sym>
<type>food</type>
</wpt>
<wpt lat="49.282795" lon="-123.104148">
<name>The Blarney Stone</name>
<cmt>bar</cmt>
<desc>Brewery / Pub</desc>
<sym>Dot</sym>
<type>food</type>
</wpt>
<wpt lat="49.265936" lon="-123.138837">
<name>Paul's Omelettery</name>
<cmt>coffee</cmt>
<desc>Café / Coffee</desc>
<sym>Dot</sym>
<type>food</type>
</wpt>
<wpt lat="49.286924" lon="-123.124392">
<name>Mansion Nightclub</name>
<cmt>bar</cmt>
<desc>Brewery / Pub</desc>
<sym>Dot</sym>
<type>food</type>
</wpt>
<wpt lat="49.273934" lon="-123.065555">
<name>Via Tevere</name>
<cmt>food</cmt>
<desc>Restaurant</desc>
<sym>Dot</sym>
<type>food</type>
</wpt>
<wpt lat="49.290679" lon="-123.136893">
<name>The Sauce Pasta Cafe</name>
<cmt>food</cmt>
<desc>Restaurant</desc>
<sym>Dot</sym>
<type>food</type>
</wpt>
<wpt lat="49.281278" lon="-123.056201">
<name>Hi5 Pizza and Donair</name>
<cmt>food</cmt>
<desc>Fast Food / Chain</desc>
<sym>Dot</sym>
<type>food</type>
</wpt>
<wpt lat="49.287395" lon="-123.128838">
<name>JoongWon</name>
<cmt>food</cmt>
<desc>Restaurant</desc>
<sym>Dot</sym>
<type>food</type>
</wpt>
<wpt lat="49.282528" lon="-123.109292">
<name>Bean Around The World</name>
<cmt>coffee</cmt>
<desc>Café / Coffee</desc>
<sym>Dot</sym>
<type>food</type>
</wpt>
<wpt lat="49.286895" lon="-123.124521">
<name>Mott 32</name>
<cmt>food</cmt>
<desc>Restaurant</desc>
<sym>Dot</sym>
<type>food</type>
</wpt>
<wpt lat="49.280327" lon="-123.110493">
<name>Marugame Udon</name>
<cmt>food</cmt>
<desc>Fast Food / Chain</desc>
<sym>Dot</sym>
<type>food</type>
</wpt>
<wpt lat="49.283011" lon="-123.096244">
<name>LanaLou's</name>
<cmt>food</cmt>
<desc>Restaurant</desc>
<sym>Dot</sym>
<type>food</type>
</wpt>
<wpt lat="49.265185" lon="-123.137087">
<name>Daan Go Cake Lab</name>
<cmt>food</cmt>
<desc>Bakery / Donuts</desc>
<sym>Dot</sym>
<type>food</type>
</wpt>
<wpt lat="49.282010" lon="-123.108032">
<name>Cielito Lindo</name>
<cmt>food</cmt>
<desc>Restaurant</desc>
<sym>Dot</sym>
<type>food</type>
</wpt>
<wpt lat="49.282511" lon="-123.106806">
<name>The Metropole Community Pub</name>
<cmt>bar</cmt>
<desc>Brewery / Pub</desc>
<sym>Dot</sym>
<type>food</type>
</wpt>
<wpt lat="49.281270" lon="-123.085147">
<name>Strathcona Beer Company</name>
<cmt>convenience_store</cmt>
<desc>Liquor Store</desc>
<sym>Dot</sym>
<type>store</type>
</wpt>
<wpt lat="49.287365" lon="-123.128789">
<name>Bubble World Tea House</name>
<cmt>coffee</cmt>
<desc>Café / Coffee</desc>
<sym>Dot</sym>
<type>food</type>
</wpt>
<wpt lat="49.284166" lon="-123.117894">
<name>Bella Gelateria</name>
<cmt>food</cmt>
<desc>Ice Cream</desc>
<sym>Dot</sym>
<type>food</type>
</wpt>
<wpt lat="49.273468" lon="-123.119191">
<name>Oeb Breakfast Co.</name>
<cmt>food</cmt>
<desc>Restaurant</desc>
<sym>Dot</sym>
<type>food</type>
</wpt>
<wpt lat="49.286925" lon="-123.124051">
<name>Paradox Hotel Vancouver</name>
<cmt>lodging</cmt>
<desc>Hotel / Motel</desc>
<sym>Dot</sym>
<type>shelter</type>
</wpt>
<wpt lat="49.283101" lon="-123.100485">
<name>Cadeaux Bakery</name>
<cmt>food</cmt>
<desc>Bakery / Donuts</desc>
<sym>Dot</sym>
<type>food</type>
</wpt>
<wpt lat="49.290626" lon="-123.136971">
<name>Damso Modern Korean Cuisine</name>
<cmt>food</cmt>
<desc>Restaurant</desc>
<sym>Dot</sym>
<type>food</type>
</wpt>
<wpt lat="49.275164" lon="-123.112746">
<name>Honey Salt</name>
<cmt>food</cmt>
<desc>Restaurant</desc>
<sym>Dot</sym>
<type>food</type>
</wpt>
<wpt lat="49.266346" lon="-123.139546">
<name>Farmer's Apprentice</name>
<cmt>food</cmt>
<desc>Restaurant</desc>
<sym>Dot</sym>
<type>food</type>
</wpt>
<wpt lat="49.289225" lon="-123.132281">
<name>Saku</name>
<cmt>food</cmt>
<desc>Restaurant</desc>
<sym>Dot</sym>
<type>food</type>
</wpt>
<wpt lat="49.289131" lon="-123.132121">
<name>Pho 37 Vietnamese Restaurant</name>
<cmt>food</cmt>
<desc>Restaurant</desc>
<sym>Dot</sym>
<type>food</type>
</wpt>
<wpt lat="49.282617" lon="-123.115118">
<name>Pokérrito</name>
<cmt>food</cmt>
<desc>Fast Food / Chain</desc>
<sym>Dot</sym>
<type>food</type>
</wpt>
<wpt lat="49.263628" lon="-123.130155">
<name>Broadway Liquor Store</name>
<cmt>convenience_store</cmt>
<desc>Liquor Store</desc>
<sym>Dot</sym>
<type>store</type>
</wpt>
<wpt lat="49.282863" lon="-123.104126">
<name>The Cordova Room</name>
<cmt>bar</cmt>
<desc>Brewery / Pub</desc>
<sym>Dot</sym>
<type>food</type>
</wpt>
<wpt lat="49.289008" lon="-123.131903">
<name>Tå Bom Korean Cuisine</name>
<cmt>food</cmt>
<desc>Restaurant</desc>
<sym>Dot</sym>
<type>food</type>
</wpt>
<wpt lat="49.273336" lon="-123.119518">
<name>TWB - The Wine Bar</name>
<cmt>bar</cmt>
<desc>Brewery / Pub</desc>
<sym>Dot</sym>
<type>food</type>
</wpt>
<wpt lat="49.273278" lon="-123.119664">
<name>Provence Marinaside</name>
<cmt>food</cmt>
<desc>Restaurant</desc>
<sym>Dot</sym>
<type>food</type>
</wpt>
<wpt lat="49.289056" lon="-123.132023">
<name>Liuyishou Hotpot Robson</name>
<cmt>food</cmt>
<desc>Restaurant</desc>
<sym>Dot</sym>
<type>food</type>
</wpt>
<wpt lat="49.290566" lon="-123.137056">
<name>Kingyo</name>
<cmt>food</cmt>
<desc>Restaurant</desc>
<sym>Dot</sym>
<type>food</type>
</wpt>
<wpt lat="49.288874" lon="-123.131730">
<name>Sura Korean</name>
<cmt>food</cmt>
<desc>Restaurant</desc>
<sym>Dot</sym>
<type>food</type>
</wpt>
<wpt lat="49.284184" lon="-123.067224">
<name>Slow Hand Brewery</name>
<cmt>bar</cmt>
<desc>Brewery / Pub</desc>
<sym>Dot</sym>
<type>food</type>
</wpt>
<wpt lat="49.288680" lon="-123.131453">
<name>Perfecto</name>
<cmt>coffee</cmt>
<desc>Café / Coffee</desc>
<sym>Dot</sym>
<type>food</type>
</wpt>
<wpt lat="49.282849" lon="-123.115863">
<name>Gotham Steakhouse &amp; Bar</name>
<cmt>food</cmt>
<desc>Restaurant</desc>
<sym>Dot</sym>
<type>food</type>
</wpt>
<wpt lat="49.277348" lon="-123.126158">
<name>Andonis</name>
<cmt>food</cmt>
<desc>Restaurant</desc>
<sym>Dot</sym>
<type>food</type>
</wpt>
<wpt lat="49.284863" lon="-123.118782">
<name>JJ Bean</name>
<cmt>coffee</cmt>
<desc>Café / Coffee</desc>
<sym>Dot</sym>
<type>food</type>
</wpt>
<wpt lat="49.282934" lon="-123.108249">
<name>Hiro Japan Sushi Xpress</name>
<cmt>food</cmt>
<desc>Fast Food / Chain</desc>
<sym>Dot</sym>
<type>food</type>
</wpt>
<wpt lat="49.287217" lon="-123.128558">
<name>Bella Gelateria</name>
<cmt>food</cmt>
<desc>Ice Cream</desc>
<sym>Dot</sym>
<type>food</type>
</wpt>
<wpt lat="49.286233" lon="-123.136878">
<name>SUD Café</name>
<cmt>coffee</cmt>
<desc>Café / Coffee</desc>
<sym>Dot</sym>
<type>food</type>
</wpt>
<wpt lat="49.288329" lon="-123.130955">
<name>Yunqueen Rice Noodles</name>
<cmt>food</cmt>
<desc>Restaurant</desc>
<sym>Dot</sym>
<type>food</type>
</wpt>
<wpt lat="49.288244" lon="-123.130826">
<name>Aisle 24 Market</name>
<cmt>convenience_store</cmt>
<desc>Convenience Store</desc>
<sym>Dot</sym>
<type>store</type>
</wpt>
<wpt lat="49.282495" lon="-123.109106">
<name>PureBread</name>
<cmt>food</cmt>
<desc>Bakery / Donuts</desc>
<sym>Dot</sym>
<type>food</type>
</wpt>
<wpt lat="49.276812" lon="-123.125931">
<name>Kinkura Sushi + Sake</name>
<cmt>food</cmt>
<desc>Restaurant</desc>
<sym>Dot</sym>
<type>food</type>
</wpt>
<wpt lat="49.263624" lon="-123.129850">
<name>Tojos</name>
<cmt>food</cmt>
<desc>Restaurant</desc>
<sym>Dot</sym>
<type>food</type>
</wpt>
<wpt lat="49.266347" lon="-123.139679">
<name>Grapes and Soda</name>
<cmt>food</cmt>
<desc>Restaurant</desc>
<sym>Dot</sym>
<type>food</type>
</wpt>
<wpt lat="49.282920" lon="-123.104123">
<name>Smith's Irish Pub</name>
<cmt>bar</cmt>
<desc>Brewery / Pub</desc>
<sym>Dot</sym>
<type>food</type>
</wpt>
<wpt lat="49.268327" lon="-123.101781">
<name>Swiss Bakery</name>
<cmt>food</cmt>
<desc>Bakery / Donuts</desc>
<sym>Dot</sym>
<type>food</type>
</wpt>
<wpt lat="49.283066" lon="-123.116454">
<name>Tim Hortons</name>
<cmt>food</cmt>
<desc>Fast Food / Chain</desc>
<sym>Dot</sym>
<type>food</type>
</wpt>
<wpt lat="49.276787" lon="-123.125879">
<name>Basil Pasta Bar</name>
<cmt>food</cmt>
<desc>Restaurant</desc>
<sym>Dot</sym>
<type>food</type>
</wpt>
<wpt lat="49.286785" lon="-123.124396">
<name>Karma Lounge</name>
<cmt>food</cmt>
<desc>Restaurant</desc>
<sym>Dot</sym>
<type>food</type>
</wpt>
<wpt lat="49.284291" lon="-123.067313">
<name>Slow Hand Tasting Room</name>
<cmt>bar</cmt>
<desc>Brewery / Pub</desc>
<sym>Dot</sym>
<type>food</type>
</wpt>
<wpt lat="49.267246" lon="-123.113114">
<name>Yume Dining</name>
<cmt>food</cmt>
<desc>Restaurant</desc>
<sym>Dot</sym>
<type>food</type>
</wpt>
<wpt lat="49.263961" lon="-123.118250">
<name>Kamei on Broadway</name>
<cmt>food</cmt>
<desc>Restaurant</desc>
<sym>Dot</sym>
<type>food</type>
</wpt>
<wpt lat="49.266348" lon="-123.139745">
<name>Atomic Bike Shop</name>
<cmt>bike_shop</cmt>
<desc>Repair Shop</desc>
<sym>Dot</sym>
<type>gear</type>
</wpt>
<wpt lat="49.282070" lon="-123.113731">
<name>JJ Bean</name>
<cmt>coffee</cmt>
<desc>Café / Coffee</desc>
<sym>Dot</sym>
<type>food</type>
</wpt>
<wpt lat="49.287563" lon="-123.129718">
<name>Cora</name>
<cmt>food</cmt>
<desc>Restaurant</desc>
<sym>Dot</sym>
<type>food</type>
</wpt>
<wpt lat="49.289283" lon="-123.132900">
<name>Divino Wine Shop</name>
<cmt>convenience_store</cmt>
<desc>Liquor Store</desc>
<sym>Dot</sym>
<type>store</type>
</wpt>
<wpt lat="49.282558" lon="-123.107174">
<name>Nesters Market</name>
<cmt>convenience_store</cmt>
<desc>Grocery Store</desc>
<sym>Dot</sym>
<type>store</type>
</wpt>
<wpt lat="49.290419" lon="-123.137277">
<name>Winter Bear Dessert &amp; Teahouse</name>
<cmt>coffee</cmt>
<desc>Café / Coffee</desc>
<sym>Dot</sym>
<type>food</type>
</wpt>
<wpt lat="49.283390" lon="-123.117124">
<name>Slo Coffee</name>
<cmt>coffee</cmt>
<desc>Café / Coffee</desc>
<sym>Dot</sym>
<type>food</type>
</wpt>
<wpt lat="49.283744" lon="-123.106246">
<name>The Lamplighter Public House</name>
<cmt>bar</cmt>
<desc>Brewery / Pub</desc>
<sym>Dot</sym>
<type>food</type>
</wpt>
<wpt lat="49.273979" lon="-123.126843">
<name>Level Furnished Living</name>
<cmt>lodging</cmt>
<desc>Hotel / Motel</desc>
<sym>Dot</sym>
<type>shelter</type>
</wpt>
<wpt lat="49.282475" lon="-123.108918">
<name>Kafka's</name>
<cmt>coffee</cmt>
<desc>Café / Coffee</desc>
<sym>Dot</sym>
<type>food</type>
</wpt>
<wpt lat="49.287046" lon="-123.128297">
<name>Tim Hortons</name>
<cmt>food</cmt>
<desc>Fast Food / Chain</desc>
<sym>Dot</sym>
<type>food</type>
</wpt>
<wpt lat="49.276743" lon="-123.125785">
<name>Happy Noodle House</name>
<cmt>food</cmt>
<desc>Restaurant</desc>
<sym>Dot</sym>
<type>food</type>
</wpt>
<wpt lat="49.283031" lon="-123.116545">
<name>St. Regis Fine Wines &amp; Spirits</name>
<cmt>convenience_store</cmt>
<desc>Liquor Store</desc>
<sym>Dot</sym>
<type>store</type>
</wpt>
<wpt lat="49.286575" lon="-123.122858">
<name>Sushi California</name>
<cmt>food</cmt>
<desc>Restaurant</desc>
<sym>Dot</sym>
<type>food</type>
</wpt>
<wpt lat="49.287464" lon="-123.129581">
<name>The Den</name>
<cmt>bar</cmt>
<desc>Brewery / Pub</desc>
<sym>Dot</sym>
<type>food</type>
</wpt>
<wpt lat="49.267802" lon="-123.142857">
<name>No Frills</name>
<cmt>convenience_store</cmt>
<desc>Grocery Store</desc>
<sym>Dot</sym>
<type>store</type>
</wpt>
<wpt lat="49.263717" lon="-123.134164">
<name>Anecdote</name>
<cmt>coffee</cmt>
<desc>Café / Coffee</desc>
<sym>Dot</sym>
<type>food</type>
</wpt>
<wpt lat="49.268149" lon="-123.103239">
<name>Fife Bakery</name>
<cmt>food</cmt>
<desc>Bakery / Donuts</desc>
<sym>Dot</sym>
<type>food</type>
</wpt>
<wpt lat="49.281996" lon="-123.113621">
<name>Field &amp; Social</name>
<cmt>coffee</cmt>
<desc>Café / Coffee</desc>
<sym>Dot</sym>
<type>food</type>
</wpt>
<wpt lat="49.287376" lon="-123.129410">
<name>Barclay Hotel</name>
<cmt>lodging</cmt>
<desc>Hotel / Motel</desc>
<sym>Dot</sym>
<type>shelter</type>
</wpt>
<wpt lat="49.290505" lon="-123.136560">
<name>Joe Fortes Library Branch</name>
<cmt>library</cmt>
<desc>Library</desc>
<sym>Dot</sym>
<type>info</type>
</wpt>
<wpt lat="49.290237" lon="-123.137573">
<name>Blenz Coffee</name>
<cmt>coffee</cmt>
<desc>Café / Coffee</desc>
<sym>Dot</sym>
<type>food</type>
</wpt>
<wpt lat="49.283195" lon="-123.094915">
<name>The MacKenzie Room</name>
<cmt>food</cmt>
<desc>Restaurant</desc>
<sym>Dot</sym>
<type>food</type>
</wpt>
<wpt lat="49.275390" lon="-123.112766">
<name>JW Marriott parq Vancouver</name>
<cmt>lodging</cmt>
<desc>Hotel / Motel</desc>
<sym>Dot</sym>
<type>shelter</type>
</wpt>
<wpt lat="49.281279" lon="-123.055855">
<name>BK Market</name>
<cmt>convenience_store</cmt>
<desc>Grocery Store</desc>
<sym>Dot</sym>
<type>store</type>
</wpt>
<wpt lat="49.273110" lon="-123.120383">
<name>Reckless The Bike Store</name>
<cmt>bike_shop</cmt>
<desc>Repair Shop</desc>
<sym>Dot</sym>
<type>gear</type>
</wpt>
<wpt lat="49.276660" lon="-123.125687">
<name>Manoush'eh</name>
<cmt>food</cmt>
<desc>Restaurant</desc>
<sym>Dot</sym>
<type>food</type>
</wpt>
<wpt lat="49.283265" lon="-123.097896">
<name>St. Lawrence Restaurant</name>
<cmt>food</cmt>
<desc>Restaurant</desc>
<sym>Dot</sym>
<type>food</type>
</wpt>
<wpt lat="49.274928" lon="-123.115583">
<name>Club Kitchen</name>
<cmt>food</cmt>
<desc>Restaurant</desc>
<sym>Dot</sym>
<type>food</type>
</wpt>
<wpt lat="49.281027" lon="-123.055843">
<name>Breka Bakery &amp; Café</name>
<cmt>food</cmt>
<desc>Bakery / Donuts</desc>
<sym>Dot</sym>
<type>food</type>
</wpt>
<wpt lat="49.280977" lon="-123.055848">
<name>Tentatsu</name>
<cmt>food</cmt>
<desc>Restaurant</desc>
<sym>Dot</sym>
<type>food</type>
</wpt>
<wpt lat="49.283288" lon="-123.098074">
<name>Cuhillo</name>
<cmt>food</cmt>
<desc>Restaurant</desc>
<sym>Dot</sym>
<type>food</type>
</wpt>
<wpt lat="49.281200" lon="-123.082790">
<name>Pho Khanh Express</name>
<cmt>food</cmt>
<desc>Restaurant</desc>
<sym>Dot</sym>
<type>food</type>
</wpt>
<wpt lat="49.285086" lon="-123.119251">
<name>WA-BAGEL</name>
<cmt>food</cmt>
<desc>Bakery / Donuts</desc>
<sym>Dot</sym>
<type>food</type>
</wpt>
<wpt lat="49.276629" lon="-123.125638">
<name>Sushi Yamato</name>
<cmt>food</cmt>
<desc>Restaurant</desc>
<sym>Dot</sym>
<type>food</type>
</wpt>
<wpt lat="49.283146" lon="-123.103036">
<name>Takenaka Uni Bar</name>
<cmt>food</cmt>
<desc>Restaurant</desc>
<sym>Dot</sym>
<type>food</type>
</wpt>
<wpt lat="49.281911" lon="-123.113501">
<name>White Spot</name>
<cmt>food</cmt>
<desc>Fast Food / Chain</desc>
<sym>Dot</sym>
<type>food</type>
</wpt>
<wpt lat="49.281466" lon="-123.074476">
<name>Howe Sound Taphouse &amp; Kitchen</name>
<cmt>bar</cmt>
<desc>Brewery / Pub</desc>
<sym>Dot</sym>
<type>food</type>
</wpt>
<wpt lat="49.263716" lon="-123.134421">
<name>Namiya</name>
<cmt>food</cmt>
<desc>Restaurant</desc>
<sym>Dot</sym>
<type>food</type>
</wpt>
<wpt lat="49.263340" lon="-123.132654">
<name>Fufú Café</name>
<cmt>coffee</cmt>
<desc>Café / Coffee</desc>
<sym>Dot</sym>
<type>food</type>
</wpt>
<wpt lat="49.277503" lon="-123.125931">
<name>Mr. Greek</name>
<cmt>food</cmt>
<desc>Restaurant</desc>
<sym>Dot</sym>
<type>food</type>
</wpt>
<wpt lat="49.281782" lon="-123.111746">
<name>Java Cat</name>
<cmt>coffee</cmt>
<desc>Café / Coffee</desc>
<sym>Dot</sym>
<type>food</type>
</wpt>
<wpt lat="49.273703" lon="-123.069363">
<name>Havana</name>
<cmt>food</cmt>
<desc>Restaurant</desc>
<sym>Dot</sym>
<type>food</type>
</wpt>
<wpt lat="49.283579" lon="-123.106351">
<name>Clough Club</name>
<cmt>bar</cmt>
<desc>Brewery / Pub</desc>
<sym>Dot</sym>
<type>food</type>
</wpt>
<wpt lat="49.289069" lon="-123.132592">
<name>Kosoo</name>
<cmt>food</cmt>
<desc>Restaurant</desc>
<sym>Dot</sym>
<type>food</type>
</wpt>
<wpt lat="49.281489" lon="-123.074332">
<name>Hotel At The Waldorf</name>
<cmt>lodging</cmt>
<desc>Hotel / Motel</desc>
<sym>Dot</sym>
<type>shelter</type>
</wpt>
<wpt lat="49.268145" lon="-123.101775">
<name>Nuba</name>
<cmt>food</cmt>
<desc>Restaurant</desc>
<sym>Dot</sym>
<type>food</type>
</wpt>
<wpt lat="49.282229" lon="-123.109209">
<name>Donair Dude</name>
<cmt>food</cmt>
<desc>Fast Food / Chain</desc>
<sym>Dot</sym>
<type>food</type>
</wpt>
<wpt lat="49.273386" lon="-123.120028">
<name>Starbucks</name>
<cmt>food</cmt>
<desc>Fast Food / Chain</desc>
<sym>Dot</sym>
<type>food</type>
</wpt>
<wpt lat="49.281542" lon="-123.077793">
<name>Axum Ethiopian Restaurant</name>
<cmt>food</cmt>
<desc>Restaurant</desc>
<sym>Dot</sym>
<type>food</type>
</wpt>
<wpt lat="49.276973" lon="-123.125665">
<name>The Dance Centre</name>
<cmt>monument</cmt>
<desc>Museum / Gallery</desc>
<sym>Dot</sym>
<type>info</type>
</wpt>
<wpt lat="49.263333" lon="-123.132836">
<name>Panago</name>
<cmt>food</cmt>
<desc>Fast Food / Chain</desc>
<sym>Dot</sym>
<type>food</type>
</wpt>
<wpt lat="49.283118" lon="-123.104463">
<name>L'Abattoir</name>
<cmt>food</cmt>
<desc>Restaurant</desc>
<sym>Dot</sym>
<type>food</type>
</wpt>
<wpt lat="49.274395" lon="-123.126212">
<name>Matchstick</name>
<cmt>coffee</cmt>
<desc>Café / Coffee</desc>
<sym>Dot</sym>
<type>food</type>
</wpt>
<wpt lat="49.283056" lon="-123.116898">
<name>Winners</name>
<cmt>convenience_store</cmt>
<desc>Grocery Store</desc>
<sym>Dot</sym>
<type>store</type>
</wpt>
<wpt lat="49.264752" lon="-123.115081">
<name>Sushi Tendo</name>
<cmt>food</cmt>
<desc>Restaurant</desc>
<sym>Dot</sym>
<type>food</type>
</wpt>
<wpt lat="49.278138" lon="-123.126317">
<name>Mangos Kitchen Bar</name>
<cmt>food</cmt>
<desc>Restaurant</desc>
<sym>Dot</sym>
<type>food</type>
</wpt>
<wpt lat="49.282109" lon="-123.108552">
<name>The Gallery George</name>
<cmt>monument</cmt>
<desc>Museum / Gallery</desc>
<sym>Dot</sym>
<type>info</type>
</wpt>
<wpt lat="49.263332" lon="-123.132918">
<name>Subway</name>
<cmt>food</cmt>
<desc>Fast Food / Chain</desc>
<sym>Dot</sym>
<type>food</type>
</wpt>
<wpt lat="49.273670" lon="-123.069343">
<name>Flamingo Room</name>
<cmt>bar</cmt>
<desc>Brewery / Pub</desc>
<sym>Dot</sym>
<type>food</type>
</wpt>
<wpt lat="49.283144" lon="-123.103340">
<name>Milano Espresso Lounge</name>
<cmt>coffee</cmt>
<desc>Café / Coffee</desc>
<sym>Dot</sym>
<type>food</type>
</wpt>
<wpt lat="49.282217" lon="-123.109151">
<name>Krave Smoke - Vape &amp; Convenience</name>
<cmt>convenience_store</cmt>
<desc>Convenience Store</desc>
<sym>Dot</sym>
<type>store</type>
</wpt>
<wpt lat="49.286386" lon="-123.122710">
<name>Mangez Mangez</name>
<cmt>food</cmt>
<desc>Restaurant</desc>
<sym>Dot</sym>
<type>food</type>
</wpt>
<wpt lat="49.263719" lon="-123.134700">
<name>Boston Pizza</name>
<cmt>food</cmt>
<desc>Fast Food / Chain</desc>
<sym>Dot</sym>
<type>food</type>
</wpt>
<wpt lat="49.283678" lon="-123.105877">
<name>World Wrap Place</name>
<cmt>food</cmt>
<desc>Fast Food / Chain</desc>
<sym>Dot</sym>
<type>food</type>
</wpt>
<wpt lat="49.264548" lon="-123.115359">
<name>BC Liquor Store</name>
<cmt>convenience_store</cmt>
<desc>Liquor Store</desc>
<sym>Dot</sym>
<type>store</type>
</wpt>
<wpt lat="49.281526" lon="-123.071953">
<name>Cedar Root Gallery</name>
<cmt>monument</cmt>
<desc>Museum / Gallery</desc>
<sym>Dot</sym>
<type>info</type>
</wpt>
<wpt lat="49.283180" lon="-123.104464">
<name>Twisted Fork</name>
<cmt>food</cmt>
<desc>Restaurant</desc>
<sym>Dot</sym>
<type>food</type>
</wpt>
<wpt lat="49.283828" lon="-123.105368">
<name>The Old Spaghetti Factory</name>
<cmt>food</cmt>
<desc>Restaurant</desc>
<sym>Dot</sym>
<type>food</type>
</wpt>
<wpt lat="49.283164" lon="-123.103530">
<name>Skewers Souvlaki Pita Bar</name>
<cmt>food</cmt>
<desc>Restaurant</desc>
<sym>Dot</sym>
<type>food</type>
</wpt>
<wpt lat="49.283101" lon="-123.117103">
<name>Mr Shawarma</name>
<cmt>food</cmt>
<desc>Fast Food / Chain</desc>
<sym>Dot</sym>
<type>food</type>
</wpt>
<wpt lat="49.263582" lon="-123.128836">
<name>Waves Coffee House</name>
<cmt>coffee</cmt>
<desc>Café / Coffee</desc>
<sym>Dot</sym>
<type>food</type>
</wpt>
<wpt lat="49.281280" lon="-123.055639">
<name>Bai Bua Thai Cuisine</name>
<cmt>food</cmt>
<desc>Restaurant</desc>
<sym>Dot</sym>
<type>food</type>
</wpt>
<wpt lat="49.282187" lon="-123.109047">
<name>Aureliana</name>
<cmt>food</cmt>
<desc>Restaurant</desc>
<sym>Dot</sym>
<type>food</type>
</wpt>
<wpt lat="49.274548" lon="-123.125967">
<name>Farm to Table</name>
<cmt>convenience_store</cmt>
<desc>Farmers' Market</desc>
<sym>Dot</sym>
<type>store</type>
</wpt>
<wpt lat="49.263701" lon="-123.121474">
<name>Dynasty Seafood Restaurant</name>
<cmt>food</cmt>
<desc>Restaurant</desc>
<sym>Dot</sym>
<type>food</type>
</wpt>
<wpt lat="49.265132" lon="-123.114299">
<name>Canadian Tire</name>
<cmt>convenience_store</cmt>
<desc>General merchandise</desc>
<sym>Dot</sym>
<type>store</type>
</wpt>
<wpt lat="49.264635" lon="-123.115076">
<name>Pho &amp; Roll by Wooden Fish</name>
<cmt>food</cmt>
<desc>Restaurant</desc>
<sym>Dot</sym>
<type>food</type>
</wpt>
<wpt lat="49.282607" lon="-123.108081">
<name>Goldcorp Centre for the Arts</name>
<cmt>monument</cmt>
<desc>Museum / Gallery</desc>
<sym>Dot</sym>
<type>info</type>
</wpt>
<wpt lat="49.264291" lon="-123.115808">
<name>COBS Bread</name>
<cmt>food</cmt>
<desc>Bakery / Donuts</desc>
<sym>Dot</sym>
<type>food</type>
</wpt>
<wpt lat="49.283423" lon="-123.106411">
<name>Petrichor French Farmhouse Restaurant</name>
<cmt>food</cmt>
<desc>Restaurant</desc>
<sym>Dot</sym>
<type>food</type>
</wpt>
<wpt lat="49.263551" lon="-123.125484">
<name>Chef's Choice Chinese Cuisine</name>
<cmt>food</cmt>
<desc>Restaurant</desc>
<sym>Dot</sym>
<type>food</type>
</wpt>
<wpt lat="49.286462" lon="-123.125865">
<name>JJ Bean</name>
<cmt>coffee</cmt>
<desc>Café / Coffee</desc>
<sym>Dot</sym>
<type>food</type>
</wpt>
<wpt lat="49.268329" lon="-123.100376">
<name>The Narrow Lounge</name>
<cmt>bar</cmt>
<desc>Brewery / Pub</desc>
<sym>Dot</sym>
<type>food</type>
</wpt>
<wpt lat="49.282376" lon="-123.108485">
<name>Subway</name>
<cmt>food</cmt>
<desc>Fast Food / Chain</desc>
<sym>Dot</sym>
<type>food</type>
</wpt>
<wpt lat="49.263540" lon="-123.123896">
<name>Legendary Noodle</name>
<cmt>food</cmt>
<desc>Restaurant</desc>
<sym>Dot</sym>
<type>food</type>
</wpt>
<wpt lat="49.263554" lon="-123.125692">
<name>Tozen Sushi Bar</name>
<cmt>food</cmt>
<desc>Restaurant</desc>
<sym>Dot</sym>
<type>food</type>
</wpt>
<wpt lat="49.283359" lon="-123.102838">
<name>The Birds &amp; The Beets</name>
<cmt>food</cmt>
<desc>Restaurant</desc>
<sym>Dot</sym>
<type>food</type>
</wpt>
<wpt lat="49.263304" lon="-123.129740">
<name>Salmon n' Bannock</name>
<cmt>food</cmt>
<desc>Restaurant</desc>
<sym>Dot</sym>
<type>food</type>
</wpt>
<wpt lat="49.273207" lon="-123.120737">
<name>Cafe Artigiano</name>
<cmt>coffee</cmt>
<desc>Café / Coffee</desc>
<sym>Dot</sym>
<type>food</type>
</wpt>
<wpt lat="49.281281" lon="-123.055528">
<name>Mercado</name>
<cmt>coffee</cmt>
<desc>Café / Coffee</desc>
<sym>Dot</sym>
<type>food</type>
</wpt>
<wpt lat="49.286819" lon="-123.128521">
<name>Coco Rico Café</name>
<cmt>coffee</cmt>
<desc>Café / Coffee</desc>
<sym>Dot</sym>
<type>food</type>
</wpt>
<wpt lat="49.263227" lon="-123.130017">
<name>Tamarind Tales</name>
<cmt>food</cmt>
<desc>Restaurant</desc>
<sym>Dot</sym>
<type>food</type>
</wpt>
<wpt lat="49.284016" lon="-123.118624">
<name>Metropolitan Hotel Vancouver</name>
<cmt>lodging</cmt>
<desc>Hotel / Motel</desc>
<sym>Dot</sym>
<type>shelter</type>
</wpt>
<wpt lat="49.281027" lon="-123.055477">
<name>Pine House Bread and Cake House</name>
<cmt>food</cmt>
<desc>Bakery / Donuts</desc>
<sym>Dot</sym>
<type>food</type>
</wpt>
<wpt lat="49.284795" lon="-123.119431">
<name>HY's Steakhouse</name>
<cmt>food</cmt>
<desc>Restaurant</desc>
<sym>Dot</sym>
<type>food</type>
</wpt>
<wpt lat="49.263512" lon="-123.123390">
<name>Tim Hortons</name>
<cmt>food</cmt>
<desc>Fast Food / Chain</desc>
<sym>Dot</sym>
<type>food</type>
</wpt>
<wpt lat="49.286717" lon="-123.128356">
<name>Ban Bu Xian Szechuan</name>
<cmt>food</cmt>
<desc>Restaurant</desc>
<sym>Dot</sym>
<type>food</type>
</wpt>
<wpt lat="49.290159" lon="-123.135966">
<name>West End Ice Rink</name>
<cmt>rest_stop</cmt>
<desc>Community Centre</desc>
<sym>Dot</sym>
<type>rest_area</type>
</wpt>
<wpt lat="49.283273" lon="-123.106489">
<name>Centre of International Contemporary Art Vancouver</name>
<cmt>monument</cmt>
<desc>Museum / Gallery</desc>
<sym>Dot</sym>
<type>info</type>
</wpt>
<wpt lat="49.283151" lon="-123.106410">
<name>Arcana Spirit Lounge</name>
<cmt>food</cmt>
<desc>Restaurant</desc>
<sym>Dot</sym>
<type>food</type>
</wpt>
<wpt lat="49.263640" lon="-123.122080">
<name>Aidan's Coffee &amp; Food</name>
<cmt>coffee</cmt>
<desc>Café / Coffee</desc>
<sym>Dot</sym>
<type>food</type>
</wpt>
<wpt lat="49.283475" lon="-123.093784">
<name>Gah Lok Dim Sum</name>
<cmt>convenience_store</cmt>
<desc>Convenience Store</desc>
<sym>Dot</sym>
<type>store</type>
</wpt>
<wpt lat="49.268209" lon="-123.145272">
<name>Comor Sports</name>
<cmt>bike_shop</cmt>
<desc>Repair Shop</desc>
<sym>Dot</sym>
<type>gear</type>
</wpt>
<wpt lat="49.283064" lon="-123.106967">
<name>La Casita</name>
<cmt>food</cmt>
<desc>Restaurant</desc>
<sym>Dot</sym>
<type>food</type>
</wpt>
<wpt lat="49.283188" lon="-123.117592">
<name>OPA! of Greece</name>
<cmt>food</cmt>
<desc>Restaurant</desc>
<sym>Dot</sym>
<type>food</type>
</wpt>
<wpt lat="49.277701" lon="-123.125626">
<name>Pho Mimosa</name>
<cmt>food</cmt>
<desc>Restaurant</desc>
<sym>Dot</sym>
<type>food</type>
</wpt>
<wpt lat="49.284271" lon="-123.119025">
<name>Cycle City</name>
<cmt>bike_shop</cmt>
<desc>Repair Shop</desc>
<sym>Dot</sym>
<type>gear</type>
</wpt>
<wpt lat="49.263639" lon="-123.126978">
<name>Privé</name>
<cmt>food</cmt>
<desc>Restaurant</desc>
<sym>Dot</sym>
<type>food</type>
</wpt>
<wpt lat="49.268203" lon="-123.146300">
<name>Pizza Hut</name>
<cmt>food</cmt>
<desc>Fast Food / Chain</desc>
<sym>Dot</sym>
<type>food</type>
</wpt>
<wpt lat="49.286464" lon="-123.127255">
<name>Blue Horizon Hotel</name>
<cmt>lodging</cmt>
<desc>Hotel / Motel</desc>
<sym>Dot</sym>
<type>shelter</type>
</wpt>
<wpt lat="49.276739" lon="-123.125234">
<name>Perfecto Cafe</name>
<cmt>coffee</cmt>
<desc>Café / Coffee</desc>
<sym>Dot</sym>
<type>food</type>
</wpt>
<wpt lat="49.283222" lon="-123.117663">
<name>A&amp;W</name>
<cmt>food</cmt>
<desc>Fast Food / Chain</desc>
<sym>Dot</sym>
<type>food</type>
</wpt>
<wpt lat="49.281740" lon="-123.074259">
<name>The Bottle Shop Liquor Store at the Waldorf</name>
<cmt>convenience_store</cmt>
<desc>Liquor Store</desc>
<sym>Dot</sym>
<type>store</type>
</wpt>
<wpt lat="49.267571" lon="-123.108605">
<name>Nana's Green Tea</name>
<cmt>coffee</cmt>
<desc>Café / Coffee</desc>
<sym>Dot</sym>
<type>food</type>
</wpt>
<wpt lat="49.263521" lon="-123.120439">
<name>Holiday Inn Vancouver-Centre (Broadway)</name>
<cmt>lodging</cmt>
<desc>Hotel / Motel</desc>
<sym>Dot</sym>
<type>shelter</type>
</wpt>
<wpt lat="49.263363" lon="-123.134258">
<name>Domino's</name>
<cmt>food</cmt>
<desc>Fast Food / Chain</desc>
<sym>Dot</sym>
<type>food</type>
</wpt>
<wpt lat="49.263595" lon="-123.128174">
<name>Chun Fun How</name>
<cmt>coffee</cmt>
<desc>Café / Coffee</desc>
<sym>Dot</sym>
<type>food</type>
</wpt>
<wpt lat="49.263603" lon="-123.122019">
<name>Kisokoma Japanese Restaurant</name>
<cmt>food</cmt>
<desc>Restaurant</desc>
<sym>Dot</sym>
<type>food</type>
</wpt>
<wpt lat="49.283366" lon="-123.104426">
<name>Six Acres</name>
<cmt>bar</cmt>
<desc>Brewery / Pub</desc>
<sym>Dot</sym>
<type>food</type>
</wpt>
<wpt lat="49.263493" lon="-123.120204">
<name>Stages Bistro &amp; Lounge</name>
<cmt>food</cmt>
<desc>Restaurant</desc>
<sym>Dot</sym>
<type>food</type>
</wpt>
<wpt lat="49.266490" lon="-123.140722">
<name>Beaucoup Bakery &amp; Cafe</name>
<cmt>food</cmt>
<desc>Bakery / Donuts</desc>
<sym>Dot</sym>
<type>food</type>
</wpt>
<wpt lat="49.283565" lon="-123.102354">
<name>Brioche Ristorante &amp; Wine Bar</name>
<cmt>food</cmt>
<desc>Restaurant</desc>
<sym>Dot</sym>
<type>food</type>
</wpt>
<wpt lat="49.286614" lon="-123.128193">
<name>Hello Kitty Cafe</name>
<cmt>coffee</cmt>
<desc>Café / Coffee</desc>
<sym>Dot</sym>
<type>food</type>
</wpt>
<wpt lat="49.268215" lon="-123.147041">
<name>Best Falafel</name>
<cmt>food</cmt>
<desc>Fast Food / Chain</desc>
<sym>Dot</sym>
<type>food</type>
</wpt>
<wpt lat="49.283508" lon="-123.102825">
<name>Bar Tartar</name>
<cmt>food</cmt>
<desc>Restaurant</desc>
<sym>Dot</sym>
<type>food</type>
</wpt>
<wpt lat="49.263515" lon="-123.121366">
<name>A&amp;W</name>
<cmt>food</cmt>
<desc>Fast Food / Chain</desc>
<sym>Dot</sym>
<type>food</type>
</wpt>
<wpt lat="49.268173" lon="-123.146494">
<name>The Hungry Duck Grill Kitchen</name>
<cmt>food</cmt>
<desc>Restaurant</desc>
<sym>Dot</sym>
<type>food</type>
</wpt>
<wpt lat="49.286293" lon="-123.125596">
<name>Kirin Restaurant</name>
<cmt>food</cmt>
<desc>Restaurant</desc>
<sym>Dot</sym>
<type>food</type>
</wpt>
<wpt lat="49.283501" lon="-123.102906">
<name>Zoomak Korean Tavern</name>
<cmt>food</cmt>
<desc>Restaurant</desc>
<sym>Dot</sym>
<type>food</type>
</wpt>
<wpt lat="49.274489" lon="-123.125674">
<name>Kurotaki</name>
<cmt>food</cmt>
<desc>Restaurant</desc>
<sym>Dot</sym>
<type>food</type>
</wpt>
<wpt lat="49.268247" lon="-123.148392">
<name>Tacofino</name>
<cmt>food</cmt>
<desc>Restaurant</desc>
<sym>Dot</sym>
<type>food</type>
</wpt>
<wpt lat="49.263585" lon="-123.128061">
<name>John 3:16 Malaysian Delights</name>
<cmt>food</cmt>
<desc>Restaurant</desc>
<sym>Dot</sym>
<type>food</type>
</wpt>
<wpt lat="49.263452" lon="-123.119719">
<name>Blenz Coffee</name>
<cmt>coffee</cmt>
<desc>Café / Coffee</desc>
<sym>Dot</sym>
<type>food</type>
</wpt>
<wpt lat="49.284458" lon="-123.119332">
<name>Bill Reid Gallery of Northwest Coast Art</name>
<cmt>monument</cmt>
<desc>Museum / Gallery</desc>
<sym>Dot</sym>
<type>info</type>
</wpt>
<wpt lat="49.268252" lon="-123.148613">
<name>cowdog</name>
<cmt>coffee</cmt>
<desc>Café / Coffee</desc>
<sym>Dot</sym>
<type>food</type>
</wpt>
<wpt lat="49.268147" lon="-123.146459">
<name>Ramen Danbo</name>
<cmt>food</cmt>
<desc>Restaurant</desc>
<sym>Dot</sym>
<type>food</type>
</wpt>
<wpt lat="49.286553" lon="-123.128081">
<name>Chongqing on Robson</name>
<cmt>food</cmt>
<desc>Fast Food / Chain</desc>
<sym>Dot</sym>
<type>food</type>
</wpt>
<wpt lat="49.282540" lon="-123.116622">
<name>Starbucks</name>
<cmt>food</cmt>
<desc>Fast Food / Chain</desc>
<sym>Dot</sym>
<type>food</type>
</wpt>
<wpt lat="49.268180" lon="-123.147259">
<name>Fred's</name>
<cmt>food</cmt>
<desc>Restaurant</desc>
<sym>Dot</sym>
<type>food</type>
</wpt>
<wpt lat="49.263552" lon="-123.117754">
<name>Tractor</name>
<cmt>food</cmt>
<desc>Restaurant</desc>
<sym>Dot</sym>
<type>food</type>
</wpt>
<wpt lat="49.277764" lon="-123.125533">
<name>Union Latino's</name>
<cmt>food</cmt>
<desc>Restaurant</desc>
<sym>Dot</sym>
<type>food</type>
</wpt>
<wpt lat="49.286385" lon="-123.127239">
<name>Abode</name>
<cmt>coffee</cmt>
<desc>Café / Coffee</desc>
<sym>Dot</sym>
<type>food</type>
</wpt>
<wpt lat="49.283431" lon="-123.104482">
<name>Oku Izakaya</name>
<cmt>food</cmt>
<desc>Restaurant</desc>
<sym>Dot</sym>
<type>food</type>
</wpt>
<wpt lat="49.281027" lon="-123.055277">
<name>Tall Shadow Bakery</name>
<cmt>food</cmt>
<desc>Bakery / Donuts</desc>
<sym>Dot</sym>
<type>food</type>
</wpt>
<wpt lat="49.283575" lon="-123.105268">
<name>Waffleland Café</name>
<cmt>food</cmt>
<desc>Restaurant</desc>
<sym>Dot</sym>
<type>food</type>
</wpt>
<wpt lat="49.286515" lon="-123.128029">
<name>Ole Chicken</name>
<cmt>food</cmt>
<desc>Restaurant</desc>
<sym>Dot</sym>
<type>food</type>
</wpt>
<wpt lat="49.268158" lon="-123.147082">
<name>Noodle Box</name>
<cmt>food</cmt>
<desc>Fast Food / Chain</desc>
<sym>Dot</sym>
<type>food</type>
</wpt>
<wpt lat="49.279783" lon="-123.127844">
<name>The Burrard</name>
<cmt>lodging</cmt>
<desc>Hotel / Motel</desc>
<sym>Dot</sym>
<type>shelter</type>
</wpt>
<wpt lat="49.286237" lon="-123.125507">
<name>Red Burrito</name>
<cmt>food</cmt>
<desc>Restaurant</desc>
<sym>Dot</sym>
<type>food</type>
</wpt>
<wpt lat="49.263581" lon="-123.127202">
<name>Minato Japanese Restaurant</name>
<cmt>food</cmt>
<desc>Restaurant</desc>
<sym>Dot</sym>
<type>food</type>
</wpt>
<wpt lat="49.268178" lon="-123.148186">
<name>Tractor</name>
<cmt>food</cmt>
<desc>Restaurant</desc>
<sym>Dot</sym>
<type>food</type>
</wpt>
<wpt lat="49.273662" lon="-123.120383">
<name>Urban Fare</name>
<cmt>convenience_store</cmt>
<desc>Grocery Store</desc>
<sym>Dot</sym>
<type>store</type>
</wpt>
<wpt lat="49.277800" lon="-123.125475">
<name>Brunch</name>
<cmt>food</cmt>
<desc>Restaurant</desc>
<sym>Dot</sym>
<type>food</type>
</wpt>
<wpt lat="49.268209" lon="-123.148844">
<name>GlassHouse</name>
<cmt>food</cmt>
<desc>Restaurant</desc>
<sym>Dot</sym>
<type>food</type>
</wpt>
<wpt lat="49.281283" lon="-123.055187">
<name>The Brighton</name>
<cmt>bar</cmt>
<desc>Brewery / Pub</desc>
<sym>Dot</sym>
<type>food</type>
</wpt>
<wpt lat="49.283483" lon="-123.104772">
<name>Buro Coffee Bar</name>
<cmt>coffee</cmt>
<desc>Café / Coffee</desc>
<sym>Dot</sym>
<type>food</type>
</wpt>
<wpt lat="49.283032" lon="-123.117697">
<name>Orange Julius</name>
<cmt>food</cmt>
<desc>Fast Food / Chain</desc>
<sym>Dot</sym>
<type>food</type>
</wpt>
<wpt lat="49.286181" lon="-123.125417">
<name>Dragon Bowl</name>
<cmt>food</cmt>
<desc>Fast Food / Chain</desc>
<sym>Dot</sym>
<type>food</type>
</wpt>
<wpt lat="49.277831" lon="-123.125433">
<name>Donair Dude</name>
<cmt>food</cmt>
<desc>Fast Food / Chain</desc>
<sym>Dot</sym>
<type>food</type>
</wpt>
<wpt lat="49.282720" lon="-123.085836">
<name>Subway</name>
<cmt>food</cmt>
<desc>Fast Food / Chain</desc>
<sym>Dot</sym>
<type>food</type>
</wpt>
<wpt lat="49.287020" lon="-123.135782">
<name>Cardero Cafe</name>
<cmt>coffee</cmt>
<desc>Café / Coffee</desc>
<sym>Dot</sym>
<type>food</type>
</wpt>
<wpt lat="49.264573" lon="-123.114471">
<name>Red Burrito</name>
<cmt>food</cmt>
<desc>Fast Food / Chain</desc>
<sym>Dot</sym>
<type>food</type>
</wpt>
<wpt lat="49.282720" lon="-123.085820">
<name>Starbucks</name>
<cmt>food</cmt>
<desc>Fast Food / Chain</desc>
<sym>Dot</sym>
<type>food</type>
</wpt>
<wpt lat="49.285202" lon="-123.120343">
<name>Grain Tasting Bar</name>
<cmt>bar</cmt>
<desc>Brewery / Pub</desc>
<sym>Dot</sym>
<type>food</type>
</wpt>
<wpt lat="49.278761" lon="-123.112795">
<name>Shark Club</name>
<cmt>bar</cmt>
<desc>Brewery / Pub</desc>
<sym>Dot</sym>
<type>food</type>
</wpt>
<wpt lat="49.286379" lon="-123.127863">
<name>Konbiniya Japan Centre</name>
<cmt>convenience_store</cmt>
<desc>Convenience Store</desc>
<sym>Dot</sym>
<type>store</type>
</wpt>
<wpt lat="49.286036" lon="-123.123030">
<name>49th Parallel Café &amp; Lucky's Doughnuts</name>
<cmt>food</cmt>
<desc>Bakery / Donuts</desc>
<sym>Dot</sym>
<type>food</type>
</wpt>
<wpt lat="49.285625" lon="-123.121026">
<name>Cookies by George</name>
<cmt>food</cmt>
<desc>Bakery / Donuts</desc>
<sym>Dot</sym>
<type>food</type>
</wpt>
<wpt lat="49.283743" lon="-123.104435">
<name>Monarca</name>
<cmt>food</cmt>
<desc>Restaurant</desc>
<sym>Dot</sym>
<type>food</type>
</wpt>
<wpt lat="49.273253" lon="-123.069383">
<name>Turk's</name>
<cmt>coffee</cmt>
<desc>Café / Coffee</desc>
<sym>Dot</sym>
<type>food</type>
</wpt>
<wpt lat="49.264675" lon="-123.114244">
<name>Save-On-Foods</name>
<cmt>convenience_store</cmt>
<desc>Grocery Store</desc>
<sym>Dot</sym>
<type>store</type>
</wpt>
<wpt lat="49.286343" lon="-123.127790">
<name>Rice &amp; Noodle</name>
<cmt>food</cmt>
<desc>Restaurant</desc>
<sym>Dot</sym>
<type>food</type>
</wpt>
<wpt lat="49.268196" lon="-123.149439">
<name>Lavidas Restaurant</name>
<cmt>food</cmt>
<desc>Restaurant</desc>
<sym>Dot</sym>
<type>food</type>
</wpt>
<wpt lat="49.281300" lon="-123.111673">
<name>JJ's Restaurant</name>
<cmt>food</cmt>
<desc>Restaurant</desc>
<sym>Dot</sym>
<type>food</type>
</wpt>
<wpt lat="49.283562" lon="-123.103881">
<name>The Portside Pub</name>
<cmt>bar</cmt>
<desc>Brewery / Pub</desc>
<sym>Dot</sym>
<type>food</type>
</wpt>
<wpt lat="49.286316" lon="-123.127733">
<name>Chicko Chicken</name>
<cmt>food</cmt>
<desc>Fast Food / Chain</desc>
<sym>Dot</sym>
<type>food</type>
</wpt>
<wpt lat="49.286150" lon="-123.126496">
<name>Beest</name>
<cmt>food</cmt>
<desc>Restaurant</desc>
<sym>Dot</sym>
<type>food</type>
</wpt>
<wpt lat="49.286161" lon="-123.124206">
<name>The Keg</name>
<cmt>food</cmt>
<desc>Restaurant</desc>
<sym>Dot</sym>
<type>food</type>
</wpt>
<wpt lat="49.281282" lon="-123.055037">
<name>It's Okay</name>
<cmt>food</cmt>
<desc>Restaurant</desc>
<sym>Dot</sym>
<type>food</type>
</wpt>
<wpt lat="49.279865" lon="-123.127675">
<name>Elysian Coffee Roasters</name>
<cmt>coffee</cmt>
<desc>Café / Coffee</desc>
<sym>Dot</sym>
<type>food</type>
</wpt>
<wpt lat="49.283582" lon="-123.104067">
<name>Local Public Eatery</name>
<cmt>food</cmt>
<desc>Restaurant</desc>
<sym>Dot</sym>
<type>food</type>
</wpt>
<wpt lat="49.278404" lon="-123.125731">
<name>Unwind</name>
<cmt>food</cmt>
<desc>Fast Food / Chain</desc>
<sym>Dot</sym>
<type>food</type>
</wpt>
<wpt lat="49.286283" lon="-123.127685">
<name>Raclette Steaks</name>
<cmt>food</cmt>
<desc>Restaurant</desc>
<sym>Dot</sym>
<type>food</type>
</wpt>
<wpt lat="49.265489" lon="-123.139888">
<name>Café salade de fruits</name>
<cmt>coffee</cmt>
<desc>Café / Coffee</desc>
<sym>Dot</sym>
<type>food</type>
</wpt>
<wpt lat="49.277654" lon="-123.125186">
<name>Domino's</name>
<cmt>food</cmt>
<desc>Fast Food / Chain</desc>
<sym>Dot</sym>
<type>food</type>
</wpt>
<wpt lat="49.286253" lon="-123.127635">
<name>Momo Sushi</name>
<cmt>food</cmt>
<desc>Restaurant</desc>
<sym>Dot</sym>
<type>food</type>
</wpt>
<wpt lat="49.283604" lon="-123.103686">
<name>Soft Peaks Ice Cream</name>
<cmt>food</cmt>
<desc>Ice Cream</desc>
<sym>Dot</sym>
<type>food</type>
</wpt>
<wpt lat="49.263424" lon="-123.117312">
<name>Cactus Club Cafe</name>
<cmt>food</cmt>
<desc>Restaurant</desc>
<sym>Dot</sym>
<type>food</type>
</wpt>
<wpt lat="49.286069" lon="-123.125238">
<name>Subway</name>
<cmt>food</cmt>
<desc>Fast Food / Chain</desc>
<sym>Dot</sym>
<type>food</type>
</wpt>
<wpt lat="49.272482" lon="-123.154548">
<name>Thai Basil</name>
<cmt>food</cmt>
<desc>Restaurant</desc>
<sym>Dot</sym>
<type>food</type>
</wpt>
<wpt lat="49.275519" lon="-123.115470">
<name>JV Bike</name>
<cmt>bike_shop</cmt>
<desc>Repair Shop</desc>
<sym>Dot</sym>
<type>gear</type>
</wpt>
<wpt lat="49.263147" lon="-123.125523">
<name>Homura Yakiniku</name>
<cmt>food</cmt>
<desc>Restaurant</desc>
<sym>Dot</sym>
<type>food</type>
</wpt>
<wpt lat="49.281302" lon="-123.113332">
<name>Deville Coffee</name>
<cmt>coffee</cmt>
<desc>Café / Coffee</desc>
<sym>Dot</sym>
<type>food</type>
</wpt>
<wpt lat="49.264000" lon="-123.115281">
<name>Whole Foods Market</name>
<cmt>convenience_store</cmt>
<desc>Grocery Store</desc>
<sym>Dot</sym>
<type>store</type>
</wpt>
<wpt lat="49.265488" lon="-123.140006">
<name>Centre culturel francophone</name>
<cmt>monument</cmt>
<desc>Museum / Gallery</desc>
<sym>Dot</sym>
<type>info</type>
</wpt>
<wpt lat="49.274203" lon="-123.119793">
<name>BC Liquor Store</name>
<cmt>convenience_store</cmt>
<desc>Liquor Store</desc>
<sym>Dot</sym>
<type>store</type>
</wpt>
<wpt lat="49.268207" lon="-123.149982">
<name>Las Margaritas</name>
<cmt>food</cmt>
<desc>Restaurant</desc>
<sym>Dot</sym>
<type>food</type>
</wpt>
<wpt lat="49.267902" lon="-123.144844">
<name>Comor Sports Outlet Store</name>
<cmt>bike_shop</cmt>
<desc>Repair Shop</desc>
<sym>Dot</sym>
<type>gear</type>
</wpt>
<wpt lat="49.282006" lon="-123.070047">
<name>Storm Growler Fills</name>
<cmt>convenience_store</cmt>
<desc>Liquor Store</desc>
<sym>Dot</sym>
<type>store</type>
</wpt>
<wpt lat="49.278370" lon="-123.113100">
<name>Hotel Willo</name>
<cmt>lodging</cmt>
<desc>Hotel / Motel</desc>
<sym>Dot</sym>
<type>shelter</type>
</wpt>
<wpt lat="49.286191" lon="-123.127545">
<name>Horin Ramen + Sake</name>
<cmt>food</cmt>
<desc>Restaurant</desc>
<sym>Dot</sym>
<type>food</type>
</wpt>
<wpt lat="49.283657" lon="-123.104122">
<name>Guilt &amp; Co</name>
<cmt>bar</cmt>
<desc>Brewery / Pub</desc>
<sym>Dot</sym>
<type>food</type>
</wpt>
<wpt lat="49.267910" lon="-123.146698">
<name>Ocean Goose</name>
<cmt>food</cmt>
<desc>Restaurant</desc>
<sym>Dot</sym>
<type>food</type>
</wpt>
<wpt lat="49.279930" lon="-123.127571">
<name>Burgoo</name>
<cmt>food</cmt>
<desc>Restaurant</desc>
<sym>Dot</sym>
<type>food</type>
</wpt>
<wpt lat="49.267876" lon="-123.146273">
<name>Ajiya Sushi</name>
<cmt>food</cmt>
<desc>Restaurant</desc>
<sym>Dot</sym>
<type>food</type>
</wpt>
<wpt lat="49.286013" lon="-123.125149">
<name>A&amp;W</name>
<cmt>food</cmt>
<desc>Fast Food / Chain</desc>
<sym>Dot</sym>
<type>food</type>
</wpt>
<wpt lat="49.282920" lon="-123.117907">
<name>La Prep</name>
<cmt>food</cmt>
<desc>Fast Food / Chain</desc>
<sym>Dot</sym>
<type>food</type>
</wpt>
<wpt lat="49.286159" lon="-123.127500">
<name>D'oro Gelato e Caffè</name>
<cmt>food</cmt>
<desc>Ice Cream</desc>
<sym>Dot</sym>
<type>food</type>
</wpt>
<wpt lat="49.285185" lon="-123.120638">
<name>Hyatt Regency Vancouver</name>
<cmt>lodging</cmt>
<desc>Hotel / Motel</desc>
<sym>Dot</sym>
<type>shelter</type>
</wpt>
<wpt lat="49.283845" lon="-123.094818">
<name>Evelyne Saller Centre</name>
<cmt>rest_stop</cmt>
<desc>Community Centre</desc>
<sym>Dot</sym>
<type>rest_area</type>
</wpt>
<wpt lat="49.267879" lon="-123.146533">
<name>Oakberry Açaí bowls</name>
<cmt>food</cmt>
<desc>Fast Food / Chain</desc>
<sym>Dot</sym>
<type>food</type>
</wpt>
<wpt lat="49.263412" lon="-123.116998">
<name>Pizza Rubato Napoletana</name>
<cmt>food</cmt>
<desc>Restaurant</desc>
<sym>Dot</sym>
<type>food</type>
</wpt>
<wpt lat="49.283942" lon="-123.099836">
<name>Deacon's Corner</name>
<cmt>food</cmt>
<desc>Restaurant</desc>
<sym>Dot</sym>
<type>food</type>
</wpt>
<wpt lat="49.275962" lon="-123.124659">
<name>Craffles</name>
<cmt>coffee</cmt>
<desc>Café / Coffee</desc>
<sym>Dot</sym>
<type>food</type>
</wpt>
<wpt lat="49.282149" lon="-123.078740">
<name>Container Brewing Ltd.</name>
<cmt>bar</cmt>
<desc>Brewery / Pub</desc>
<sym>Dot</sym>
<type>food</type>
</wpt>
<wpt lat="49.284395" lon="-123.119803">
<name>Bread x Butter</name>
<cmt>coffee</cmt>
<desc>Café / Coffee</desc>
<sym>Dot</sym>
<type>food</type>
</wpt>
<wpt lat="49.263173" lon="-123.120930">
<name>Cha Tra Mue</name>
<cmt>coffee</cmt>
<desc>Café / Coffee</desc>
<sym>Dot</sym>
<type>food</type>
</wpt>
<wpt lat="49.281299" lon="-123.113769">
<name>Oakberry Acai</name>
<cmt>food</cmt>
<desc>Restaurant</desc>
<sym>Dot</sym>
<type>food</type>
</wpt>
<wpt lat="49.263160" lon="-123.120665">
<name>Peaked Pies</name>
<cmt>food</cmt>
<desc>Restaurant</desc>
<sym>Dot</sym>
<type>food</type>
</wpt>
<wpt lat="49.274141" lon="-123.120068">
<name>Freshbowl</name>
<cmt>food</cmt>
<desc>Fast Food / Chain</desc>
<sym>Dot</sym>
<type>food</type>
</wpt>
<wpt lat="49.263156" lon="-123.120468">
<name>Domino's</name>
<cmt>food</cmt>
<desc>Fast Food / Chain</desc>
<sym>Dot</sym>
<type>food</type>
</wpt>
<wpt lat="49.263157" lon="-123.120573">
<name>Pacific Poke</name>
<cmt>food</cmt>
<desc>Restaurant</desc>
<sym>Dot</sym>
<type>food</type>
</wpt>
<wpt lat="49.267919" lon="-123.148362">
<name>Circle K</name>
<cmt>convenience_store</cmt>
<desc>Convenience Store</desc>
<sym>Dot</sym>
<type>store</type>
</wpt>
<wpt lat="49.263494" lon="-123.116493">
<name>Onigiri Ya</name>
<cmt>food</cmt>
<desc>Restaurant</desc>
<sym>Dot</sym>
<type>food</type>
</wpt>
<wpt lat="49.263132" lon="-123.119462">
<name>Avik Bakery</name>
<cmt>food</cmt>
<desc>Bakery / Donuts</desc>
<sym>Dot</sym>
<type>food</type>
</wpt>
<wpt lat="49.285985" lon="-123.124493">
<name>Urban Fare</name>
<cmt>convenience_store</cmt>
<desc>Grocery Store</desc>
<sym>Dot</sym>
<type>store</type>
</wpt>
<wpt lat="49.267964" lon="-123.148959">
<name>Maenam</name>
<cmt>food</cmt>
<desc>Restaurant</desc>
<sym>Dot</sym>
<type>food</type>
</wpt>
<wpt lat="49.263958" lon="-123.115151">
<name>Whole Foods Cafe</name>
<cmt>coffee</cmt>
<desc>Café / Coffee</desc>
<sym>Dot</sym>
<type>food</type>
</wpt>
<wpt lat="49.285957" lon="-123.125060">
<name>TOUK</name>
<cmt>food</cmt>
<desc>Restaurant</desc>
<sym>Dot</sym>
<type>food</type>
</wpt>
<wpt lat="49.267966" lon="-123.149066">
<name>Fable</name>
<cmt>food</cmt>
<desc>Restaurant</desc>
<sym>Dot</sym>
<type>food</type>
</wpt>
<wpt lat="49.685796" lon="-115.983660">
<name>Purcell Outdoors</name>
<cmt>convenience_store</cmt>
<desc>Outdoor Gear</desc>
<sym>Dot</sym>
<type>store</type>
</wpt>
<wpt lat="49.685895" lon="-115.984134">
<name>Biscuit: A Place To Sup</name>
<cmt>food</cmt>
<desc>Restaurant</desc>
<sym>Dot</sym>
<type>food</type>
</wpt>
<wpt lat="49.685273" lon="-115.982673">
<name>Kickturn Coffee Roasters</name>
<cmt>coffee</cmt>
<desc>Café / Coffee</desc>
<sym>Dot</sym>
<type>food</type>
</wpt>
<wpt lat="49.684234" lon="-115.981753">
<name>The Sullivan</name>
<cmt>bar</cmt>
<desc>Brewery / Pub</desc>
<sym>Dot</sym>
<type>food</type>
</wpt>
<wpt lat="49.685397" lon="-115.982612">
<name>Our Place Breakfast &amp; Lunch</name>
<cmt>coffee</cmt>
<desc>Café / Coffee</desc>
<sym>Dot</sym>
<type>food</type>
</wpt>
<wpt lat="49.685884" lon="-115.983276">
<name>Pedal &amp; Tap</name>
<cmt>bar</cmt>
<desc>Brewery / Pub</desc>
<sym>Dot</sym>
<type>food</type>
</wpt>
<wpt lat="49.686085" lon="-115.983906">
<name>Stonefire Pizzeria</name>
<cmt>food</cmt>
<desc>Restaurant</desc>
<sym>Dot</sym>
<type>food</type>
</wpt>
<wpt lat="49.683764" lon="-115.981883">
<name>BC Liquor Store</name>
<cmt>convenience_store</cmt>
<desc>Liquor Store</desc>
<sym>Dot</sym>
<type>store</type>
</wpt>
<wpt lat="49.681984" lon="-115.984118">
<name>Fas Gas</name>
<cmt>convenience_store</cmt>
<desc>Convenience Store</desc>
<sym>Dot</sym>
<type>store</type>
</wpt>
<wpt lat="49.686008" lon="-115.984994">
<name>Snowdrift Cafe</name>
<cmt>coffee</cmt>
<desc>Café / Coffee</desc>
<sym>Dot</sym>
<type>food</type>
</wpt>
<wpt lat="49.686455" lon="-115.984857">
<name>Kimberley Heritage Museum</name>
<cmt>monument</cmt>
<desc>Museum / Gallery</desc>
<sym>Dot</sym>
<type>info</type>
</wpt>
<wpt lat="49.686105" lon="-115.983483">
<name>The Shed</name>
<cmt>bar</cmt>
<desc>Brewery / Pub</desc>
<sym>Dot</sym>
<type>food</type>
</wpt>
<wpt lat="49.686205" lon="-115.983793">
<name>Blackdog</name>
<cmt>bike_shop</cmt>
<desc>Repair Shop</desc>
<sym>Dot</sym>
<type>gear</type>
</wpt>
<wpt lat="49.686509" lon="-115.984733">
<name>Kimberley Public Library</name>
<cmt>library</cmt>
<desc>Library</desc>
<sym>Dot</sym>
<type>info</type>
</wpt>
<wpt lat="49.684926" lon="-115.982021">
<name>Mark Creek Market</name>
<cmt>convenience_store</cmt>
<desc>Grocery Store</desc>
<sym>Dot</sym>
<type>store</type>
</wpt>
<wpt lat="49.684236" lon="-115.984383">
<name>Bohemian Spirits</name>
<cmt>bar</cmt>
<desc>Brewery / Pub</desc>
<sym>Dot</sym>
<type>food</type>
</wpt>
<wpt lat="49.684384" lon="-115.983766">
<name>Grist and Mash Brewery</name>
<cmt>bar</cmt>
<desc>Brewery / Pub</desc>
<sym>Dot</sym>
<type>food</type>
</wpt>
<wpt lat="49.686339" lon="-115.983268">
<name>Fantails Expresso Bar</name>
<cmt>coffee</cmt>
<desc>Café / Coffee</desc>
<sym>Dot</sym>
<type>food</type>
</wpt>
<wpt lat="49.686366" lon="-115.983233">
<name>Deer Park Diner</name>
<cmt>food</cmt>
<desc>Restaurant</desc>
<sym>Dot</sym>
<type>food</type>
</wpt>
<wpt lat="49.684473" lon="-115.980858">
<name>A&amp;W</name>
<cmt>food</cmt>
<desc>Fast Food / Chain</desc>
<sym>Dot</sym>
<type>food</type>
</wpt>
<wpt lat="49.684069" lon="-115.980954">
<name>Subway</name>
<cmt>food</cmt>
<desc>Fast Food / Chain</desc>
<sym>Dot</sym>
<type>food</type>
</wpt>
<wpt lat="49.684033" lon="-115.983689">
<name>Full-Fill Zero Waste Market</name>
<cmt>convenience_store</cmt>
<desc>Grocery Store</desc>
<sym>Dot</sym>
<type>store</type>
</wpt>
<wpt lat="49.686441" lon="-115.982925">
<name>Spirit Rock Climbing Center</name>
<cmt>rest_stop</cmt>
<desc>Community Centre</desc>
<sym>Dot</sym>
<type>rest_area</type>
</wpt>
<wpt lat="49.686169" lon="-115.981731">
<name>Over Time Beer Works</name>
<cmt>bar</cmt>
<desc>Brewery / Pub</desc>
<sym>Dot</sym>
<type>food</type>
</wpt>
<wpt lat="49.686805" lon="-115.983753">
<name>Burrito Grill</name>
<cmt>food</cmt>
<desc>Restaurant</desc>
<sym>Dot</sym>
<type>food</type>
</wpt>
<wpt lat="49.687085" lon="-115.982439">
<name>Centre 64</name>
<cmt>monument</cmt>
<desc>Museum / Gallery</desc>
<sym>Dot</sym>
<type>info</type>
</wpt>
<wpt lat="49.674416" lon="-115.976959">
<name>Kimberley Aquatic Centre</name>
<cmt>rest_stop</cmt>
<desc>Community Centre</desc>
<sym>Dot</sym>
<type>rest_area</type>
</wpt>
<wpt lat="49.672735" lon="-115.982541">
<name>Save-On-Foods</name>
<cmt>convenience_store</cmt>
<desc>Grocery Store</desc>
<sym>Dot</sym>
<type>store</type>
</wpt>
<wpt lat="49.673378" lon="-115.976991">
<name>Kimberley Community Garden</name>
<cmt>park</cmt>
<desc>Park / Nature</desc>
<sym>Dot</sym>
<type>rest_area</type>
</wpt>
<wpt lat="49.689150" lon="-115.987626">
<name>Cominco Gardens</name>
<cmt>park</cmt>
<desc>Park / Nature</desc>
<sym>Dot</sym>
<type>rest_area</type>
</wpt>
<wpt lat="49.672506" lon="-115.981788">
<name>Kimberley Kitchen</name>
<cmt>food</cmt>
<desc>Restaurant</desc>
<sym>Dot</sym>
<type>food</type>
</wpt>
<wpt lat="49.672679" lon="-115.981538">
<name>2 J's Cafe</name>
<cmt>food</cmt>
<desc>Restaurant</desc>
<sym>Dot</sym>
<type>food</type>
</wpt>
<wpt lat="49.360423" lon="-123.111932">
<name>Cleveland Dam</name>
<cmt>viewpoint</cmt>
<desc>Activity / Experience</desc>
<sym>Dot</sym>
<type>overlook</type>
</wpt>
<wpt lat="49.338141" lon="-123.102969">
<name>Krave Kulture</name>
<cmt>food</cmt>
<desc>Ice Cream</desc>
<sym>Dot</sym>
<type>food</type>
</wpt>
<wpt lat="49.312650" lon="-123.082668">
<name>Perfecto Cafe</name>
<cmt>food</cmt>
<desc>Bakery / Donuts</desc>
<sym>Dot</sym>
<type>food</type>
</wpt>
<wpt lat="49.310083" lon="-123.083185">
<name>Starbucks</name>
<cmt>food</cmt>
<desc>Fast Food / Chain</desc>
<sym>Dot</sym>
<type>food</type>
</wpt>
<wpt lat="49.337816" lon="-123.102621">
<name>The Fish Counter</name>
<cmt>food</cmt>
<desc>Restaurant</desc>
<sym>Dot</sym>
<type>food</type>
</wpt>
<wpt lat="49.355619" lon="-123.106014">
<name>Chicko Chicken</name>
<cmt>food</cmt>
<desc>Fast Food / Chain</desc>
<sym>Dot</sym>
<type>food</type>
</wpt>
<wpt lat="49.320275" lon="-123.092594">
<name>Pizza Pizza</name>
<cmt>food</cmt>
<desc>Fast Food / Chain</desc>
<sym>Dot</sym>
<type>food</type>
</wpt>
<wpt lat="49.337610" lon="-123.102376">
<name>Freshslice Pizza</name>
<cmt>food</cmt>
<desc>Fast Food / Chain</desc>
<sym>Dot</sym>
<type>food</type>
</wpt>
<wpt lat="49.337803" lon="-123.102012">
<name>The Windsor Meat Company</name>
<cmt>food</cmt>
<desc>Fast Food / Chain</desc>
<sym>Dot</sym>
<type>food</type>
</wpt>
<wpt lat="49.337697" lon="-123.102508">
<name>Starbucks</name>
<cmt>food</cmt>
<desc>Fast Food / Chain</desc>
<sym>Dot</sym>
<type>food</type>
</wpt>
<wpt lat="49.336875" lon="-123.100831">
<name>Subway</name>
<cmt>food</cmt>
<desc>Fast Food / Chain</desc>
<sym>Dot</sym>
<type>food</type>
</wpt>
<wpt lat="49.337282" lon="-123.101938">
<name>Delany's Coffee House</name>
<cmt>coffee</cmt>
<desc>Café / Coffee</desc>
<sym>Dot</sym>
<type>food</type>
</wpt>
<wpt lat="49.339172" lon="-123.103953">
<name>Bufala</name>
<cmt>food</cmt>
<desc>Restaurant</desc>
<sym>Dot</sym>
<type>food</type>
</wpt>
<wpt lat="49.337509" lon="-123.102262">
<name>COBS Bread</name>
<cmt>food</cmt>
<desc>Bakery / Donuts</desc>
<sym>Dot</sym>
<type>food</type>
</wpt>
<wpt lat="49.312433" lon="-123.082210">
<name>Freshii</name>
<cmt>food</cmt>
<desc>Restaurant</desc>
<sym>Dot</sym>
<type>food</type>
</wpt>
<wpt lat="49.338676" lon="-123.103246">
<name>Thrifty Foods</name>
<cmt>convenience_store</cmt>
<desc>Grocery Store</desc>
<sym>Dot</sym>
<type>store</type>
</wpt>
<wpt lat="49.338890" lon="-123.103527">
<name>Kokomo</name>
<cmt>food</cmt>
<desc>Restaurant</desc>
<sym>Dot</sym>
<type>food</type>
</wpt>
<wpt lat="49.336972" lon="-123.101508">
<name>BjornBar Bakery - Edgemont Village</name>
<cmt>food</cmt>
<desc>Bakery / Donuts</desc>
<sym>Dot</sym>
<type>food</type>
</wpt>
<wpt lat="49.310230" lon="-123.083600">
<name>McDonald's</name>
<cmt>food</cmt>
<desc>Fast Food / Chain</desc>
<sym>Dot</sym>
<type>food</type>
</wpt>
<wpt lat="49.355633" lon="-123.105903">
<name>Sushi Mori</name>
<cmt>food</cmt>
<desc>Restaurant</desc>
<sym>Dot</sym>
<type>food</type>
</wpt>
<wpt lat="49.312566" lon="-123.082213">
<name>Boston Pizza</name>
<cmt>food</cmt>
<desc>Fast Food / Chain</desc>
<sym>Dot</sym>
<type>food</type>
</wpt>
<wpt lat="49.310175" lon="-123.082887">
<name>Little Tokyo Sushi</name>
<cmt>food</cmt>
<desc>Restaurant</desc>
<sym>Dot</sym>
<type>food</type>
</wpt>
<wpt lat="49.337443" lon="-123.102376">
<name>La Galleria Fine Foods</name>
<cmt>convenience_store</cmt>
<desc>Specialty / Health Food</desc>
<sym>Dot</sym>
<type>store</type>
</wpt>
<wpt lat="49.312319" lon="-123.083135">
<name>Cit-E Cycles</name>
<cmt>bike_shop</cmt>
<desc>Repair Shop</desc>
<sym>Dot</sym>
<type>gear</type>
</wpt>
<wpt lat="49.319676" lon="-123.090292">
<name>On the Run</name>
<cmt>convenience_store</cmt>
<desc>Convenience Store</desc>
<sym>Dot</sym>
<type>store</type>
</wpt>
<wpt lat="49.310129" lon="-123.082774">
<name>Ross Crepe &amp; Cafe</name>
<cmt>coffee</cmt>
<desc>Café / Coffee</desc>
<sym>Dot</sym>
<type>food</type>
</wpt>
<wpt lat="49.309972" lon="-123.082792">
<name>Dex Burger Bar &amp; Vinam Vietnamese Cuisine</name>
<cmt>food</cmt>
<desc>Fast Food / Chain</desc>
<sym>Dot</sym>
<type>food</type>
</wpt>
<wpt lat="49.312303" lon="-123.081870">
<name>Fresh St. Market</name>
<cmt>convenience_store</cmt>
<desc>Grocery Store</desc>
<sym>Dot</sym>
<type>store</type>
</wpt>
<wpt lat="49.310231" lon="-123.082379">
<name>Strathcona North</name>
<cmt>bar</cmt>
<desc>Brewery / Pub</desc>
<sym>Dot</sym>
<type>food</type>
</wpt>
<wpt lat="49.337336" lon="-123.102899">
<name>Capilano Library Branch</name>
<cmt>library</cmt>
<desc>Library</desc>
<sym>Dot</sym>
<type>info</type>
</wpt>
<wpt lat="49.313516" lon="-123.083343">
<name>Sailor Hägar's</name>
<cmt>bar</cmt>
<desc>Brewery / Pub</desc>
<sym>Dot</sym>
<type>food</type>
</wpt>
<wpt lat="49.337788" lon="-123.101048">
<name>Caffe Arteggiano</name>
<cmt>coffee</cmt>
<desc>Café / Coffee</desc>
<sym>Dot</sym>
<type>food</type>
</wpt>
<wpt lat="49.310148" lon="-123.082279">
<name>Hell Crust Pizza</name>
<cmt>food</cmt>
<desc>Fast Food / Chain</desc>
<sym>Dot</sym>
<type>food</type>
</wpt>
<wpt lat="49.338610" lon="-123.102180">
<name>Cantina Norte</name>
<cmt>food</cmt>
<desc>Restaurant</desc>
<sym>Dot</sym>
<type>food</type>
</wpt>
<wpt lat="49.310246" lon="-123.082195">
<name>Muffin Delight</name>
<cmt>food</cmt>
<desc>Bakery / Donuts</desc>
<sym>Dot</sym>
<type>food</type>
</wpt>
<wpt lat="49.355987" lon="-123.104982">
<name>Hardy's Grocery</name>
<cmt>convenience_store</cmt>
<desc>Convenience Store</desc>
<sym>Dot</sym>
<type>store</type>
</wpt>
<wpt lat="49.310178" lon="-123.082107">
<name>WELA Healthy Foods</name>
<cmt>food</cmt>
<desc>Fast Food / Chain</desc>
<sym>Dot</sym>
<type>food</type>
</wpt>
<wpt lat="49.309919" lon="-123.082226">
<name>King Taps</name>
<cmt>food</cmt>
<desc>Restaurant</desc>
<sym>Dot</sym>
<type>food</type>
</wpt>
<wpt lat="49.310349" lon="-123.082103">
<name>Just Fold</name>
<cmt>coffee</cmt>
<desc>Café / Coffee</desc>
<sym>Dot</sym>
<type>food</type>
</wpt>
<wpt lat="49.310128" lon="-123.082086">
<name>Fiorino</name>
<cmt>food</cmt>
<desc>Restaurant</desc>
<sym>Dot</sym>
<type>food</type>
</wpt>
<wpt lat="49.321083" lon="-123.095632">
<name>Cora</name>
<cmt>food</cmt>
<desc>Restaurant</desc>
<sym>Dot</sym>
<type>food</type>
</wpt>
<wpt lat="49.310325" lon="-123.082060">
<name>El Dorado Pies &amp; Treats</name>
<cmt>food</cmt>
<desc>Bakery / Donuts</desc>
<sym>Dot</sym>
<type>food</type>
</wpt>
<wpt lat="49.310267" lon="-123.082023">
<name>Cilantro &amp; Jalapeño</name>
<cmt>food</cmt>
<desc>Fast Food / Chain</desc>
<sym>Dot</sym>
<type>food</type>
</wpt>
<wpt lat="49.310153" lon="-123.082030">
<name>Heritage Asian Eatery</name>
<cmt>food</cmt>
<desc>Fast Food / Chain</desc>
<sym>Dot</sym>
<type>food</type>
</wpt>
<wpt lat="49.320794" lon="-123.095576">
<name>Burger King</name>
<cmt>food</cmt>
<desc>Fast Food / Chain</desc>
<sym>Dot</sym>
<type>food</type>
</wpt>
<wpt lat="49.310038" lon="-123.082053">
<name>Brazil Gourmet</name>
<cmt>food</cmt>
<desc>Fast Food / Chain</desc>
<sym>Dot</sym>
<type>food</type>
</wpt>
<wpt lat="49.310394" lon="-123.082022">
<name>Artisan Wine Shop</name>
<cmt>convenience_store</cmt>
<desc>Liquor Store</desc>
<sym>Dot</sym>
<type>store</type>
</wpt>
<wpt lat="49.310538" lon="-123.082037">
<name>COBS Bread</name>
<cmt>food</cmt>
<desc>Bakery / Donuts</desc>
<sym>Dot</sym>
<type>food</type>
</wpt>
<wpt lat="49.310236" lon="-123.081947">
<name>Le Coq Frit</name>
<cmt>food</cmt>
<desc>Fast Food / Chain</desc>
<sym>Dot</sym>
<type>food</type>
</wpt>
<wpt lat="49.310275" lon="-123.081921">
<name>Lonsdale Quay Hotel</name>
<cmt>lodging</cmt>
<desc>Hotel / Motel</desc>
<sym>Dot</sym>
<type>shelter</type>
</wpt>
<wpt lat="49.320550" lon="-123.095484">
<name>Choices Markets</name>
<cmt>convenience_store</cmt>
<desc>Grocery Store</desc>
<sym>Dot</sym>
<type>store</type>
</wpt>
<wpt lat="49.310181" lon="-123.081878">
<name>The Mainstay</name>
<cmt>bar</cmt>
<desc>Brewery / Pub</desc>
<sym>Dot</sym>
<type>food</type>
</wpt>
<wpt lat="49.310423" lon="-123.081738">
<name>Tokyo Wagyu Works</name>
<cmt>food</cmt>
<desc>Restaurant</desc>
<sym>Dot</sym>
<type>food</type>
</wpt>
<wpt lat="49.310473" lon="-123.081652">
<name>Krave Kulture Yogurt</name>
<cmt>food</cmt>
<desc>Ice Cream</desc>
<sym>Dot</sym>
<type>food</type>
</wpt>
<wpt lat="49.310457" lon="-123.081609">
<name>Butter Lane Bake Shop</name>
<cmt>food</cmt>
<desc>Bakery / Donuts</desc>
<sym>Dot</sym>
<type>food</type>
</wpt>
<wpt lat="49.312434" lon="-123.080647">
<name>John Braithwaite Community Centre</name>
<cmt>rest_stop</cmt>
<desc>Community Centre</desc>
<sym>Dot</sym>
<type>rest_area</type>
</wpt>
<wpt lat="49.336449" lon="-123.092540">
<name>Delbrook Community Recreation Centre</name>
<cmt>rest_stop</cmt>
<desc>Community Centre</desc>
<sym>Dot</sym>
<type>rest_area</type>
</wpt>
<wpt lat="49.343237" lon="-123.113870">
<name>Cliffhouse Restaurant</name>
<cmt>food</cmt>
<desc>Restaurant</desc>
<sym>Dot</sym>
<type>food</type>
</wpt>
<wpt lat="49.310698" lon="-123.081298">
<name>Shipyards Coffee</name>
<cmt>coffee</cmt>
<desc>Café / Coffee</desc>
<sym>Dot</sym>
<type>food</type>
</wpt>
<wpt lat="49.336376" lon="-123.092196">
<name>Blenz Coffee</name>
<cmt>coffee</cmt>
<desc>Café / Coffee</desc>
<sym>Dot</sym>
<type>food</type>
</wpt>
<wpt lat="49.311734" lon="-123.080515">
<name>BC Liquor</name>
<cmt>convenience_store</cmt>
<desc>Liquor Store</desc>
<sym>Dot</sym>
<type>store</type>
</wpt>
<wpt lat="49.311082" lon="-123.081236">
<name>Catch 122</name>
<cmt>food</cmt>
<desc>Restaurant</desc>
<sym>Dot</sym>
<type>food</type>
</wpt>
<wpt lat="49.311702" lon="-123.080430">
<name>Tim Hortons</name>
<cmt>food</cmt>
<desc>Fast Food / Chain</desc>
<sym>Dot</sym>
<type>food</type>
</wpt>
<wpt lat="49.310516" lon="-123.080919">
<name>The Polygon Gallery</name>
<cmt>monument</cmt>
<desc>Museum / Gallery</desc>
<sym>Dot</sym>
<type>info</type>
</wpt>
<wpt lat="49.311654" lon="-123.080344">
<name>Freshslice Pizza</name>
<cmt>food</cmt>
<desc>Fast Food / Chain</desc>
<sym>Dot</sym>
<type>food</type>
</wpt>
<wpt lat="49.310452" lon="-123.080813">
<name>Nemesis</name>
<cmt>coffee</cmt>
<desc>Café / Coffee</desc>
<sym>Dot</sym>
<type>food</type>
</wpt>
<wpt lat="49.310978" lon="-123.080987">
<name>Inuit Gallery Of Vancouver</name>
<cmt>monument</cmt>
<desc>Museum / Gallery</desc>
<sym>Dot</sym>
<type>info</type>
</wpt>
<wpt lat="49.332713" lon="-123.090534">
<name>Safeway</name>
<cmt>convenience_store</cmt>
<desc>Grocery Store</desc>
<sym>Dot</sym>
<type>store</type>
</wpt>
<wpt lat="49.312196" lon="-123.079891">
<name>Earnest Ice Cream</name>
<cmt>food</cmt>
<desc>Ice Cream</desc>
<sym>Dot</sym>
<type>food</type>
</wpt>
<wpt lat="49.311281" lon="-123.080481">
<name>Museum Of North Vancouver</name>
<cmt>monument</cmt>
<desc>Museum / Gallery</desc>
<sym>Dot</sym>
<type>info</type>
</wpt>
<wpt lat="49.311534" lon="-123.080150">
<name>Big Way Hot Pot</name>
<cmt>food</cmt>
<desc>Restaurant</desc>
<sym>Dot</sym>
<type>food</type>
</wpt>
<wpt lat="49.333055" lon="-123.090421">
<name>Westview Bakery</name>
<cmt>food</cmt>
<desc>Bakery / Donuts</desc>
<sym>Dot</sym>
<type>food</type>
</wpt>
<wpt lat="49.342360" lon="-123.113860">
<name>Cliff House Restaurant &amp; Bar</name>
<cmt>food</cmt>
<desc>Restaurant</desc>
<sym>Dot</sym>
<type>food</type>
</wpt>
<wpt lat="49.342367" lon="-123.113969">
<name>Beary Waffles</name>
<cmt>coffee</cmt>
<desc>Café / Coffee</desc>
<sym>Dot</sym>
<type>food</type>
</wpt>
<wpt lat="49.333200" lon="-123.090371">
<name>BC Liquor</name>
<cmt>convenience_store</cmt>
<desc>Liquor Store</desc>
<sym>Dot</sym>
<type>store</type>
</wpt>
<wpt lat="49.310568" lon="-123.080334">
<name>Sempre Uno</name>
<cmt>food</cmt>
<desc>Restaurant</desc>
<sym>Dot</sym>
<type>food</type>
</wpt>
<wpt lat="49.312059" lon="-123.079549">
<name>The Green Leaf Aburi Sushi</name>
<cmt>food</cmt>
<desc>Restaurant</desc>
<sym>Dot</sym>
<type>food</type>
</wpt>
<wpt lat="49.309668" lon="-123.080315">
<name>Pier 7</name>
<cmt>bar</cmt>
<desc>Brewery / Pub</desc>
<sym>Dot</sym>
<type>food</type>
</wpt>
<wpt lat="49.321320" lon="-123.097567">
<name>Save-On-Foods</name>
<cmt>convenience_store</cmt>
<desc>Grocery Store</desc>
<sym>Dot</sym>
<type>store</type>
</wpt>
<wpt lat="49.310685" lon="-123.080197">
<name>Anatoli Souvlaki</name>
<cmt>food</cmt>
<desc>Restaurant</desc>
<sym>Dot</sym>
<type>food</type>
</wpt>
<wpt lat="49.312004" lon="-123.079397">
<name>Dave &amp; Mel's Pizzeria</name>
<cmt>food</cmt>
<desc>Fast Food / Chain</desc>
<sym>Dot</sym>
<type>food</type>
</wpt>
<wpt lat="49.312362" lon="-123.079310">
<name>Lee's Donuts</name>
<cmt>food</cmt>
<desc>Bakery / Donuts</desc>
<sym>Dot</sym>
<type>food</type>
</wpt>
<wpt lat="49.333197" lon="-123.090121">
<name>Running Room</name>
<cmt>convenience_store</cmt>
<desc>Outdoor Gear</desc>
<sym>Dot</sym>
<type>store</type>
</wpt>
<wpt lat="49.310159" lon="-123.080058">
<name>Tap &amp; Barrel</name>
<cmt>food</cmt>
<desc>Restaurant</desc>
<sym>Dot</sym>
<type>food</type>
</wpt>
<wpt lat="49.317058" lon="-123.092641">
<name>Black Kettle Tasting Lounge</name>
<cmt>bar</cmt>
<desc>Brewery / Pub</desc>
<sym>Dot</sym>
<type>food</type>
</wpt>
<wpt lat="49.317074" lon="-123.092766">
<name>Black Kettle Brewing</name>
<cmt>bar</cmt>
<desc>Brewery / Pub</desc>
<sym>Dot</sym>
<type>food</type>
</wpt>
<wpt lat="49.312263" lon="-123.079091">
<name>Foxy Farm Market</name>
<cmt>convenience_store</cmt>
<desc>Farmers' Market</desc>
<sym>Dot</sym>
<type>store</type>
</wpt>
<wpt lat="49.310885" lon="-123.079982">
<name>Raglan's Bistro</name>
<cmt>food</cmt>
<desc>Restaurant</desc>
<sym>Dot</sym>
<type>food</type>
</wpt>
<wpt lat="49.312203" lon="-123.078959">
<name>Buddha-full - Lonsdale</name>
<cmt>food</cmt>
<desc>Restaurant</desc>
<sym>Dot</sym>
<type>food</type>
</wpt>
<wpt lat="49.311725" lon="-123.079095">
<name>Jägerhof</name>
<cmt>food</cmt>
<desc>Restaurant</desc>
<sym>Dot</sym>
<type>food</type>
</wpt>
<wpt lat="49.311744" lon="-123.079078">
<name>Fishworks</name>
<cmt>food</cmt>
<desc>Restaurant</desc>
<sym>Dot</sym>
<type>food</type>
</wpt>
<wpt lat="49.311839" lon="-123.078991">
<name>49th Parallel Coffee Roasters</name>
<cmt>coffee</cmt>
<desc>Café / Coffee</desc>
<sym>Dot</sym>
<type>food</type>
</wpt>
<wpt lat="49.333142" lon="-123.089536">
<name>Kin's Farm Market</name>
<cmt>convenience_store</cmt>
<desc>Farmers' Market</desc>
<sym>Dot</sym>
<type>store</type>
</wpt>
<wpt lat="49.321666" lon="-123.098158">
<name>Pizza Hut</name>
<cmt>food</cmt>
<desc>Fast Food / Chain</desc>
<sym>Dot</sym>
<type>food</type>
</wpt>
<wpt lat="49.356915" lon="-123.110263">
<name>Capilano River Hatchery</name>
<cmt>park</cmt>
<desc>Park / Nature</desc>
<sym>Dot</sym>
<type>rest_area</type>
</wpt>
<wpt lat="49.333136" lon="-123.089391">
<name>Bean Around the World</name>
<cmt>coffee</cmt>
<desc>Café / Coffee</desc>
<sym>Dot</sym>
<type>food</type>
</wpt>
<wpt lat="49.312177" lon="-123.078633">
<name>Mr. Sushi</name>
<cmt>food</cmt>
<desc>Restaurant</desc>
<sym>Dot</sym>
<type>food</type>
</wpt>
<wpt lat="49.312786" lon="-123.078456">
<name>Dolce Amore - LoLo</name>
<cmt>food</cmt>
<desc>Ice Cream</desc>
<sym>Dot</sym>
<type>food</type>
</wpt>
<wpt lat="49.311692" lon="-123.078553">
<name>Lucky's Exotic Bodega</name>
<cmt>convenience_store</cmt>
<desc>Convenience Store</desc>
<sym>Dot</sym>
<type>store</type>
</wpt>
<wpt lat="49.309511" lon="-123.079277">
<name>Caffè Artigiano</name>
<cmt>coffee</cmt>
<desc>Café / Coffee</desc>
<sym>Dot</sym>
<type>food</type>
</wpt>
<wpt lat="49.312520" lon="-123.078284">
<name>Quesada</name>
<cmt>food</cmt>
<desc>Fast Food / Chain</desc>
<sym>Dot</sym>
<type>food</type>
</wpt>
<wpt lat="49.310157" lon="-123.079058">
<name>Nook Restaurant</name>
<cmt>food</cmt>
<desc>Restaurant</desc>
<sym>Dot</sym>
<type>food</type>
</wpt>
<wpt lat="49.322978" lon="-123.098615">
<name>A&amp;W</name>
<cmt>food</cmt>
<desc>Fast Food / Chain</desc>
<sym>Dot</sym>
<type>food</type>
</wpt>
<wpt lat="49.311905" lon="-123.078315">
<name>Jam Cafe</name>
<cmt>food</cmt>
<desc>Restaurant</desc>
<sym>Dot</sym>
<type>food</type>
</wpt>
<wpt lat="49.309820" lon="-123.079018">
<name>The Shipyards Skate Plaza</name>
<cmt>rest_stop</cmt>
<desc>Community Centre</desc>
<sym>Dot</sym>
<type>rest_area</type>
</wpt>
<wpt lat="49.312654" lon="-123.078181">
<name>Browns Socialhouse</name>
<cmt>food</cmt>
<desc>Restaurant</desc>
<sym>Dot</sym>
<type>food</type>
</wpt>
<wpt lat="49.309410" lon="-123.079117">
<name>Seaside Hotel</name>
<cmt>lodging</cmt>
<desc>Hotel / Motel</desc>
<sym>Dot</sym>
<type>shelter</type>
</wpt>
<wpt lat="49.311302" lon="-123.078451">
<name>Cream Pony</name>
<cmt>food</cmt>
<desc>Fast Food / Chain</desc>
<sym>Dot</sym>
<type>food</type>
</wpt>
<wpt lat="49.322142" lon="-123.098658">
<name>Khaghan Restaurant</name>
<cmt>food</cmt>
<desc>Restaurant</desc>
<sym>Dot</sym>
<type>food</type>
</wpt>
<wpt lat="49.332950" lon="-123.088484">
<name>McDonald's</name>
<cmt>food</cmt>
<desc>Fast Food / Chain</desc>
<sym>Dot</sym>
<type>food</type>
</wpt>
<wpt lat="49.333021" lon="-123.088524">
<name>Westview Fresh Pizza</name>
<cmt>food</cmt>
<desc>Fast Food / Chain</desc>
<sym>Dot</sym>
<type>food</type>
</wpt>
<wpt lat="49.309530" lon="-123.078925">
<name>Joey</name>
<cmt>food</cmt>
<desc>Restaurant</desc>
<sym>Dot</sym>
<type>food</type>
</wpt>
<wpt lat="49.310200" lon="-123.078764">
<name>Reckless Shipyards</name>
<cmt>bike_shop</cmt>
<desc>Repair Shop</desc>
<sym>Dot</sym>
<type>gear</type>
</wpt>
<wpt lat="49.333123" lon="-123.088523">
<name>Hamaei Japanese Menu</name>
<cmt>food</cmt>
<desc>Restaurant</desc>
<sym>Dot</sym>
<type>food</type>
</wpt>
<wpt lat="49.312302" lon="-123.077940">
<name>Kim's Family Korean Restaurant</name>
<cmt>food</cmt>
<desc>Restaurant</desc>
<sym>Dot</sym>
<type>food</type>
</wpt>
<wpt lat="49.314727" lon="-123.079596">
<name>Fraternal Order of Eagles Aerie 2638</name>
<cmt>bar</cmt>
<desc>Brewery / Pub</desc>
<sym>Dot</sym>
<type>food</type>
</wpt>
<wpt lat="49.309645" lon="-123.078799">
<name>Carpe Grill &amp; Diner</name>
<cmt>food</cmt>
<desc>Restaurant</desc>
<sym>Dot</sym>
<type>food</type>
</wpt>
<wpt lat="49.313796" lon="-123.078372">
<name>Minemura Sushi</name>
<cmt>food</cmt>
<desc>Restaurant</desc>
<sym>Dot</sym>
<type>food</type>
</wpt>
<wpt lat="49.333406" lon="-123.088697">
<name>Westview Oriental</name>
<cmt>food</cmt>
<desc>Restaurant</desc>
<sym>Dot</sym>
<type>food</type>
</wpt>
<wpt lat="49.309778" lon="-123.078664">
<name>Welcome Parlour Ice Cream</name>
<cmt>food</cmt>
<desc>Ice Cream</desc>
<sym>Dot</sym>
<type>food</type>
</wpt>
<wpt lat="49.313741" lon="-123.078227">
<name>Golestan Bakery</name>
<cmt>food</cmt>
<desc>Bakery / Donuts</desc>
<sym>Dot</sym>
<type>food</type>
</wpt>
<wpt lat="49.310268" lon="-123.078552">
<name>Pinnacle Hotel at the Pier</name>
<cmt>lodging</cmt>
<desc>Hotel / Motel</desc>
<sym>Dot</sym>
<type>shelter</type>
</wpt>
<wpt lat="49.314964" lon="-123.079798">
<name>7-Eleven</name>
<cmt>convenience_store</cmt>
<desc>Convenience Store</desc>
<sym>Dot</sym>
<type>store</type>
</wpt>
<wpt lat="49.312476" lon="-123.077748">
<name>Sushi Bella</name>
<cmt>food</cmt>
<desc>Restaurant</desc>
<sym>Dot</sym>
<type>food</type>
</wpt>
<wpt lat="49.309863" lon="-123.078566">
<name>Provisions Italiana</name>
<cmt>food</cmt>
<desc>Restaurant</desc>
<sym>Dot</sym>
<type>food</type>
</wpt>
<wpt lat="49.322965" lon="-123.099166">
<name>Crispy</name>
<cmt>food</cmt>
<desc>Restaurant</desc>
<sym>Dot</sym>
<type>food</type>
</wpt>
<wpt lat="49.313217" lon="-123.077808">
<name>Mi Tierra Latina</name>
<cmt>convenience_store</cmt>
<desc>Specialty / Health Food</desc>
<sym>Dot</sym>
<type>store</type>
</wpt>
<wpt lat="49.311243" lon="-123.078003">
<name>Streetcar Tasting Room</name>
<cmt>bar</cmt>
<desc>Brewery / Pub</desc>
<sym>Dot</sym>
<type>food</type>
</wpt>
<wpt lat="49.311287" lon="-123.077945">
<name>Streetcar Brewing</name>
<cmt>bar</cmt>
<desc>Brewery / Pub</desc>
<sym>Dot</sym>
<type>food</type>
</wpt>
<wpt lat="49.323447" lon="-123.099377">
<name>Yummy Donair &amp; Kebab</name>
<cmt>food</cmt>
<desc>Restaurant</desc>
<sym>Dot</sym>
<type>food</type>
</wpt>
<wpt lat="49.312363" lon="-123.077467">
<name>Chicken Box</name>
<cmt>food</cmt>
<desc>Fast Food / Chain</desc>
<sym>Dot</sym>
<type>food</type>
</wpt>
<wpt lat="49.312682" lon="-123.077478">
<name>Gringo</name>
<cmt>food</cmt>
<desc>Restaurant</desc>
<sym>Dot</sym>
<type>food</type>
</wpt>
<wpt lat="49.314328" lon="-123.078187">
<name>Mythos Taverna</name>
<cmt>food</cmt>
<desc>Restaurant</desc>
<sym>Dot</sym>
<type>food</type>
</wpt>
<wpt lat="49.312223" lon="-123.077183">
<name>Farina a Legna</name>
<cmt>food</cmt>
<desc>Restaurant</desc>
<sym>Dot</sym>
<type>food</type>
</wpt>
<wpt lat="49.342410" lon="-123.116977">
<name>Capilano Suspension Bridge Park</name>
<cmt>park</cmt>
<desc>Park / Nature</desc>
<sym>Dot</sym>
<type>rest_area</type>
</wpt>
<wpt lat="49.313023" lon="-123.077144">
<name>Tsukiji Kitchen</name>
<cmt>food</cmt>
<desc>Restaurant</desc>
<sym>Dot</sym>
<type>food</type>
</wpt>
<wpt lat="49.313141" lon="-123.076821">
<name>Subway</name>
<cmt>food</cmt>
<desc>Fast Food / Chain</desc>
<sym>Dot</sym>
<type>food</type>
</wpt>
<wpt lat="49.311888" lon="-123.076550">
<name>Coral Court Szechuan Cuisine</name>
<cmt>food</cmt>
<desc>Restaurant</desc>
<sym>Dot</sym>
<type>food</type>
</wpt>
<wpt lat="49.311864" lon="-123.076493">
<name>South Castle Korean Restaurant</name>
<cmt>food</cmt>
<desc>Restaurant</desc>
<sym>Dot</sym>
<type>food</type>
</wpt>
<wpt lat="49.311847" lon="-123.076443">
<name>The Peri Peri Shack: Flame Grilled Chicken</name>
<cmt>food</cmt>
<desc>Fast Food / Chain</desc>
<sym>Dot</sym>
<type>food</type>
</wpt>
<wpt lat="49.318679" lon="-123.099257">
<name>SABOOS BREAD</name>
<cmt>food</cmt>
<desc>Bakery / Donuts</desc>
<sym>Dot</sym>
<type>food</type>
</wpt>
<wpt lat="49.323248" lon="-123.101037">
<name>Ming's Garden</name>
<cmt>food</cmt>
<desc>Restaurant</desc>
<sym>Dot</sym>
<type>food</type>
</wpt>
<wpt lat="49.312703" lon="-123.075859">
<name>Alloz Grill</name>
<cmt>food</cmt>
<desc>Restaurant</desc>
<sym>Dot</sym>
<type>food</type>
</wpt>
<wpt lat="49.321154" lon="-123.101122">
<name>BC Liquor Store</name>
<cmt>convenience_store</cmt>
<desc>Liquor Store</desc>
<sym>Dot</sym>
<type>store</type>
</wpt>
<wpt lat="49.320873" lon="-123.101168">
<name>Walmart</name>
<cmt>convenience_store</cmt>
<desc>Grocery Store</desc>
<sym>Dot</sym>
<type>store</type>
</wpt>
<wpt lat="49.321481" lon="-123.101287">
<name>Kin's Farm Market</name>
<cmt>convenience_store</cmt>
<desc>Farmers' Market</desc>
<sym>Dot</sym>
<type>store</type>
</wpt>
<wpt lat="49.323197" lon="-123.101271">
<name>Steed Cycles</name>
<cmt>bike_shop</cmt>
<desc>Repair Shop</desc>
<sym>Dot</sym>
<type>gear</type>
</wpt>
<wpt lat="49.321361" lon="-123.101367">
<name>COBS Bread</name>
<cmt>food</cmt>
<desc>Bakery / Donuts</desc>
<sym>Dot</sym>
<type>food</type>
</wpt>
<wpt lat="49.279001" lon="-122.843659">
<name>Blaze Gourmet Burgers</name>
<cmt>food</cmt>
<desc>Restaurant</desc>
<sym>Dot</sym>
<type>food</type>
</wpt>
<wpt lat="49.277667" lon="-122.859512">
<name>Osteria Povera</name>
<cmt>food</cmt>
<desc>Restaurant</desc>
<sym>Dot</sym>
<type>food</type>
</wpt>
<wpt lat="49.282666" lon="-122.826978">
<name>Brown's Social House</name>
<cmt>bar</cmt>
<desc>Brewery / Pub</desc>
<sym>Dot</sym>
<type>food</type>
</wpt>
<wpt lat="49.277612" lon="-122.851120">
<name>Andes Latin Foods</name>
<cmt>convenience_store</cmt>
<desc>Specialty / Health Food</desc>
<sym>Dot</sym>
<type>store</type>
</wpt>
<wpt lat="49.282609" lon="-122.826068">
<name>Casa Del Pane Italian Bakery</name>
<cmt>food</cmt>
<desc>Bakery / Donuts</desc>
<sym>Dot</sym>
<type>food</type>
</wpt>
<wpt lat="49.277612" lon="-122.850515">
<name>Hard Bean Brunch Co.</name>
<cmt>food</cmt>
<desc>Restaurant</desc>
<sym>Dot</sym>
<type>food</type>
</wpt>
<wpt lat="49.279115" lon="-122.846503">
<name>The Canteen</name>
<cmt>coffee</cmt>
<desc>Café / Coffee</desc>
<sym>Dot</sym>
<type>food</type>
</wpt>
<wpt lat="49.282706" lon="-122.825930">
<name>Kin's Farm Market</name>
<cmt>convenience_store</cmt>
<desc>Farmers' Market</desc>
<sym>Dot</sym>
<type>store</type>
</wpt>
<wpt lat="49.277643" lon="-122.859236">
<name>Cascadia Bakehouse</name>
<cmt>food</cmt>
<desc>Bakery / Donuts</desc>
<sym>Dot</sym>
<type>food</type>
</wpt>
<wpt lat="49.282420" lon="-122.826340">
<name>Gallagher's Cafe</name>
<cmt>coffee</cmt>
<desc>Café / Coffee</desc>
<sym>Dot</sym>
<type>food</type>
</wpt>
<wpt lat="49.277495" lon="-122.862072">
<name>Originals Mexicano</name>
<cmt>food</cmt>
<desc>Restaurant</desc>
<sym>Dot</sym>
<type>food</type>
</wpt>
<wpt lat="49.282786" lon="-122.827076">
<name>Newport Liquor Merchants</name>
<cmt>convenience_store</cmt>
<desc>Liquor Store</desc>
<sym>Dot</sym>
<type>store</type>
</wpt>
<wpt lat="49.279725" lon="-122.849495">
<name>Rocky Point Swimming Pool</name>
<cmt>rest_stop</cmt>
<desc>Community Centre</desc>
<sym>Dot</sym>
<type>rest_area</type>
</wpt>
<wpt lat="49.277532" lon="-122.858334">
<name>Grit Studio</name>
<cmt>coffee</cmt>
<desc>Café / Coffee</desc>
<sym>Dot</sym>
<type>food</type>
</wpt>
<wpt lat="49.278661" lon="-122.849310">
<name>Rewind Beer Co</name>
<cmt>bar</cmt>
<desc>Brewery / Pub</desc>
<sym>Dot</sym>
<type>food</type>
</wpt>
<wpt lat="49.278659" lon="-122.849220">
<name>Hightop Pizza</name>
<cmt>food</cmt>
<desc>Restaurant</desc>
<sym>Dot</sym>
<type>food</type>
</wpt>
<wpt lat="49.278651" lon="-122.844490">
<name>Africa Trading</name>
<cmt>convenience_store</cmt>
<desc>Specialty / Health Food</desc>
<sym>Dot</sym>
<type>store</type>
</wpt>
<wpt lat="49.278653" lon="-122.849512">
<name>Rocky Point Spirits</name>
<cmt>bar</cmt>
<desc>Brewery / Pub</desc>
<sym>Dot</sym>
<type>food</type>
</wpt>
<wpt lat="49.278642" lon="-122.844138">
<name>The Funky Monkey Food Corp.</name>
<cmt>coffee</cmt>
<desc>Café / Coffee</desc>
<sym>Dot</sym>
<type>food</type>
</wpt>
<wpt lat="49.278553" lon="-122.849598">
<name>The Parkside Brewery</name>
<cmt>bar</cmt>
<desc>Brewery / Pub</desc>
<sym>Dot</sym>
<type>food</type>
</wpt>
<wpt lat="49.277360" lon="-122.850449">
<name>Sweet Talk</name>
<cmt>coffee</cmt>
<desc>Café / Coffee</desc>
<sym>Dot</sym>
<type>food</type>
</wpt>
<wpt lat="49.280079" lon="-122.850100">
<name>Pajo's Fish &amp; Chips</name>
<cmt>food</cmt>
<desc>Fast Food / Chain</desc>
<sym>Dot</sym>
<type>food</type>
</wpt>
<wpt lat="49.278639" lon="-122.840603">
<name>Elmo Baking Co.</name>
<cmt>food</cmt>
<desc>Bakery / Donuts</desc>
<sym>Dot</sym>
<type>food</type>
</wpt>
<wpt lat="49.278632" lon="-122.840499">
<name>Mama Said Pizza Co.</name>
<cmt>food</cmt>
<desc>Restaurant</desc>
<sym>Dot</sym>
<type>food</type>
</wpt>
<wpt lat="49.279478" lon="-122.849409">
<name>Rocky Point Ice Cream</name>
<cmt>food</cmt>
<desc>Ice Cream</desc>
<sym>Dot</sym>
<type>food</type>
</wpt>
<wpt lat="49.282308" lon="-122.826140">
<name>Freshslice Pizza</name>
<cmt>food</cmt>
<desc>Fast Food / Chain</desc>
<sym>Dot</sym>
<type>food</type>
</wpt>
<wpt lat="49.278605" lon="-122.840101">
<name>The One Sixty Wine Bar &amp; Cafe</name>
<cmt>food</cmt>
<desc>Restaurant</desc>
<sym>Dot</sym>
<type>food</type>
</wpt>
<wpt lat="49.282517" lon="-122.829650">
<name>Port Moody Public Library</name>
<cmt>library</cmt>
<desc>Library</desc>
<sym>Dot</sym>
<type>info</type>
</wpt>
<wpt lat="49.278541" lon="-122.848401">
<name>Twin Sails Brewery</name>
<cmt>bar</cmt>
<desc>Brewery / Pub</desc>
<sym>Dot</sym>
<type>food</type>
</wpt>
<wpt lat="49.278539" lon="-122.848708">
<name>Yellow Dog Brewing</name>
<cmt>bar</cmt>
<desc>Brewery / Pub</desc>
<sym>Dot</sym>
<type>food</type>
</wpt>
<wpt lat="49.282316" lon="-122.825861">
<name>St. James Well Pub</name>
<cmt>bar</cmt>
<desc>Brewery / Pub</desc>
<sym>Dot</sym>
<type>food</type>
</wpt>
<wpt lat="49.282578" lon="-122.825500">
<name>Murasaki</name>
<cmt>food</cmt>
<desc>Restaurant</desc>
<sym>Dot</sym>
<type>food</type>
</wpt>
<wpt lat="49.278461" lon="-122.849375">
<name>Rewind Beer Co</name>
<cmt>bar</cmt>
<desc>Brewery / Pub</desc>
<sym>Dot</sym>
<type>food</type>
</wpt>
<wpt lat="49.282658" lon="-122.825386">
<name>Vera's Burger Shack</name>
<cmt>food</cmt>
<desc>Restaurant</desc>
<sym>Dot</sym>
<type>food</type>
</wpt>
<wpt lat="49.277170" lon="-122.850489">
<name>Taps &amp; Tacos</name>
<cmt>food</cmt>
<desc>Restaurant</desc>
<sym>Dot</sym>
<type>food</type>
</wpt>
<wpt lat="49.291540" lon="-122.881505">
<name>Float30</name>
<cmt>food</cmt>
<desc>Restaurant</desc>
<sym>Dot</sym>
<type>food</type>
</wpt>
<wpt lat="49.279331" lon="-122.850984">
<name>PoMo Museum</name>
<cmt>monument</cmt>
<desc>Museum / Gallery</desc>
<sym>Dot</sym>
<type>info</type>
</wpt>
<wpt lat="49.277123" lon="-122.852110">
<name>On the Run</name>
<cmt>convenience_store</cmt>
<desc>Convenience Store</desc>
<sym>Dot</sym>
<type>store</type>
</wpt>
<wpt lat="49.283924" lon="-122.826928">
<name>Hanayuki Sushi</name>
<cmt>food</cmt>
<desc>Restaurant</desc>
<sym>Dot</sym>
<type>food</type>
</wpt>
<wpt lat="49.278667" lon="-122.851203">
<name>The Parkside Brewery</name>
<cmt>bar</cmt>
<desc>Brewery / Pub</desc>
<sym>Dot</sym>
<type>food</type>
</wpt>
<wpt lat="49.276982" lon="-122.855010">
<name>A&amp;W</name>
<cmt>food</cmt>
<desc>Fast Food / Chain</desc>
<sym>Dot</sym>
<type>food</type>
</wpt>
<wpt lat="49.276981" lon="-122.857362">
<name>Wings Port Moody</name>
<cmt>bar</cmt>
<desc>Brewery / Pub</desc>
<sym>Dot</sym>
<type>food</type>
</wpt>
<wpt lat="49.276983" lon="-122.857998">
<name>Lougheed Wonton Restaurant</name>
<cmt>food</cmt>
<desc>Restaurant</desc>
<sym>Dot</sym>
<type>food</type>
</wpt>
<wpt lat="49.276899" lon="-122.855850">
<name>Saint St Grill</name>
<cmt>food</cmt>
<desc>Restaurant</desc>
<sym>Dot</sym>
<type>food</type>
</wpt>
<wpt lat="49.276896" lon="-122.856431">
<name>Black Sugar Coffee House</name>
<cmt>coffee</cmt>
<desc>Café / Coffee</desc>
<sym>Dot</sym>
<type>food</type>
</wpt>
<wpt lat="49.276864" lon="-122.852731">
<name>Kaffi Espresso Bar</name>
<cmt>coffee</cmt>
<desc>Café / Coffee</desc>
<sym>Dot</sym>
<type>food</type>
</wpt>
<wpt lat="49.282448" lon="-122.831862">
<name>Port Moody Recreation Complex</name>
<cmt>rest_stop</cmt>
<desc>Community Centre</desc>
<sym>Dot</sym>
<type>rest_area</type>
</wpt>
<wpt lat="49.277040" lon="-122.848917">
<name>Aroy Thai</name>
<cmt>food</cmt>
<desc>Restaurant</desc>
<sym>Dot</sym>
<type>food</type>
</wpt>
<wpt lat="49.276920" lon="-122.849028">
<name>Subway</name>
<cmt>food</cmt>
<desc>Fast Food / Chain</desc>
<sym>Dot</sym>
<type>food</type>
</wpt>
<wpt lat="49.277045" lon="-122.848659">
<name>Royal Donair</name>
<cmt>food</cmt>
<desc>Fast Food / Chain</desc>
<sym>Dot</sym>
<type>food</type>
</wpt>
<wpt lat="49.278601" lon="-122.837755">
<name>Caffe Divano</name>
<cmt>food</cmt>
<desc>Restaurant</desc>
<sym>Dot</sym>
<type>food</type>
</wpt>
<wpt lat="49.278601" lon="-122.837755">
<name>Caffé Divano</name>
<cmt>coffee</cmt>
<desc>Café / Coffee</desc>
<sym>Dot</sym>
<type>food</type>
</wpt>
<wpt lat="49.283774" lon="-122.827984">
<name>Starbucks</name>
<cmt>food</cmt>
<desc>Fast Food / Chain</desc>
<sym>Dot</sym>
<type>food</type>
</wpt>
<wpt lat="49.276427" lon="-122.849875">
<name>Pizzeria Spacca Napoli</name>
<cmt>food</cmt>
<desc>Restaurant</desc>
<sym>Dot</sym>
<type>food</type>
</wpt>
<wpt lat="49.276504" lon="-122.853330">
<name>Oh Sweet Day</name>
<cmt>food</cmt>
<desc>Bakery / Donuts</desc>
<sym>Dot</sym>
<type>food</type>
</wpt>
<wpt lat="49.276460" lon="-122.857633">
<name>Vashti Rose</name>
<cmt>food</cmt>
<desc>Ice Cream</desc>
<sym>Dot</sym>
<type>food</type>
</wpt>
<wpt lat="49.276382" lon="-122.857784">
<name>Golphis Steak &amp; Lobster</name>
<cmt>food</cmt>
<desc>Restaurant</desc>
<sym>Dot</sym>
<type>food</type>
</wpt>
<wpt lat="49.276313" lon="-122.857254">
<name>Port Moody Arts Centre (Old City Hall)</name>
<cmt>rest_stop</cmt>
<desc>Community Centre</desc>
<sym>Dot</sym>
<type>rest_area</type>
</wpt>
<wpt lat="49.276049" lon="-122.857909">
<name>Kyle Recreation Centre</name>
<cmt>monument</cmt>
<desc>Museum / Gallery</desc>
<sym>Dot</sym>
<type>info</type>
</wpt>
<wpt lat="49.277070" lon="-122.843537">
<name>Train Wreck Brewing</name>
<cmt>bar</cmt>
<desc>Brewery / Pub</desc>
<sym>Dot</sym>
<type>food</type>
</wpt>
<wpt lat="49.280335" lon="-122.828152">
<name>BC Liquor Store</name>
<cmt>convenience_store</cmt>
<desc>Liquor Store</desc>
<sym>Dot</sym>
<type>store</type>
</wpt>
<wpt lat="49.276952" lon="-122.841126">
<name>Petro-Canada</name>
<cmt>convenience_store</cmt>
<desc>Convenience Store</desc>
<sym>Dot</sym>
<type>store</type>
</wpt>
<wpt lat="49.276951" lon="-122.844116">
<name>Cit-E Cycles</name>
<cmt>bike_shop</cmt>
<desc>Repair Shop</desc>
<sym>Dot</sym>
<type>gear</type>
</wpt>
<wpt lat="49.276925" lon="-122.843400">
<name>Train Wreck Brewing + BBQ</name>
<cmt>bar</cmt>
<desc>Brewery / Pub</desc>
<sym>Dot</sym>
<type>food</type>
</wpt>
<wpt lat="49.280132" lon="-122.828151">
<name>Mary Brown's</name>
<cmt>food</cmt>
<desc>Fast Food / Chain</desc>
<sym>Dot</sym>
<type>food</type>
</wpt>
<wpt lat="49.280062" lon="-122.828522">
<name>Sushi Mura</name>
<cmt>food</cmt>
<desc>Restaurant</desc>
<sym>Dot</sym>
<type>food</type>
</wpt>
<wpt lat="49.279547" lon="-122.829310">
<name>Romer's Burger Bar</name>
<cmt>food</cmt>
<desc>Restaurant</desc>
<sym>Dot</sym>
<type>food</type>
</wpt>
<wpt lat="49.279953" lon="-122.828148">
<name>COBS Bread</name>
<cmt>food</cmt>
<desc>Bakery / Donuts</desc>
<sym>Dot</sym>
<type>food</type>
</wpt>
<wpt lat="49.276482" lon="-122.843040">
<name>McDonald's</name>
<cmt>food</cmt>
<desc>Fast Food / Chain</desc>
<sym>Dot</sym>
<type>food</type>
</wpt>
<wpt lat="49.276482" lon="-122.845240">
<name>Outpost</name>
<cmt>coffee</cmt>
<desc>Café / Coffee</desc>
<sym>Dot</sym>
<type>food</type>
</wpt>
<wpt lat="49.276434" lon="-122.843475">
<name>Sushi Modo</name>
<cmt>food</cmt>
<desc>Restaurant</desc>
<sym>Dot</sym>
<type>food</type>
</wpt>
<wpt lat="49.279728" lon="-122.828027">
<name>Thrifty Foods</name>
<cmt>convenience_store</cmt>
<desc>Grocery Store</desc>
<sym>Dot</sym>
<type>store</type>
</wpt>
<wpt lat="49.279051" lon="-122.829261">
<name>Freshii</name>
<cmt>food</cmt>
<desc>Restaurant</desc>
<sym>Dot</sym>
<type>food</type>
</wpt>
<wpt lat="49.276336" lon="-122.846517">
<name>Port Moody Liquor Store</name>
<cmt>convenience_store</cmt>
<desc>Liquor Store</desc>
<sym>Dot</sym>
<type>store</type>
</wpt>
<wpt lat="49.276301" lon="-122.844208">
<name>Domino's</name>
<cmt>food</cmt>
<desc>Fast Food / Chain</desc>
<sym>Dot</sym>
<type>food</type>
</wpt>
<wpt lat="49.276305" lon="-122.846062">
<name>Sergio's Pizza</name>
<cmt>food</cmt>
<desc>Fast Food / Chain</desc>
<sym>Dot</sym>
<type>food</type>
</wpt>
<wpt lat="49.276305" lon="-122.846062">
<name>7-Eleven</name>
<cmt>convenience_store</cmt>
<desc>Convenience Store</desc>
<sym>Dot</sym>
<type>store</type>
</wpt>
<wpt lat="49.279616" lon="-122.828549">
<name>Kokomo</name>
<cmt>food</cmt>
<desc>Restaurant</desc>
<sym>Dot</sym>
<type>food</type>
</wpt>
<wpt lat="49.276269" lon="-122.844555">
<name>Aroma Indian Restaurant</name>
<cmt>food</cmt>
<desc>Restaurant</desc>
<sym>Dot</sym>
<type>food</type>
</wpt>
<wpt lat="49.276248" lon="-122.843969">
<name>Kurumba</name>
<cmt>food</cmt>
<desc>Restaurant</desc>
<sym>Dot</sym>
<type>food</type>
</wpt>
<wpt lat="49.279218" lon="-122.828878">
<name>Booster Juice</name>
<cmt>food</cmt>
<desc>Fast Food / Chain</desc>
<sym>Dot</sym>
<type>food</type>
</wpt>
<wpt lat="49.279219" lon="-122.828720">
<name>Subway</name>
<cmt>food</cmt>
<desc>Fast Food / Chain</desc>
<sym>Dot</sym>
<type>food</type>
</wpt>
<wpt lat="49.279039" lon="-122.828508">
<name>Panago</name>
<cmt>food</cmt>
<desc>Fast Food / Chain</desc>
<sym>Dot</sym>
<type>food</type>
</wpt>
<wpt lat="49.276495" lon="-122.835309">
<name>Dairy Queen</name>
<cmt>food</cmt>
<desc>Ice Cream</desc>
<sym>Dot</sym>
<type>food</type>
</wpt>
<wpt lat="49.287656" lon="-122.785792">
<name>Rocky Point Ice Cream</name>
<cmt>food</cmt>
<desc>Ice Cream</desc>
<sym>Dot</sym>
<type>food</type>
</wpt>
<wpt lat="49.283938" lon="-122.810155">
<name>Woking Dragon China Bistro</name>
<cmt>food</cmt>
<desc>Restaurant</desc>
<sym>Dot</sym>
<type>food</type>
</wpt>
<wpt lat="49.284003" lon="-122.809865">
<name>7-Eleven</name>
<cmt>convenience_store</cmt>
<desc>Convenience Store</desc>
<sym>Dot</sym>
<type>store</type>
</wpt>
<wpt lat="49.287213" lon="-122.787312">
<name>TD Community Plaza</name>
<cmt>monument</cmt>
<desc>Museum / Gallery</desc>
<sym>Dot</sym>
<type>info</type>
</wpt>
<wpt lat="49.284692" lon="-122.810200">
<name>Eagle Ridge Outdoor Pool</name>
<cmt>rest_stop</cmt>
<desc>Community Centre</desc>
<sym>Dot</sym>
<type>rest_area</type>
</wpt>
<wpt lat="49.289383" lon="-122.791355">
<name>Pinetree Community Centre</name>
<cmt>rest_stop</cmt>
<desc>Community Centre</desc>
<sym>Dot</sym>
<type>rest_area</type>
</wpt>
<wpt lat="49.283323" lon="-122.809801">
<name>Pourquoi Pas</name>
<cmt>food</cmt>
<desc>Bakery / Donuts</desc>
<sym>Dot</sym>
<type>food</type>
</wpt>
<wpt lat="49.283348" lon="-122.809691">
<name>Chicko Chicken</name>
<cmt>food</cmt>
<desc>Fast Food / Chain</desc>
<sym>Dot</sym>
<type>food</type>
</wpt>
<wpt lat="49.285900" lon="-122.794360">
<name>City Centre Aquatic Complex</name>
<cmt>rest_stop</cmt>
<desc>Community Centre</desc>
<sym>Dot</sym>
<type>rest_area</type>
</wpt>
<wpt lat="49.285848" lon="-122.790614">
<name>Town Centre Park Community Centre</name>
<cmt>rest_stop</cmt>
<desc>Community Centre</desc>
<sym>Dot</sym>
<type>rest_area</type>
</wpt>
<wpt lat="49.285538" lon="-122.790503">
<name>The Praguery Café &amp; Ice Cream</name>
<cmt>food</cmt>
<desc>Ice Cream</desc>
<sym>Dot</sym>
<type>food</type>
</wpt>
<wpt lat="49.282540" lon="-122.798527">
<name>Browns Socialhouse</name>
<cmt>food</cmt>
<desc>Restaurant</desc>
<sym>Dot</sym>
<type>food</type>
</wpt>
<wpt lat="49.282441" lon="-122.800400">
<name>Church's Chicken</name>
<cmt>food</cmt>
<desc>Fast Food / Chain</desc>
<sym>Dot</sym>
<type>food</type>
</wpt>
<wpt lat="49.282300" lon="-122.800431">
<name>Little Caesars</name>
<cmt>food</cmt>
<desc>Fast Food / Chain</desc>
<sym>Dot</sym>
<type>food</type>
</wpt>
<wpt lat="49.282539" lon="-122.796696">
<name>Xpress Donair House</name>
<cmt>food</cmt>
<desc>Fast Food / Chain</desc>
<sym>Dot</sym>
<type>food</type>
</wpt>
<wpt lat="49.285600" lon="-122.791280">
<name>Evergreen Cultural Centre</name>
<cmt>monument</cmt>
<desc>Museum / Gallery</desc>
<sym>Dot</sym>
<type>info</type>
</wpt>
<wpt lat="49.282165" lon="-122.799105">
<name>Gooi-Ga Korean BBQ</name>
<cmt>food</cmt>
<desc>Restaurant</desc>
<sym>Dot</sym>
<type>food</type>
</wpt>
<wpt lat="49.282056" lon="-122.800441">
<name>Sahand Bread &amp; Kebab</name>
<cmt>food</cmt>
<desc>Bakery / Donuts</desc>
<sym>Dot</sym>
<type>food</type>
</wpt>
<wpt lat="49.282351" lon="-122.796402">
<name>Shio Japanese Kitchen</name>
<cmt>food</cmt>
<desc>Restaurant</desc>
<sym>Dot</sym>
<type>food</type>
</wpt>
<wpt lat="49.281974" lon="-122.801099">
<name>Market Ribbon</name>
<cmt>convenience_store</cmt>
<desc>Grocery Store</desc>
<sym>Dot</sym>
<type>store</type>
</wpt>
<wpt lat="49.281991" lon="-122.800444">
<name>Gong Cha</name>
<cmt>coffee</cmt>
<desc>Café / Coffee</desc>
<sym>Dot</sym>
<type>food</type>
</wpt>
<wpt lat="49.281970" lon="-122.800770">
<name>Copa Cafe</name>
<cmt>food</cmt>
<desc>Restaurant</desc>
<sym>Dot</sym>
<type>food</type>
</wpt>
<wpt lat="49.281969" lon="-122.799859">
<name>CM Chicken</name>
<cmt>food</cmt>
<desc>Restaurant</desc>
<sym>Dot</sym>
<type>food</type>
</wpt>
<wpt lat="49.281985" lon="-122.798641">
<name>Singapore Hawker</name>
<cmt>food</cmt>
<desc>Restaurant</desc>
<sym>Dot</sym>
<type>food</type>
</wpt>
<wpt lat="49.281913" lon="-122.799978">
<name>Nagano Sushi</name>
<cmt>food</cmt>
<desc>Restaurant</desc>
<sym>Dot</sym>
<type>food</type>
</wpt>
<wpt lat="49.282009" lon="-122.796334">
<name>Urban Gate Supermarket</name>
<cmt>convenience_store</cmt>
<desc>Grocery Store</desc>
<sym>Dot</sym>
<type>store</type>
</wpt>
<wpt lat="49.283908" lon="-122.793435">
<name>Caffe Divano</name>
<cmt>coffee</cmt>
<desc>Café / Coffee</desc>
<sym>Dot</sym>
<type>food</type>
</wpt>
<wpt lat="49.281896" lon="-122.796380">
<name>Urban Gate Specialty Market</name>
<cmt>bar</cmt>
<desc>Brewery / Pub</desc>
<sym>Dot</sym>
<type>food</type>
</wpt>
<wpt lat="49.282879" lon="-122.793685">
<name>Pappa Roti</name>
<cmt>coffee</cmt>
<desc>Café / Coffee</desc>
<sym>Dot</sym>
<type>food</type>
</wpt>
<wpt lat="49.281361" lon="-122.799093">
<name>Walmart</name>
<cmt>convenience_store</cmt>
<desc>Grocery Store</desc>
<sym>Dot</sym>
<type>store</type>
</wpt>
<wpt lat="49.281575" lon="-122.795832">
<name>Cafe Ciel</name>
<cmt>coffee</cmt>
<desc>Café / Coffee</desc>
<sym>Dot</sym>
<type>food</type>
</wpt>
<wpt lat="49.281362" lon="-122.795906">
<name>Dae-ji</name>
<cmt>food</cmt>
<desc>Restaurant</desc>
<sym>Dot</sym>
<type>food</type>
</wpt>
<wpt lat="49.282462" lon="-122.793525">
<name>Oz Korean Cuisine</name>
<cmt>food</cmt>
<desc>Restaurant</desc>
<sym>Dot</sym>
<type>food</type>
</wpt>
<wpt lat="49.279448" lon="-122.817538">
<name>The Frog Liquor Store</name>
<cmt>convenience_store</cmt>
<desc>Liquor Store</desc>
<sym>Dot</sym>
<type>store</type>
</wpt>
<wpt lat="49.281278" lon="-122.795893">
<name>High Street Pizza</name>
<cmt>food</cmt>
<desc>Fast Food / Chain</desc>
<sym>Dot</sym>
<type>food</type>
</wpt>
<wpt lat="49.281192" lon="-122.795859">
<name>Papa John's</name>
<cmt>food</cmt>
<desc>Fast Food / Chain</desc>
<sym>Dot</sym>
<type>food</type>
</wpt>
<wpt lat="49.280759" lon="-122.799421">
<name>大統華 T&amp;T Supermarket</name>
<cmt>convenience_store</cmt>
<desc>Grocery Store</desc>
<sym>Dot</sym>
<type>store</type>
</wpt>
<wpt lat="48.451632" lon="-123.376009">
<name>Red Lion Inn &amp; Suites</name>
<cmt>lodging</cmt>
<desc>Hotel / Motel</desc>
<sym>Dot</sym>
<type>shelter</type>
</wpt>
<wpt lat="48.452330" lon="-123.376239">
<name>Delicious Pizza &amp; Pasta</name>
<cmt>food</cmt>
<desc>Restaurant</desc>
<sym>Dot</sym>
<type>food</type>
</wpt>
<wpt lat="48.453233" lon="-123.376323">
<name>Subway</name>
<cmt>food</cmt>
<desc>Fast Food / Chain</desc>
<sym>Dot</sym>
<type>food</type>
</wpt>
<wpt lat="48.451556" lon="-123.375120">
<name>Jade Fountain Restaurant</name>
<cmt>food</cmt>
<desc>Restaurant</desc>
<sym>Dot</sym>
<type>food</type>
</wpt>
<wpt lat="48.455883" lon="-123.376643">
<name>Brown's Social House</name>
<cmt>food</cmt>
<desc>Restaurant</desc>
<sym>Dot</sym>
<type>food</type>
</wpt>
<wpt lat="48.456331" lon="-123.376368">
<name>Whole Foods Market</name>
<cmt>convenience_store</cmt>
<desc>Grocery Store</desc>
<sym>Dot</sym>
<type>store</type>
</wpt>
<wpt lat="48.454442" lon="-123.375862">
<name>Canadian Brewhouse &amp; Grill</name>
<cmt>bar</cmt>
<desc>Brewery / Pub</desc>
<sym>Dot</sym>
<type>food</type>
</wpt>
<wpt lat="48.454240" lon="-123.375719">
<name>The Chopped Leaf</name>
<cmt>food</cmt>
<desc>Restaurant</desc>
<sym>Dot</sym>
<type>food</type>
</wpt>
<wpt lat="48.454084" lon="-123.375639">
<name>Noodle Box</name>
<cmt>food</cmt>
<desc>Restaurant</desc>
<sym>Dot</sym>
<type>food</type>
</wpt>
<wpt lat="48.455359" lon="-123.375731">
<name>Power House Living Foods Co.</name>
<cmt>food</cmt>
<desc>Restaurant</desc>
<sym>Dot</sym>
<type>food</type>
</wpt>
<wpt lat="48.455280" lon="-123.375664">
<name>Hey Happy</name>
<cmt>coffee</cmt>
<desc>Café / Coffee</desc>
<sym>Dot</sym>
<type>food</type>
</wpt>
<wpt lat="48.450645" lon="-123.373673">
<name>A&amp;W</name>
<cmt>food</cmt>
<desc>Fast Food / Chain</desc>
<sym>Dot</sym>
<type>food</type>
</wpt>
<wpt lat="48.455125" lon="-123.375533">
<name>roast</name>
<cmt>food</cmt>
<desc>Fast Food / Chain</desc>
<sym>Dot</sym>
<type>food</type>
</wpt>
<wpt lat="48.455072" lon="-123.375478">
<name>Starbucks</name>
<cmt>food</cmt>
<desc>Fast Food / Chain</desc>
<sym>Dot</sym>
<type>food</type>
</wpt>
<wpt lat="48.447825" lon="-123.373006">
<name>Domino's</name>
<cmt>food</cmt>
<desc>Fast Food / Chain</desc>
<sym>Dot</sym>
<type>food</type>
</wpt>
<wpt lat="48.455406" lon="-123.375375">
<name>Puerto Vallarta Amigos</name>
<cmt>food</cmt>
<desc>Fast Food / Chain</desc>
<sym>Dot</sym>
<type>food</type>
</wpt>
<wpt lat="48.455483" lon="-123.375363">
<name>Cascadia Liquor Store</name>
<cmt>convenience_store</cmt>
<desc>Liquor Store</desc>
<sym>Dot</sym>
<type>store</type>
</wpt>
<wpt lat="48.455245" lon="-123.375249">
<name>Crust Bakery</name>
<cmt>food</cmt>
<desc>Bakery / Donuts</desc>
<sym>Dot</sym>
<type>food</type>
</wpt>
<wpt lat="48.457808" lon="-123.376916">
<name>Starbucks</name>
<cmt>food</cmt>
<desc>Fast Food / Chain</desc>
<sym>Dot</sym>
<type>food</type>
</wpt>
<wpt lat="48.457345" lon="-123.376006">
<name>Tim Hortons</name>
<cmt>food</cmt>
<desc>Fast Food / Chain</desc>
<sym>Dot</sym>
<type>food</type>
</wpt>
<wpt lat="48.454211" lon="-123.374833">
<name>Erito Sushi</name>
<cmt>food</cmt>
<desc>Restaurant</desc>
<sym>Dot</sym>
<type>food</type>
</wpt>
<wpt lat="48.460846" lon="-123.400116">
<name>Trini to D Bone</name>
<cmt>food</cmt>
<desc>Restaurant</desc>
<sym>Dot</sym>
<type>food</type>
</wpt>
<wpt lat="48.448553" lon="-123.372224">
<name>Tim Hortons</name>
<cmt>food</cmt>
<desc>Fast Food / Chain</desc>
<sym>Dot</sym>
<type>food</type>
</wpt>
<wpt lat="48.458015" lon="-123.376772">
<name>Big Wheel Burger</name>
<cmt>food</cmt>
<desc>Fast Food / Chain</desc>
<sym>Dot</sym>
<type>food</type>
</wpt>
<wpt lat="48.454117" lon="-123.374600">
<name>Rhino</name>
<cmt>coffee</cmt>
<desc>Café / Coffee</desc>
<sym>Dot</sym>
<type>food</type>
</wpt>
<wpt lat="48.454272" lon="-123.374642">
<name>Ono Poké</name>
<cmt>food</cmt>
<desc>Restaurant</desc>
<sym>Dot</sym>
<type>food</type>
</wpt>
<wpt lat="48.448129" lon="-123.372196">
<name>7-Eleven</name>
<cmt>convenience_store</cmt>
<desc>Convenience Store</desc>
<sym>Dot</sym>
<type>store</type>
</wpt>
<wpt lat="48.458247" lon="-123.378884">
<name>Tim Hortons</name>
<cmt>food</cmt>
<desc>Fast Food / Chain</desc>
<sym>Dot</sym>
<type>food</type>
</wpt>
<wpt lat="48.458257" lon="-123.378938">
<name>7-Eleven</name>
<cmt>convenience_store</cmt>
<desc>Convenience Store</desc>
<sym>Dot</sym>
<type>store</type>
</wpt>
<wpt lat="48.454853" lon="-123.374366">
<name>Walmart</name>
<cmt>convenience_store</cmt>
<desc>Grocery Store</desc>
<sym>Dot</sym>
<type>store</type>
</wpt>
<wpt lat="48.458369" lon="-123.376427">
<name>Yoshi Sushi</name>
<cmt>food</cmt>
<desc>Restaurant</desc>
<sym>Dot</sym>
<type>food</type>
</wpt>
<wpt lat="48.456288" lon="-123.393528">
<name>Des Panjaab</name>
<cmt>food</cmt>
<desc>Restaurant</desc>
<sym>Dot</sym>
<type>food</type>
</wpt>
<wpt lat="48.456277" lon="-123.392839">
<name>Mr. Tubbs Ice Cream</name>
<cmt>food</cmt>
<desc>Ice Cream</desc>
<sym>Dot</sym>
<type>food</type>
</wpt>
<wpt lat="48.456272" lon="-123.392700">
<name>Cosmos Pizza &amp; Pasta</name>
<cmt>food</cmt>
<desc>Restaurant</desc>
<sym>Dot</sym>
<type>food</type>
</wpt>
<wpt lat="48.455808" lon="-123.373937">
<name>Emily Carr Library Branch</name>
<cmt>library</cmt>
<desc>Library</desc>
<sym>Dot</sym>
<type>info</type>
</wpt>
<wpt lat="48.454338" lon="-123.373424">
<name>McDonald's</name>
<cmt>food</cmt>
<desc>Fast Food / Chain</desc>
<sym>Dot</sym>
<type>food</type>
</wpt>
<wpt lat="48.455847" lon="-123.395658">
<name>Montana's</name>
<cmt>food</cmt>
<desc>Restaurant</desc>
<sym>Dot</sym>
<type>food</type>
</wpt>
<wpt lat="48.456448" lon="-123.373667">
<name>Boston Pizza</name>
<cmt>food</cmt>
<desc>Fast Food / Chain</desc>
<sym>Dot</sym>
<type>food</type>
</wpt>
<wpt lat="48.452251" lon="-123.381031">
<name>Uptown Bistro</name>
<cmt>food</cmt>
<desc>Restaurant</desc>
<sym>Dot</sym>
<type>food</type>
</wpt>
<wpt lat="48.456289" lon="-123.373367">
<name>The Liquor Co. 1977</name>
<cmt>convenience_store</cmt>
<desc>Liquor Store</desc>
<sym>Dot</sym>
<type>store</type>
</wpt>
<wpt lat="48.455139" lon="-123.395187">
<name>London Drugs</name>
<cmt>convenience_store</cmt>
<desc>General merchandise</desc>
<sym>Dot</sym>
<type>store</type>
</wpt>
<wpt lat="48.456780" lon="-123.372297">
<name>Save-On-Foods</name>
<cmt>convenience_store</cmt>
<desc>Grocery Store</desc>
<sym>Dot</sym>
<type>store</type>
</wpt>
<wpt lat="48.449706" lon="-123.369246">
<name>Lot 1 Pasta Bar</name>
<cmt>food</cmt>
<desc>Restaurant</desc>
<sym>Dot</sym>
<type>food</type>
</wpt>
<wpt lat="48.454724" lon="-123.395649">
<name>Starbucks</name>
<cmt>food</cmt>
<desc>Fast Food / Chain</desc>
<sym>Dot</sym>
<type>food</type>
</wpt>
<wpt lat="48.448445" lon="-123.368945">
<name>Red Robin</name>
<cmt>food</cmt>
<desc>Restaurant</desc>
<sym>Dot</sym>
<type>food</type>
</wpt>
<wpt lat="48.449752" lon="-123.369051">
<name>Royal Spice Fine Indian Cuisine</name>
<cmt>food</cmt>
<desc>Restaurant</desc>
<sym>Dot</sym>
<type>food</type>
</wpt>
<wpt lat="48.454490" lon="-123.396101">
<name>Winners</name>
<cmt>convenience_store</cmt>
<desc>Grocery Store</desc>
<sym>Dot</sym>
<type>store</type>
</wpt>
<wpt lat="48.454450" lon="-123.394770">
<name>Save-On-Foods</name>
<cmt>convenience_store</cmt>
<desc>Grocery Store</desc>
<sym>Dot</sym>
<type>store</type>
</wpt>
<wpt lat="49.364221" lon="-123.278056">
<name>Gleneagles Community Centre</name>
<cmt>rest_stop</cmt>
<desc>Community Centre</desc>
<sym>Dot</sym>
<type>rest_area</type>
</wpt>
<wpt lat="49.374068" lon="-123.274785">
<name>Seaside Village Cafe</name>
<cmt>coffee</cmt>
<desc>Café / Coffee</desc>
<sym>Dot</sym>
<type>food</type>
</wpt>
<wpt lat="49.374433" lon="-123.274436">
<name>Troll's</name>
<cmt>food</cmt>
<desc>Restaurant</desc>
<sym>Dot</sym>
<type>food</type>
</wpt>
<wpt lat="49.374243" lon="-123.273188">
<name>Baskin-Robbins</name>
<cmt>food</cmt>
<desc>Ice Cream</desc>
<sym>Dot</sym>
<type>food</type>
</wpt>
<wpt lat="49.374596" lon="-123.274800">
<name>Olive &amp; Anchor</name>
<cmt>food</cmt>
<desc>Restaurant</desc>
<sym>Dot</sym>
<type>food</type>
</wpt>
<wpt lat="49.374261" lon="-123.273524">
<name>Troller Ale House</name>
<cmt>bar</cmt>
<desc>Brewery / Pub</desc>
<sym>Dot</sym>
<type>food</type>
</wpt>
<wpt lat="49.374216" lon="-123.273054">
<name>Blenz</name>
<cmt>coffee</cmt>
<desc>Café / Coffee</desc>
<sym>Dot</sym>
<type>food</type>
</wpt>
<wpt lat="49.374276" lon="-123.273828">
<name>Fresh Bay Pizza</name>
<cmt>food</cmt>
<desc>Restaurant</desc>
<sym>Dot</sym>
<type>food</type>
</wpt>
<wpt lat="49.373832" lon="-123.274601">
<name>Horseshoe Bay Chinese Restaurant</name>
<cmt>food</cmt>
<desc>Restaurant</desc>
<sym>Dot</sym>
<type>food</type>
</wpt>
<wpt lat="49.373866" lon="-123.274560">
<name>Pudgie's Pizza &amp; Pasta</name>
<cmt>food</cmt>
<desc>Restaurant</desc>
<sym>Dot</sym>
<type>food</type>
</wpt>
<wpt lat="49.372495" lon="-123.201086">
<name>Old Growth Conservancy</name>
<cmt>park</cmt>
<desc>Park / Nature</desc>
<sym>Dot</sym>
<type>rest_area</type>
</wpt>
<wpt lat="49.373735" lon="-123.274675">
<name>Subway</name>
<cmt>food</cmt>
<desc>Fast Food / Chain</desc>
<sym>Dot</sym>
<type>food</type>
</wpt>
<wpt lat="49.374281" lon="-123.274115">
<name>Starbucks</name>
<cmt>food</cmt>
<desc>Fast Food / Chain</desc>
<sym>Dot</sym>
<type>food</type>
</wpt>
<wpt lat="49.373971" lon="-123.274435">
<name>C Lovers</name>
<cmt>food</cmt>
<desc>Restaurant</desc>
<sym>Dot</sym>
<type>food</type>
</wpt>
<wpt lat="49.373344" lon="-123.274863">
<name>Horseshoe Bay Motel</name>
<cmt>lodging</cmt>
<desc>Hotel / Motel</desc>
<sym>Dot</sym>
<type>shelter</type>
</wpt>
<wpt lat="49.375750" lon="-123.275880">
<name>Goldie's Donuts and Bakery</name>
<cmt>food</cmt>
<desc>Bakery / Donuts</desc>
<sym>Dot</sym>
<type>food</type>
</wpt>
<wpt lat="49.335070" lon="-123.181239">
<name>Angry Otter Liquor</name>
<cmt>convenience_store</cmt>
<desc>Liquor Store</desc>
<sym>Dot</sym>
<type>store</type>
</wpt>
<wpt lat="49.335074" lon="-123.182179">
<name>IGA</name>
<cmt>convenience_store</cmt>
<desc>Grocery Store</desc>
<sym>Dot</sym>
<type>store</type>
</wpt>
<wpt lat="49.334731" lon="-123.180938">
<name>The Bakehouse</name>
<cmt>food</cmt>
<desc>Bakery / Donuts</desc>
<sym>Dot</sym>
<type>food</type>
</wpt>
<wpt lat="49.334568" lon="-123.180363">
<name>The Red Lion Bar &amp; Grill</name>
<cmt>food</cmt>
<desc>Restaurant</desc>
<sym>Dot</sym>
<type>food</type>
</wpt>
<wpt lat="49.334171" lon="-123.178624">
<name>Sorrento's Pizza</name>
<cmt>food</cmt>
<desc>Restaurant</desc>
<sym>Dot</sym>
<type>food</type>
</wpt>
<wpt lat="49.334145" lon="-123.180058">
<name>Delany's Coffee House</name>
<cmt>coffee</cmt>
<desc>Café / Coffee</desc>
<sym>Dot</sym>
<type>food</type>
</wpt>
<wpt lat="49.334793" lon="-123.182934">
<name>Vina Vietnamese Restaurant</name>
<cmt>food</cmt>
<desc>Restaurant</desc>
<sym>Dot</sym>
<type>food</type>
</wpt>
<wpt lat="49.358938" lon="-123.267010">
<name>JJ's Kitchen</name>
<cmt>food</cmt>
<desc>Restaurant</desc>
<sym>Dot</sym>
<type>food</type>
</wpt>
<wpt lat="49.351062" lon="-123.253184">
<name>Safeway</name>
<cmt>convenience_store</cmt>
<desc>Grocery Store</desc>
<sym>Dot</sym>
<type>store</type>
</wpt>
<wpt lat="49.351148" lon="-123.253673">
<name>Subway</name>
<cmt>food</cmt>
<desc>Fast Food / Chain</desc>
<sym>Dot</sym>
<type>food</type>
</wpt>
<wpt lat="49.346057" lon="-123.217784">
<name>Chevron</name>
<cmt>convenience_store</cmt>
<desc>Convenience Store</desc>
<sym>Dot</sym>
<type>store</type>
</wpt>
<wpt lat="49.350935" lon="-123.254445">
<name>BC Liquor Store</name>
<cmt>convenience_store</cmt>
<desc>Liquor Store</desc>
<sym>Dot</sym>
<type>store</type>
</wpt>
<wpt lat="49.348265" lon="-123.222567">
<name>The Shed Cypress</name>
<cmt>food</cmt>
<desc>Restaurant</desc>
<sym>Dot</sym>
<type>food</type>
</wpt>
<wpt lat="49.333184" lon="-123.182328">
<name>Beach House Restaurant</name>
<cmt>food</cmt>
<desc>Restaurant</desc>
<sym>Dot</sym>
<type>food</type>
</wpt>
<wpt lat="49.332466" lon="-123.170664">
<name>West Vancouver Ice Arena</name>
<cmt>rest_stop</cmt>
<desc>Community Centre</desc>
<sym>Dot</sym>
<type>rest_area</type>
</wpt>
<wpt lat="49.378879" lon="-123.192590">
<name>Nordic Cafe</name>
<cmt>food</cmt>
<desc>Fast Food / Chain</desc>
<sym>Dot</sym>
<type>food</type>
</wpt>
<wpt lat="49.330988" lon="-123.170201">
<name>West Vancouver Recreation Centre</name>
<cmt>rest_stop</cmt>
<desc>Community Centre</desc>
<sym>Dot</sym>
<type>rest_area</type>
</wpt>
<wpt lat="49.331079" lon="-123.171312">
<name>Casa Mia</name>
<cmt>food</cmt>
<desc>Restaurant</desc>
<sym>Dot</sym>
<type>food</type>
</wpt>
<wpt lat="49.330400" lon="-123.159861">
<name>West Vancouver Art Museum</name>
<cmt>monument</cmt>
<desc>Museum / Gallery</desc>
<sym>Dot</sym>
<type>info</type>
</wpt>
<wpt lat="49.331072" lon="-123.172360">
<name>The Modern Pantry</name>
<cmt>food</cmt>
<desc>Bakery / Donuts</desc>
<sym>Dot</sym>
<type>food</type>
</wpt>
<wpt lat="48.442500" lon="-123.521101">
<name>Eagle Ridge Community Centre</name>
<cmt>rest_stop</cmt>
<desc>Community Centre</desc>
<sym>Dot</sym>
<type>rest_area</type>
</wpt>
<wpt lat="48.433089" lon="-123.525337">
<name>Green Man Bikes</name>
<cmt>bike_shop</cmt>
<desc>Repair Shop</desc>
<sym>Dot</sym>
<type>gear</type>
</wpt>
<wpt lat="48.438537" lon="-123.509050">
<name>Thrifty Foods Belmont</name>
<cmt>convenience_store</cmt>
<desc>Grocery Store</desc>
<sym>Dot</sym>
<type>store</type>
</wpt>
<wpt lat="48.442645" lon="-123.521529">
<name>Westhills Ice Arena</name>
<cmt>rest_stop</cmt>
<desc>Community Centre</desc>
<sym>Dot</sym>
<type>rest_area</type>
</wpt>
<wpt lat="48.440551" lon="-123.511160">
<name>Tim Hortons</name>
<cmt>food</cmt>
<desc>Fast Food / Chain</desc>
<sym>Dot</sym>
<type>food</type>
</wpt>
<wpt lat="48.441710" lon="-123.511572">
<name>7-Eleven</name>
<cmt>convenience_store</cmt>
<desc>Convenience Store</desc>
<sym>Dot</sym>
<type>store</type>
</wpt>
<wpt lat="48.439150" lon="-123.510453">
<name>Liberty Kitchen</name>
<cmt>food</cmt>
<desc>Restaurant</desc>
<sym>Dot</sym>
<type>food</type>
</wpt>
<wpt lat="48.438464" lon="-123.505800">
<name>WestShore Bicycles</name>
<cmt>bike_shop</cmt>
<desc>Repair Shop</desc>
<sym>Dot</sym>
<type>gear</type>
</wpt>
<wpt lat="48.439521" lon="-123.510914">
<name>Freshii</name>
<cmt>food</cmt>
<desc>Restaurant</desc>
<sym>Dot</sym>
<type>food</type>
</wpt>
<wpt lat="48.439498" lon="-123.510992">
<name>Edo Japan</name>
<cmt>food</cmt>
<desc>Fast Food / Chain</desc>
<sym>Dot</sym>
<type>food</type>
</wpt>
<wpt lat="48.438678" lon="-123.506078">
<name>Tacofino</name>
<cmt>food</cmt>
<desc>Restaurant</desc>
<sym>Dot</sym>
<type>food</type>
</wpt>
<wpt lat="48.438740" lon="-123.506191">
<name>Panago</name>
<cmt>food</cmt>
<desc>Fast Food / Chain</desc>
<sym>Dot</sym>
<type>food</type>
</wpt>
<wpt lat="48.439463" lon="-123.511106">
<name>Fatburger</name>
<cmt>food</cmt>
<desc>Fast Food / Chain</desc>
<sym>Dot</sym>
<type>food</type>
</wpt>
<wpt lat="48.443193" lon="-123.525849">
<name>BoulderHouse Langford</name>
<cmt>rest_stop</cmt>
<desc>Community Centre</desc>
<sym>Dot</sym>
<type>rest_area</type>
</wpt>
<wpt lat="48.438794" lon="-123.506324">
<name>Bulk Barn</name>
<cmt>convenience_store</cmt>
<desc>Grocery Store</desc>
<sym>Dot</sym>
<type>store</type>
</wpt>
<wpt lat="48.442425" lon="-123.515199">
<name>Quality Foods</name>
<cmt>convenience_store</cmt>
<desc>Grocery Store</desc>
<sym>Dot</sym>
<type>store</type>
</wpt>
<wpt lat="48.442642" lon="-123.515175">
<name>Cascadia Liquor Store</name>
<cmt>convenience_store</cmt>
<desc>Liquor Store</desc>
<sym>Dot</sym>
<type>store</type>
</wpt>
<wpt lat="48.442296" lon="-123.511006">
<name>Starbucks</name>
<cmt>food</cmt>
<desc>Fast Food / Chain</desc>
<sym>Dot</sym>
<type>food</type>
</wpt>
<wpt lat="48.442339" lon="-123.511108">
<name>Original Pho Eatery</name>
<cmt>food</cmt>
<desc>Restaurant</desc>
<sym>Dot</sym>
<type>food</type>
</wpt>
<wpt lat="48.442587" lon="-123.512300">
<name>White Spot</name>
<cmt>food</cmt>
<desc>Fast Food / Chain</desc>
<sym>Dot</sym>
<type>food</type>
</wpt>
<wpt lat="48.439249" lon="-123.511663">
<name>Mucho Burrito</name>
<cmt>food</cmt>
<desc>Fast Food / Chain</desc>
<sym>Dot</sym>
<type>food</type>
</wpt>
<wpt lat="48.439157" lon="-123.511696">
<name>Sushi Langford</name>
<cmt>food</cmt>
<desc>Restaurant</desc>
<sym>Dot</sym>
<type>food</type>
</wpt>
<wpt lat="48.440250" lon="-123.509022">
<name>Romeo's</name>
<cmt>food</cmt>
<desc>Fast Food / Chain</desc>
<sym>Dot</sym>
<type>food</type>
</wpt>
<wpt lat="48.439231" lon="-123.506283">
<name>COBS Bread</name>
<cmt>food</cmt>
<desc>Bakery / Donuts</desc>
<sym>Dot</sym>
<type>food</type>
</wpt>
<wpt lat="48.439293" lon="-123.506256">
<name>The Chopped Leaf</name>
<cmt>food</cmt>
<desc>Restaurant</desc>
<sym>Dot</sym>
<type>food</type>
</wpt>
<wpt lat="48.438037" lon="-123.510803">
<name>Baan Thai</name>
<cmt>food</cmt>
<desc>Restaurant</desc>
<sym>Dot</sym>
<type>food</type>
</wpt>
<wpt lat="48.439070" lon="-123.511783">
<name>A&amp;W</name>
<cmt>food</cmt>
<desc>Fast Food / Chain</desc>
<sym>Dot</sym>
<type>food</type>
</wpt>
<wpt lat="48.439332" lon="-123.506225">
<name>The Noodle Box</name>
<cmt>food</cmt>
<desc>Restaurant</desc>
<sym>Dot</sym>
<type>food</type>
</wpt>
<wpt lat="48.434485" lon="-123.515355">
<name>My Name Is Sushi</name>
<cmt>food</cmt>
<desc>Restaurant</desc>
<sym>Dot</sym>
<type>food</type>
</wpt>
<wpt lat="48.437820" lon="-123.510733">
<name>Origin Bakery &amp; Cafe</name>
<cmt>food</cmt>
<desc>Bakery / Donuts</desc>
<sym>Dot</sym>
<type>food</type>
</wpt>
<wpt lat="48.439408" lon="-123.506181">
<name>Sizzling Tandoor</name>
<cmt>food</cmt>
<desc>Restaurant</desc>
<sym>Dot</sym>
<type>food</type>
</wpt>
<wpt lat="48.434345" lon="-123.515466">
<name>Circle K</name>
<cmt>convenience_store</cmt>
<desc>Convenience Store</desc>
<sym>Dot</sym>
<type>store</type>
</wpt>
<wpt lat="48.439511" lon="-123.506121">
<name>Original Joe's</name>
<cmt>food</cmt>
<desc>Restaurant</desc>
<sym>Dot</sym>
<type>food</type>
</wpt>
<wpt lat="48.440594" lon="-123.508556">
<name>Subway</name>
<cmt>food</cmt>
<desc>Fast Food / Chain</desc>
<sym>Dot</sym>
<type>food</type>
</wpt>
<wpt lat="48.438726" lon="-123.512231">
<name>Starbucks</name>
<cmt>food</cmt>
<desc>Fast Food / Chain</desc>
<sym>Dot</sym>
<type>food</type>
</wpt>
<wpt lat="48.432831" lon="-123.521955">
<name>Glen Lake Liquor &amp; More</name>
<cmt>convenience_store</cmt>
<desc>Liquor Store</desc>
<sym>Dot</sym>
<type>store</type>
</wpt>
<wpt lat="48.432803" lon="-123.522001">
<name>Bucky's Taphouse</name>
<cmt>bar</cmt>
<desc>Brewery / Pub</desc>
<sym>Dot</sym>
<type>food</type>
</wpt>
<wpt lat="48.432778" lon="-123.522085">
<name>Pizzability Glenlake</name>
<cmt>food</cmt>
<desc>Restaurant</desc>
<sym>Dot</sym>
<type>food</type>
</wpt>
<wpt lat="48.440652" lon="-123.508412">
<name>Kitchen Story Sushi &amp; Korean Chicken</name>
<cmt>food</cmt>
<desc>Fast Food / Chain</desc>
<sym>Dot</sym>
<type>food</type>
</wpt>
<wpt lat="48.440574" lon="-123.508261">
<name>Orange Julius</name>
<cmt>food</cmt>
<desc>Fast Food / Chain</desc>
<sym>Dot</sym>
<type>food</type>
</wpt>
<wpt lat="48.440639" lon="-123.508305">
<name>Vina Taste</name>
<cmt>food</cmt>
<desc>Restaurant</desc>
<sym>Dot</sym>
<type>food</type>
</wpt>
<wpt lat="48.438137" lon="-123.512227">
<name>Pho Vy</name>
<cmt>food</cmt>
<desc>Restaurant</desc>
<sym>Dot</sym>
<type>food</type>
</wpt>
<wpt lat="48.438163" lon="-123.512329">
<name>OPA! of Greece</name>
<cmt>food</cmt>
<desc>Fast Food / Chain</desc>
<sym>Dot</sym>
<type>food</type>
</wpt>
<wpt lat="48.438196" lon="-123.512459">
<name>KFC</name>
<cmt>food</cmt>
<desc>Fast Food / Chain</desc>
<sym>Dot</sym>
<type>food</type>
</wpt>
<wpt lat="48.445644" lon="-123.533565">
<name>Langford Heritage Library Branch</name>
<cmt>library</cmt>
<desc>Library</desc>
<sym>Dot</sym>
<type>info</type>
</wpt>
<wpt lat="48.445913" lon="-123.534167">
<name>YMCA/YWCA Westhills</name>
<cmt>rest_stop</cmt>
<desc>Community Centre</desc>
<sym>Dot</sym>
<type>rest_area</type>
</wpt>
<wpt lat="48.443239" lon="-123.509751">
<name>2 For 1 Great Cannon Pizza</name>
<cmt>food</cmt>
<desc>Fast Food / Chain</desc>
<sym>Dot</sym>
<type>food</type>
</wpt>
<wpt lat="48.440899" lon="-123.507732">
<name>Winners</name>
<cmt>convenience_store</cmt>
<desc>Grocery Store</desc>
<sym>Dot</sym>
<type>store</type>
</wpt>
<wpt lat="48.443825" lon="-123.511355">
<name>Re-Buy-Cycle Shop</name>
<cmt>bike_shop</cmt>
<desc>Repair Shop</desc>
<sym>Dot</sym>
<type>gear</type>
</wpt>
<wpt lat="48.440576" lon="-123.506063">
<name>Big Wheel Burger</name>
<cmt>food</cmt>
<desc>Fast Food / Chain</desc>
<sym>Dot</sym>
<type>food</type>
</wpt>
<wpt lat="48.440680" lon="-123.506478">
<name>BCLIQUOR Westshore</name>
<cmt>convenience_store</cmt>
<desc>Liquor Store</desc>
<sym>Dot</sym>
<type>store</type>
</wpt>
<wpt lat="48.442611" lon="-123.506727">
<name>Canadian Tire</name>
<cmt>convenience_store</cmt>
<desc>General merchandise</desc>
<sym>Dot</sym>
<type>store</type>
</wpt>
<wpt lat="48.464409" lon="-123.563458">
<name>Goldstream Campground</name>
<cmt>camping</cmt>
<desc>Public Campground</desc>
<sym>Dot</sym>
<type>campsite</type>
</wpt>
<wpt lat="48.442024" lon="-123.504672">
<name>Real Canadian Superstore</name>
<cmt>convenience_store</cmt>
<desc>Grocery Store</desc>
<sym>Dot</sym>
<type>store</type>
</wpt>
<wpt lat="48.442443" lon="-123.504111">
<name>McDonald's</name>
<cmt>food</cmt>
<desc>Fast Food / Chain</desc>
<sym>Dot</sym>
<type>food</type>
</wpt>
<wpt lat="49.185862" lon="-123.947974">
<name>The Buccaneer Inn</name>
<cmt>lodging</cmt>
<desc>Hotel / Motel</desc>
<sym>Dot</sym>
<type>shelter</type>
</wpt>
<wpt lat="49.179385" lon="-123.944953">
<name>MB Mart</name>
<cmt>convenience_store</cmt>
<desc>Specialty / Health Food</desc>
<sym>Dot</sym>
<type>store</type>
</wpt>
<wpt lat="49.172904" lon="-123.956181">
<name>Kin Pool</name>
<cmt>rest_stop</cmt>
<desc>Community Centre</desc>
<sym>Dot</sym>
<type>rest_area</type>
</wpt>
<wpt lat="49.067691" lon="-123.877566">
<name>Cassidy Country Kitchen</name>
<cmt>food</cmt>
<desc>Restaurant</desc>
<sym>Dot</sym>
<type>food</type>
</wpt>
<wpt lat="49.163926" lon="-123.964348">
<name>Nanaimo Ice Centre</name>
<cmt>rest_stop</cmt>
<desc>Community Centre</desc>
<sym>Dot</sym>
<type>rest_area</type>
</wpt>
<wpt lat="49.192585" lon="-123.954037">
<name>Chachi's</name>
<cmt>food</cmt>
<desc>Fast Food / Chain</desc>
<sym>Dot</sym>
<type>food</type>
</wpt>
<wpt lat="49.175701" lon="-123.947098">
<name>Ramada by Wyndham Nanaimo</name>
<cmt>lodging</cmt>
<desc>Hotel / Motel</desc>
<sym>Dot</sym>
<type>shelter</type>
</wpt>
<wpt lat="49.176425" lon="-123.947151">
<name>Cheeky Monkey Glassworks</name>
<cmt>monument</cmt>
<desc>Museum / Gallery</desc>
<sym>Dot</sym>
<type>info</type>
</wpt>
<wpt lat="49.176812" lon="-123.947707">
<name>7-Eleven</name>
<cmt>convenience_store</cmt>
<desc>Convenience Store</desc>
<sym>Dot</sym>
<type>store</type>
</wpt>
<wpt lat="49.174841" lon="-123.946631">
<name>Carbone Pizzeria</name>
<cmt>food</cmt>
<desc>Restaurant</desc>
<sym>Dot</sym>
<type>food</type>
</wpt>
<wpt lat="49.173713" lon="-123.945015">
<name>White Spot</name>
<cmt>food</cmt>
<desc>Fast Food / Chain</desc>
<sym>Dot</sym>
<type>food</type>
</wpt>
<wpt lat="49.173433" lon="-123.943343">
<name>Travelodge by Wyndham Nanaimo</name>
<cmt>lodging</cmt>
<desc>Hotel / Motel</desc>
<sym>Dot</sym>
<type>shelter</type>
</wpt>
<wpt lat="49.177456" lon="-123.948304">
<name>Port-O-Call Inn &amp; Suites</name>
<cmt>lodging</cmt>
<desc>Hotel / Motel</desc>
<sym>Dot</sym>
<type>shelter</type>
</wpt>
<wpt lat="49.177451" lon="-123.947726">
<name>Danpung Momiji 310</name>
<cmt>food</cmt>
<desc>Restaurant</desc>
<sym>Dot</sym>
<type>food</type>
</wpt>
<wpt lat="49.169719" lon="-123.942412">
<name>Tim Hortons</name>
<cmt>food</cmt>
<desc>Fast Food / Chain</desc>
<sym>Dot</sym>
<type>food</type>
</wpt>
<wpt lat="49.177073" lon="-123.969956">
<name>Quarterway Liquor Store</name>
<cmt>convenience_store</cmt>
<desc>Liquor Store</desc>
<sym>Dot</sym>
<type>store</type>
</wpt>
<wpt lat="49.177258" lon="-123.969930">
<name>Quarterway Pub</name>
<cmt>bar</cmt>
<desc>Brewery / Pub</desc>
<sym>Dot</sym>
<type>food</type>
</wpt>
<wpt lat="49.170114" lon="-123.939612">
<name>White Sails Brewery</name>
<cmt>bar</cmt>
<desc>Brewery / Pub</desc>
<sym>Dot</sym>
<type>food</type>
</wpt>
<wpt lat="49.170066" lon="-123.939711">
<name>White Sails Taproom</name>
<cmt>bar</cmt>
<desc>Brewery / Pub</desc>
<sym>Dot</sym>
<type>food</type>
</wpt>
<wpt lat="49.171512" lon="-123.955588">
<name>Billy Lewis Centenary Rose Garden</name>
<cmt>park</cmt>
<desc>Park / Nature</desc>
<sym>Dot</sym>
<type>rest_area</type>
</wpt>
<wpt lat="49.156651" lon="-123.964123">
<name>Subway</name>
<cmt>food</cmt>
<desc>Fast Food / Chain</desc>
<sym>Dot</sym>
<type>food</type>
</wpt>
<wpt lat="49.161857" lon="-123.963862">
<name>Nanaimo Aquatic Centre</name>
<cmt>rest_stop</cmt>
<desc>Community Centre</desc>
<sym>Dot</sym>
<type>rest_area</type>
</wpt>
<wpt lat="49.172600" lon="-123.938000">
<name>Hullo Ferries</name>
<cmt>ferry</cmt>
<desc>Ferry</desc>
<sym>Dot</sym>
<type>transport</type>
</wpt>
<wpt lat="49.177077" lon="-123.970827">
<name>Wa-Ku Japanese Restaurant</name>
<cmt>food</cmt>
<desc>Restaurant</desc>
<sym>Dot</sym>
<type>food</type>
</wpt>
<wpt lat="49.177078" lon="-123.970930">
<name>Beaufort Pizza &amp; Pasta</name>
<cmt>food</cmt>
<desc>Restaurant</desc>
<sym>Dot</sym>
<type>food</type>
</wpt>
<wpt lat="49.158055" lon="-123.968241">
<name>Community Peace Garden</name>
<cmt>park</cmt>
<desc>Park / Nature</desc>
<sym>Dot</sym>
<type>rest_area</type>
</wpt>
<wpt lat="49.157404" lon="-123.967676">
<name>VIU Library (Building 305)</name>
<cmt>library</cmt>
<desc>Library</desc>
<sym>Dot</sym>
<type>info</type>
</wpt>
<wpt lat="49.180771" lon="-123.950042">
<name>The Spot</name>
<cmt>lodging</cmt>
<desc>Hotel / Motel</desc>
<sym>Dot</sym>
<type>shelter</type>
</wpt>
<wpt lat="49.169074" lon="-123.938855">
<name>Gina's Mexican Cafe</name>
<cmt>food</cmt>
<desc>Restaurant</desc>
<sym>Dot</sym>
<type>food</type>
</wpt>
<wpt lat="49.171864" lon="-123.936425">
<name>Saysutshun Newcastle Island Ferry</name>
<cmt>ferry</cmt>
<desc>Ferry</desc>
<sym>Dot</sym>
<type>transport</type>
</wpt>
<wpt lat="49.157013" lon="-123.969115">
<name>Museum of Natural History</name>
<cmt>monument</cmt>
<desc>Museum / Gallery</desc>
<sym>Dot</sym>
<type>info</type>
</wpt>
<wpt lat="49.177649" lon="-123.973141">
<name>Pho V. Ta Vietnamese Restaurant</name>
<cmt>food</cmt>
<desc>Restaurant</desc>
<sym>Dot</sym>
<type>food</type>
</wpt>
<wpt lat="49.180729" lon="-123.951621">
<name>Bluebird Motel</name>
<cmt>lodging</cmt>
<desc>Hotel / Motel</desc>
<sym>Dot</sym>
<type>shelter</type>
</wpt>
<wpt lat="49.178306" lon="-123.972978">
<name>7-Eleven</name>
<cmt>convenience_store</cmt>
<desc>Convenience Store</desc>
<sym>Dot</sym>
<type>store</type>
</wpt>
<wpt lat="49.167430" lon="-123.940566">
<name>Mrs. Riches Restaurant</name>
<cmt>food</cmt>
<desc>Restaurant</desc>
<sym>Dot</sym>
<type>food</type>
</wpt>
<wpt lat="49.181232" lon="-123.952260">
<name>Manvirros Indian Grill</name>
<cmt>food</cmt>
<desc>Restaurant</desc>
<sym>Dot</sym>
<type>food</type>
</wpt>
<wpt lat="49.162549" lon="-123.958653">
<name>The Bee's Knees Cafe</name>
<cmt>coffee</cmt>
<desc>Café / Coffee</desc>
<sym>Dot</sym>
<type>food</type>
</wpt>
<wpt lat="49.183405" lon="-123.953517">
<name>Pita Land Mideast Urban Kitchen</name>
<cmt>food</cmt>
<desc>Restaurant</desc>
<sym>Dot</sym>
<type>food</type>
</wpt>
<wpt lat="49.177998" lon="-123.973544">
<name>Kim's Korean BBQ House</name>
<cmt>food</cmt>
<desc>Restaurant</desc>
<sym>Dot</sym>
<type>food</type>
</wpt>
<wpt lat="49.168323" lon="-123.936960">
<name>The Nanaimo Bar</name>
<cmt>bar</cmt>
<desc>Brewery / Pub</desc>
<sym>Dot</sym>
<type>food</type>
</wpt>
<wpt lat="49.168211" lon="-123.936907">
<name>The Firehouse Grill</name>
<cmt>food</cmt>
<desc>Restaurant</desc>
<sym>Dot</sym>
<type>food</type>
</wpt>
<wpt lat="49.183018" lon="-123.953900">
<name>McDonald's</name>
<cmt>food</cmt>
<desc>Fast Food / Chain</desc>
<sym>Dot</sym>
<type>food</type>
</wpt>
<wpt lat="49.183661" lon="-123.954131">
<name>Pizza Hut</name>
<cmt>food</cmt>
<desc>Fast Food / Chain</desc>
<sym>Dot</sym>
<type>food</type>
</wpt>
<wpt lat="48.443658" lon="-123.467782">
<name>Denny's</name>
<cmt>food</cmt>
<desc>Restaurant</desc>
<sym>Dot</sym>
<type>food</type>
</wpt>
<wpt lat="48.444566" lon="-123.468128">
<name>Tim Hortons</name>
<cmt>food</cmt>
<desc>Fast Food / Chain</desc>
<sym>Dot</sym>
<type>food</type>
</wpt>
<wpt lat="48.445646" lon="-123.469453">
<name>Holiday Inn Express &amp; Suites Victoria - Colwood</name>
<cmt>lodging</cmt>
<desc>Hotel / Motel</desc>
<sym>Dot</sym>
<type>shelter</type>
</wpt>
<wpt lat="48.444830" lon="-123.467593">
<name>Edo Japan</name>
<cmt>food</cmt>
<desc>Restaurant</desc>
<sym>Dot</sym>
<type>food</type>
</wpt>
<wpt lat="48.444970" lon="-123.467591">
<name>Wendy's</name>
<cmt>food</cmt>
<desc>Fast Food / Chain</desc>
<sym>Dot</sym>
<type>food</type>
</wpt>
<wpt lat="48.440455" lon="-123.469291">
<name>Greenleaf Pho Grill</name>
<cmt>food</cmt>
<desc>Restaurant</desc>
<sym>Dot</sym>
<type>food</type>
</wpt>
<wpt lat="48.440329" lon="-123.469554">
<name>Starbucks</name>
<cmt>food</cmt>
<desc>Fast Food / Chain</desc>
<sym>Dot</sym>
<type>food</type>
</wpt>
<wpt lat="48.439798" lon="-123.466731">
<name>Canex</name>
<cmt>convenience_store</cmt>
<desc>Convenience Store</desc>
<sym>Dot</sym>
<type>store</type>
</wpt>
<wpt lat="48.440589" lon="-123.469837">
<name>Firehouse Subs</name>
<cmt>food</cmt>
<desc>Fast Food / Chain</desc>
<sym>Dot</sym>
<type>food</type>
</wpt>
<wpt lat="48.440818" lon="-123.470131">
<name>Save-on-Foods</name>
<cmt>convenience_store</cmt>
<desc>Grocery Store</desc>
<sym>Dot</sym>
<type>store</type>
</wpt>
<wpt lat="48.445922" lon="-123.467433">
<name>Subway</name>
<cmt>food</cmt>
<desc>Fast Food / Chain</desc>
<sym>Dot</sym>
<type>food</type>
</wpt>
<wpt lat="48.441229" lon="-123.469914">
<name>BarBurrito</name>
<cmt>food</cmt>
<desc>Fast Food / Chain</desc>
<sym>Dot</sym>
<type>food</type>
</wpt>
<wpt lat="48.441409" lon="-123.469741">
<name>Papa John's</name>
<cmt>food</cmt>
<desc>Fast Food / Chain</desc>
<sym>Dot</sym>
<type>food</type>
</wpt>
<wpt lat="48.441311" lon="-123.469840">
<name>Opa! of Greece</name>
<cmt>food</cmt>
<desc>Restaurant</desc>
<sym>Dot</sym>
<type>food</type>
</wpt>
<wpt lat="48.441474" lon="-123.469685">
<name>Mary Brown's Chicken</name>
<cmt>food</cmt>
<desc>Fast Food / Chain</desc>
<sym>Dot</sym>
<type>food</type>
</wpt>
<wpt lat="48.441545" lon="-123.469625">
<name>Burger Crush</name>
<cmt>food</cmt>
<desc>Restaurant</desc>
<sym>Dot</sym>
<type>food</type>
</wpt>
<wpt lat="48.443305" lon="-123.470512">
<name>Thrifty Foods</name>
<cmt>convenience_store</cmt>
<desc>Grocery Store</desc>
<sym>Dot</sym>
<type>store</type>
</wpt>
<wpt lat="48.443194" lon="-123.470674">
<name>House of Nutrition</name>
<cmt>convenience_store</cmt>
<desc>Specialty / Health Food</desc>
<sym>Dot</sym>
<type>store</type>
</wpt>
<wpt lat="48.446560" lon="-123.466930">
<name>A&amp;W</name>
<cmt>food</cmt>
<desc>Fast Food / Chain</desc>
<sym>Dot</sym>
<type>food</type>
</wpt>
<wpt lat="48.442836" lon="-123.470857">
<name>Villages Pizza</name>
<cmt>food</cmt>
<desc>Fast Food / Chain</desc>
<sym>Dot</sym>
<type>food</type>
</wpt>
<wpt lat="48.441836" lon="-123.470463">
<name>Pilgrim Coffee</name>
<cmt>coffee</cmt>
<desc>Café / Coffee</desc>
<sym>Dot</sym>
<type>food</type>
</wpt>
<wpt lat="48.442702" lon="-123.470937">
<name>Momo Sushi Colwood</name>
<cmt>food</cmt>
<desc>Restaurant</desc>
<sym>Dot</sym>
<type>food</type>
</wpt>
<wpt lat="48.448950" lon="-123.465869">
<name>McDonald's</name>
<cmt>food</cmt>
<desc>Fast Food / Chain</desc>
<sym>Dot</sym>
<type>food</type>
</wpt>
<wpt lat="48.442265" lon="-123.470833">
<name>Asian Noodle House</name>
<cmt>food</cmt>
<desc>Restaurant</desc>
<sym>Dot</sym>
<type>food</type>
</wpt>
<wpt lat="48.446811" lon="-123.465381">
<name>Juan de Fuca Recreation Centre</name>
<cmt>rest_stop</cmt>
<desc>Community Centre</desc>
<sym>Dot</sym>
<type>rest_area</type>
</wpt>
<wpt lat="48.448253" lon="-123.464725">
<name>Juan de Fuca Library Branch</name>
<cmt>library</cmt>
<desc>Library</desc>
<sym>Dot</sym>
<type>info</type>
</wpt>
<wpt lat="48.435617" lon="-123.472766">
<name>Habitat Cafe</name>
<cmt>coffee</cmt>
<desc>Café / Coffee</desc>
<sym>Dot</sym>
<type>food</type>
</wpt>
<wpt lat="49.576174" lon="-119.649192">
<name>Silkscarf Winery</name>
<cmt>winery</cmt>
<desc>Winery / Cidery</desc>
<sym>Dot</sym>
<type>food</type>
</wpt>
<wpt lat="49.568571" lon="-119.658122">
<name>Sleeping Giant Fruit Winery</name>
<cmt>winery</cmt>
<desc>Winery / Cidery</desc>
<sym>Dot</sym>
<type>food</type>
</wpt>
<wpt lat="49.573796" lon="-119.631777">
<name>Summerland Motel</name>
<cmt>lodging</cmt>
<desc>Hotel / Motel</desc>
<sym>Dot</sym>
<type>shelter</type>
</wpt>
<wpt lat="49.575186" lon="-119.657518">
<name>Lightning Rock Winery</name>
<cmt>winery</cmt>
<desc>Winery / Cidery</desc>
<sym>Dot</sym>
<type>food</type>
</wpt>
<wpt lat="49.578736" lon="-119.635571">
<name>8th generation vineyard</name>
<cmt>winery</cmt>
<desc>Winery / Cidery</desc>
<sym>Dot</sym>
<type>food</type>
</wpt>
<wpt lat="49.566939" lon="-119.651839">
<name>Summerland Ornamental Gardens</name>
<cmt>park</cmt>
<desc>Park / Nature</desc>
<sym>Dot</sym>
<type>rest_area</type>
</wpt>
<wpt lat="49.575529" lon="-119.631464">
<name>8th Generation Vineyard</name>
<cmt>winery</cmt>
<desc>Winery / Cidery</desc>
<sym>Dot</sym>
<type>food</type>
</wpt>
<wpt lat="49.566277" lon="-119.664270">
<name>Dirty Laundry Vineyard</name>
<cmt>winery</cmt>
<desc>Winery / Cidery</desc>
<sym>Dot</sym>
<type>food</type>
</wpt>
<wpt lat="49.580956" lon="-119.652123">
<name>Heaven's Gate Estate Winery</name>
<cmt>winery</cmt>
<desc>Winery / Cidery</desc>
<sym>Dot</sym>
<type>food</type>
</wpt>
<wpt lat="49.326182" lon="-117.667638">
<name>Castlegar Museum</name>
<cmt>monument</cmt>
<desc>Museum / Gallery</desc>
<sym>Dot</sym>
<type>info</type>
</wpt>
<wpt lat="49.326173" lon="-117.665894">
<name>Chameleon Hotel</name>
<cmt>lodging</cmt>
<desc>Hotel / Motel</desc>
<sym>Dot</sym>
<type>shelter</type>
</wpt>
<wpt lat="49.325926" lon="-117.666142">
<name>The Grateful Table</name>
<cmt>food</cmt>
<desc>Restaurant</desc>
<sym>Dot</sym>
<type>food</type>
</wpt>
<wpt lat="49.325464" lon="-117.665470">
<name>Subway</name>
<cmt>food</cmt>
<desc>Fast Food / Chain</desc>
<sym>Dot</sym>
<type>food</type>
</wpt>
<wpt lat="49.326609" lon="-117.663529">
<name>Castlegar &amp; District Public Library</name>
<cmt>library</cmt>
<desc>Library</desc>
<sym>Dot</sym>
<type>info</type>
</wpt>
<wpt lat="49.321754" lon="-117.664833">
<name>Kootenay Market</name>
<cmt>convenience_store</cmt>
<desc>Grocery Store</desc>
<sym>Dot</sym>
<type>store</type>
</wpt>
<wpt lat="49.321489" lon="-117.664768">
<name>Crumbs Bakery</name>
<cmt>food</cmt>
<desc>Bakery / Donuts</desc>
<sym>Dot</sym>
<type>food</type>
</wpt>
<wpt lat="49.286156" lon="-123.002551">
<name>Garden Railway</name>
<cmt>park</cmt>
<desc>Park / Nature</desc>
<sym>Dot</sym>
<type>rest_area</type>
</wpt>
<wpt lat="49.280596" lon="-122.974901">
<name>Tim Hortons</name>
<cmt>food</cmt>
<desc>Fast Food / Chain</desc>
<sym>Dot</sym>
<type>food</type>
</wpt>
<wpt lat="49.280586" lon="-122.976580">
<name>Il Cappello</name>
<cmt>food</cmt>
<desc>Restaurant</desc>
<sym>Dot</sym>
<type>food</type>
</wpt>
<wpt lat="49.279254" lon="-122.970349">
<name>Kensington Park Outdoor Pool</name>
<cmt>rest_stop</cmt>
<desc>Community Centre</desc>
<sym>Dot</sym>
<type>rest_area</type>
</wpt>
<wpt lat="49.279929" lon="-122.921205">
<name>Tim Hortons</name>
<cmt>food</cmt>
<desc>Fast Food / Chain</desc>
<sym>Dot</sym>
<type>food</type>
</wpt>
<wpt lat="49.279624" lon="-122.921021">
<name>Starbucks</name>
<cmt>food</cmt>
<desc>Fast Food / Chain</desc>
<sym>Dot</sym>
<type>food</type>
</wpt>
<wpt lat="49.280502" lon="-122.977465">
<name>Peking Restaurant</name>
<cmt>food</cmt>
<desc>Restaurant</desc>
<sym>Dot</sym>
<type>food</type>
</wpt>
<wpt lat="49.280504" lon="-122.977590">
<name>Pho 101</name>
<cmt>food</cmt>
<desc>Restaurant</desc>
<sym>Dot</sym>
<type>food</type>
</wpt>
<wpt lat="49.279297" lon="-122.920352">
<name>Simon Fraser University</name>
<cmt>viewpoint</cmt>
<desc>Activity / Experience</desc>
<sym>Dot</sym>
<type>overlook</type>
</wpt>
<wpt lat="49.280498" lon="-122.977749">
<name>Nemo Sushi</name>
<cmt>food</cmt>
<desc>Restaurant</desc>
<sym>Dot</sym>
<type>food</type>
</wpt>
<wpt lat="49.280491" lon="-122.977875">
<name>HiFive Chicken</name>
<cmt>food</cmt>
<desc>Fast Food / Chain</desc>
<sym>Dot</sym>
<type>food</type>
</wpt>
<wpt lat="49.279345" lon="-122.918102">
<name>WAC Bennett Library</name>
<cmt>library</cmt>
<desc>Library</desc>
<sym>Dot</sym>
<type>info</type>
</wpt>
<wpt lat="49.279300" lon="-122.921222">
<name>SFU Aquatic Centre</name>
<cmt>rest_stop</cmt>
<desc>Community Centre</desc>
<sym>Dot</sym>
<type>rest_area</type>
</wpt>
<wpt lat="49.280493" lon="-122.977976">
<name>Olove Greek Kitchen</name>
<cmt>food</cmt>
<desc>Restaurant</desc>
<sym>Dot</sym>
<type>food</type>
</wpt>
<wpt lat="49.279419" lon="-122.967118">
<name>Safeway</name>
<cmt>convenience_store</cmt>
<desc>Grocery Store</desc>
<sym>Dot</sym>
<type>store</type>
</wpt>
<wpt lat="49.279475" lon="-122.968055">
<name>Ambit Cafe</name>
<cmt>coffee</cmt>
<desc>Café / Coffee</desc>
<sym>Dot</sym>
<type>food</type>
</wpt>
<wpt lat="49.279482" lon="-122.967781">
<name>COBS Bread</name>
<cmt>food</cmt>
<desc>Bakery / Donuts</desc>
<sym>Dot</sym>
<type>food</type>
</wpt>
<wpt lat="49.279548" lon="-122.968824">
<name>Parkgate Farm Market</name>
<cmt>convenience_store</cmt>
<desc>Farmers' Market</desc>
<sym>Dot</sym>
<type>store</type>
</wpt>
<wpt lat="49.279553" lon="-122.968912">
<name>SunTea</name>
<cmt>coffee</cmt>
<desc>Café / Coffee</desc>
<sym>Dot</sym>
<type>food</type>
</wpt>
<wpt lat="49.279571" lon="-122.969154">
<name>BC Liquor Store</name>
<cmt>convenience_store</cmt>
<desc>Liquor Store</desc>
<sym>Dot</sym>
<type>store</type>
</wpt>
<wpt lat="49.278842" lon="-122.919092">
<name>Big Hot</name>
<cmt>food</cmt>
<desc>Restaurant</desc>
<sym>Dot</sym>
<type>food</type>
</wpt>
<wpt lat="49.280070" lon="-122.969768">
<name>White Spot</name>
<cmt>food</cmt>
<desc>Fast Food / Chain</desc>
<sym>Dot</sym>
<type>food</type>
</wpt>
<wpt lat="49.278738" lon="-122.919047">
<name>BenGong's Tea</name>
<cmt>coffee</cmt>
<desc>Café / Coffee</desc>
<sym>Dot</sym>
<type>food</type>
</wpt>
<wpt lat="49.278845" lon="-122.918037">
<name>Blenz Coffee</name>
<cmt>coffee</cmt>
<desc>Café / Coffee</desc>
<sym>Dot</sym>
<type>food</type>
</wpt>
<wpt lat="49.279835" lon="-122.966114">
<name>Subway</name>
<cmt>food</cmt>
<desc>Fast Food / Chain</desc>
<sym>Dot</sym>
<type>food</type>
</wpt>
<wpt lat="49.278651" lon="-122.918714">
<name>MAD Chicken</name>
<cmt>food</cmt>
<desc>Fast Food / Chain</desc>
<sym>Dot</sym>
<type>food</type>
</wpt>
<wpt lat="49.278637" lon="-122.918624">
<name>Grill Master</name>
<cmt>food</cmt>
<desc>Fast Food / Chain</desc>
<sym>Dot</sym>
<type>food</type>
</wpt>
<wpt lat="49.279921" lon="-122.968210">
<name>Starbucks</name>
<cmt>food</cmt>
<desc>Fast Food / Chain</desc>
<sym>Dot</sym>
<type>food</type>
</wpt>
<wpt lat="49.279417" lon="-122.915848">
<name>Crust N Crunch</name>
<cmt>food</cmt>
<desc>Restaurant</desc>
<sym>Dot</sym>
<type>food</type>
</wpt>
<wpt lat="49.279385" lon="-122.915629">
<name>Renaissance Coffee</name>
<cmt>coffee</cmt>
<desc>Café / Coffee</desc>
<sym>Dot</sym>
<type>food</type>
</wpt>
<wpt lat="49.282579" lon="-122.954084">
<name>Blossom Teas</name>
<cmt>coffee</cmt>
<desc>Café / Coffee</desc>
<sym>Dot</sym>
<type>food</type>
</wpt>
<wpt lat="49.279525" lon="-122.914436">
<name>Museum of Archaeology &amp; Ethnology</name>
<cmt>monument</cmt>
<desc>Museum / Gallery</desc>
<sym>Dot</sym>
<type>info</type>
</wpt>
<wpt lat="49.280041" lon="-122.925123">
<name>Dining Commons</name>
<cmt>food</cmt>
<desc>Restaurant</desc>
<sym>Dot</sym>
<type>food</type>
</wpt>
<wpt lat="49.280046" lon="-122.966568">
<name>Cockney Kings Fish &amp; Chips</name>
<cmt>food</cmt>
<desc>Restaurant</desc>
<sym>Dot</sym>
<type>food</type>
</wpt>
<wpt lat="49.280169" lon="-122.966568">
<name>Dairy Queen</name>
<cmt>food</cmt>
<desc>Ice Cream</desc>
<sym>Dot</sym>
<type>food</type>
</wpt>
<wpt lat="49.280249" lon="-122.965469">
<name>North Burnaby Wonton House</name>
<cmt>food</cmt>
<desc>Restaurant</desc>
<sym>Dot</sym>
<type>food</type>
</wpt>
<wpt lat="49.280249" lon="-122.965618">
<name>Hong Sushi</name>
<cmt>food</cmt>
<desc>Restaurant</desc>
<sym>Dot</sym>
<type>food</type>
</wpt>
<wpt lat="49.283068" lon="-123.002738">
<name>Eileen Dailly Leisure Pool &amp; Fitness Centre</name>
<cmt>rest_stop</cmt>
<desc>Community Centre</desc>
<sym>Dot</sym>
<type>rest_area</type>
</wpt>
<wpt lat="49.278963" lon="-122.915519">
<name>Triple O's</name>
<cmt>food</cmt>
<desc>Fast Food / Chain</desc>
<sym>Dot</sym>
<type>food</type>
</wpt>
<wpt lat="49.278910" lon="-122.915588">
<name>Mackenzie Cafe</name>
<cmt>food</cmt>
<desc>Restaurant</desc>
<sym>Dot</sym>
<type>food</type>
</wpt>
<wpt lat="49.280519" lon="-122.965727">
<name>Saray Turkish Cuisine</name>
<cmt>food</cmt>
<desc>Restaurant</desc>
<sym>Dot</sym>
<type>food</type>
</wpt>
<wpt lat="49.280525" lon="-122.964841">
<name>The Peri Peri Shack</name>
<cmt>food</cmt>
<desc>Restaurant</desc>
<sym>Dot</sym>
<type>food</type>
</wpt>
<wpt lat="49.280531" lon="-122.965131">
<name>Panago</name>
<cmt>food</cmt>
<desc>Fast Food / Chain</desc>
<sym>Dot</sym>
<type>food</type>
</wpt>
<wpt lat="49.278861" lon="-122.913877">
<name>Marianne and Edward Gibson Art Museum</name>
<cmt>monument</cmt>
<desc>Museum / Gallery</desc>
<sym>Dot</sym>
<type>info</type>
</wpt>
<wpt lat="49.282607" lon="-123.000615">
<name>McGill Library</name>
<cmt>library</cmt>
<desc>Library</desc>
<sym>Dot</sym>
<type>info</type>
</wpt>
<wpt lat="49.278192" lon="-122.910445">
<name>A&amp;W</name>
<cmt>food</cmt>
<desc>Fast Food / Chain</desc>
<sym>Dot</sym>
<type>food</type>
</wpt>
<wpt lat="49.278145" lon="-122.910142">
<name>Chef Hung</name>
<cmt>food</cmt>
<desc>Restaurant</desc>
<sym>Dot</sym>
<type>food</type>
</wpt>
<wpt lat="49.278129" lon="-122.910042">
<name>Uncle Fatih's Pizza</name>
<cmt>food</cmt>
<desc>Fast Food / Chain</desc>
<sym>Dot</sym>
<type>food</type>
</wpt>
<wpt lat="49.278119" lon="-122.912285">
<name>Starbucks</name>
<cmt>food</cmt>
<desc>Fast Food / Chain</desc>
<sym>Dot</sym>
<type>food</type>
</wpt>
<wpt lat="49.278102" lon="-122.912178">
<name>Japarrito</name>
<cmt>food</cmt>
<desc>Restaurant</desc>
<sym>Dot</sym>
<type>food</type>
</wpt>
<wpt lat="49.278114" lon="-122.909941">
<name>Togo Sushi</name>
<cmt>food</cmt>
<desc>Restaurant</desc>
<sym>Dot</sym>
<type>food</type>
</wpt>
<wpt lat="49.278084" lon="-122.912071">
<name>Subway</name>
<cmt>food</cmt>
<desc>Fast Food / Chain</desc>
<sym>Dot</sym>
<type>food</type>
</wpt>
<wpt lat="49.278006" lon="-122.911585">
<name>Gawon Express</name>
<cmt>food</cmt>
<desc>Restaurant</desc>
<sym>Dot</sym>
<type>food</type>
</wpt>
<wpt lat="49.282062" lon="-123.003323">
<name>Burnaby Heights Persian Market and Halal Meats</name>
<cmt>convenience_store</cmt>
<desc>Grocery Store</desc>
<sym>Dot</sym>
<type>store</type>
</wpt>
<wpt lat="49.278082" lon="-122.909739">
<name>Chaiiwala of London</name>
<cmt>coffee</cmt>
<desc>Café / Coffee</desc>
<sym>Dot</sym>
<type>food</type>
</wpt>
<wpt lat="49.277926" lon="-122.911091">
<name>BC Liquor Store</name>
<cmt>convenience_store</cmt>
<desc>Liquor Store</desc>
<sym>Dot</sym>
<type>store</type>
</wpt>
<wpt lat="49.278005" lon="-122.912328">
<name>Biercraft</name>
<cmt>food</cmt>
<desc>Restaurant</desc>
<sym>Dot</sym>
<type>food</type>
</wpt>
<wpt lat="49.280639" lon="-122.981263">
<name>Circle K</name>
<cmt>convenience_store</cmt>
<desc>Convenience Store</desc>
<sym>Dot</sym>
<type>store</type>
</wpt>
<wpt lat="49.277921" lon="-122.912314">
<name>Pho 99</name>
<cmt>food</cmt>
<desc>Restaurant</desc>
<sym>Dot</sym>
<type>food</type>
</wpt>
<wpt lat="49.278020" lon="-122.909336">
<name>Tim Hortons</name>
<cmt>food</cmt>
<desc>Fast Food / Chain</desc>
<sym>Dot</sym>
<type>food</type>
</wpt>
<wpt lat="49.277887" lon="-122.912099">
<name>K Ramyun</name>
<cmt>food</cmt>
<desc>Fast Food / Chain</desc>
<sym>Dot</sym>
<type>food</type>
</wpt>
<wpt lat="49.277872" lon="-122.912010">
<name>Pizza Hut</name>
<cmt>food</cmt>
<desc>Fast Food / Chain</desc>
<sym>Dot</sym>
<type>food</type>
</wpt>
<wpt lat="49.277858" lon="-122.911921">
<name>Donair Town</name>
<cmt>food</cmt>
<desc>Restaurant</desc>
<sym>Dot</sym>
<type>food</type>
</wpt>
<wpt lat="49.277843" lon="-122.911832">
<name>Steve's Poké Bar</name>
<cmt>food</cmt>
<desc>Restaurant</desc>
<sym>Dot</sym>
<type>food</type>
</wpt>
<wpt lat="49.277829" lon="-122.911743">
<name>Plum Garden</name>
<cmt>food</cmt>
<desc>Restaurant</desc>
<sym>Dot</sym>
<type>food</type>
</wpt>
<wpt lat="49.277814" lon="-122.911654">
<name>Chakura</name>
<cmt>coffee</cmt>
<desc>Café / Coffee</desc>
<sym>Dot</sym>
<type>food</type>
</wpt>
<wpt lat="49.277787" lon="-122.911483">
<name>Quesada</name>
<cmt>food</cmt>
<desc>Fast Food / Chain</desc>
<sym>Dot</sym>
<type>food</type>
</wpt>
<wpt lat="49.280629" lon="-122.981542">
<name>Hill's Bakery</name>
<cmt>food</cmt>
<desc>Bakery / Donuts</desc>
<sym>Dot</sym>
<type>food</type>
</wpt>
<wpt lat="49.280618" lon="-122.981784">
<name>Sushi Giwa</name>
<cmt>food</cmt>
<desc>Restaurant</desc>
<sym>Dot</sym>
<type>food</type>
</wpt>
<wpt lat="49.277643" lon="-122.909438">
<name>Nesters Market</name>
<cmt>convenience_store</cmt>
<desc>Grocery Store</desc>
<sym>Dot</sym>
<type>store</type>
</wpt>
<wpt lat="49.280093" lon="-122.981827">
<name>Geno's Pizza</name>
<cmt>food</cmt>
<desc>Fast Food / Chain</desc>
<sym>Dot</sym>
<type>food</type>
</wpt>
<wpt lat="49.280490" lon="-122.982121">
<name>La Forchetta</name>
<cmt>food</cmt>
<desc>Restaurant</desc>
<sym>Dot</sym>
<type>food</type>
</wpt>
<wpt lat="49.281314" lon="-123.002299">
<name>On the Run</name>
<cmt>convenience_store</cmt>
<desc>Convenience Store</desc>
<sym>Dot</sym>
<type>store</type>
</wpt>
<wpt lat="49.281204" lon="-123.003658">
<name>Salita Cyclery</name>
<cmt>bike_shop</cmt>
<desc>Repair Shop</desc>
<sym>Dot</sym>
<type>gear</type>
</wpt>
<wpt lat="49.281146" lon="-123.001958">
<name>Stan's Pizza Joint</name>
<cmt>food</cmt>
<desc>Restaurant</desc>
<sym>Dot</sym>
<type>food</type>
</wpt>
<wpt lat="49.056410" lon="-123.878053">
<name>Cassidy Farm Market</name>
<cmt>convenience_store</cmt>
<desc>Farmers' Market</desc>
<sym>Dot</sym>
<type>store</type>
</wpt>
<wpt lat="48.921049" lon="-123.717529">
<name>Little Town Pizza</name>
<cmt>food</cmt>
<desc>Restaurant</desc>
<sym>Dot</sym>
<type>food</type>
</wpt>
<wpt lat="48.791086" lon="-123.737121">
<name>Country Grocer</name>
<cmt>convenience_store</cmt>
<desc>Grocery Store</desc>
<sym>Dot</sym>
<type>store</type>
</wpt>
<wpt lat="48.922045" lon="-123.718197">
<name>Subway</name>
<cmt>food</cmt>
<desc>Fast Food / Chain</desc>
<sym>Dot</sym>
<type>food</type>
</wpt>
<wpt lat="48.922300" lon="-123.718492">
<name>BC Liquor Store</name>
<cmt>convenience_store</cmt>
<desc>Liquor Store</desc>
<sym>Dot</sym>
<type>store</type>
</wpt>
<wpt lat="48.926523" lon="-123.728171">
<name>Serious Brewing Company</name>
<cmt>bar</cmt>
<desc>Brewery / Pub</desc>
<sym>Dot</sym>
<type>food</type>
</wpt>
<wpt lat="48.926430" lon="-123.728121">
<name>Riot Tasting Room</name>
<cmt>bar</cmt>
<desc>Brewery / Pub</desc>
<sym>Dot</sym>
<type>food</type>
</wpt>
<wpt lat="48.925553" lon="-123.727412">
<name>Sawmill TapHouse &amp; Grill</name>
<cmt>food</cmt>
<desc>Restaurant</desc>
<sym>Dot</sym>
<type>food</type>
</wpt>
<wpt lat="48.921953" lon="-123.717604">
<name>Bonnie Martin Restaurant</name>
<cmt>food</cmt>
<desc>Restaurant</desc>
<sym>Dot</sym>
<type>food</type>
</wpt>
<wpt lat="48.791957" lon="-123.737085">
<name>Tim Hortons</name>
<cmt>food</cmt>
<desc>Fast Food / Chain</desc>
<sym>Dot</sym>
<type>food</type>
</wpt>
<wpt lat="48.921759" lon="-123.716840">
<name>Owl's Nest</name>
<cmt>coffee</cmt>
<desc>Café / Coffee</desc>
<sym>Dot</sym>
<type>food</type>
</wpt>
<wpt lat="48.922568" lon="-123.717712">
<name>Citrus Cycles</name>
<cmt>bike_shop</cmt>
<desc>Repair Shop</desc>
<sym>Dot</sym>
<type>gear</type>
</wpt>
<wpt lat="48.921851" lon="-123.716544">
<name>Willow Street Cafe</name>
<cmt>coffee</cmt>
<desc>Café / Coffee</desc>
<sym>Dot</sym>
<type>food</type>
</wpt>
<wpt lat="48.922764" lon="-123.717547">
<name>Pho Triple 7</name>
<cmt>food</cmt>
<desc>Restaurant</desc>
<sym>Dot</sym>
<type>food</type>
</wpt>
<wpt lat="48.925946" lon="-123.726366">
<name>Country Grocer</name>
<cmt>convenience_store</cmt>
<desc>Grocery Store</desc>
<sym>Dot</sym>
<type>store</type>
</wpt>
<wpt lat="48.922908" lon="-123.717151">
<name>Scoops by the Sea</name>
<cmt>food</cmt>
<desc>Ice Cream</desc>
<sym>Dot</sym>
<type>food</type>
</wpt>
<wpt lat="48.923478" lon="-123.717158">
<name>Chemainus Valley Museum</name>
<cmt>monument</cmt>
<desc>Museum / Gallery</desc>
<sym>Dot</sym>
<type>info</type>
</wpt>
<wpt lat="48.923455" lon="-123.716983">
<name>Chemainus Visitor Centre</name>
<cmt>generic</cmt>
<desc>Visitor Centre</desc>
<sym>Dot</sym>
<type>generic</type>
</wpt>
<wpt lat="48.924904" lon="-123.718933">
<name>Pacific Shores Inn</name>
<cmt>lodging</cmt>
<desc>Hotel / Motel</desc>
<sym>Dot</sym>
<type>shelter</type>
</wpt>
<wpt lat="48.851124" lon="-123.706856">
<name>Westholme Tea Farm</name>
<cmt>food</cmt>
<desc>Restaurant</desc>
<sym>Dot</sym>
<type>food</type>
</wpt>
<wpt lat="48.851157" lon="-123.705815">
<name>Teafarm</name>
<cmt>viewpoint</cmt>
<desc>Activity / Experience</desc>
<sym>Dot</sym>
<type>overlook</type>
</wpt>
<wpt lat="48.925512" lon="-123.717005">
<name>Sushi Kuni</name>
<cmt>food</cmt>
<desc>Restaurant</desc>
<sym>Dot</sym>
<type>food</type>
</wpt>
<wpt lat="49.251190" lon="-122.732744">
<name>Tinhouse Tasting Lounge</name>
<cmt>bar</cmt>
<desc>Brewery / Pub</desc>
<sym>Dot</sym>
<type>food</type>
</wpt>
<wpt lat="49.251238" lon="-122.732836">
<name>Tinhouse Brewing</name>
<cmt>bar</cmt>
<desc>Brewery / Pub</desc>
<sym>Dot</sym>
<type>food</type>
</wpt>
<wpt lat="49.252992" lon="-122.733207">
<name>Side Quest Brewing Co.</name>
<cmt>bar</cmt>
<desc>Brewery / Pub</desc>
<sym>Dot</sym>
<type>food</type>
</wpt>
<wpt lat="49.283823" lon="-122.744713">
<name>Hyde Creek Nature Reserve</name>
<cmt>park</cmt>
<desc>Park / Nature</desc>
<sym>Dot</sym>
<type>rest_area</type>
</wpt>
<wpt lat="49.252026" lon="-122.735614">
<name>The Hive</name>
<cmt>rest_stop</cmt>
<desc>Community Centre</desc>
<sym>Dot</sym>
<type>rest_area</type>
</wpt>
<wpt lat="49.251735" lon="-122.735940">
<name>C Market Coffee</name>
<cmt>coffee</cmt>
<desc>Café / Coffee</desc>
<sym>Dot</sym>
<type>food</type>
</wpt>
<wpt lat="49.252128" lon="-122.736412">
<name>Pizza Hut</name>
<cmt>food</cmt>
<desc>Fast Food / Chain</desc>
<sym>Dot</sym>
<type>food</type>
</wpt>
<wpt lat="49.252163" lon="-122.736559">
<name>Pür &amp; Simple</name>
<cmt>food</cmt>
<desc>Restaurant</desc>
<sym>Dot</sym>
<type>food</type>
</wpt>
<wpt lat="49.272984" lon="-122.755573">
<name>7-Eleven</name>
<cmt>convenience_store</cmt>
<desc>Convenience Store</desc>
<sym>Dot</sym>
<type>store</type>
</wpt>
<wpt lat="49.272980" lon="-122.756447">
<name>Reggiano's Pizza</name>
<cmt>food</cmt>
<desc>Restaurant</desc>
<sym>Dot</sym>
<type>food</type>
</wpt>
<wpt lat="49.252457" lon="-122.737076">
<name>Grelhados</name>
<cmt>food</cmt>
<desc>Restaurant</desc>
<sym>Dot</sym>
<type>food</type>
</wpt>
<wpt lat="49.272054" lon="-122.755737">
<name>Blend Bubble Tea</name>
<cmt>coffee</cmt>
<desc>Café / Coffee</desc>
<sym>Dot</sym>
<type>food</type>
</wpt>
<wpt lat="49.254865" lon="-122.735427">
<name>McDonald's</name>
<cmt>food</cmt>
<desc>Fast Food / Chain</desc>
<sym>Dot</sym>
<type>food</type>
</wpt>
<wpt lat="49.271826" lon="-122.755494">
<name>Spice Cart Indian Cuisine</name>
<cmt>food</cmt>
<desc>Restaurant</desc>
<sym>Dot</sym>
<type>food</type>
</wpt>
<wpt lat="49.253403" lon="-122.737379">
<name>A&amp;W</name>
<cmt>food</cmt>
<desc>Fast Food / Chain</desc>
<sym>Dot</sym>
<type>food</type>
</wpt>
<wpt lat="49.271809" lon="-122.755646">
<name>Little Caesars</name>
<cmt>food</cmt>
<desc>Fast Food / Chain</desc>
<sym>Dot</sym>
<type>food</type>
</wpt>
<wpt lat="49.271521" lon="-122.754067">
<name>Natureway Farm Market</name>
<cmt>convenience_store</cmt>
<desc>Farmers' Market</desc>
<sym>Dot</sym>
<type>store</type>
</wpt>
<wpt lat="49.253038" lon="-122.737845">
<name>Kai Japanese Restaurant</name>
<cmt>food</cmt>
<desc>Restaurant</desc>
<sym>Dot</sym>
<type>food</type>
</wpt>
<wpt lat="49.254881" lon="-122.735697">
<name>Walmart</name>
<cmt>convenience_store</cmt>
<desc>Grocery Store</desc>
<sym>Dot</sym>
<type>store</type>
</wpt>
<wpt lat="49.253102" lon="-122.738030">
<name>NoodleBox</name>
<cmt>food</cmt>
<desc>Fast Food / Chain</desc>
<sym>Dot</sym>
<type>food</type>
</wpt>
<wpt lat="49.271321" lon="-122.755135">
<name>Subway</name>
<cmt>food</cmt>
<desc>Fast Food / Chain</desc>
<sym>Dot</sym>
<type>food</type>
</wpt>
<wpt lat="49.271921" lon="-122.757155">
<name>The Arms Pub</name>
<cmt>bar</cmt>
<desc>Brewery / Pub</desc>
<sym>Dot</sym>
<type>food</type>
</wpt>
<wpt lat="49.271335" lon="-122.755624">
<name>Dairy Queen</name>
<cmt>food</cmt>
<desc>Ice Cream</desc>
<sym>Dot</sym>
<type>food</type>
</wpt>
<wpt lat="48.998040" lon="-123.823788">
<name>Tim Hortons</name>
<cmt>food</cmt>
<desc>Fast Food / Chain</desc>
<sym>Dot</sym>
<type>food</type>
</wpt>
<wpt lat="48.977992" lon="-123.803524">
<name>Sushi Wara</name>
<cmt>food</cmt>
<desc>Restaurant</desc>
<sym>Dot</sym>
<type>food</type>
</wpt>
<wpt lat="48.977992" lon="-123.803524">
<name>KFC</name>
<cmt>food</cmt>
<desc>Fast Food / Chain</desc>
<sym>Dot</sym>
<type>food</type>
</wpt>
<wpt lat="48.996846" lon="-123.822932">
<name>Country Grocer</name>
<cmt>convenience_store</cmt>
<desc>Grocery Store</desc>
<sym>Dot</sym>
<type>store</type>
</wpt>
<wpt lat="48.977306" lon="-123.802756">
<name>Dairy Queen</name>
<cmt>food</cmt>
<desc>Ice Cream</desc>
<sym>Dot</sym>
<type>food</type>
</wpt>
<wpt lat="48.989430" lon="-123.813638">
<name>Bayview Brewing Company</name>
<cmt>bar</cmt>
<desc>Brewery / Pub</desc>
<sym>Dot</sym>
<type>food</type>
</wpt>
<wpt lat="48.978883" lon="-123.804502">
<name>Save-On-Foods</name>
<cmt>convenience_store</cmt>
<desc>Grocery Store</desc>
<sym>Dot</sym>
<type>store</type>
</wpt>
<wpt lat="48.996740" lon="-123.822938">
<name>The 49th Cafe</name>
<cmt>coffee</cmt>
<desc>Café / Coffee</desc>
<sym>Dot</sym>
<type>food</type>
</wpt>
<wpt lat="48.978202" lon="-123.803920">
<name>McDonald's</name>
<cmt>food</cmt>
<desc>Fast Food / Chain</desc>
<sym>Dot</sym>
<type>food</type>
</wpt>
<wpt lat="48.978755" lon="-123.804824">
<name>Starbucks</name>
<cmt>food</cmt>
<desc>Fast Food / Chain</desc>
<sym>Dot</sym>
<type>food</type>
</wpt>
<wpt lat="48.977981" lon="-123.804374">
<name>Great Canadian Dollar Store</name>
<cmt>convenience_store</cmt>
<desc>General merchandise</desc>
<sym>Dot</sym>
<type>store</type>
</wpt>
<wpt lat="48.978277" lon="-123.804734">
<name>Panago</name>
<cmt>food</cmt>
<desc>Fast Food / Chain</desc>
<sym>Dot</sym>
<type>food</type>
</wpt>
<wpt lat="48.978420" lon="-123.804878">
<name>BC Liquor Store</name>
<cmt>convenience_store</cmt>
<desc>Liquor Store</desc>
<sym>Dot</sym>
<type>store</type>
</wpt>
<wpt lat="48.996207" lon="-123.814304">
<name>Ladysmith Maritime Society Museum</name>
<cmt>monument</cmt>
<desc>Museum / Gallery</desc>
<sym>Dot</sym>
<type>info</type>
</wpt>
<wpt lat="48.995849" lon="-123.818925">
<name>Subway</name>
<cmt>food</cmt>
<desc>Fast Food / Chain</desc>
<sym>Dot</sym>
<type>food</type>
</wpt>
<wpt lat="48.995788" lon="-123.818810">
<name>Kaede Sushi</name>
<cmt>food</cmt>
<desc>Restaurant</desc>
<sym>Dot</sym>
<type>food</type>
</wpt>
<wpt lat="48.994549" lon="-123.817070">
<name>Holiday House Seaview Motel</name>
<cmt>lodging</cmt>
<desc>Hotel / Motel</desc>
<sym>Dot</sym>
<type>shelter</type>
</wpt>
<wpt lat="48.994158" lon="-123.816580">
<name>Spice Hut Indian Cuisine</name>
<cmt>food</cmt>
<desc>Restaurant</desc>
<sym>Dot</sym>
<type>food</type>
</wpt>
<wpt lat="48.993577" lon="-123.815640">
<name>Ironworks Café &amp; Crêperie</name>
<cmt>coffee</cmt>
<desc>Café / Coffee</desc>
<sym>Dot</sym>
<type>food</type>
</wpt>
<wpt lat="48.993744" lon="-123.816119">
<name>7-Eleven</name>
<cmt>convenience_store</cmt>
<desc>Convenience Store</desc>
<sym>Dot</sym>
<type>store</type>
</wpt>
<wpt lat="48.992960" lon="-123.815029">
<name>Dragon City</name>
<cmt>food</cmt>
<desc>Restaurant</desc>
<sym>Dot</sym>
<type>food</type>
</wpt>
<wpt lat="48.994261" lon="-123.817608">
<name>Fox and Hounds</name>
<cmt>bar</cmt>
<desc>Brewery / Pub</desc>
<sym>Dot</sym>
<type>food</type>
</wpt>
<wpt lat="48.994094" lon="-123.817598">
<name>Budget Blinds</name>
<cmt>convenience_store</cmt>
<desc>Grocery Store</desc>
<sym>Dot</sym>
<type>store</type>
</wpt>
<wpt lat="48.992972" lon="-123.816047">
<name>Roberts Street Pizza</name>
<cmt>food</cmt>
<desc>Restaurant</desc>
<sym>Dot</sym>
<type>food</type>
</wpt>
<wpt lat="48.994123" lon="-123.818340">
<name>Ladysmith Gallery</name>
<cmt>monument</cmt>
<desc>Museum / Gallery</desc>
<sym>Dot</sym>
<type>info</type>
</wpt>
<wpt lat="48.993870" lon="-123.818060">
<name>Wild Poppy Market</name>
<cmt>food</cmt>
<desc>Bakery / Donuts</desc>
<sym>Dot</sym>
<type>food</type>
</wpt>
<wpt lat="48.993870" lon="-123.818060">
<name>Old Town Ice Cream</name>
<cmt>food</cmt>
<desc>Ice Cream</desc>
<sym>Dot</sym>
<type>food</type>
</wpt>
<wpt lat="48.992588" lon="-123.816139">
<name>Barnacle Barney's Fish and Chips</name>
<cmt>food</cmt>
<desc>Restaurant</desc>
<sym>Dot</sym>
<type>food</type>
</wpt>
<wpt lat="48.994838" lon="-123.820360">
<name>Ladysmith Library Branch</name>
<cmt>library</cmt>
<desc>Library</desc>
<sym>Dot</sym>
<type>info</type>
</wpt>
<wpt lat="48.993573" lon="-123.818252">
<name>Appetit Food for Thought</name>
<cmt>food</cmt>
<desc>Restaurant</desc>
<sym>Dot</sym>
<type>food</type>
</wpt>
<wpt lat="48.994238" lon="-123.819260">
<name>The Sportsman Pub</name>
<cmt>bar</cmt>
<desc>Brewery / Pub</desc>
<sym>Dot</sym>
<type>food</type>
</wpt>
<wpt lat="48.993228" lon="-123.817960">
<name>Old Town Bakery</name>
<cmt>food</cmt>
<desc>Bakery / Donuts</desc>
<sym>Dot</sym>
<type>food</type>
</wpt>
<wpt lat="48.993662" lon="-123.819147">
<name>The Phoenix</name>
<cmt>food</cmt>
<desc>Restaurant</desc>
<sym>Dot</sym>
<type>food</type>
</wpt>
<wpt lat="49.013977" lon="-123.852267">
<name>Microtel Inn &amp; Suites by Wyndham Oyster Bay Ladysmith</name>
<cmt>lodging</cmt>
<desc>Hotel / Motel</desc>
<sym>Dot</sym>
<type>shelter</type>
</wpt>
<wpt lat="48.791315" lon="-123.737472">
<name>Mid Island Liquor</name>
<cmt>convenience_store</cmt>
<desc>Liquor Store</desc>
<sym>Dot</sym>
<type>store</type>
</wpt>
<wpt lat="48.791374" lon="-123.737546">
<name>Roundabout Pizza</name>
<cmt>food</cmt>
<desc>Fast Food / Chain</desc>
<sym>Dot</sym>
<type>food</type>
</wpt>
<wpt lat="48.811559" lon="-123.736473">
<name>Deol Family Estate Winery</name>
<cmt>winery</cmt>
<desc>Winery / Cidery</desc>
<sym>Dot</sym>
<type>food</type>
</wpt>
<wpt lat="48.792506" lon="-123.736782">
<name>Sundays Coffee and Provisions</name>
<cmt>coffee</cmt>
<desc>Café / Coffee</desc>
<sym>Dot</sym>
<type>food</type>
</wpt>
<wpt lat="48.915009" lon="-123.712985">
<name>Best Western Plus Chemainus Inn</name>
<cmt>lodging</cmt>
<desc>Hotel / Motel</desc>
<sym>Dot</sym>
<type>shelter</type>
</wpt>
<wpt lat="48.923109" lon="-123.718557">
<name>Chemainus Library Branch</name>
<cmt>library</cmt>
<desc>Library</desc>
<sym>Dot</sym>
<type>info</type>
</wpt>
<wpt lat="48.933160" lon="-123.727736">
<name>Eagle Rock Bed and Breakfast</name>
<cmt>lodging</cmt>
<desc>B&amp;B / Inn</desc>
<sym>Dot</sym>
<type>shelter</type>
</wpt>
<wpt lat="49.077764" lon="-123.930100">
<name>Jonanco Hobby Workshop</name>
<cmt>monument</cmt>
<desc>Museum / Gallery</desc>
<sym>Dot</sym>
<type>info</type>
</wpt>
<wpt lat="49.495770" lon="-119.615338">
<name>Starbucks</name>
<cmt>food</cmt>
<desc>Fast Food / Chain</desc>
<sym>Dot</sym>
<type>food</type>
</wpt>
<wpt lat="49.496506" lon="-119.615419">
<name>Angry Otter Liquor @ Riverside</name>
<cmt>convenience_store</cmt>
<desc>Liquor Store</desc>
<sym>Dot</sym>
<type>store</type>
</wpt>
<wpt lat="49.496744" lon="-119.615580">
<name>Booster Juice</name>
<cmt>food</cmt>
<desc>Fast Food / Chain</desc>
<sym>Dot</sym>
<type>food</type>
</wpt>
<wpt lat="49.496712" lon="-119.615377">
<name>Domino's</name>
<cmt>food</cmt>
<desc>Fast Food / Chain</desc>
<sym>Dot</sym>
<type>food</type>
</wpt>
<wpt lat="49.495999" lon="-119.614502">
<name>A&amp;W</name>
<cmt>food</cmt>
<desc>Fast Food / Chain</desc>
<sym>Dot</sym>
<type>food</type>
</wpt>
<wpt lat="49.496141" lon="-119.614122">
<name>Cob's Bakery</name>
<cmt>food</cmt>
<desc>Bakery / Donuts</desc>
<sym>Dot</sym>
<type>food</type>
</wpt>
<wpt lat="49.496393" lon="-119.614018">
<name>Quality Greens</name>
<cmt>convenience_store</cmt>
<desc>Grocery Store</desc>
<sym>Dot</sym>
<type>store</type>
</wpt>
<wpt lat="49.496383" lon="-119.613435">
<name>Tim Hortons</name>
<cmt>food</cmt>
<desc>Fast Food / Chain</desc>
<sym>Dot</sym>
<type>food</type>
</wpt>
<wpt lat="49.495356" lon="-119.613288">
<name>Quiznos</name>
<cmt>food</cmt>
<desc>Fast Food / Chain</desc>
<sym>Dot</sym>
<type>food</type>
</wpt>
<wpt lat="49.495553" lon="-119.613226">
<name>24 Seven</name>
<cmt>convenience_store</cmt>
<desc>Convenience Store</desc>
<sym>Dot</sym>
<type>store</type>
</wpt>
<wpt lat="49.494570" lon="-119.612453">
<name>Ramada Inn &amp; Suites</name>
<cmt>lodging</cmt>
<desc>Hotel / Motel</desc>
<sym>Dot</sym>
<type>shelter</type>
</wpt>
<wpt lat="49.498365" lon="-119.612987">
<name>Days Inn by Wyndham Penticton Conference Centre</name>
<cmt>lodging</cmt>
<desc>Hotel / Motel</desc>
<sym>Dot</sym>
<type>shelter</type>
</wpt>
<wpt lat="49.502034" lon="-119.611535">
<name>SS Naramata</name>
<cmt>viewpoint</cmt>
<desc>Activity / Experience</desc>
<sym>Dot</sym>
<type>overlook</type>
</wpt>
<wpt lat="49.501725" lon="-119.611429">
<name>SS Sicamous</name>
<cmt>monument</cmt>
<desc>Museum / Gallery</desc>
<sym>Dot</sym>
<type>info</type>
</wpt>
<wpt lat="49.501385" lon="-119.611476">
<name>Rose Gardens Park</name>
<cmt>park</cmt>
<desc>Park / Nature</desc>
<sym>Dot</sym>
<type>rest_area</type>
</wpt>
<wpt lat="49.499482" lon="-119.611659">
<name>Riverside Motel</name>
<cmt>lodging</cmt>
<desc>Hotel / Motel</desc>
<sym>Dot</sym>
<type>shelter</type>
</wpt>
<wpt lat="49.500019" lon="-119.610973">
<name>Bowmont Motel</name>
<cmt>lodging</cmt>
<desc>Hotel / Motel</desc>
<sym>Dot</sym>
<type>shelter</type>
</wpt>
<wpt lat="48.822591" lon="-124.057183">
<name>A&amp;W</name>
<cmt>food</cmt>
<desc>Fast Food / Chain</desc>
<sym>Dot</sym>
<type>food</type>
</wpt>
<wpt lat="48.823538" lon="-124.057697">
<name>The Butler's Pantry Bake Shop</name>
<cmt>food</cmt>
<desc>Bakery / Donuts</desc>
<sym>Dot</sym>
<type>food</type>
</wpt>
<wpt lat="48.822128" lon="-124.057126">
<name>J&amp;V Diner</name>
<cmt>food</cmt>
<desc>Restaurant</desc>
<sym>Dot</sym>
<type>food</type>
</wpt>
<wpt lat="48.823973" lon="-124.057786">
<name>Subway</name>
<cmt>food</cmt>
<desc>Fast Food / Chain</desc>
<sym>Dot</sym>
<type>food</type>
</wpt>
<wpt lat="48.823978" lon="-124.058342">
<name>Jake's at the Lake</name>
<cmt>food</cmt>
<desc>Restaurant</desc>
<sym>Dot</sym>
<type>food</type>
</wpt>
<wpt lat="48.824314" lon="-124.057995">
<name>Island Pastry Haus</name>
<cmt>food</cmt>
<desc>Bakery / Donuts</desc>
<sym>Dot</sym>
<type>food</type>
</wpt>
<wpt lat="48.822906" lon="-124.059177">
<name>Kaatza Station Museum &amp; Archives</name>
<cmt>monument</cmt>
<desc>Museum / Gallery</desc>
<sym>Dot</sym>
<type>info</type>
</wpt>
<wpt lat="48.824778" lon="-124.056717">
<name>Cowichan Lake Library Branch</name>
<cmt>library</cmt>
<desc>Library</desc>
<sym>Dot</sym>
<type>info</type>
</wpt>
<wpt lat="48.825155" lon="-124.057592">
<name>Ed's Coffee House</name>
<cmt>coffee</cmt>
<desc>Café / Coffee</desc>
<sym>Dot</sym>
<type>food</type>
</wpt>
<wpt lat="48.828225" lon="-124.050507">
<name>Country Grocer</name>
<cmt>convenience_store</cmt>
<desc>Grocery Store</desc>
<sym>Dot</sym>
<type>store</type>
</wpt>
<wpt lat="48.827072" lon="-124.050747">
<name>Lakeside Sushi</name>
<cmt>food</cmt>
<desc>Restaurant</desc>
<sym>Dot</sym>
<type>food</type>
</wpt>
<wpt lat="48.826492" lon="-124.052380">
<name>River Cafe</name>
<cmt>coffee</cmt>
<desc>Café / Coffee</desc>
<sym>Dot</sym>
<type>food</type>
</wpt>
<wpt lat="48.826623" lon="-124.052548">
<name>Riverside Inn</name>
<cmt>lodging</cmt>
<desc>Hotel / Motel</desc>
<sym>Dot</sym>
<type>shelter</type>
</wpt>
<wpt lat="48.826860" lon="-124.052803">
<name>Best Buy Liquor Store</name>
<cmt>convenience_store</cmt>
<desc>Liquor Store</desc>
<sym>Dot</sym>
<type>store</type>
</wpt>
<wpt lat="48.827365" lon="-124.052751">
<name>Tim Hortons</name>
<cmt>food</cmt>
<desc>Fast Food / Chain</desc>
<sym>Dot</sym>
<type>food</type>
</wpt>
<wpt lat="48.757320" lon="-123.793499">
<name>Glenora Trails Head Park</name>
<cmt>park</cmt>
<desc>Park / Nature</desc>
<sym>Dot</sym>
<type>rest_area</type>
</wpt>
<wpt lat="49.250848" lon="-115.233563">
<name>Surveyors Lake Campground</name>
<cmt>camping</cmt>
<desc>Public Campground</desc>
<sym>Dot</sym>
<type>campsite</type>
</wpt>
<wpt lat="49.071534" lon="-123.882532">
<name>WildPlay Element Park</name>
<cmt>viewpoint</cmt>
<desc>Activity / Experience</desc>
<sym>Dot</sym>
<type>overlook</type>
</wpt>
<wpt lat="49.043812" lon="-123.883482">
<name>Timberlands Pub</name>
<cmt>bar</cmt>
<desc>Brewery / Pub</desc>
<sym>Dot</sym>
<type>food</type>
</wpt>
<wpt lat="49.065649" lon="-123.921340">
<name>Mountainaire Campground</name>
<cmt>camping</cmt>
<desc>Private Campground</desc>
<sym>Dot</sym>
<type>campsite</type>
</wpt>
<wpt lat="48.957668" lon="-123.779197">
<name>Campers Corner</name>
<cmt>camping</cmt>
<desc>Private Campground</desc>
<sym>Dot</sym>
<type>campsite</type>
</wpt>
<wpt lat="49.498089" lon="-119.615444">
<name>Coyote Cruises - Channel Float</name>
<cmt>viewpoint</cmt>
<desc>Activity / Experience</desc>
<sym>Dot</sym>
<type>overlook</type>
</wpt>
<wpt lat="48.456989" lon="-123.459716">
<name>Six Mile Liquor Store</name>
<cmt>convenience_store</cmt>
<desc>Liquor Store</desc>
<sym>Dot</sym>
<type>store</type>
</wpt>
<wpt lat="48.466665" lon="-123.433160">
<name>Tim Hortons</name>
<cmt>food</cmt>
<desc>Fast Food / Chain</desc>
<sym>Dot</sym>
<type>food</type>
</wpt>
<wpt lat="48.456876" lon="-123.459194">
<name>Six Mile Pub</name>
<cmt>bar</cmt>
<desc>Brewery / Pub</desc>
<sym>Dot</sym>
<type>food</type>
</wpt>
<wpt lat="48.467257" lon="-123.428060">
<name>COBS Bread</name>
<cmt>food</cmt>
<desc>Bakery / Donuts</desc>
<sym>Dot</sym>
<type>food</type>
</wpt>
<wpt lat="48.467290" lon="-123.427965">
<name>Subway</name>
<cmt>food</cmt>
<desc>Fast Food / Chain</desc>
<sym>Dot</sym>
<type>food</type>
</wpt>
<wpt lat="48.467411" lon="-123.427620">
<name>Tim Hortons</name>
<cmt>food</cmt>
<desc>Fast Food / Chain</desc>
<sym>Dot</sym>
<type>food</type>
</wpt>
<wpt lat="48.460259" lon="-123.465555">
<name>Nest at the Lake</name>
<cmt>coffee</cmt>
<desc>Café / Coffee</desc>
<sym>Dot</sym>
<type>food</type>
</wpt>
<wpt lat="48.456754" lon="-123.459235">
<name>Six Mile Pub &amp; Eatery</name>
<cmt>bar</cmt>
<desc>Brewery / Pub</desc>
<sym>Dot</sym>
<type>food</type>
</wpt>
<wpt lat="48.467547" lon="-123.428536">
<name>Quality Foods</name>
<cmt>convenience_store</cmt>
<desc>Grocery Store</desc>
<sym>Dot</sym>
<type>store</type>
</wpt>
<wpt lat="48.468120" lon="-123.427790">
<name>Cascadia Liquor Store</name>
<cmt>convenience_store</cmt>
<desc>Liquor Store</desc>
<sym>Dot</sym>
<type>store</type>
</wpt>
<wpt lat="48.455347" lon="-123.461112">
<name>Coastal Cycles</name>
<cmt>bike_shop</cmt>
<desc>Repair Shop</desc>
<sym>Dot</sym>
<type>gear</type>
</wpt>
<wpt lat="48.468400" lon="-123.428014">
<name>Starbucks</name>
<cmt>food</cmt>
<desc>Fast Food / Chain</desc>
<sym>Dot</sym>
<type>food</type>
</wpt>
<wpt lat="48.451420" lon="-123.463062">
<name>Serious Coffee</name>
<cmt>coffee</cmt>
<desc>Café / Coffee</desc>
<sym>Dot</sym>
<type>food</type>
</wpt>
<wpt lat="48.777268" lon="-123.942525">
<name>Horseshoe Bend Group Campsite</name>
<cmt>camping</cmt>
<desc>Public Campground</desc>
<sym>Dot</sym>
<type>campsite</type>
</wpt>
<wpt lat="48.770999" lon="-123.892223">
<name>Stoltz Pool Group Campground</name>
<cmt>camping</cmt>
<desc>Public Campground</desc>
<sym>Dot</sym>
<type>campsite</type>
</wpt>
<wpt lat="48.655818" lon="-123.668584">
<name>The Lakehouse at Shawnigan</name>
<cmt>food</cmt>
<desc>Restaurant</desc>
<sym>Dot</sym>
<type>food</type>
</wpt>
<trk><name>Trans Canada Trail</name>
<trkseg>
<trkpt lat="48.447899" lon="-123.552255"/>
<trkpt lat="48.447840" lon="-123.552556"/>
<trkpt lat="48.447887" lon="-123.553787"/>
<trkpt lat="48.448076" lon="-123.554292"/>
<trkpt lat="48.451076" lon="-123.555281"/>
<trkpt lat="48.452396" lon="-123.558001"/>
<trkpt lat="48.452547" lon="-123.558474"/>
<trkpt lat="48.453001" lon="-123.559467"/>
<trkpt lat="48.453715" lon="-123.560234"/>
<trkpt lat="48.454381" lon="-123.560371"/>
<trkpt lat="48.454500" lon="-123.560665"/>
<trkpt lat="48.455397" lon="-123.560688"/>
<trkpt lat="48.456534" lon="-123.563156"/>
<trkpt lat="48.456828" lon="-123.564539"/>
<trkpt lat="48.457794" lon="-123.566714"/>
<trkpt lat="48.457924" lon="-123.568036"/>
<trkpt lat="48.459327" lon="-123.571609"/>
<trkpt lat="48.459499" lon="-123.571928"/>
<trkpt lat="48.460237" lon="-123.573151"/>
<trkpt lat="48.461101" lon="-123.573690"/>
<trkpt lat="48.461828" lon="-123.575312"/>
<trkpt lat="48.461923" lon="-123.575052"/>
<trkpt lat="48.462015" lon="-123.575155"/>
<trkpt lat="48.462386" lon="-123.575105"/>
<trkpt lat="48.462453" lon="-123.575208"/>
<trkpt lat="48.463330" lon="-123.576120"/>
<trkpt lat="48.463269" lon="-123.574699"/>
<trkpt lat="48.463928" lon="-123.572907"/>
<trkpt lat="48.464639" lon="-123.571718"/>
<trkpt lat="48.465725" lon="-123.570525"/>
<trkpt lat="48.466177" lon="-123.570325"/>
<trkpt lat="48.466815" lon="-123.570595"/>
<trkpt lat="48.467264" lon="-123.570329"/>
<trkpt lat="48.467772" lon="-123.566604"/>
<trkpt lat="48.467630" lon="-123.565368"/>
<trkpt lat="48.467792" lon="-123.564952"/>
<trkpt lat="48.468220" lon="-123.564914"/>
<trkpt lat="48.469621" lon="-123.565701"/>
<trkpt lat="48.471228" lon="-123.567256"/>
<trkpt lat="48.476805" lon="-123.568636"/>
<trkpt lat="48.478943" lon="-123.570094"/>
<trkpt lat="48.482052" lon="-123.570437"/>
<trkpt lat="48.483873" lon="-123.571542"/>
<trkpt lat="48.488116" lon="-123.571298"/>
<trkpt lat="48.489165" lon="-123.571947"/>
<trkpt lat="48.489940" lon="-123.574463"/>
<trkpt lat="48.490550" lon="-123.574984"/>
<trkpt lat="48.493299" lon="-123.575171"/>
<trkpt lat="48.496695" lon="-123.574635"/>
<trkpt lat="48.497948" lon="-123.574912"/>
<trkpt lat="48.499908" lon="-123.575906"/>
<trkpt lat="48.501757" lon="-123.575236"/>
<trkpt lat="48.502720" lon="-123.575374"/>
<trkpt lat="48.504568" lon="-123.576621"/>
<trkpt lat="48.504804" lon="-123.579326"/>
<trkpt lat="48.505731" lon="-123.580775"/>
<trkpt lat="48.507130" lon="-123.581291"/>
<trkpt lat="48.508257" lon="-123.582542"/>
<trkpt lat="48.508192" lon="-123.581509"/>
<trkpt lat="48.507876" lon="-123.578611"/>
<trkpt lat="48.508135" lon="-123.577793"/>
<trkpt lat="48.509301" lon="-123.576434"/>
<trkpt lat="48.510134" lon="-123.576058"/>
<trkpt lat="48.510439" lon="-123.575203"/>
<trkpt lat="48.511630" lon="-123.573530"/>
<trkpt lat="48.512592" lon="-123.573600"/>
<trkpt lat="48.512863" lon="-123.573224"/>
<trkpt lat="48.513730" lon="-123.572952"/>
<trkpt lat="48.513878" lon="-123.573201"/>
<trkpt lat="48.515024" lon="-123.573122"/>
<trkpt lat="48.516253" lon="-123.573480"/>
<trkpt lat="48.516702" lon="-123.573994"/>
<trkpt lat="48.517834" lon="-123.573458"/>
<trkpt lat="48.518553" lon="-123.574356"/>
<trkpt lat="48.519122" lon="-123.575048"/>
<trkpt lat="48.520703" lon="-123.575702"/>
<trkpt lat="48.522653" lon="-123.576486"/>
<trkpt lat="48.524744" lon="-123.578279"/>
<trkpt lat="48.525551" lon="-123.578642"/>
<trkpt lat="48.526080" lon="-123.578856"/>
<trkpt lat="48.526265" lon="-123.578604"/>
</trkseg>
<trkseg>
<trkpt lat="48.526265" lon="-123.578604"/>
<trkpt lat="48.526428" lon="-123.579586"/>
<trkpt lat="48.527083" lon="-123.581081"/>
<trkpt lat="48.527789" lon="-123.581504"/>
<trkpt lat="48.527979" lon="-123.581227"/>
<trkpt lat="48.528915" lon="-123.581418"/>
<trkpt lat="48.530421" lon="-123.581090"/>
<trkpt lat="48.531546" lon="-123.581520"/>
<trkpt lat="48.531823" lon="-123.580839"/>
<trkpt lat="48.531737" lon="-123.579536"/>
<trkpt lat="48.531890" lon="-123.579176"/>
<trkpt lat="48.532257" lon="-123.579164"/>
<trkpt lat="48.534922" lon="-123.578958"/>
<trkpt lat="48.536056" lon="-123.579328"/>
<trkpt lat="48.537295" lon="-123.580101"/>
<trkpt lat="48.538639" lon="-123.579503"/>
<trkpt lat="48.540238" lon="-123.579402"/>
<trkpt lat="48.544973" lon="-123.579554"/>
<trkpt lat="48.545245" lon="-123.579804"/>
<trkpt lat="48.545680" lon="-123.579417"/>
<trkpt lat="48.547078" lon="-123.579982"/>
<trkpt lat="48.547512" lon="-123.579030"/>
<trkpt lat="48.548190" lon="-123.578902"/>
<trkpt lat="48.548529" lon="-123.578596"/>
<trkpt lat="48.548357" lon="-123.578274"/>
<trkpt lat="48.548496" lon="-123.578065"/>
<trkpt lat="48.549660" lon="-123.577400"/>
<trkpt lat="48.551621" lon="-123.581027"/>
<trkpt lat="48.552173" lon="-123.582698"/>
<trkpt lat="48.551888" lon="-123.585309"/>
<trkpt lat="48.551381" lon="-123.586471"/>
<trkpt lat="48.552319" lon="-123.588697"/>
<trkpt lat="48.552361" lon="-123.589543"/>
<trkpt lat="48.552681" lon="-123.590247"/>
<trkpt lat="48.552524" lon="-123.592228"/>
<trkpt lat="48.553002" lon="-123.594583"/>
<trkpt lat="48.553440" lon="-123.595476"/>
<trkpt lat="48.554060" lon="-123.594176"/>
<trkpt lat="48.556578" lon="-123.594239"/>
<trkpt lat="48.556609" lon="-123.595046"/>
<trkpt lat="48.556887" lon="-123.595568"/>
<trkpt lat="48.556940" lon="-123.602231"/>
<trkpt lat="48.558196" lon="-123.602255"/>
<trkpt lat="48.559361" lon="-123.601785"/>
<trkpt lat="48.559457" lon="-123.602179"/>
<trkpt lat="48.559329" lon="-123.602288"/>
<trkpt lat="48.559276" lon="-123.602705"/>
<trkpt lat="48.557545" lon="-123.603819"/>
<trkpt lat="48.557415" lon="-123.604302"/>
<trkpt lat="48.559082" lon="-123.605458"/>
<trkpt lat="48.559322" lon="-123.606438"/>
<trkpt lat="48.559655" lon="-123.606564"/>
<trkpt lat="48.560103" lon="-123.607957"/>
<trkpt lat="48.560369" lon="-123.608016"/>
<trkpt lat="48.560127" lon="-123.608466"/>
<trkpt lat="48.561034" lon="-123.608471"/>
<trkpt lat="48.561469" lon="-123.608968"/>
<trkpt lat="48.561498" lon="-123.610112"/>
<trkpt lat="48.562295" lon="-123.610770"/>
<trkpt lat="48.562473" lon="-123.612109"/>
<trkpt lat="48.562245" lon="-123.612361"/>
<trkpt lat="48.562254" lon="-123.612734"/>
<trkpt lat="48.562929" lon="-123.613476"/>
<trkpt lat="48.563031" lon="-123.613555"/>
<trkpt lat="48.564314" lon="-123.614323"/>
<trkpt lat="48.564421" lon="-123.615841"/>
<trkpt lat="48.564996" lon="-123.617799"/>
<trkpt lat="48.565563" lon="-123.618762"/>
<trkpt lat="48.565615" lon="-123.618850"/>
<trkpt lat="48.566358" lon="-123.619807"/>
<trkpt lat="48.567723" lon="-123.620568"/>
<trkpt lat="48.568387" lon="-123.621134"/>
<trkpt lat="48.569053" lon="-123.621013"/>
<trkpt lat="48.569153" lon="-123.621022"/>
<trkpt lat="48.570422" lon="-123.620559"/>
<trkpt lat="48.572625" lon="-123.621842"/>
<trkpt lat="48.573415" lon="-123.621474"/>
<trkpt lat="48.574665" lon="-123.622013"/>
<trkpt lat="48.575453" lon="-123.623565"/>
<trkpt lat="48.576384" lon="-123.624682"/>
<trkpt lat="48.576557" lon="-123.625502"/>
<trkpt lat="48.577719" lon="-123.625723"/>
<trkpt lat="48.578231" lon="-123.626213"/>
<trkpt lat="48.577794" lon="-123.626325"/>
<trkpt lat="48.577692" lon="-123.626750"/>
<trkpt lat="48.579222" lon="-123.628984"/>
<trkpt lat="48.579794" lon="-123.629367"/>
<trkpt lat="48.579844" lon="-123.630931"/>
<trkpt lat="48.581128" lon="-123.630983"/>
<trkpt lat="48.580541" lon="-123.631372"/>
<trkpt lat="48.580839" lon="-123.631458"/>
<trkpt lat="48.581762" lon="-123.631712"/>
<trkpt lat="48.582363" lon="-123.632258"/>
<trkpt lat="48.584321" lon="-123.636040"/>
<trkpt lat="48.586979" lon="-123.637882"/>
<trkpt lat="48.589154" lon="-123.637707"/>
<trkpt lat="48.591335" lon="-123.638028"/>
<trkpt lat="48.594700" lon="-123.635811"/>
<trkpt lat="48.597890" lon="-123.634710"/>
<trkpt lat="48.598474" lon="-123.634859"/>
<trkpt lat="48.603207" lon="-123.638165"/>
<trkpt lat="48.606446" lon="-123.642758"/>
<trkpt lat="48.609434" lon="-123.644933"/>
<trkpt lat="48.610295" lon="-123.645083"/>
<trkpt lat="48.613675" lon="-123.644360"/>
<trkpt lat="48.615034" lon="-123.645011"/>
<trkpt lat="48.617465" lon="-123.647795"/>
<trkpt lat="48.618595" lon="-123.648551"/>
<trkpt lat="48.621212" lon="-123.648416"/>
<trkpt lat="48.624207" lon="-123.649532"/>
<trkpt lat="48.627321" lon="-123.649290"/>
<trkpt lat="48.631125" lon="-123.651192"/>
<trkpt lat="48.633083" lon="-123.651793"/>
<trkpt lat="48.633367" lon="-123.651794"/>
<trkpt lat="48.637809" lon="-123.650040"/>
<trkpt lat="48.639226" lon="-123.650397"/>
<trkpt lat="48.640636" lon="-123.652042"/>
<trkpt lat="48.641890" lon="-123.657778"/>
<trkpt lat="48.643150" lon="-123.659826"/>
<trkpt lat="48.644442" lon="-123.660667"/>
<trkpt lat="48.649541" lon="-123.662802"/>
<trkpt lat="48.650360" lon="-123.663494"/>
<trkpt lat="48.651433" lon="-123.664996"/>
<trkpt lat="48.652474" lon="-123.667954"/>
<trkpt lat="48.652925" lon="-123.672949"/>
<trkpt lat="48.654090" lon="-123.675815"/>
<trkpt lat="48.654209" lon="-123.677318"/>
<trkpt lat="48.653677" lon="-123.679686"/>
<trkpt lat="48.653574" lon="-123.681208"/>
<trkpt lat="48.655092" lon="-123.688204"/>
<trkpt lat="48.655106" lon="-123.691605"/>
<trkpt lat="48.655791" lon="-123.694247"/>
<trkpt lat="48.656275" lon="-123.695190"/>
<trkpt lat="48.660657" lon="-123.698921"/>
<trkpt lat="48.662028" lon="-123.700701"/>
<trkpt lat="48.662820" lon="-123.700954"/>
<trkpt lat="48.663826" lon="-123.700272"/>
<trkpt lat="48.667061" lon="-123.694981"/>
<trkpt lat="48.667896" lon="-123.694098"/>
<trkpt lat="48.668709" lon="-123.693935"/>
<trkpt lat="48.669510" lon="-123.694225"/>
<trkpt lat="48.673431" lon="-123.697588"/>
<trkpt lat="48.675268" lon="-123.701917"/>
<trkpt lat="48.676026" lon="-123.702880"/>
<trkpt lat="48.679272" lon="-123.704327"/>
<trkpt lat="48.681474" lon="-123.704623"/>
<trkpt lat="48.682242" lon="-123.705209"/>
<trkpt lat="48.683768" lon="-123.709942"/>
<trkpt lat="48.685967" lon="-123.713724"/>
<trkpt lat="48.687127" lon="-123.716278"/>
<trkpt lat="48.688501" lon="-123.719497"/>
<trkpt lat="48.689378" lon="-123.720791"/>
<trkpt lat="48.690821" lon="-123.721166"/>
<trkpt lat="48.693635" lon="-123.721006"/>
<trkpt lat="48.694963" lon="-123.721474"/>
<trkpt lat="48.703073" lon="-123.726881"/>
<trkpt lat="48.703164" lon="-123.726940"/>
<trkpt lat="48.707471" lon="-123.729536"/>
<trkpt lat="48.711329" lon="-123.729055"/>
<trkpt lat="48.712456" lon="-123.729738"/>
<trkpt lat="48.714289" lon="-123.731472"/>
<trkpt lat="48.715224" lon="-123.731934"/>
<trkpt lat="48.716299" lon="-123.731533"/>
<trkpt lat="48.717681" lon="-123.730360"/>
<trkpt lat="48.718828" lon="-123.729989"/>
<trkpt lat="48.719740" lon="-123.730250"/>
<trkpt lat="48.721927" lon="-123.731802"/>
<trkpt lat="48.723105" lon="-123.732849"/>
<trkpt lat="48.724982" lon="-123.735486"/>
<trkpt lat="48.730353" lon="-123.745169"/>
<trkpt lat="48.731322" lon="-123.745889"/>
<trkpt lat="48.733400" lon="-123.745652"/>
<trkpt lat="48.734861" lon="-123.746518"/>
<trkpt lat="48.736218" lon="-123.748522"/>
<trkpt lat="48.737958" lon="-123.752178"/>
<trkpt lat="48.742381" lon="-123.757478"/>
<trkpt lat="48.742453" lon="-123.757564"/>
<trkpt lat="48.743534" lon="-123.758852"/>
<trkpt lat="48.743608" lon="-123.758942"/>
<trkpt lat="48.749875" lon="-123.766226"/>
<trkpt lat="48.750683" lon="-123.767323"/>
<trkpt lat="48.751467" lon="-123.769205"/>
<trkpt lat="48.756085" lon="-123.788574"/>
<trkpt lat="48.756928" lon="-123.800151"/>
<trkpt lat="48.757009" lon="-123.801475"/>
<trkpt lat="48.756925" lon="-123.804006"/>
<trkpt lat="48.756104" lon="-123.808529"/>
<trkpt lat="48.755153" lon="-123.810996"/>
<trkpt lat="48.753530" lon="-123.811731"/>
<trkpt lat="48.752966" lon="-123.812393"/>
<trkpt lat="48.752749" lon="-123.813285"/>
<trkpt lat="48.752818" lon="-123.814689"/>
<trkpt lat="48.755148" lon="-123.831135"/>
<trkpt lat="48.756471" lon="-123.836218"/>
<trkpt lat="48.756218" lon="-123.839148"/>
<trkpt lat="48.756653" lon="-123.842498"/>
<trkpt lat="48.756387" lon="-123.845183"/>
<trkpt lat="48.757670" lon="-123.850710"/>
<trkpt lat="48.758875" lon="-123.853542"/>
<trkpt lat="48.760835" lon="-123.865844"/>
<trkpt lat="48.761742" lon="-123.867510"/>
<trkpt lat="48.763207" lon="-123.868329"/>
<trkpt lat="48.763747" lon="-123.869385"/>
<trkpt lat="48.764549" lon="-123.882346"/>
<trkpt lat="48.766291" lon="-123.890678"/>
<trkpt lat="48.766821" lon="-123.895892"/>
<trkpt lat="48.766864" lon="-123.896328"/>
<trkpt lat="48.767352" lon="-123.901190"/>
<trkpt lat="48.767873" lon="-123.903486"/>
<trkpt lat="48.774480" lon="-123.919272"/>
<trkpt lat="48.776292" lon="-123.924314"/>
<trkpt lat="48.776569" lon="-123.925650"/>
<trkpt lat="48.776402" lon="-123.927620"/>
<trkpt lat="48.776286" lon="-123.928880"/>
<trkpt lat="48.776040" lon="-123.932004"/>
<trkpt lat="48.776550" lon="-123.934586"/>
<trkpt lat="48.776906" lon="-123.935891"/>
<trkpt lat="48.778780" lon="-123.939943"/>
<trkpt lat="48.778975" lon="-123.940616"/>
<trkpt lat="48.779700" lon="-123.943173"/>
<trkpt lat="48.784045" lon="-123.952852"/>
<trkpt lat="48.784188" lon="-123.954130"/>
<trkpt lat="48.783821" lon="-123.959199"/>
<trkpt lat="48.787832" lon="-123.970167"/>
<trkpt lat="48.791810" lon="-123.977604"/>
<trkpt lat="48.802687" lon="-123.996770"/>
<trkpt lat="48.803274" lon="-123.998441"/>
<trkpt lat="48.803697" lon="-124.002803"/>
<trkpt lat="48.803816" lon="-124.004162"/>
<trkpt lat="48.804190" lon="-124.007613"/>
<trkpt lat="48.804603" lon="-124.009166"/>
<trkpt lat="48.811233" lon="-124.024862"/>
<trkpt lat="48.811302" lon="-124.025036"/>
<trkpt lat="48.812941" lon="-124.028609"/>
<trkpt lat="48.818643" lon="-124.035952"/>
<trkpt lat="48.819311" lon="-124.037183"/>
<trkpt lat="48.821382" lon="-124.047688"/>
<trkpt lat="48.821884" lon="-124.047883"/>
<trkpt lat="48.824287" lon="-124.048800"/>
<trkpt lat="48.824459" lon="-124.048865"/>
</trkseg>
<trkseg>
<trkpt lat="48.824459" lon="-124.048865"/>
<trkpt lat="48.823150" lon="-124.056812"/>
</trkseg>
<trkseg>
<trkpt lat="48.824459" lon="-124.048865"/>
<trkpt lat="48.825615" lon="-124.047261"/>
<trkpt lat="48.827955" lon="-124.046947"/>
<trkpt lat="48.828480" lon="-124.046625"/>
<trkpt lat="48.829134" lon="-124.045827"/>
<trkpt lat="48.829479" lon="-124.045030"/>
<trkpt lat="48.829725" lon="-124.043431"/>
<trkpt lat="48.830642" lon="-124.041522"/>
<trkpt lat="48.831147" lon="-124.039788"/>
<trkpt lat="48.831347" lon="-124.036327"/>
<trkpt lat="48.832134" lon="-124.033605"/>
<trkpt lat="48.832238" lon="-124.032333"/>
<trkpt lat="48.832043" lon="-124.031262"/>
<trkpt lat="48.828858" lon="-124.024346"/>
<trkpt lat="48.828331" lon="-124.021209"/>
<trkpt lat="48.828121" lon="-124.016677"/>
<trkpt lat="48.826093" lon="-124.010279"/>
<trkpt lat="48.824217" lon="-124.007302"/>
<trkpt lat="48.823091" lon="-124.002500"/>
<trkpt lat="48.821744" lon="-123.999294"/>
<trkpt lat="48.818533" lon="-123.994237"/>
<trkpt lat="48.815290" lon="-123.987942"/>
<trkpt lat="48.814121" lon="-123.984785"/>
<trkpt lat="48.811960" lon="-123.977009"/>
<trkpt lat="48.805343" lon="-123.959279"/>
<trkpt lat="48.802479" lon="-123.945919"/>
<trkpt lat="48.800984" lon="-123.942313"/>
<trkpt lat="48.800589" lon="-123.940719"/>
<trkpt lat="48.800731" lon="-123.936693"/>
<trkpt lat="48.800054" lon="-123.932641"/>
<trkpt lat="48.799961" lon="-123.930593"/>
<trkpt lat="48.800574" lon="-123.924089"/>
<trkpt lat="48.800287" lon="-123.921902"/>
<trkpt lat="48.797056" lon="-123.911313"/>
<trkpt lat="48.796714" lon="-123.908220"/>
<trkpt lat="48.795972" lon="-123.907165"/>
<trkpt lat="48.793774" lon="-123.905253"/>
<trkpt lat="48.793297" lon="-123.904542"/>
<trkpt lat="48.791666" lon="-123.897964"/>
<trkpt lat="48.791832" lon="-123.893340"/>
<trkpt lat="48.790894" lon="-123.872588"/>
<trkpt lat="48.790944" lon="-123.865567"/>
<trkpt lat="48.791424" lon="-123.860315"/>
<trkpt lat="48.791328" lon="-123.856554"/>
<trkpt lat="48.789718" lon="-123.848563"/>
<trkpt lat="48.789710" lon="-123.844936"/>
<trkpt lat="48.788785" lon="-123.839516"/>
<trkpt lat="48.789360" lon="-123.837414"/>
<trkpt lat="48.790505" lon="-123.835651"/>
<trkpt lat="48.791101" lon="-123.832137"/>
<trkpt lat="48.793017" lon="-123.829995"/>
<trkpt lat="48.794028" lon="-123.827932"/>
<trkpt lat="48.796807" lon="-123.814131"/>
<trkpt lat="48.798115" lon="-123.809876"/>
<trkpt lat="48.798265" lon="-123.808274"/>
<trkpt lat="48.797699" lon="-123.806574"/>
<trkpt lat="48.795834" lon="-123.804732"/>
<trkpt lat="48.795247" lon="-123.803719"/>
<trkpt lat="48.794514" lon="-123.798700"/>
<trkpt lat="48.792310" lon="-123.792862"/>
<trkpt lat="48.791824" lon="-123.790630"/>
<trkpt lat="48.791689" lon="-123.779515"/>
<trkpt lat="48.790473" lon="-123.774655"/>
<trkpt lat="48.790519" lon="-123.773182"/>
<trkpt lat="48.791713" lon="-123.767870"/>
<trkpt lat="48.790955" lon="-123.753040"/>
<trkpt lat="48.790103" lon="-123.750841"/>
<trkpt lat="48.784857" lon="-123.741923"/>
<trkpt lat="48.784521" lon="-123.741683"/>
<trkpt lat="48.784357" lon="-123.741687"/>
<trkpt lat="48.783662" lon="-123.739270"/>
<trkpt lat="48.783914" lon="-123.737520"/>
<trkpt lat="48.784828" lon="-123.735691"/>
<trkpt lat="48.787210" lon="-123.733623"/>
</trkseg>
<trkseg>
<trkpt lat="48.787210" lon="-123.733623"/>
<trkpt lat="48.789771" lon="-123.728494"/>
<trkpt lat="48.790634" lon="-123.727479"/>
<trkpt lat="48.790693" lon="-123.727425"/>
<trkpt lat="48.792118" lon="-123.726738"/>
</trkseg>
<trkseg>
<trkpt lat="48.787210" lon="-123.733623"/>
<trkpt lat="48.787545" lon="-123.733883"/>
<trkpt lat="48.787751" lon="-123.734018"/>
<trkpt lat="48.789281" lon="-123.735463"/>
<trkpt lat="48.791454" lon="-123.738401"/>
<trkpt lat="48.793942" lon="-123.738677"/>
<trkpt lat="48.798044" lon="-123.740794"/>
<trkpt lat="48.804870" lon="-123.740954"/>
<trkpt lat="48.806345" lon="-123.740646"/>
<trkpt lat="48.809044" lon="-123.740673"/>
<trkpt lat="48.809339" lon="-123.740673"/>
<trkpt lat="48.810490" lon="-123.740654"/>
<trkpt lat="48.810519" lon="-123.736991"/>
<trkpt lat="48.811823" lon="-123.737113"/>
<trkpt lat="48.814171" lon="-123.736172"/>
<trkpt lat="48.814273" lon="-123.727111"/>
<trkpt lat="48.816495" lon="-123.718798"/>
<trkpt lat="48.816684" lon="-123.718231"/>
<trkpt lat="48.816755" lon="-123.718003"/>
<trkpt lat="48.816865" lon="-123.717596"/>
<trkpt lat="48.817894" lon="-123.714158"/>
<trkpt lat="48.818132" lon="-123.713556"/>
</trkseg>
<trkseg>
<trkpt lat="48.818204" lon="-123.713476"/>
<trkpt lat="48.818595" lon="-123.713393"/>
<trkpt lat="48.840576" lon="-123.713604"/>
<trkpt lat="48.841466" lon="-123.713638"/>
<trkpt lat="48.842486" lon="-123.713198"/>
<trkpt lat="48.843646" lon="-123.713641"/>
<trkpt lat="48.850938" lon="-123.713489"/>
<trkpt lat="48.851416" lon="-123.711577"/>
<trkpt lat="48.852412" lon="-123.709602"/>
<trkpt lat="48.853081" lon="-123.708800"/>
<trkpt lat="48.855477" lon="-123.708905"/>
<trkpt lat="48.856850" lon="-123.709413"/>
<trkpt lat="48.859268" lon="-123.708096"/>
<trkpt lat="48.859773" lon="-123.707547"/>
<trkpt lat="48.860437" lon="-123.705761"/>
<trkpt lat="48.862930" lon="-123.703100"/>
<trkpt lat="48.864059" lon="-123.702670"/>
<trkpt lat="48.864565" lon="-123.701705"/>
<trkpt lat="48.865496" lon="-123.700919"/>
<trkpt lat="48.868674" lon="-123.700452"/>
<trkpt lat="48.871710" lon="-123.700552"/>
<trkpt lat="48.873725" lon="-123.699149"/>
<trkpt lat="48.874152" lon="-123.698290"/>
<trkpt lat="48.875564" lon="-123.695980"/>
<trkpt lat="48.877272" lon="-123.693914"/>
<trkpt lat="48.878021" lon="-123.691732"/>
<trkpt lat="48.878270" lon="-123.688971"/>
<trkpt lat="48.878926" lon="-123.686194"/>
<trkpt lat="48.880414" lon="-123.682924"/>
<trkpt lat="48.880764" lon="-123.682546"/>
<trkpt lat="48.882286" lon="-123.682222"/>
<trkpt lat="48.882586" lon="-123.682156"/>
<trkpt lat="48.882808" lon="-123.682125"/>
<trkpt lat="48.883378" lon="-123.682396"/>
<trkpt lat="48.883752" lon="-123.683444"/>
<trkpt lat="48.883719" lon="-123.684911"/>
<trkpt lat="48.883185" lon="-123.686203"/>
<trkpt lat="48.883081" lon="-123.687417"/>
<trkpt lat="48.883499" lon="-123.688906"/>
<trkpt lat="48.885198" lon="-123.690001"/>
<trkpt lat="48.888307" lon="-123.691090"/>
<trkpt lat="48.890105" lon="-123.690999"/>
<trkpt lat="48.891241" lon="-123.691300"/>
<trkpt lat="48.896359" lon="-123.694837"/>
<trkpt lat="48.899197" lon="-123.698502"/>
<trkpt lat="48.900160" lon="-123.699497"/>
<trkpt lat="48.901847" lon="-123.702075"/>
<trkpt lat="48.903719" lon="-123.702895"/>
<trkpt lat="48.906478" lon="-123.705403"/>
<trkpt lat="48.907560" lon="-123.705530"/>
<trkpt lat="48.909551" lon="-123.707924"/>
<trkpt lat="48.909617" lon="-123.708002"/>
<trkpt lat="48.911211" lon="-123.709914"/>
<trkpt lat="48.911511" lon="-123.710300"/>
<trkpt lat="48.914498" lon="-123.713862"/>
<trkpt lat="48.914544" lon="-123.713658"/>
<trkpt lat="48.915184" lon="-123.714122"/>
<trkpt lat="48.915177" lon="-123.714533"/>
<trkpt lat="48.917793" lon="-123.716176"/>
<trkpt lat="48.917792" lon="-123.716227"/>
<trkpt lat="48.918085" lon="-123.716274"/>
<trkpt lat="48.918124" lon="-123.716382"/>
<trkpt lat="48.918149" lon="-123.716351"/>
<trkpt lat="48.919486" lon="-123.716876"/>
<trkpt lat="48.921048" lon="-123.718003"/>
<trkpt lat="48.922770" lon="-123.720105"/>
<trkpt lat="48.923348" lon="-123.721451"/>
<trkpt lat="48.924320" lon="-123.727048"/>
<trkpt lat="48.925920" lon="-123.728863"/>
<trkpt lat="48.926029" lon="-123.729031"/>
<trkpt lat="48.929352" lon="-123.729668"/>
<trkpt lat="48.931062" lon="-123.731695"/>
</trkseg>
<trkseg>
<trkpt lat="48.931062" lon="-123.731695"/>
<trkpt lat="48.931863" lon="-123.732724"/>
</trkseg>
<trkseg>
<trkpt lat="48.931863" lon="-123.732724"/>
<trkpt lat="48.932504" lon="-123.733628"/>
</trkseg>
<trkseg>
<trkpt lat="48.932504" lon="-123.733628"/>
<trkpt lat="48.934471" lon="-123.736126"/>
<trkpt lat="48.937210" lon="-123.744003"/>
<trkpt lat="48.940776" lon="-123.748782"/>
<trkpt lat="48.944444" lon="-123.754318"/>
<trkpt lat="48.944778" lon="-123.756247"/>
<trkpt lat="48.944451" lon="-123.758065"/>
<trkpt lat="48.944213" lon="-123.758135"/>
<trkpt lat="48.944335" lon="-123.758647"/>
<trkpt lat="48.943670" lon="-123.761847"/>
<trkpt lat="48.943750" lon="-123.763365"/>
<trkpt lat="48.944064" lon="-123.764562"/>
</trkseg>
<trkseg>
<trkpt lat="48.944064" lon="-123.764562"/>
<trkpt lat="48.944082" lon="-123.764547"/>
<trkpt lat="48.944158" lon="-123.764484"/>
<trkpt lat="48.944173" lon="-123.764472"/>
<trkpt lat="48.947243" lon="-123.770685"/>
<trkpt lat="48.947979" lon="-123.771667"/>
<trkpt lat="48.949868" lon="-123.773139"/>
<trkpt lat="48.949920" lon="-123.773164"/>
<trkpt lat="48.950165" lon="-123.773282"/>
<trkpt lat="48.950205" lon="-123.773302"/>
<trkpt lat="48.953399" lon="-123.774606"/>
<trkpt lat="48.963674" lon="-123.778969"/>
<trkpt lat="48.964400" lon="-123.779759"/>
<trkpt lat="48.967157" lon="-123.784801"/>
<trkpt lat="48.967308" lon="-123.784671"/>
<trkpt lat="48.969010" lon="-123.787959"/>
<trkpt lat="48.969340" lon="-123.788573"/>
<trkpt lat="48.971277" lon="-123.792293"/>
<trkpt lat="48.975186" lon="-123.797799"/>
<trkpt lat="48.976002" lon="-123.799585"/>
<trkpt lat="48.976267" lon="-123.800068"/>
<trkpt lat="48.976842" lon="-123.800775"/>
<trkpt lat="48.977838" lon="-123.801577"/>
<trkpt lat="48.977826" lon="-123.801833"/>
<trkpt lat="48.977671" lon="-123.802218"/>
<trkpt lat="48.977610" lon="-123.802364"/>
<trkpt lat="48.977638" lon="-123.802529"/>
<trkpt lat="48.977645" lon="-123.802597"/>
<trkpt lat="48.977665" lon="-123.802719"/>
<trkpt lat="48.977882" lon="-123.802808"/>
<trkpt lat="48.980617" lon="-123.805194"/>
<trkpt lat="48.981138" lon="-123.805413"/>
<trkpt lat="48.982434" lon="-123.805550"/>
<trkpt lat="48.983634" lon="-123.806881"/>
<trkpt lat="48.984008" lon="-123.807330"/>
<trkpt lat="48.988931" lon="-123.813226"/>
<trkpt lat="48.989200" lon="-123.813093"/>
<trkpt lat="48.990023" lon="-123.812860"/>
<trkpt lat="48.990588" lon="-123.813412"/>
<trkpt lat="48.991286" lon="-123.812310"/>
<trkpt lat="48.991313" lon="-123.812050"/>
<trkpt lat="48.989925" lon="-123.810652"/>
<trkpt lat="48.989892" lon="-123.810141"/>
<trkpt lat="48.989557" lon="-123.809780"/>
<trkpt lat="48.989607" lon="-123.809476"/>
<trkpt lat="48.991439" lon="-123.809221"/>
<trkpt lat="48.991730" lon="-123.809010"/>
<trkpt lat="48.992286" lon="-123.808790"/>
<trkpt lat="48.992803" lon="-123.809790"/>
<trkpt lat="48.992939" lon="-123.811307"/>
<trkpt lat="48.993328" lon="-123.811498"/>
<trkpt lat="48.993717" lon="-123.812492"/>
<trkpt lat="48.993950" lon="-123.812221"/>
<trkpt lat="48.995113" lon="-123.814232"/>
<trkpt lat="48.995586" lon="-123.815319"/>
<trkpt lat="48.997623" lon="-123.818865"/>
<trkpt lat="48.997782" lon="-123.818769"/>
<trkpt lat="48.999435" lon="-123.821289"/>
<trkpt lat="48.999974" lon="-123.823384"/>
<trkpt lat="49.000040" lon="-123.823913"/>
<trkpt lat="48.999627" lon="-123.824148"/>
<trkpt lat="48.999492" lon="-123.824220"/>
<trkpt lat="48.999295" lon="-123.824403"/>
</trkseg>
<trkseg>
<trkpt lat="48.998195" lon="-123.824642"/>
<trkpt lat="48.997530" lon="-123.823666"/>
<trkpt lat="48.997388" lon="-123.823308"/>
</trkseg>
<trkseg>
<trkpt lat="48.997388" lon="-123.823308"/>
<trkpt lat="48.997270" lon="-123.823478"/>
<trkpt lat="48.997209" lon="-123.823460"/>
</trkseg>
<trkseg>
<trkpt lat="48.997209" lon="-123.823460"/>
<trkpt lat="48.996924" lon="-123.823853"/>
<trkpt lat="48.996419" lon="-123.824636"/>
<trkpt lat="49.000034" lon="-123.830048"/>
<trkpt lat="48.999748" lon="-123.830826"/>
<trkpt lat="48.999627" lon="-123.831157"/>
<trkpt lat="49.001075" lon="-123.832713"/>
<trkpt lat="49.002141" lon="-123.833206"/>
<trkpt lat="49.002462" lon="-123.833305"/>
<trkpt lat="49.005215" lon="-123.834554"/>
<trkpt lat="49.005616" lon="-123.835060"/>
<trkpt lat="49.007835" lon="-123.840633"/>
<trkpt lat="49.009608" lon="-123.844136"/>
<trkpt lat="49.010424" lon="-123.846639"/>
<trkpt lat="49.010984" lon="-123.849886"/>
<trkpt lat="49.010464" lon="-123.850441"/>
<trkpt lat="49.009870" lon="-123.850583"/>
<trkpt lat="49.008748" lon="-123.850038"/>
<trkpt lat="49.007675" lon="-123.849608"/>
<trkpt lat="49.005786" lon="-123.849335"/>
<trkpt lat="49.005230" lon="-123.850610"/>
<trkpt lat="49.004469" lon="-123.853855"/>
<trkpt lat="49.004289" lon="-123.856276"/>
<trkpt lat="49.004421" lon="-123.857195"/>
<trkpt lat="49.005270" lon="-123.858189"/>
<trkpt lat="49.005457" lon="-123.859136"/>
<trkpt lat="49.005141" lon="-123.861051"/>
<trkpt lat="49.006418" lon="-123.865920"/>
<trkpt lat="49.006458" lon="-123.870881"/>
<trkpt lat="49.007242" lon="-123.872253"/>
<trkpt lat="49.008972" lon="-123.872681"/>
<trkpt lat="49.009718" lon="-123.873268"/>
<trkpt lat="49.010283" lon="-123.875136"/>
<trkpt lat="49.010921" lon="-123.876156"/>
<trkpt lat="49.011245" lon="-123.878352"/>
<trkpt lat="49.011265" lon="-123.878605"/>
<trkpt lat="49.011668" lon="-123.879473"/>
<trkpt lat="49.012441" lon="-123.880010"/>
<trkpt lat="49.012541" lon="-123.880069"/>
<trkpt lat="49.014879" lon="-123.882058"/>
<trkpt lat="49.022317" lon="-123.893859"/>
<trkpt lat="49.023289" lon="-123.895818"/>
<trkpt lat="49.024634" lon="-123.900591"/>
<trkpt lat="49.025083" lon="-123.901136"/>
<trkpt lat="49.025819" lon="-123.902371"/>
<trkpt lat="49.026899" lon="-123.903453"/>
<trkpt lat="49.029029" lon="-123.907541"/>
<trkpt lat="49.029264" lon="-123.907977"/>
<trkpt lat="49.030717" lon="-123.908380"/>
<trkpt lat="49.031293" lon="-123.909242"/>
<trkpt lat="49.031804" lon="-123.910936"/>
</trkseg>
<trkseg>
<trkpt lat="49.031804" lon="-123.910936"/>
<trkpt lat="49.031376" lon="-123.912814"/>
<trkpt lat="49.030843" lon="-123.914028"/>
<trkpt lat="49.030572" lon="-123.914488"/>
</trkseg>
<trkseg>
<trkpt lat="49.030741" lon="-123.914352"/>
<trkpt lat="49.030999" lon="-123.914925"/>
<trkpt lat="49.032542" lon="-123.914972"/>
<trkpt lat="49.034511" lon="-123.913367"/>
<trkpt lat="49.034831" lon="-123.913652"/>
<trkpt lat="49.035175" lon="-123.914660"/>
<trkpt lat="49.035691" lon="-123.915039"/>
<trkpt lat="49.035719" lon="-123.915301"/>
<trkpt lat="49.035801" lon="-123.915708"/>
<trkpt lat="49.035532" lon="-123.916598"/>
<trkpt lat="49.035863" lon="-123.917127"/>
<trkpt lat="49.035342" lon="-123.917994"/>
<trkpt lat="49.033459" lon="-123.926974"/>
<trkpt lat="49.033451" lon="-123.930279"/>
<trkpt lat="49.033995" lon="-123.935292"/>
<trkpt lat="49.034790" lon="-123.936471"/>
<trkpt lat="49.035064" lon="-123.937775"/>
<trkpt lat="49.035855" lon="-123.938669"/>
<trkpt lat="49.036230" lon="-123.939773"/>
<trkpt lat="49.037199" lon="-123.941120"/>
<trkpt lat="49.038327" lon="-123.944103"/>
<trkpt lat="49.041255" lon="-123.945232"/>
<trkpt lat="49.041914" lon="-123.946004"/>
<trkpt lat="49.041792" lon="-123.946947"/>
<trkpt lat="49.042219" lon="-123.947573"/>
<trkpt lat="49.042372" lon="-123.948658"/>
<trkpt lat="49.044562" lon="-123.948568"/>
<trkpt lat="49.045876" lon="-123.950163"/>
<trkpt lat="49.047077" lon="-123.951126"/>
<trkpt lat="49.047835" lon="-123.951379"/>
<trkpt lat="49.048341" lon="-123.951065"/>
<trkpt lat="49.048569" lon="-123.951851"/>
<trkpt lat="49.049398" lon="-123.952585"/>
<trkpt lat="49.050051" lon="-123.952869"/>
<trkpt lat="49.050505" lon="-123.953721"/>
<trkpt lat="49.051230" lon="-123.954575"/>
<trkpt lat="49.052066" lon="-123.956488"/>
<trkpt lat="49.052757" lon="-123.957453"/>
<trkpt lat="49.052906" lon="-123.957575"/>
<trkpt lat="49.053743" lon="-123.958310"/>
<trkpt lat="49.054085" lon="-123.958685"/>
<trkpt lat="49.054281" lon="-123.958555"/>
<trkpt lat="49.054330" lon="-123.959952"/>
<trkpt lat="49.057152" lon="-123.963405"/>
<trkpt lat="49.057921" lon="-123.965365"/>
<trkpt lat="49.059325" lon="-123.965799"/>
</trkseg>
<trkseg>
<trkpt lat="49.059325" lon="-123.965799"/>
<trkpt lat="49.060356" lon="-123.966659"/>
<trkpt lat="49.061049" lon="-123.966808"/>
<trkpt lat="49.061884" lon="-123.966422"/>
<trkpt lat="49.063063" lon="-123.965353"/>
<trkpt lat="49.063714" lon="-123.964446"/>
<trkpt lat="49.063986" lon="-123.962477"/>
</trkseg>
<trkseg>
<trkpt lat="49.065521" lon="-123.963281"/>
<trkpt lat="49.067757" lon="-123.962867"/>
<trkpt lat="49.067914" lon="-123.963811"/>
<trkpt lat="49.068660" lon="-123.963753"/>
<trkpt lat="49.069714" lon="-123.966836"/>
<trkpt lat="49.070374" lon="-123.967721"/>
<trkpt lat="49.070730" lon="-123.967820"/>
<trkpt lat="49.071556" lon="-123.967942"/>
<trkpt lat="49.072546" lon="-123.968697"/>
<trkpt lat="49.074653" lon="-123.972106"/>
<trkpt lat="49.074863" lon="-123.970450"/>
</trkseg>
<trkseg>
<trkpt lat="49.074863" lon="-123.970450"/>
<trkpt lat="49.075214" lon="-123.966653"/>
<trkpt lat="49.076778" lon="-123.962092"/>
<trkpt lat="49.076468" lon="-123.958939"/>
<trkpt lat="49.080772" lon="-123.957595"/>
<trkpt lat="49.082861" lon="-123.958185"/>
<trkpt lat="49.083011" lon="-123.955561"/>
<trkpt lat="49.084972" lon="-123.955507"/>
<trkpt lat="49.085799" lon="-123.955468"/>
<trkpt lat="49.085834" lon="-123.954792"/>
<trkpt lat="49.085489" lon="-123.953451"/>
<trkpt lat="49.085777" lon="-123.953247"/>
<trkpt lat="49.085962" lon="-123.952284"/>
<trkpt lat="49.087730" lon="-123.954232"/>
<trkpt lat="49.088011" lon="-123.954941"/>
</trkseg>
<trkseg>
<trkpt lat="49.087206" lon="-123.955994"/>
<trkpt lat="49.090761" lon="-123.951326"/>
<trkpt lat="49.091996" lon="-123.951466"/>
<trkpt lat="49.095725" lon="-123.953360"/>
<trkpt lat="49.097634" lon="-123.955516"/>
<trkpt lat="49.097599" lon="-123.953585"/>
<trkpt lat="49.098390" lon="-123.953560"/>
<trkpt lat="49.099480" lon="-123.953971"/>
<trkpt lat="49.100832" lon="-123.955875"/>
<trkpt lat="49.100767" lon="-123.954656"/>
<trkpt lat="49.101297" lon="-123.953553"/>
<trkpt lat="49.102333" lon="-123.954245"/>
<trkpt lat="49.102823" lon="-123.954164"/>
<trkpt lat="49.104397" lon="-123.952083"/>
<trkpt lat="49.104470" lon="-123.953636"/>
<trkpt lat="49.105049" lon="-123.954344"/>
<trkpt lat="49.104994" lon="-123.951151"/>
<trkpt lat="49.105545" lon="-123.951703"/>
<trkpt lat="49.105609" lon="-123.952426"/>
<trkpt lat="49.107058" lon="-123.955715"/>
<trkpt lat="49.108970" lon="-123.958510"/>
<trkpt lat="49.110608" lon="-123.959453"/>
<trkpt lat="49.111774" lon="-123.960843"/>
<trkpt lat="49.112984" lon="-123.961120"/>
<trkpt lat="49.113864" lon="-123.962059"/>
<trkpt lat="49.116650" lon="-123.963846"/>
<trkpt lat="49.117213" lon="-123.963242"/>
<trkpt lat="49.118137" lon="-123.963771"/>
<trkpt lat="49.118478" lon="-123.964695"/>
<trkpt lat="49.119096" lon="-123.965060"/>
<trkpt lat="49.119750" lon="-123.966031"/>
<trkpt lat="49.120672" lon="-123.966329"/>
<trkpt lat="49.121723" lon="-123.967264"/>
<trkpt lat="49.122616" lon="-123.968647"/>
<trkpt lat="49.125441" lon="-123.971352"/>
<trkpt lat="49.127611" lon="-123.972942"/>
<trkpt lat="49.128976" lon="-123.973273"/>
<trkpt lat="49.129460" lon="-123.973166"/>
<trkpt lat="49.130716" lon="-123.971261"/>
<trkpt lat="49.131861" lon="-123.970278"/>
<trkpt lat="49.132140" lon="-123.969435"/>
<trkpt lat="49.131920" lon="-123.968349"/>
<trkpt lat="49.132131" lon="-123.967459"/>
<trkpt lat="49.131939" lon="-123.966835"/>
<trkpt lat="49.132153" lon="-123.966229"/>
<trkpt lat="49.131937" lon="-123.966126"/>
<trkpt lat="49.131574" lon="-123.964949"/>
<trkpt lat="49.132106" lon="-123.965313"/>
<trkpt lat="49.132369" lon="-123.964443"/>
<trkpt lat="49.132533" lon="-123.964945"/>
<trkpt lat="49.132778" lon="-123.967656"/>
<trkpt lat="49.133300" lon="-123.968932"/>
<trkpt lat="49.133961" lon="-123.968940"/>
<trkpt lat="49.135427" lon="-123.967913"/>
<trkpt lat="49.136655" lon="-123.967947"/>
<trkpt lat="49.136622" lon="-123.966906"/>
<trkpt lat="49.137408" lon="-123.966376"/>
<trkpt lat="49.139677" lon="-123.966211"/>
<trkpt lat="49.141876" lon="-123.965830"/>
<trkpt lat="49.141904" lon="-123.965405"/>
<trkpt lat="49.142626" lon="-123.965273"/>
<trkpt lat="49.143379" lon="-123.965487"/>
<trkpt lat="49.145757" lon="-123.964847"/>
<trkpt lat="49.146538" lon="-123.964335"/>
<trkpt lat="49.147544" lon="-123.964568"/>
<trkpt lat="49.148606" lon="-123.961887"/>
<trkpt lat="49.149308" lon="-123.961642"/>
<trkpt lat="49.149414" lon="-123.961701"/>
<trkpt lat="49.150272" lon="-123.962105"/>
<trkpt lat="49.150834" lon="-123.961688"/>
<trkpt lat="49.152750" lon="-123.961234"/>
<trkpt lat="49.155089" lon="-123.961261"/>
<trkpt lat="49.155190" lon="-123.961282"/>
<trkpt lat="49.155317" lon="-123.961358"/>
<trkpt lat="49.158910" lon="-123.961304"/>
<trkpt lat="49.158923" lon="-123.964632"/>
<trkpt lat="49.159084" lon="-123.964722"/>
<trkpt lat="49.160335" lon="-123.966757"/>
<trkpt lat="49.162598" lon="-123.966840"/>
<trkpt lat="49.162815" lon="-123.966866"/>
<trkpt lat="49.162893" lon="-123.966847"/>
<trkpt lat="49.162931" lon="-123.966380"/>
<trkpt lat="49.164199" lon="-123.965088"/>
<trkpt lat="49.164790" lon="-123.965545"/>
<trkpt lat="49.165367" lon="-123.966796"/>
<trkpt lat="49.166329" lon="-123.966818"/>
<trkpt lat="49.166557" lon="-123.966508"/>
<trkpt lat="49.166665" lon="-123.966508"/>
<trkpt lat="49.167414" lon="-123.966112"/>
<trkpt lat="49.168089" lon="-123.966455"/>
<trkpt lat="49.171327" lon="-123.966425"/>
<trkpt lat="49.171435" lon="-123.966871"/>
<trkpt lat="49.173021" lon="-123.966952"/>
<trkpt lat="49.173245" lon="-123.966912"/>
</trkseg>
<trkseg>
<trkpt lat="49.173245" lon="-123.966912"/>
<trkpt lat="49.173899" lon="-123.967776"/>
<trkpt lat="49.176760" lon="-123.967336"/>
</trkseg>
<trkseg>
<trkpt lat="49.177286" lon="-123.966852"/>
<trkpt lat="49.177100" lon="-123.967237"/>
<trkpt lat="49.176965" lon="-123.967408"/>
<trkpt lat="49.176886" lon="-123.967479"/>
<trkpt lat="49.176459" lon="-123.967612"/>
<trkpt lat="49.173753" lon="-123.967921"/>
<trkpt lat="49.173350" lon="-123.967097"/>
<trkpt lat="49.173245" lon="-123.966912"/>
</trkseg>
<trkseg>
<trkpt lat="49.177416" lon="-123.966955"/>
<trkpt lat="49.177786" lon="-123.966053"/>
<trkpt lat="49.177610" lon="-123.965331"/>
<trkpt lat="49.176468" lon="-123.964835"/>
<trkpt lat="49.176301" lon="-123.964484"/>
<trkpt lat="49.176242" lon="-123.964502"/>
<trkpt lat="49.175898" lon="-123.964051"/>
<trkpt lat="49.175797" lon="-123.963071"/>
<trkpt lat="49.175552" lon="-123.960222"/>
<trkpt lat="49.174382" lon="-123.958865"/>
<trkpt lat="49.173746" lon="-123.956460"/>
<trkpt lat="49.173505" lon="-123.956317"/>
<trkpt lat="49.173483" lon="-123.953203"/>
<trkpt lat="49.172565" lon="-123.950362"/>
<trkpt lat="49.172753" lon="-123.950361"/>
<trkpt lat="49.173050" lon="-123.950362"/>
<trkpt lat="49.173263" lon="-123.950363"/>
<trkpt lat="49.173419" lon="-123.950363"/>
<trkpt lat="49.173514" lon="-123.950363"/>
<trkpt lat="49.174188" lon="-123.950337"/>
<trkpt lat="49.174513" lon="-123.949684"/>
<trkpt lat="49.174548" lon="-123.948917"/>
<trkpt lat="49.174856" lon="-123.949369"/>
<trkpt lat="49.175932" lon="-123.949378"/>
<trkpt lat="49.175925" lon="-123.948143"/>
<trkpt lat="49.174248" lon="-123.948070"/>
<trkpt lat="49.172920" lon="-123.947889"/>
<trkpt lat="49.172801" lon="-123.947569"/>
<trkpt lat="49.172767" lon="-123.946964"/>
<trkpt lat="49.172503" lon="-123.946037"/>
<trkpt lat="49.172610" lon="-123.945461"/>
<trkpt lat="49.171264" lon="-123.943865"/>
<trkpt lat="49.171539" lon="-123.943291"/>
<trkpt lat="49.171228" lon="-123.941839"/>
<trkpt lat="49.171448" lon="-123.941306"/>
<trkpt lat="49.171519" lon="-123.941132"/>
<trkpt lat="49.171899" lon="-123.941461"/>
<trkpt lat="49.172021" lon="-123.941468"/>
<trkpt lat="49.173562" lon="-123.941049"/>
<trkpt lat="49.177048" lon="-123.942147"/>
<trkpt lat="49.178278" lon="-123.943251"/>
<trkpt lat="49.178978" lon="-123.943451"/>
<trkpt lat="49.180053" lon="-123.944705"/>
<trkpt lat="49.180073" lon="-123.945650"/>
<trkpt lat="49.182089" lon="-123.945874"/>
<trkpt lat="49.183500" lon="-123.947217"/>
<trkpt lat="49.185973" lon="-123.947827"/>
<trkpt lat="49.185965" lon="-123.947294"/>
<trkpt lat="49.186147" lon="-123.947233"/>
<trkpt lat="49.186270" lon="-123.947827"/>
<trkpt lat="49.186876" lon="-123.948707"/>
<trkpt lat="49.188747" lon="-123.949359"/>
<trkpt lat="49.189204" lon="-123.948729"/>
<trkpt lat="49.189610" lon="-123.949255"/>
<trkpt lat="49.189023" lon="-123.951324"/>
<trkpt lat="49.189052" lon="-123.951510"/>
</trkseg>
<trkseg>
<trkpt lat="49.189052" lon="-123.951510"/>
<trkpt lat="49.189006" lon="-123.951667"/>
<trkpt lat="49.189090" lon="-123.951748"/>
<trkpt lat="49.189444" lon="-123.952233"/>
<trkpt lat="49.189958" lon="-123.953797"/>
<trkpt lat="49.190937" lon="-123.954841"/>
<trkpt lat="49.191754" lon="-123.955266"/>
<trkpt lat="49.193039" lon="-123.955361"/>
</trkseg>
<trkseg>
<trkpt lat="49.193039" lon="-123.955361"/>
<trkpt lat="49.193506" lon="-123.955402"/>
<trkpt lat="49.195804" lon="-123.954927"/>
<trkpt lat="49.199104" lon="-123.954107"/>
<trkpt lat="49.202673" lon="-123.950220"/>
<trkpt lat="49.203479" lon="-123.948511"/>
<trkpt lat="49.206082" lon="-123.939896"/>
<trkpt lat="49.208647" lon="-123.932432"/>
<trkpt lat="49.213563" lon="-123.920478"/>
<trkpt lat="49.218210" lon="-123.907781"/>
<trkpt lat="49.221880" lon="-123.896135"/>
<trkpt lat="49.224381" lon="-123.885640"/>
<trkpt lat="49.270659" lon="-123.629771"/>
<trkpt lat="49.317061" lon="-123.372746"/>
<trkpt lat="49.318934" lon="-123.363575"/>
<trkpt lat="49.321172" lon="-123.354979"/>
<trkpt lat="49.324484" lon="-123.346293"/>
<trkpt lat="49.327909" lon="-123.339143"/>
<trkpt lat="49.333822" lon="-123.330929"/>
<trkpt lat="49.340436" lon="-123.325077"/>
<trkpt lat="49.372361" lon="-123.303185"/>
<trkpt lat="49.375341" lon="-123.300755"/>
<trkpt lat="49.378117" lon="-123.298002"/>
<trkpt lat="49.379534" lon="-123.295974"/>
<trkpt lat="49.380841" lon="-123.293464"/>
<trkpt lat="49.382038" lon="-123.290067"/>
<trkpt lat="49.383710" lon="-123.283432"/>
<trkpt lat="49.383974" lon="-123.280778"/>
<trkpt lat="49.383871" lon="-123.277883"/>
<trkpt lat="49.383249" lon="-123.274694"/>
<trkpt lat="49.382016" lon="-123.272617"/>
<trkpt lat="49.380239" lon="-123.271276"/>
</trkseg>
<trkseg>
<trkpt lat="49.380239" lon="-123.271276"/>
<trkpt lat="49.376382" lon="-123.272060"/>
</trkseg>
<trkseg>
<trkpt lat="49.376382" lon="-123.272060"/>
<trkpt lat="49.375740" lon="-123.272078"/>
</trkseg>
<trkseg>
<trkpt lat="49.375756" lon="-123.271781"/>
<trkpt lat="49.376032" lon="-123.271788"/>
<trkpt lat="49.376037" lon="-123.271658"/>
<trkpt lat="49.376213" lon="-123.271575"/>
<trkpt lat="49.380239" lon="-123.271276"/>
</trkseg>
<trkseg>
<trkpt lat="49.380239" lon="-123.271276"/>
<trkpt lat="49.377612" lon="-123.270641"/>
<trkpt lat="49.376554" lon="-123.270943"/>
<trkpt lat="49.376328" lon="-123.271089"/>
</trkseg>
<trkseg>
<trkpt lat="49.376032" lon="-123.271882"/>
<trkpt lat="49.376382" lon="-123.272060"/>
</trkseg>
<trkseg>
<trkpt lat="49.375588" lon="-123.271759"/>
<trkpt lat="49.375344" lon="-123.272178"/>
<trkpt lat="49.374338" lon="-123.271962"/>
<trkpt lat="49.374191" lon="-123.272168"/>
<trkpt lat="49.374119" lon="-123.272299"/>
<trkpt lat="49.374038" lon="-123.272288"/>
<trkpt lat="49.373965" lon="-123.272387"/>
<trkpt lat="49.373931" lon="-123.272432"/>
<trkpt lat="49.373909" lon="-123.272614"/>
<trkpt lat="49.373913" lon="-123.272657"/>
<trkpt lat="49.373900" lon="-123.272672"/>
<trkpt lat="49.373844" lon="-123.272800"/>
<trkpt lat="49.374311" lon="-123.272697"/>
<trkpt lat="49.374323" lon="-123.272852"/>
<trkpt lat="49.374491" lon="-123.274221"/>
</trkseg>
<trkseg>
<trkpt lat="49.374491" lon="-123.274221"/>
<trkpt lat="49.375414" lon="-123.276561"/>
<trkpt lat="49.375359" lon="-123.276731"/>
<trkpt lat="49.374643" lon="-123.277130"/>
<trkpt lat="49.373104" lon="-123.277367"/>
<trkpt lat="49.371798" lon="-123.278184"/>
</trkseg>
<trkseg>
<trkpt lat="49.371798" lon="-123.278184"/>
<trkpt lat="49.370504" lon="-123.279408"/>
</trkseg>
<trkseg>
<trkpt lat="49.370504" lon="-123.279408"/>
<trkpt lat="49.370389" lon="-123.279822"/>
</trkseg>
<trkseg>
<trkpt lat="49.370389" lon="-123.279822"/>
<trkpt lat="49.370386" lon="-123.279838"/>
<trkpt lat="49.370361" lon="-123.279906"/>
<trkpt lat="49.370327" lon="-123.279942"/>
<trkpt lat="49.370224" lon="-123.279916"/>
<trkpt lat="49.370207" lon="-123.279887"/>
<trkpt lat="49.370189" lon="-123.279787"/>
<trkpt lat="49.370224" lon="-123.279681"/>
<trkpt lat="49.370288" lon="-123.279645"/>
</trkseg>
<trkseg>
<trkpt lat="49.370288" lon="-123.279645"/>
<trkpt lat="49.370337" lon="-123.279664"/>
<trkpt lat="49.370389" lon="-123.279822"/>
</trkseg>
<trkseg>
<trkpt lat="49.370288" lon="-123.279645"/>
<trkpt lat="49.370218" lon="-123.279387"/>
</trkseg>
<trkseg>
<trkpt lat="49.370218" lon="-123.279387"/>
<trkpt lat="49.370404" lon="-123.279529"/>
<trkpt lat="49.370504" lon="-123.279408"/>
</trkseg>
<trkseg>
<trkpt lat="49.370218" lon="-123.279387"/>
<trkpt lat="49.370403" lon="-123.277512"/>
<trkpt lat="49.370121" lon="-123.276496"/>
</trkseg>
<trkseg>
<trkpt lat="49.370121" lon="-123.276496"/>
<trkpt lat="49.370025" lon="-123.276390"/>
<trkpt lat="49.369920" lon="-123.276309"/>
<trkpt lat="49.369868" lon="-123.276357"/>
<trkpt lat="49.369792" lon="-123.276345"/>
<trkpt lat="49.369761" lon="-123.276311"/>
<trkpt lat="49.369433" lon="-123.276206"/>
</trkseg>
<trkseg>
<trkpt lat="49.369433" lon="-123.276206"/>
<trkpt lat="49.369740" lon="-123.276127"/>
<trkpt lat="49.369847" lon="-123.276027"/>
<trkpt lat="49.369939" lon="-123.276126"/>
<trkpt lat="49.370121" lon="-123.276496"/>
</trkseg>
<trkseg>
<trkpt lat="49.369433" lon="-123.276206"/>
<trkpt lat="49.369240" lon="-123.276226"/>
<trkpt lat="49.369113" lon="-123.276236"/>
</trkseg>
<trkseg>
<trkpt lat="49.369116" lon="-123.276306"/>
<trkpt lat="49.367178" lon="-123.276820"/>
<trkpt lat="49.366341" lon="-123.277185"/>
<trkpt lat="49.364346" lon="-123.278162"/>
<trkpt lat="49.363384" lon="-123.277873"/>
<trkpt lat="49.363319" lon="-123.277901"/>
<trkpt lat="49.363291" lon="-123.277901"/>
<trkpt lat="49.363275" lon="-123.277788"/>
<trkpt lat="49.363233" lon="-123.277529"/>
<trkpt lat="49.363220" lon="-123.277331"/>
<trkpt lat="49.361249" lon="-123.277064"/>
</trkseg>
<trkseg>
<trkpt lat="49.361249" lon="-123.277064"/>
<trkpt lat="49.357665" lon="-123.278414"/>
<trkpt lat="49.356797" lon="-123.277944"/>
<trkpt lat="49.356417" lon="-123.276606"/>
<trkpt lat="49.356699" lon="-123.275310"/>
<trkpt lat="49.358267" lon="-123.273634"/>
<trkpt lat="49.358759" lon="-123.272583"/>
<trkpt lat="49.359310" lon="-123.269559"/>
<trkpt lat="49.360740" lon="-123.266298"/>
<trkpt lat="49.361088" lon="-123.263333"/>
<trkpt lat="49.362372" lon="-123.261867"/>
<trkpt lat="49.362859" lon="-123.260905"/>
<trkpt lat="49.362953" lon="-123.261627"/>
<trkpt lat="49.363102" lon="-123.260798"/>
<trkpt lat="49.362755" lon="-123.259966"/>
<trkpt lat="49.362275" lon="-123.259783"/>
</trkseg>
<trkseg>
<trkpt lat="49.362275" lon="-123.259783"/>
<trkpt lat="49.362879" lon="-123.258619"/>
<trkpt lat="49.363550" lon="-123.258094"/>
<trkpt lat="49.363662" lon="-123.258017"/>
<trkpt lat="49.363720" lon="-123.257945"/>
<trkpt lat="49.364759" lon="-123.257784"/>
<trkpt lat="49.365850" lon="-123.255732"/>
<trkpt lat="49.367545" lon="-123.253579"/>
<trkpt lat="49.366107" lon="-123.254245"/>
<trkpt lat="49.365619" lon="-123.253499"/>
<trkpt lat="49.366425" lon="-123.253159"/>
<trkpt lat="49.366713" lon="-123.252655"/>
<trkpt lat="49.366545" lon="-123.252233"/>
<trkpt lat="49.366702" lon="-123.251962"/>
<trkpt lat="49.366028" lon="-123.250612"/>
<trkpt lat="49.366499" lon="-123.249025"/>
<trkpt lat="49.366435" lon="-123.247897"/>
<trkpt lat="49.365598" lon="-123.245637"/>
<trkpt lat="49.365592" lon="-123.244077"/>
<trkpt lat="49.366137" lon="-123.243751"/>
<trkpt lat="49.365770" lon="-123.242150"/>
<trkpt lat="49.366208" lon="-123.241275"/>
<trkpt lat="49.365652" lon="-123.240928"/>
<trkpt lat="49.366200" lon="-123.240189"/>
<trkpt lat="49.366046" lon="-123.239846"/>
<trkpt lat="49.366346" lon="-123.239387"/>
<trkpt lat="49.365808" lon="-123.239345"/>
<trkpt lat="49.365292" lon="-123.239933"/>
<trkpt lat="49.365075" lon="-123.239821"/>
<trkpt lat="49.365252" lon="-123.237777"/>
<trkpt lat="49.364575" lon="-123.237198"/>
<trkpt lat="49.363869" lon="-123.235873"/>
<trkpt lat="49.363469" lon="-123.232537"/>
<trkpt lat="49.362735" lon="-123.230972"/>
<trkpt lat="49.363083" lon="-123.229675"/>
<trkpt lat="49.363825" lon="-123.228427"/>
<trkpt lat="49.364815" lon="-123.224742"/>
<trkpt lat="49.364886" lon="-123.223679"/>
<trkpt lat="49.365408" lon="-123.222231"/>
<trkpt lat="49.366786" lon="-123.220552"/>
<trkpt lat="49.367865" lon="-123.218143"/>
<trkpt lat="49.368942" lon="-123.216533"/>
<trkpt lat="49.369655" lon="-123.215847"/>
<trkpt lat="49.370512" lon="-123.215764"/>
<trkpt lat="49.372084" lon="-123.213894"/>
<trkpt lat="49.373138" lon="-123.213289"/>
<trkpt lat="49.373275" lon="-123.213698"/>
<trkpt lat="49.372753" lon="-123.214495"/>
<trkpt lat="49.374167" lon="-123.214791"/>
<trkpt lat="49.374815" lon="-123.215699"/>
<trkpt lat="49.374953" lon="-123.216621"/>
<trkpt lat="49.375241" lon="-123.217030"/>
<trkpt lat="49.375707" lon="-123.217101"/>
<trkpt lat="49.376135" lon="-123.216963"/>
<trkpt lat="49.376609" lon="-123.215743"/>
<trkpt lat="49.377561" lon="-123.215386"/>
<trkpt lat="49.377620" lon="-123.214235"/>
<trkpt lat="49.377206" lon="-123.213788"/>
<trkpt lat="49.376950" lon="-123.212907"/>
<trkpt lat="49.377337" lon="-123.211874"/>
<trkpt lat="49.378051" lon="-123.211262"/>
<trkpt lat="49.377852" lon="-123.209854"/>
<trkpt lat="49.378622" lon="-123.208842"/>
<trkpt lat="49.379100" lon="-123.207538"/>
<trkpt lat="49.380691" lon="-123.206113"/>
<trkpt lat="49.382691" lon="-123.202723"/>
<trkpt lat="49.385134" lon="-123.200212"/>
<trkpt lat="49.387219" lon="-123.198606"/>
<trkpt lat="49.387378" lon="-123.197801"/>
<trkpt lat="49.386282" lon="-123.198569"/>
<trkpt lat="49.385127" lon="-123.198266"/>
<trkpt lat="49.384407" lon="-123.199152"/>
<trkpt lat="49.384038" lon="-123.199092"/>
<trkpt lat="49.384162" lon="-123.198254"/>
<trkpt lat="49.384973" lon="-123.197171"/>
<trkpt lat="49.385354" lon="-123.197094"/>
<trkpt lat="49.385636" lon="-123.196352"/>
<trkpt lat="49.385557" lon="-123.196137"/>
<trkpt lat="49.384970" lon="-123.195605"/>
<trkpt lat="49.383386" lon="-123.195432"/>
<trkpt lat="49.381954" lon="-123.195692"/>
<trkpt lat="49.381676" lon="-123.195453"/>
<trkpt lat="49.381266" lon="-123.195686"/>
<trkpt lat="49.380975" lon="-123.196584"/>
<trkpt lat="49.374317" lon="-123.199392"/>
<trkpt lat="49.373705" lon="-123.199470"/>
<trkpt lat="49.372170" lon="-123.201143"/>
<trkpt lat="49.369203" lon="-123.205489"/>
<trkpt lat="49.368467" lon="-123.205207"/>
<trkpt lat="49.367264" lon="-123.205821"/>
<trkpt lat="49.366594" lon="-123.207783"/>
<trkpt lat="49.366158" lon="-123.211992"/>
<trkpt lat="49.365555" lon="-123.213023"/>
<trkpt lat="49.365003" lon="-123.215009"/>
<trkpt lat="49.363875" lon="-123.216812"/>
<trkpt lat="49.363169" lon="-123.216913"/>
<trkpt lat="49.360484" lon="-123.212416"/>
<trkpt lat="49.359968" lon="-123.212145"/>
<trkpt lat="49.359899" lon="-123.211454"/>
<trkpt lat="49.359954" lon="-123.211086"/>
<trkpt lat="49.359745" lon="-123.210956"/>
<trkpt lat="49.360019" lon="-123.192057"/>
<trkpt lat="49.360414" lon="-123.191419"/>
<trkpt lat="49.360407" lon="-123.191084"/>
<trkpt lat="49.360029" lon="-123.189844"/>
<trkpt lat="49.360095" lon="-123.186648"/>
<trkpt lat="49.360085" lon="-123.186611"/>
<trkpt lat="49.360066" lon="-123.185280"/>
<trkpt lat="49.360495" lon="-123.183912"/>
<trkpt lat="49.360072" lon="-123.182288"/>
<trkpt lat="49.360063" lon="-123.181200"/>
<trkpt lat="49.360456" lon="-123.180277"/>
<trkpt lat="49.360457" lon="-123.180213"/>
<trkpt lat="49.360459" lon="-123.180187"/>
<trkpt lat="49.360467" lon="-123.180046"/>
<trkpt lat="49.360137" lon="-123.179231"/>
<trkpt lat="49.360137" lon="-123.179188"/>
<trkpt lat="49.360064" lon="-123.178532"/>
<trkpt lat="49.360474" lon="-123.177863"/>
<trkpt lat="49.360470" lon="-123.177726"/>
<trkpt lat="49.360088" lon="-123.176994"/>
<trkpt lat="49.360343" lon="-123.172953"/>
<trkpt lat="49.360566" lon="-123.172772"/>
<trkpt lat="49.360560" lon="-123.172716"/>
<trkpt lat="49.360535" lon="-123.172687"/>
<trkpt lat="49.360522" lon="-123.172577"/>
<trkpt lat="49.360230" lon="-123.172232"/>
<trkpt lat="49.360403" lon="-123.171069"/>
<trkpt lat="49.360250" lon="-123.169049"/>
<trkpt lat="49.360503" lon="-123.168870"/>
<trkpt lat="49.360404" lon="-123.168659"/>
<trkpt lat="49.360404" lon="-123.168530"/>
<trkpt lat="49.359771" lon="-123.167437"/>
<trkpt lat="49.359816" lon="-123.162351"/>
<trkpt lat="49.360129" lon="-123.161551"/>
<trkpt lat="49.360045" lon="-123.158820"/>
<trkpt lat="49.360048" lon="-123.158679"/>
<trkpt lat="49.359969" lon="-123.157941"/>
<trkpt lat="49.359678" lon="-123.157612"/>
<trkpt lat="49.359272" lon="-123.156760"/>
<trkpt lat="49.359771" lon="-123.156256"/>
<trkpt lat="49.360089" lon="-123.155586"/>
<trkpt lat="49.359802" lon="-123.155059"/>
<trkpt lat="49.360080" lon="-123.154764"/>
</trkseg>
<trkseg>
<trkpt lat="49.360050" lon="-123.154666"/>
<trkpt lat="49.359914" lon="-123.151471"/>
<trkpt lat="49.360100" lon="-123.149723"/>
<trkpt lat="49.359865" lon="-123.146114"/>
<trkpt lat="49.359860" lon="-123.144769"/>
<trkpt lat="49.360078" lon="-123.144118"/>
<trkpt lat="49.359884" lon="-123.142769"/>
<trkpt lat="49.359863" lon="-123.142684"/>
<trkpt lat="49.359903" lon="-123.142193"/>
<trkpt lat="49.359886" lon="-123.142135"/>
<trkpt lat="49.359754" lon="-123.142069"/>
<trkpt lat="49.359690" lon="-123.140988"/>
<trkpt lat="49.359542" lon="-123.139767"/>
<trkpt lat="49.359566" lon="-123.139735"/>
<trkpt lat="49.359739" lon="-123.139573"/>
<trkpt lat="49.360183" lon="-123.138488"/>
<trkpt lat="49.360235" lon="-123.138371"/>
<trkpt lat="49.359754" lon="-123.137193"/>
<trkpt lat="49.359851" lon="-123.135197"/>
<trkpt lat="49.359643" lon="-123.134416"/>
<trkpt lat="49.359618" lon="-123.134057"/>
<trkpt lat="49.359637" lon="-123.133766"/>
<trkpt lat="49.359661" lon="-123.129352"/>
<trkpt lat="49.359657" lon="-123.128702"/>
<trkpt lat="49.359649" lon="-123.127837"/>
<trkpt lat="49.359673" lon="-123.127460"/>
<trkpt lat="49.359665" lon="-123.127097"/>
<trkpt lat="49.359684" lon="-123.126830"/>
<trkpt lat="49.359677" lon="-123.126666"/>
<trkpt lat="49.359681" lon="-123.125625"/>
<trkpt lat="49.359671" lon="-123.124635"/>
<trkpt lat="49.359702" lon="-123.123776"/>
<trkpt lat="49.359701" lon="-123.123745"/>
<trkpt lat="49.359705" lon="-123.123698"/>
<trkpt lat="49.359692" lon="-123.123584"/>
<trkpt lat="49.359678" lon="-123.118253"/>
</trkseg>
<trkseg>
<trkpt lat="49.359678" lon="-123.118253"/>
<trkpt lat="49.359278" lon="-123.118285"/>
<trkpt lat="49.358985" lon="-123.118992"/>
<trkpt lat="49.359100" lon="-123.120874"/>
<trkpt lat="49.358530" lon="-123.121955"/>
<trkpt lat="49.357067" lon="-123.121038"/>
<trkpt lat="49.353887" lon="-123.120216"/>
<trkpt lat="49.349391" lon="-123.120890"/>
<trkpt lat="49.346965" lon="-123.122251"/>
<trkpt lat="49.343457" lon="-123.126826"/>
<trkpt lat="49.342384" lon="-123.127724"/>
<trkpt lat="49.341570" lon="-123.129147"/>
<trkpt lat="49.341304" lon="-123.130326"/>
<trkpt lat="49.341049" lon="-123.134045"/>
</trkseg>
<trkseg>
<trkpt lat="49.341049" lon="-123.134045"/>
<trkpt lat="49.340964" lon="-123.134436"/>
<trkpt lat="49.340707" lon="-123.134595"/>
<trkpt lat="49.340482" lon="-123.134598"/>
<trkpt lat="49.338547" lon="-123.134625"/>
<trkpt lat="49.338047" lon="-123.134641"/>
<trkpt lat="49.337871" lon="-123.134645"/>
<trkpt lat="49.337316" lon="-123.134693"/>
<trkpt lat="49.336631" lon="-123.134744"/>
<trkpt lat="49.336526" lon="-123.134754"/>
<trkpt lat="49.334463" lon="-123.134832"/>
<trkpt lat="49.334461" lon="-123.134980"/>
</trkseg>
<trkseg>
<trkpt lat="49.334461" lon="-123.134980"/>
<trkpt lat="49.334512" lon="-123.136645"/>
<trkpt lat="49.335613" lon="-123.136795"/>
<trkpt lat="49.336135" lon="-123.137279"/>
<trkpt lat="49.336364" lon="-123.138237"/>
<trkpt lat="49.336351" lon="-123.140184"/>
<trkpt lat="49.336320" lon="-123.145905"/>
<trkpt lat="49.336339" lon="-123.154231"/>
<trkpt lat="49.334554" lon="-123.154220"/>
<trkpt lat="49.334613" lon="-123.166737"/>
<trkpt lat="49.334616" lon="-123.168038"/>
<trkpt lat="49.334768" lon="-123.168299"/>
<trkpt lat="49.335464" lon="-123.169189"/>
<trkpt lat="49.335518" lon="-123.170848"/>
<trkpt lat="49.335552" lon="-123.171754"/>
<trkpt lat="49.335654" lon="-123.179165"/>
<trkpt lat="49.335150" lon="-123.179175"/>
<trkpt lat="49.335923" lon="-123.182374"/>
<trkpt lat="49.337477" lon="-123.188814"/>
<trkpt lat="49.337610" lon="-123.189332"/>
<trkpt lat="49.337642" lon="-123.190385"/>
<trkpt lat="49.336866" lon="-123.190412"/>
<trkpt lat="49.337832" lon="-123.194318"/>
<trkpt lat="49.339545" lon="-123.193407"/>
<trkpt lat="49.340185" lon="-123.195851"/>
<trkpt lat="49.341464" lon="-123.198784"/>
<trkpt lat="49.342159" lon="-123.203174"/>
<trkpt lat="49.342982" lon="-123.205509"/>
<trkpt lat="49.342689" lon="-123.208373"/>
<trkpt lat="49.343372" lon="-123.213459"/>
<trkpt lat="49.343387" lon="-123.217116"/>
<trkpt lat="49.343456" lon="-123.218024"/>
<trkpt lat="49.343501" lon="-123.220593"/>
<trkpt lat="49.344081" lon="-123.220703"/>
<trkpt lat="49.344652" lon="-123.220216"/>
<trkpt lat="49.345368" lon="-123.220246"/>
<trkpt lat="49.345078" lon="-123.221890"/>
<trkpt lat="49.345117" lon="-123.222969"/>
<trkpt lat="49.346072" lon="-123.224114"/>
<trkpt lat="49.346388" lon="-123.225675"/>
<trkpt lat="49.346909" lon="-123.226482"/>
<trkpt lat="49.346705" lon="-123.227285"/>
<trkpt lat="49.346775" lon="-123.230687"/>
<trkpt lat="49.346550" lon="-123.231937"/>
<trkpt lat="49.346871" lon="-123.232308"/>
<trkpt lat="49.346947" lon="-123.235228"/>
<trkpt lat="49.347475" lon="-123.235437"/>
<trkpt lat="49.348856" lon="-123.236231"/>
<trkpt lat="49.349479" lon="-123.237046"/>
<trkpt lat="49.349681" lon="-123.238282"/>
<trkpt lat="49.349219" lon="-123.240187"/>
<trkpt lat="49.349354" lon="-123.240959"/>
<trkpt lat="49.349735" lon="-123.241154"/>
<trkpt lat="49.350150" lon="-123.243375"/>
<trkpt lat="49.351408" lon="-123.244508"/>
<trkpt lat="49.351083" lon="-123.245479"/>
<trkpt lat="49.351637" lon="-123.247133"/>
<trkpt lat="49.352037" lon="-123.250439"/>
<trkpt lat="49.352149" lon="-123.250879"/>
<trkpt lat="49.352214" lon="-123.251154"/>
<trkpt lat="49.352247" lon="-123.251292"/>
<trkpt lat="49.353109" lon="-123.253087"/>
<trkpt lat="49.354789" lon="-123.253510"/>
<trkpt lat="49.355887" lon="-123.253256"/>
<trkpt lat="49.356995" lon="-123.252809"/>
<trkpt lat="49.358741" lon="-123.251177"/>
<trkpt lat="49.360142" lon="-123.251453"/>
<trkpt lat="49.360537" lon="-123.252516"/>
<trkpt lat="49.360284" lon="-123.254497"/>
<trkpt lat="49.360375" lon="-123.257596"/>
<trkpt lat="49.360620" lon="-123.257676"/>
<trkpt lat="49.360915" lon="-123.259186"/>
<trkpt lat="49.361140" lon="-123.259685"/>
<trkpt lat="49.361086" lon="-123.260368"/>
<trkpt lat="49.361638" lon="-123.260477"/>
<trkpt lat="49.362275" lon="-123.259783"/>
</trkseg>
<trkseg>
<trkpt lat="49.362293" lon="-123.262911"/>
<trkpt lat="49.362063" lon="-123.263458"/>
</trkseg>
<trkseg>
<trkpt lat="49.361297" lon="-123.273568"/>
<trkpt lat="49.360850" lon="-123.273798"/>
<trkpt lat="49.360449" lon="-123.274417"/>
<trkpt lat="49.360391" lon="-123.274756"/>
<trkpt lat="49.360197" lon="-123.274965"/>
<trkpt lat="49.359348" lon="-123.275251"/>
<trkpt lat="49.358427" lon="-123.276341"/>
<trkpt lat="49.358332" lon="-123.276957"/>
<trkpt lat="49.361028" lon="-123.276708"/>
<trkpt lat="49.361249" lon="-123.277064"/>
</trkseg>
<trkseg>
<trkpt lat="49.370744" lon="-123.275383"/>
<trkpt lat="49.371464" lon="-123.277195"/>
</trkseg>
<trkseg>
<trkpt lat="49.371464" lon="-123.277195"/>
<trkpt lat="49.371798" lon="-123.278184"/>
</trkseg>
<trkseg>
<trkpt lat="49.371464" lon="-123.277195"/>
<trkpt lat="49.373729" lon="-123.274958"/>
<trkpt lat="49.374491" lon="-123.274221"/>
</trkseg>
<trkseg>
<trkpt lat="49.341049" lon="-123.134045"/>
<trkpt lat="49.341134" lon="-123.134679"/>
<trkpt lat="49.341139" lon="-123.134871"/>
<trkpt lat="49.340935" lon="-123.134950"/>
<trkpt lat="49.338793" lon="-123.134983"/>
<trkpt lat="49.338526" lon="-123.134987"/>
<trkpt lat="49.338277" lon="-123.134997"/>
<trkpt lat="49.338058" lon="-123.134986"/>
<trkpt lat="49.337879" lon="-123.134954"/>
<trkpt lat="49.337496" lon="-123.134958"/>
<trkpt lat="49.337329" lon="-123.134970"/>
<trkpt lat="49.336993" lon="-123.134964"/>
<trkpt lat="49.336630" lon="-123.134944"/>
<trkpt lat="49.336519" lon="-123.134935"/>
<trkpt lat="49.334461" lon="-123.134980"/>
</trkseg>
<trkseg>
<trkpt lat="49.344775" lon="-123.111212"/>
<trkpt lat="49.344929" lon="-123.111119"/>
<trkpt lat="49.345334" lon="-123.111025"/>
<trkpt lat="49.345834" lon="-123.111126"/>
</trkseg>
<trkseg>
<trkpt lat="49.345834" lon="-123.111126"/>
<trkpt lat="49.347157" lon="-123.111320"/>
<trkpt lat="49.347947" lon="-123.111314"/>
<trkpt lat="49.348580" lon="-123.111061"/>
<trkpt lat="49.348771" lon="-123.109386"/>
<trkpt lat="49.349182" lon="-123.108896"/>
<trkpt lat="49.350092" lon="-123.108111"/>
<trkpt lat="49.356180" lon="-123.106076"/>
<trkpt lat="49.357992" lon="-123.106863"/>
<trkpt lat="49.358343" lon="-123.106927"/>
<trkpt lat="49.358365" lon="-123.107018"/>
<trkpt lat="49.358753" lon="-123.107290"/>
<trkpt lat="49.359825" lon="-123.109507"/>
<trkpt lat="49.360462" lon="-123.111918"/>
<trkpt lat="49.360228" lon="-123.112439"/>
<trkpt lat="49.358913" lon="-123.113706"/>
<trkpt lat="49.358898" lon="-123.114225"/>
<trkpt lat="49.359811" lon="-123.114899"/>
<trkpt lat="49.360168" lon="-123.115360"/>
<trkpt lat="49.360516" lon="-123.117317"/>
<trkpt lat="49.360511" lon="-123.118000"/>
<trkpt lat="49.359678" lon="-123.118253"/>
</trkseg>
<trkseg>
<trkpt lat="49.345834" lon="-123.111126"/>
<trkpt lat="49.345601" lon="-123.111145"/>
<trkpt lat="49.345248" lon="-123.111164"/>
<trkpt lat="49.344775" lon="-123.111212"/>
</trkseg>
<trkseg>
<trkpt lat="49.344775" lon="-123.111212"/>
<trkpt lat="49.344297" lon="-123.111488"/>
<trkpt lat="49.343889" lon="-123.112201"/>
<trkpt lat="49.343612" lon="-123.111737"/>
<trkpt lat="49.343296" lon="-123.110354"/>
<trkpt lat="49.343023" lon="-123.109375"/>
<trkpt lat="49.342798" lon="-123.108621"/>
<trkpt lat="49.342330" lon="-123.108118"/>
<trkpt lat="49.341208" lon="-123.106982"/>
<trkpt lat="49.340675" lon="-123.106277"/>
<trkpt lat="49.340543" lon="-123.106103"/>
<trkpt lat="49.340199" lon="-123.105614"/>
<trkpt lat="49.339682" lon="-123.104906"/>
<trkpt lat="49.339375" lon="-123.104482"/>
<trkpt lat="49.339045" lon="-123.104027"/>
<trkpt lat="49.338116" lon="-123.102757"/>
<trkpt lat="49.338006" lon="-123.102607"/>
</trkseg>
<trkseg>
<trkpt lat="49.338006" lon="-123.102607"/>
<trkpt lat="49.337478" lon="-123.101962"/>
<trkpt lat="49.337083" lon="-123.101360"/>
</trkseg>
<trkseg>
<trkpt lat="49.337083" lon="-123.101360"/>
<trkpt lat="49.337236" lon="-123.101472"/>
<trkpt lat="49.337530" lon="-123.101884"/>
<trkpt lat="49.338006" lon="-123.102607"/>
</trkseg>
<trkseg>
<trkpt lat="49.337083" lon="-123.101360"/>
<trkpt lat="49.336658" lon="-123.100779"/>
<trkpt lat="49.336653" lon="-123.100422"/>
<trkpt lat="49.336643" lon="-123.099383"/>
<trkpt lat="49.336640" lon="-123.099049"/>
<trkpt lat="49.336602" lon="-123.094735"/>
<trkpt lat="49.336543" lon="-123.094703"/>
<trkpt lat="49.335479" lon="-123.093960"/>
<trkpt lat="49.334325" lon="-123.093476"/>
<trkpt lat="49.333915" lon="-123.093429"/>
<trkpt lat="49.333403" lon="-123.093531"/>
<trkpt lat="49.331678" lon="-123.092772"/>
<trkpt lat="49.331562" lon="-123.092306"/>
<trkpt lat="49.330369" lon="-123.091298"/>
<trkpt lat="49.329020" lon="-123.090898"/>
<trkpt lat="49.327013" lon="-123.091336"/>
<trkpt lat="49.325929" lon="-123.092593"/>
<trkpt lat="49.324274" lon="-123.093550"/>
<trkpt lat="49.323816" lon="-123.093692"/>
<trkpt lat="49.323316" lon="-123.094494"/>
</trkseg>
<trkseg>
<trkpt lat="49.323234" lon="-123.094485"/>
<trkpt lat="49.323232" lon="-123.094048"/>
<trkpt lat="49.323252" lon="-123.093680"/>
<trkpt lat="49.323289" lon="-123.093394"/>
</trkseg>
<trkseg>
<trkpt lat="49.323245" lon="-123.093351"/>
<trkpt lat="49.323190" lon="-123.092977"/>
<trkpt lat="49.323156" lon="-123.093340"/>
<trkpt lat="49.322973" lon="-123.093410"/>
<trkpt lat="49.322357" lon="-123.093410"/>
<trkpt lat="49.321279" lon="-123.093679"/>
</trkseg>
<trkseg>
<trkpt lat="49.321279" lon="-123.093679"/>
<trkpt lat="49.321030" lon="-123.093856"/>
<trkpt lat="49.321039" lon="-123.093889"/>
<trkpt lat="49.321191" lon="-123.094298"/>
<trkpt lat="49.321275" lon="-123.094520"/>
<trkpt lat="49.321248" lon="-123.094529"/>
<trkpt lat="49.321125" lon="-123.094505"/>
<trkpt lat="49.321074" lon="-123.094361"/>
<trkpt lat="49.320935" lon="-123.093976"/>
<trkpt lat="49.320611" lon="-123.093242"/>
<trkpt lat="49.320465" lon="-123.092768"/>
<trkpt lat="49.320008" lon="-123.091407"/>
</trkseg>
<trkseg>
<trkpt lat="49.320008" lon="-123.091407"/>
<trkpt lat="49.320192" lon="-123.091658"/>
<trkpt lat="49.320354" lon="-123.092153"/>
<trkpt lat="49.320624" lon="-123.092909"/>
<trkpt lat="49.320882" lon="-123.093745"/>
<trkpt lat="49.321016" lon="-123.093783"/>
<trkpt lat="49.321233" lon="-123.093679"/>
<trkpt lat="49.321279" lon="-123.093679"/>
</trkseg>
<trkseg>
<trkpt lat="49.320008" lon="-123.091407"/>
<trkpt lat="49.319174" lon="-123.090035"/>
<trkpt lat="49.319037" lon="-123.089798"/>
<trkpt lat="49.317967" lon="-123.087395"/>
<trkpt lat="49.317730" lon="-123.086868"/>
<trkpt lat="49.317394" lon="-123.086111"/>
<trkpt lat="49.317454" lon="-123.085977"/>
<trkpt lat="49.317458" lon="-123.085919"/>
<trkpt lat="49.317335" lon="-123.085722"/>
<trkpt lat="49.317328" lon="-123.085704"/>
<trkpt lat="49.317305" lon="-123.085679"/>
<trkpt lat="49.317287" lon="-123.085674"/>
<trkpt lat="49.317103" lon="-123.085628"/>
<trkpt lat="49.317088" lon="-123.085636"/>
<trkpt lat="49.317090" lon="-123.085690"/>
<trkpt lat="49.317065" lon="-123.085712"/>
<trkpt lat="49.316714" lon="-123.085734"/>
<trkpt lat="49.316690" lon="-123.085734"/>
<trkpt lat="49.316597" lon="-123.085738"/>
<trkpt lat="49.316561" lon="-123.085738"/>
<trkpt lat="49.316535" lon="-123.085739"/>
<trkpt lat="49.316119" lon="-123.085776"/>
<trkpt lat="49.316003" lon="-123.085779"/>
<trkpt lat="49.315028" lon="-123.085810"/>
<trkpt lat="49.314827" lon="-123.085817"/>
<trkpt lat="49.313855" lon="-123.085699"/>
<trkpt lat="49.313159" lon="-123.084103"/>
<trkpt lat="49.313119" lon="-123.084006"/>
<trkpt lat="49.312840" lon="-123.083364"/>
<trkpt lat="49.312778" lon="-123.083232"/>
<trkpt lat="49.312569" lon="-123.082721"/>
<trkpt lat="49.312557" lon="-123.082691"/>
</trkseg>
<trkseg>
<trkpt lat="49.312557" lon="-123.082691"/>
<trkpt lat="49.312542" lon="-123.082647"/>
</trkseg>
<trkseg>
<trkpt lat="49.312542" lon="-123.082647"/>
<trkpt lat="49.312537" lon="-123.082630"/>
<trkpt lat="49.312522" lon="-123.082592"/>
<trkpt lat="49.312463" lon="-123.082455"/>
<trkpt lat="49.312447" lon="-123.082426"/>
<trkpt lat="49.312436" lon="-123.082407"/>
<trkpt lat="49.312415" lon="-123.082431"/>
<trkpt lat="49.312293" lon="-123.082556"/>
<trkpt lat="49.312274" lon="-123.082591"/>
<trkpt lat="49.312199" lon="-123.082823"/>
<trkpt lat="49.311747" lon="-123.083258"/>
<trkpt lat="49.311648" lon="-123.083356"/>
<trkpt lat="49.311663" lon="-123.083392"/>
<trkpt lat="49.311683" lon="-123.083438"/>
<trkpt lat="49.311164" lon="-123.084032"/>
</trkseg>
<trkseg>
<trkpt lat="49.311164" lon="-123.084032"/>
<trkpt lat="49.310493" lon="-123.083541"/>
<trkpt lat="49.310331" lon="-123.083372"/>
<trkpt lat="49.310327" lon="-123.083363"/>
<trkpt lat="49.310254" lon="-123.083191"/>
<trkpt lat="49.309540" lon="-123.083918"/>
<trkpt lat="49.298174" lon="-123.092158"/>
<trkpt lat="49.296485" lon="-123.093749"/>
<trkpt lat="49.289658" lon="-123.102941"/>
<trkpt lat="49.288105" lon="-123.106106"/>
<trkpt lat="49.287018" lon="-123.109028"/>
<trkpt lat="49.286682" lon="-123.109993"/>
</trkseg>
<trkseg>
<trkpt lat="49.286631" lon="-123.110214"/>
<trkpt lat="49.286033" lon="-123.111483"/>
<trkpt lat="49.285919" lon="-123.111596"/>
<trkpt lat="49.285864" lon="-123.111647"/>
<trkpt lat="49.285642" lon="-123.112004"/>
<trkpt lat="49.285624" lon="-123.112033"/>
<trkpt lat="49.285966" lon="-123.112566"/>
<trkpt lat="49.286029" lon="-123.112665"/>
<trkpt lat="49.285967" lon="-123.112855"/>
</trkseg>
<trkseg>
<trkpt lat="49.285967" lon="-123.112855"/>
<trkpt lat="49.286357" lon="-123.113516"/>
</trkseg>
<trkseg>
<trkpt lat="49.286357" lon="-123.113516"/>
<trkpt lat="49.286619" lon="-123.113888"/>
<trkpt lat="49.287012" lon="-123.113411"/>
<trkpt lat="49.287335" lon="-123.113065"/>
<trkpt lat="49.287754" lon="-123.114108"/>
<trkpt lat="49.288140" lon="-123.115517"/>
<trkpt lat="49.288165" lon="-123.115605"/>
<trkpt lat="49.288225" lon="-123.115533"/>
<trkpt lat="49.289195" lon="-123.114369"/>
<trkpt lat="49.289433" lon="-123.114406"/>
<trkpt lat="49.290326" lon="-123.117650"/>
<trkpt lat="49.289846" lon="-123.118664"/>
<trkpt lat="49.289815" lon="-123.119527"/>
<trkpt lat="49.290202" lon="-123.121162"/>
<trkpt lat="49.291250" lon="-123.123212"/>
<trkpt lat="49.290564" lon="-123.124566"/>
<trkpt lat="49.290492" lon="-123.125970"/>
<trkpt lat="49.290559" lon="-123.126266"/>
<trkpt lat="49.290692" lon="-123.126625"/>
<trkpt lat="49.291857" lon="-123.128441"/>
<trkpt lat="49.292135" lon="-123.128592"/>
<trkpt lat="49.292710" lon="-123.127729"/>
<trkpt lat="49.293333" lon="-123.129218"/>
<trkpt lat="49.293280" lon="-123.129603"/>
<trkpt lat="49.292733" lon="-123.130565"/>
<trkpt lat="49.293510" lon="-123.132128"/>
<trkpt lat="49.293581" lon="-123.132493"/>
<trkpt lat="49.294488" lon="-123.133914"/>
<trkpt lat="49.294872" lon="-123.135119"/>
<trkpt lat="49.294882" lon="-123.135315"/>
<trkpt lat="49.295207" lon="-123.135902"/>
</trkseg>
<trkseg>
<trkpt lat="49.295207" lon="-123.135902"/>
<trkpt lat="49.295054" lon="-123.136479"/>
</trkseg>
<trkseg>
<trkpt lat="49.295054" lon="-123.136479"/>
<trkpt lat="49.294996" lon="-123.136610"/>
</trkseg>
<trkseg>
<trkpt lat="49.294996" lon="-123.136610"/>
<trkpt lat="49.294752" lon="-123.136994"/>
</trkseg>
<trkseg>
<trkpt lat="49.294752" lon="-123.136994"/>
<trkpt lat="49.294271" lon="-123.137499"/>
</trkseg>
<trkseg>
<trkpt lat="49.294271" lon="-123.137499"/>
<trkpt lat="49.294090" lon="-123.138502"/>
</trkseg>
<trkseg>
<trkpt lat="49.294090" lon="-123.138502"/>
<trkpt lat="49.293651" lon="-123.142432"/>
<trkpt lat="49.294087" lon="-123.143657"/>
<trkpt lat="49.295511" lon="-123.145944"/>
<trkpt lat="49.294865" lon="-123.147609"/>
<trkpt lat="49.294273" lon="-123.148294"/>
<trkpt lat="49.294466" lon="-123.148579"/>
</trkseg>
<trkseg>
<trkpt lat="49.294466" lon="-123.148579"/>
<trkpt lat="49.295016" lon="-123.149052"/>
</trkseg>
<trkseg>
<trkpt lat="49.295016" lon="-123.149052"/>
<trkpt lat="49.295561" lon="-123.149848"/>
</trkseg>
<trkseg>
<trkpt lat="49.295561" lon="-123.149848"/>
<trkpt lat="49.295918" lon="-123.150879"/>
</trkseg>
<trkseg>
<trkpt lat="49.295918" lon="-123.150879"/>
<trkpt lat="49.295696" lon="-123.151199"/>
</trkseg>
<trkseg>
<trkpt lat="49.295696" lon="-123.151199"/>
<trkpt lat="49.295668" lon="-123.151348"/>
</trkseg>
<trkseg>
<trkpt lat="49.295668" lon="-123.151348"/>
<trkpt lat="49.295696" lon="-123.151199"/>
</trkseg>
<trkseg>
<trkpt lat="49.295668" lon="-123.151348"/>
<trkpt lat="49.295609" lon="-123.152167"/>
<trkpt lat="49.295836" lon="-123.152754"/>
<trkpt lat="49.297655" lon="-123.154243"/>
<trkpt lat="49.297459" lon="-123.156731"/>
<trkpt lat="49.298205" lon="-123.157951"/>
<trkpt lat="49.300297" lon="-123.158220"/>
<trkpt lat="49.301217" lon="-123.158745"/>
<trkpt lat="49.302096" lon="-123.156723"/>
<trkpt lat="49.303025" lon="-123.156387"/>
<trkpt lat="49.303163" lon="-123.156358"/>
<trkpt lat="49.307840" lon="-123.155957"/>
<trkpt lat="49.308561" lon="-123.156043"/>
<trkpt lat="49.308543" lon="-123.155027"/>
<trkpt lat="49.309441" lon="-123.154007"/>
<trkpt lat="49.310026" lon="-123.152636"/>
<trkpt lat="49.311275" lon="-123.152280"/>
<trkpt lat="49.312536" lon="-123.150006"/>
<trkpt lat="49.313948" lon="-123.142557"/>
<trkpt lat="49.313971" lon="-123.142053"/>
<trkpt lat="49.314057" lon="-123.141409"/>
<trkpt lat="49.313877" lon="-123.141261"/>
<trkpt lat="49.313858" lon="-123.141279"/>
<trkpt lat="49.313376" lon="-123.141004"/>
<trkpt lat="49.312763" lon="-123.139498"/>
<trkpt lat="49.311701" lon="-123.138812"/>
<trkpt lat="49.309783" lon="-123.136704"/>
<trkpt lat="49.308075" lon="-123.135740"/>
<trkpt lat="49.307021" lon="-123.135658"/>
<trkpt lat="49.306974" lon="-123.135617"/>
<trkpt lat="49.305695" lon="-123.132672"/>
<trkpt lat="49.303590" lon="-123.131022"/>
</trkseg>
<trkseg>
<trkpt lat="49.303590" lon="-123.131022"/>
<trkpt lat="49.303084" lon="-123.130594"/>
</trkseg>
<trkseg>
<trkpt lat="49.303084" lon="-123.130594"/>
<trkpt lat="49.302966" lon="-123.130407"/>
<trkpt lat="49.302450" lon="-123.128019"/>
<trkpt lat="49.302492" lon="-123.126526"/>
<trkpt lat="49.301159" lon="-123.124803"/>
<trkpt lat="49.299784" lon="-123.121299"/>
<trkpt lat="49.299511" lon="-123.119282"/>
<trkpt lat="49.300032" lon="-123.117962"/>
<trkpt lat="49.300679" lon="-123.117400"/>
<trkpt lat="49.300713" lon="-123.116964"/>
<trkpt lat="49.300304" lon="-123.116719"/>
<trkpt lat="49.299741" lon="-123.116906"/>
<trkpt lat="49.298687" lon="-123.117252"/>
<trkpt lat="49.298210" lon="-123.117868"/>
<trkpt lat="49.298503" lon="-123.120968"/>
<trkpt lat="49.297801" lon="-123.122582"/>
<trkpt lat="49.297908" lon="-123.124038"/>
<trkpt lat="49.297721" lon="-123.125735"/>
<trkpt lat="49.297305" lon="-123.126616"/>
<trkpt lat="49.296027" lon="-123.127911"/>
<trkpt lat="49.296357" lon="-123.128897"/>
<trkpt lat="49.297534" lon="-123.129824"/>
<trkpt lat="49.297725" lon="-123.130271"/>
<trkpt lat="49.297655" lon="-123.131006"/>
<trkpt lat="49.296909" lon="-123.132353"/>
<trkpt lat="49.296907" lon="-123.134395"/>
<trkpt lat="49.296229" lon="-123.135447"/>
<trkpt lat="49.295241" lon="-123.135897"/>
<trkpt lat="49.295207" lon="-123.135902"/>
</trkseg>
<trkseg>
<trkpt lat="49.295207" lon="-123.135902"/>
<trkpt lat="49.295054" lon="-123.136479"/>
</trkseg>
<trkseg>
<trkpt lat="49.295054" lon="-123.136479"/>
<trkpt lat="49.294996" lon="-123.136610"/>
</trkseg>
<trkseg>
<trkpt lat="49.294996" lon="-123.136610"/>
<trkpt lat="49.294752" lon="-123.136994"/>
</trkseg>
<trkseg>
<trkpt lat="49.294752" lon="-123.136994"/>
<trkpt lat="49.294271" lon="-123.137499"/>
</trkseg>
<trkseg>
<trkpt lat="49.294271" lon="-123.137499"/>
<trkpt lat="49.294090" lon="-123.138502"/>
</trkseg>
<trkseg>
<trkpt lat="49.294090" lon="-123.138502"/>
<trkpt lat="49.293651" lon="-123.142432"/>
<trkpt lat="49.294087" lon="-123.143657"/>
<trkpt lat="49.295511" lon="-123.145944"/>
<trkpt lat="49.294865" lon="-123.147609"/>
<trkpt lat="49.294273" lon="-123.148294"/>
<trkpt lat="49.294466" lon="-123.148579"/>
</trkseg>
<trkseg>
<trkpt lat="49.294466" lon="-123.148579"/>
<trkpt lat="49.295016" lon="-123.149052"/>
</trkseg>
<trkseg>
<trkpt lat="49.295016" lon="-123.149052"/>
<trkpt lat="49.295561" lon="-123.149848"/>
</trkseg>
<trkseg>
<trkpt lat="49.295561" lon="-123.149848"/>
<trkpt lat="49.295918" lon="-123.150879"/>
</trkseg>
<trkseg>
<trkpt lat="49.295016" lon="-123.149052"/>
<trkpt lat="49.295077" lon="-123.148776"/>
<trkpt lat="49.294384" lon="-123.148206"/>
</trkseg>
<trkseg>
<trkpt lat="49.294384" lon="-123.148206"/>
<trkpt lat="49.295077" lon="-123.148776"/>
<trkpt lat="49.295016" lon="-123.149052"/>
</trkseg>
<trkseg>
<trkpt lat="49.294466" lon="-123.148579"/>
<trkpt lat="49.293767" lon="-123.149687"/>
<trkpt lat="49.292833" lon="-123.149549"/>
<trkpt lat="49.291002" lon="-123.147405"/>
<trkpt lat="49.290989" lon="-123.147322"/>
</trkseg>
<trkseg>
<trkpt lat="49.290989" lon="-123.147322"/>
<trkpt lat="49.291831" lon="-123.148263"/>
<trkpt lat="49.293487" lon="-123.148011"/>
</trkseg>
<trkseg>
<trkpt lat="49.293487" lon="-123.148011"/>
<trkpt lat="49.294317" lon="-123.148172"/>
</trkseg>
<trkseg>
<trkpt lat="49.294317" lon="-123.148172"/>
<trkpt lat="49.294384" lon="-123.148206"/>
</trkseg>
<trkseg>
<trkpt lat="49.294384" lon="-123.148206"/>
<trkpt lat="49.294317" lon="-123.148172"/>
</trkseg>
<trkseg>
<trkpt lat="49.294317" lon="-123.148172"/>
<trkpt lat="49.293487" lon="-123.148011"/>
</trkseg>
<trkseg>
<trkpt lat="49.293487" lon="-123.148011"/>
<trkpt lat="49.291831" lon="-123.148263"/>
<trkpt lat="49.290989" lon="-123.147322"/>
</trkseg>
<trkseg>
<trkpt lat="49.290989" lon="-123.147322"/>
<trkpt lat="49.290430" lon="-123.145829"/>
<trkpt lat="49.289513" lon="-123.144330"/>
<trkpt lat="49.288237" lon="-123.142477"/>
<trkpt lat="49.287281" lon="-123.142368"/>
</trkseg>
<trkseg>
<trkpt lat="49.287281" lon="-123.142368"/>
<trkpt lat="49.286931" lon="-123.142422"/>
</trkseg>
<trkseg>
<trkpt lat="49.286931" lon="-123.142422"/>
<trkpt lat="49.287281" lon="-123.142368"/>
</trkseg>
<trkseg>
<trkpt lat="49.286931" lon="-123.142422"/>
<trkpt lat="49.284791" lon="-123.142879"/>
<trkpt lat="49.284231" lon="-123.142711"/>
<trkpt lat="49.284115" lon="-123.142644"/>
<trkpt lat="49.283144" lon="-123.141977"/>
<trkpt lat="49.283022" lon="-123.141828"/>
<trkpt lat="49.281511" lon="-123.139486"/>
<trkpt lat="49.281297" lon="-123.139193"/>
</trkseg>
<trkseg>
<trkpt lat="49.281297" lon="-123.139193"/>
<trkpt lat="49.280729" lon="-123.138259"/>
<trkpt lat="49.280686" lon="-123.138195"/>
<trkpt lat="49.280623" lon="-123.138099"/>
<trkpt lat="49.278192" lon="-123.134399"/>
<trkpt lat="49.276993" lon="-123.132855"/>
<trkpt lat="49.276924" lon="-123.132903"/>
<trkpt lat="49.276777" lon="-123.133260"/>
<trkpt lat="49.273308" lon="-123.143918"/>
<trkpt lat="49.272605" lon="-123.145374"/>
<trkpt lat="49.272586" lon="-123.145499"/>
<trkpt lat="49.272559" lon="-123.146278"/>
<trkpt lat="49.272559" lon="-123.146299"/>
<trkpt lat="49.272560" lon="-123.146426"/>
<trkpt lat="49.272546" lon="-123.147689"/>
<trkpt lat="49.272551" lon="-123.147864"/>
</trkseg>
<trkseg>
<trkpt lat="49.272551" lon="-123.147864"/>
<trkpt lat="49.272577" lon="-123.147803"/>
</trkseg>
<trkseg>
<trkpt lat="49.272577" lon="-123.147803"/>
<trkpt lat="49.272774" lon="-123.147796"/>
<trkpt lat="49.274410" lon="-123.147736"/>
</trkseg>
<trkseg>
<trkpt lat="49.274503" lon="-123.147733"/>
<trkpt lat="49.276171" lon="-123.147673"/>
</trkseg>
<trkseg>
<trkpt lat="49.276276" lon="-123.147667"/>
<trkpt lat="49.276824" lon="-123.147648"/>
<trkpt lat="49.276813" lon="-123.147564"/>
<trkpt lat="49.276863" lon="-123.147562"/>
<trkpt lat="49.277017" lon="-123.147558"/>
<trkpt lat="49.277136" lon="-123.147629"/>
<trkpt lat="49.277293" lon="-123.147624"/>
<trkpt lat="49.277260" lon="-123.146175"/>
<trkpt lat="49.278550" lon="-123.145156"/>
<trkpt lat="49.278734" lon="-123.144489"/>
<trkpt lat="49.278384" lon="-123.142578"/>
<trkpt lat="49.277242" lon="-123.140945"/>
<trkpt lat="49.277113" lon="-123.140862"/>
<trkpt lat="49.276766" lon="-123.140650"/>
<trkpt lat="49.276631" lon="-123.140560"/>
<trkpt lat="49.276308" lon="-123.140430"/>
<trkpt lat="49.276215" lon="-123.140720"/>
<trkpt lat="49.276200" lon="-123.140767"/>
<trkpt lat="49.274878" lon="-123.139822"/>
<trkpt lat="49.274271" lon="-123.139545"/>
<trkpt lat="49.273852" lon="-123.139754"/>
<trkpt lat="49.273698" lon="-123.140422"/>
<trkpt lat="49.272638" lon="-123.140830"/>
<trkpt lat="49.271252" lon="-123.140207"/>
<trkpt lat="49.271094" lon="-123.140074"/>
<trkpt lat="49.271200" lon="-123.139452"/>
<trkpt lat="49.271182" lon="-123.139395"/>
<trkpt lat="49.270900" lon="-123.139087"/>
<trkpt lat="49.270647" lon="-123.137990"/>
<trkpt lat="49.270162" lon="-123.137625"/>
<trkpt lat="49.270047" lon="-123.137196"/>
<trkpt lat="49.269892" lon="-123.136968"/>
<trkpt lat="49.269345" lon="-123.135782"/>
<trkpt lat="49.268551" lon="-123.135149"/>
<trkpt lat="49.268406" lon="-123.134382"/>
<trkpt lat="49.267767" lon="-123.132582"/>
<trkpt lat="49.267197" lon="-123.131951"/>
<trkpt lat="49.267227" lon="-123.131151"/>
<trkpt lat="49.267644" lon="-123.130528"/>
<trkpt lat="49.267711" lon="-123.130407"/>
<trkpt lat="49.267871" lon="-123.130121"/>
<trkpt lat="49.268102" lon="-123.129351"/>
<trkpt lat="49.267934" lon="-123.127747"/>
<trkpt lat="49.268098" lon="-123.126486"/>
<trkpt lat="49.267507" lon="-123.124713"/>
<trkpt lat="49.267906" lon="-123.123405"/>
<trkpt lat="49.267886" lon="-123.122309"/>
<trkpt lat="49.268083" lon="-123.121593"/>
<trkpt lat="49.267659" lon="-123.120881"/>
<trkpt lat="49.267620" lon="-123.119615"/>
<trkpt lat="49.267794" lon="-123.118805"/>
<trkpt lat="49.268553" lon="-123.118480"/>
<trkpt lat="49.268952" lon="-123.118424"/>
<trkpt lat="49.269857" lon="-123.117355"/>
<trkpt lat="49.270808" lon="-123.115281"/>
<trkpt lat="49.271167" lon="-123.114547"/>
<trkpt lat="49.271024" lon="-123.113642"/>
<trkpt lat="49.271613" lon="-123.110800"/>
<trkpt lat="49.271661" lon="-123.110601"/>
<trkpt lat="49.272213" lon="-123.109345"/>
<trkpt lat="49.272185" lon="-123.108247"/>
<trkpt lat="49.271658" lon="-123.107892"/>
<trkpt lat="49.271642" lon="-123.106862"/>
<trkpt lat="49.272025" lon="-123.106660"/>
<trkpt lat="49.271946" lon="-123.104296"/>
<trkpt lat="49.272008" lon="-123.102845"/>
<trkpt lat="49.272662" lon="-123.102539"/>
<trkpt lat="49.272905" lon="-123.102439"/>
</trkseg>
<trkseg>
<trkpt lat="49.272905" lon="-123.102439"/>
<trkpt lat="49.273037" lon="-123.102311"/>
</trkseg>
<trkseg>
<trkpt lat="49.273037" lon="-123.102311"/>
<trkpt lat="49.272905" lon="-123.102439"/>
</trkseg>
<trkseg>
<trkpt lat="49.273037" lon="-123.102311"/>
<trkpt lat="49.273119" lon="-123.102310"/>
<trkpt lat="49.273182" lon="-123.102308"/>
</trkseg>
<trkseg>
<trkpt lat="49.273182" lon="-123.102308"/>
<trkpt lat="49.273354" lon="-123.102304"/>
</trkseg>
<trkseg>
<trkpt lat="49.273354" lon="-123.102304"/>
<trkpt lat="49.274671" lon="-123.102571"/>
<trkpt lat="49.275394" lon="-123.103160"/>
<trkpt lat="49.275624" lon="-123.103177"/>
<trkpt lat="49.275843" lon="-123.106608"/>
<trkpt lat="49.276527" lon="-123.106504"/>
</trkseg>
<trkseg>
<trkpt lat="49.276527" lon="-123.106504"/>
<trkpt lat="49.277028" lon="-123.106362"/>
<trkpt lat="49.277108" lon="-123.106348"/>
<trkpt lat="49.277192" lon="-123.106334"/>
<trkpt lat="49.277961" lon="-123.106183"/>
<trkpt lat="49.278116" lon="-123.106014"/>
<trkpt lat="49.278680" lon="-123.104845"/>
<trkpt lat="49.279173" lon="-123.104426"/>
<trkpt lat="49.279239" lon="-123.104396"/>
</trkseg>
<trkseg>
<trkpt lat="49.276527" lon="-123.106504"/>
<trkpt lat="49.277031" lon="-123.106496"/>
<trkpt lat="49.277196" lon="-123.106455"/>
<trkpt lat="49.277985" lon="-123.106282"/>
<trkpt lat="49.278139" lon="-123.106138"/>
<trkpt lat="49.279171" lon="-123.104586"/>
<trkpt lat="49.279242" lon="-123.104550"/>
<trkpt lat="49.279241" lon="-123.104474"/>
<trkpt lat="49.279213" lon="-123.102582"/>
<trkpt lat="49.279275" lon="-123.102218"/>
<trkpt lat="49.279470" lon="-123.101365"/>
<trkpt lat="49.279484" lon="-123.099745"/>
<trkpt lat="49.279472" lon="-123.098991"/>
<trkpt lat="49.279443" lon="-123.097215"/>
<trkpt lat="49.279269" lon="-123.089698"/>
<trkpt lat="49.277495" lon="-123.089699"/>
<trkpt lat="49.277465" lon="-123.087762"/>
</trkseg>
<trkseg>
<trkpt lat="49.277465" lon="-123.087762"/>
<trkpt lat="49.277441" lon="-123.087310"/>
</trkseg>
<trkseg>
<trkpt lat="49.277441" lon="-123.087310"/>
<trkpt lat="49.277465" lon="-123.087762"/>
</trkseg>
<trkseg>
<trkpt lat="49.277441" lon="-123.087310"/>
<trkpt lat="49.277361" lon="-123.082578"/>
<trkpt lat="49.277343" lon="-123.081932"/>
<trkpt lat="49.277335" lon="-123.081375"/>
<trkpt lat="49.277317" lon="-123.079414"/>
<trkpt lat="49.277693" lon="-123.079171"/>
<trkpt lat="49.277668" lon="-123.077557"/>
<trkpt lat="49.277663" lon="-123.077199"/>
<trkpt lat="49.277656" lon="-123.076570"/>
<trkpt lat="49.277623" lon="-123.074200"/>
<trkpt lat="49.277622" lon="-123.073997"/>
<trkpt lat="49.277606" lon="-123.072752"/>
<trkpt lat="49.277569" lon="-123.070490"/>
<trkpt lat="49.277568" lon="-123.070429"/>
</trkseg>
<trkseg>
<trkpt lat="49.277568" lon="-123.070429"/>
<trkpt lat="49.277592" lon="-123.070289"/>
<trkpt lat="49.277572" lon="-123.070020"/>
</trkseg>
<trkseg>
<trkpt lat="49.277572" lon="-123.070020"/>
<trkpt lat="49.277554" lon="-123.070146"/>
<trkpt lat="49.277568" lon="-123.070429"/>
</trkseg>
<trkseg>
<trkpt lat="49.277572" lon="-123.070020"/>
<trkpt lat="49.277548" lon="-123.068365"/>
<trkpt lat="49.277519" lon="-123.065882"/>
</trkseg>
<trkseg>
<trkpt lat="49.277519" lon="-123.065882"/>
<trkpt lat="49.277537" lon="-123.065685"/>
<trkpt lat="49.277537" lon="-123.065576"/>
<trkpt lat="49.277524" lon="-123.065208"/>
</trkseg>
<trkseg>
<trkpt lat="49.277524" lon="-123.065208"/>
<trkpt lat="49.277503" lon="-123.065576"/>
<trkpt lat="49.277502" lon="-123.065685"/>
<trkpt lat="49.277519" lon="-123.065882"/>
</trkseg>
<trkseg>
<trkpt lat="49.277524" lon="-123.065208"/>
<trkpt lat="49.277527" lon="-123.064981"/>
<trkpt lat="49.277519" lon="-123.063695"/>
<trkpt lat="49.277505" lon="-123.061906"/>
<trkpt lat="49.277503" lon="-123.061759"/>
<trkpt lat="49.278340" lon="-123.061783"/>
<trkpt lat="49.279640" lon="-123.061794"/>
<trkpt lat="49.279698" lon="-123.061709"/>
<trkpt lat="49.280759" lon="-123.061720"/>
<trkpt lat="49.281179" lon="-123.061709"/>
<trkpt lat="49.281644" lon="-123.061703"/>
</trkseg>
<trkseg>
<trkpt lat="49.281644" lon="-123.061703"/>
<trkpt lat="49.281290" lon="-123.061707"/>
</trkseg>
<trkseg>
<trkpt lat="49.281644" lon="-123.061703"/>
<trkpt lat="49.282965" lon="-123.061677"/>
</trkseg>
<trkseg>
<trkpt lat="49.283069" lon="-123.061677"/>
<trkpt lat="49.284825" lon="-123.061640"/>
<trkpt lat="49.285703" lon="-123.061638"/>
<trkpt lat="49.285714" lon="-123.061985"/>
<trkpt lat="49.285851" lon="-123.062147"/>
<trkpt lat="49.285871" lon="-123.062184"/>
<trkpt lat="49.285890" lon="-123.062213"/>
<trkpt lat="49.286038" lon="-123.061993"/>
<trkpt lat="49.287568" lon="-123.060749"/>
</trkseg>
<trkseg>
<trkpt lat="49.287636" lon="-123.060682"/>
<trkpt lat="49.289498" lon="-123.059144"/>
<trkpt lat="49.290714" lon="-123.056611"/>
</trkseg>
<trkseg>
<trkpt lat="49.290732" lon="-123.056421"/>
<trkpt lat="49.291090" lon="-123.054562"/>
<trkpt lat="49.291263" lon="-123.053780"/>
</trkseg>
<trkseg>
<trkpt lat="49.291263" lon="-123.053780"/>
<trkpt lat="49.291657" lon="-123.051946"/>
</trkseg>
<trkseg>
<trkpt lat="49.291657" lon="-123.051946"/>
<trkpt lat="49.291263" lon="-123.053780"/>
</trkseg>
<trkseg>
<trkpt lat="49.291657" lon="-123.051946"/>
<trkpt lat="49.292158" lon="-123.049448"/>
<trkpt lat="49.291651" lon="-123.046729"/>
</trkseg>
<trkseg>
<trkpt lat="49.291618" lon="-123.046582"/>
<trkpt lat="49.291021" lon="-123.044067"/>
<trkpt lat="49.290533" lon="-123.043174"/>
<trkpt lat="49.289311" lon="-123.041619"/>
<trkpt lat="49.289149" lon="-123.041383"/>
<trkpt lat="49.289117" lon="-123.041320"/>
<trkpt lat="49.288968" lon="-123.041381"/>
</trkseg>
<trkseg>
<trkpt lat="49.288968" lon="-123.041381"/>
<trkpt lat="49.288867" lon="-123.041437"/>
<trkpt lat="49.288869" lon="-123.041399"/>
<trkpt lat="49.288872" lon="-123.041353"/>
<trkpt lat="49.288879" lon="-123.041222"/>
<trkpt lat="49.289133" lon="-123.040696"/>
<trkpt lat="49.290079" lon="-123.040334"/>
<trkpt lat="49.290485" lon="-123.040521"/>
<trkpt lat="49.290729" lon="-123.041360"/>
<trkpt lat="49.290814" lon="-123.041568"/>
<trkpt lat="49.290826" lon="-123.041596"/>
<trkpt lat="49.290881" lon="-123.041746"/>
<trkpt lat="49.290911" lon="-123.041765"/>
<trkpt lat="49.291009" lon="-123.041690"/>
<trkpt lat="49.290994" lon="-123.041591"/>
</trkseg>
<trkseg>
<trkpt lat="49.290994" lon="-123.041591"/>
<trkpt lat="49.291210" lon="-123.041129"/>
<trkpt lat="49.291677" lon="-123.041230"/>
<trkpt lat="49.291921" lon="-123.040692"/>
<trkpt lat="49.291818" lon="-123.040144"/>
<trkpt lat="49.291306" lon="-123.040003"/>
<trkpt lat="49.290856" lon="-123.039523"/>
<trkpt lat="49.290762" lon="-123.037512"/>
<trkpt lat="49.289641" lon="-123.037139"/>
<trkpt lat="49.289016" lon="-123.036423"/>
<trkpt lat="49.288840" lon="-123.036281"/>
<trkpt lat="49.288473" lon="-123.036344"/>
<trkpt lat="49.288374" lon="-123.036532"/>
<trkpt lat="49.288170" lon="-123.035993"/>
<trkpt lat="49.288590" lon="-123.033327"/>
<trkpt lat="49.288894" lon="-123.031326"/>
<trkpt lat="49.290569" lon="-123.028584"/>
<trkpt lat="49.290830" lon="-123.028362"/>
<trkpt lat="49.292217" lon="-123.025961"/>
<trkpt lat="49.292490" lon="-123.024883"/>
<trkpt lat="49.292598" lon="-123.024269"/>
<trkpt lat="49.292711" lon="-123.023681"/>
<trkpt lat="49.292627" lon="-123.021859"/>
<trkpt lat="49.292623" lon="-123.021682"/>
<trkpt lat="49.291689" lon="-123.013840"/>
<trkpt lat="49.290469" lon="-123.011488"/>
<trkpt lat="49.289176" lon="-123.010148"/>
<trkpt lat="49.288024" lon="-123.008134"/>
<trkpt lat="49.287380" lon="-123.005887"/>
<trkpt lat="49.287286" lon="-123.005893"/>
<trkpt lat="49.287039" lon="-123.003373"/>
<trkpt lat="49.286503" lon="-123.003066"/>
</trkseg>
<trkseg>
<trkpt lat="49.286489" lon="-123.002967"/>
<trkpt lat="49.285639" lon="-123.002713"/>
<trkpt lat="49.285899" lon="-123.000520"/>
<trkpt lat="49.285932" lon="-123.000421"/>
<trkpt lat="49.286244" lon="-122.999633"/>
<trkpt lat="49.286269" lon="-122.999561"/>
<trkpt lat="49.287939" lon="-122.996342"/>
<trkpt lat="49.287997" lon="-122.996248"/>
<trkpt lat="49.289597" lon="-122.993586"/>
<trkpt lat="49.289511" lon="-122.993483"/>
<trkpt lat="49.290951" lon="-122.988183"/>
<trkpt lat="49.290880" lon="-122.987299"/>
<trkpt lat="49.290105" lon="-122.985517"/>
<trkpt lat="49.288837" lon="-122.980567"/>
<trkpt lat="49.286218" lon="-122.976748"/>
<trkpt lat="49.286070" lon="-122.975308"/>
<trkpt lat="49.286000" lon="-122.975265"/>
<trkpt lat="49.284267" lon="-122.975335"/>
<trkpt lat="49.280339" lon="-122.975551"/>
</trkseg>
<trkseg>
<trkpt lat="49.280229" lon="-122.975382"/>
<trkpt lat="49.280130" lon="-122.975094"/>
<trkpt lat="49.280188" lon="-122.973522"/>
<trkpt lat="49.280129" lon="-122.973287"/>
<trkpt lat="49.279474" lon="-122.972624"/>
<trkpt lat="49.277753" lon="-122.970150"/>
</trkseg>
<trkseg>
<trkpt lat="49.277753" lon="-122.970150"/>
<trkpt lat="49.277758" lon="-122.970000"/>
<trkpt lat="49.277808" lon="-122.969551"/>
</trkseg>
<trkseg>
<trkpt lat="49.277808" lon="-122.969551"/>
<trkpt lat="49.277839" lon="-122.969778"/>
<trkpt lat="49.277799" lon="-122.970023"/>
<trkpt lat="49.277753" lon="-122.970150"/>
</trkseg>
<trkseg>
<trkpt lat="49.277808" lon="-122.969551"/>
<trkpt lat="49.277793" lon="-122.959046"/>
</trkseg>
<trkseg>
<trkpt lat="49.277792" lon="-122.958921"/>
<trkpt lat="49.277764" lon="-122.953430"/>
<trkpt lat="49.279898" lon="-122.953387"/>
<trkpt lat="49.280331" lon="-122.953389"/>
</trkseg>
<trkseg>
<trkpt lat="49.280331" lon="-122.953389"/>
<trkpt lat="49.280424" lon="-122.953392"/>
<trkpt lat="49.280420" lon="-122.952332"/>
<trkpt lat="49.280371" lon="-122.951076"/>
<trkpt lat="49.280340" lon="-122.950935"/>
<trkpt lat="49.278124" lon="-122.946917"/>
<trkpt lat="49.277777" lon="-122.946338"/>
</trkseg>
<trkseg>
<trkpt lat="49.280331" lon="-122.953389"/>
<trkpt lat="49.280197" lon="-122.950733"/>
<trkpt lat="49.280048" lon="-122.950369"/>
<trkpt lat="49.279996" lon="-122.950276"/>
<trkpt lat="49.277708" lon="-122.946434"/>
<trkpt lat="49.277819" lon="-122.946279"/>
<trkpt lat="49.277999" lon="-122.946535"/>
<trkpt lat="49.280311" lon="-122.946465"/>
<trkpt lat="49.280226" lon="-122.945947"/>
<trkpt lat="49.280226" lon="-122.938378"/>
<trkpt lat="49.280165" lon="-122.938285"/>
<trkpt lat="49.280162" lon="-122.938143"/>
<trkpt lat="49.279840" lon="-122.937390"/>
<trkpt lat="49.278919" lon="-122.936688"/>
<trkpt lat="49.278707" lon="-122.934742"/>
<trkpt lat="49.280311" lon="-122.935203"/>
<trkpt lat="49.280596" lon="-122.934593"/>
<trkpt lat="49.280677" lon="-122.934285"/>
<trkpt lat="49.280272" lon="-122.932922"/>
<trkpt lat="49.280406" lon="-122.932194"/>
<trkpt lat="49.281710" lon="-122.929660"/>
<trkpt lat="49.282285" lon="-122.927767"/>
<trkpt lat="49.282240" lon="-122.923778"/>
<trkpt lat="49.281486" lon="-122.921189"/>
<trkpt lat="49.280611" lon="-122.919723"/>
<trkpt lat="49.281476" lon="-122.917060"/>
<trkpt lat="49.281530" lon="-122.916070"/>
<trkpt lat="49.281544" lon="-122.915883"/>
<trkpt lat="49.282290" lon="-122.912854"/>
<trkpt lat="49.282150" lon="-122.912126"/>
<trkpt lat="49.281750" lon="-122.912012"/>
<trkpt lat="49.281584" lon="-122.911108"/>
<trkpt lat="49.282159" lon="-122.909767"/>
<trkpt lat="49.282797" lon="-122.908957"/>
<trkpt lat="49.282872" lon="-122.908372"/>
<trkpt lat="49.282113" lon="-122.905504"/>
<trkpt lat="49.282055" lon="-122.903768"/>
<trkpt lat="49.280687" lon="-122.899311"/>
<trkpt lat="49.280414" lon="-122.897552"/>
<trkpt lat="49.280389" lon="-122.897433"/>
<trkpt lat="49.280089" lon="-122.896620"/>
<trkpt lat="49.282281" lon="-122.898527"/>
<trkpt lat="49.282356" lon="-122.898249"/>
<trkpt lat="49.283219" lon="-122.898684"/>
<trkpt lat="49.284589" lon="-122.897899"/>
<trkpt lat="49.286626" lon="-122.898884"/>
<trkpt lat="49.287312" lon="-122.898576"/>
<trkpt lat="49.287947" lon="-122.897249"/>
<trkpt lat="49.288087" lon="-122.896964"/>
</trkseg>
<trkseg>
<trkpt lat="49.288087" lon="-122.896964"/>
<trkpt lat="49.288187" lon="-122.896806"/>
</trkseg>
<trkseg>
<trkpt lat="49.288187" lon="-122.896806"/>
<trkpt lat="49.288087" lon="-122.896964"/>
</trkseg>
<trkseg>
<trkpt lat="49.288152" lon="-122.896861"/>
<trkpt lat="49.288239" lon="-122.896943"/>
<trkpt lat="49.288337" lon="-122.897044"/>
<trkpt lat="49.288548" lon="-122.897188"/>
<trkpt lat="49.290434" lon="-122.893816"/>
<trkpt lat="49.290426" lon="-122.893652"/>
</trkseg>
<trkseg>
<trkpt lat="49.290426" lon="-122.893652"/>
<trkpt lat="49.288572" lon="-122.897003"/>
<trkpt lat="49.288483" lon="-122.897060"/>
<trkpt lat="49.288450" lon="-122.897044"/>
</trkseg>
<trkseg>
<trkpt lat="49.288450" lon="-122.897044"/>
<trkpt lat="49.288209" lon="-122.896807"/>
</trkseg>
<trkseg>
<trkpt lat="49.288209" lon="-122.896807"/>
<trkpt lat="49.288450" lon="-122.897044"/>
</trkseg>
<trkseg>
<trkpt lat="49.288209" lon="-122.896807"/>
<trkpt lat="49.288195" lon="-122.896793"/>
</trkseg>
<trkseg>
<trkpt lat="49.288195" lon="-122.896793"/>
<trkpt lat="49.288209" lon="-122.896807"/>
</trkseg>
<trkseg>
<trkpt lat="49.288195" lon="-122.896793"/>
<trkpt lat="49.288187" lon="-122.896806"/>
</trkseg>
<trkseg>
<trkpt lat="49.288187" lon="-122.896806"/>
<trkpt lat="49.288195" lon="-122.896793"/>
</trkseg>
<trkseg>
<trkpt lat="49.290426" lon="-122.893652"/>
<trkpt lat="49.290508" lon="-122.892348"/>
<trkpt lat="49.291011" lon="-122.890437"/>
<trkpt lat="49.290551" lon="-122.888285"/>
</trkseg>
<trkseg>
<trkpt lat="49.290551" lon="-122.888285"/>
<trkpt lat="49.291011" lon="-122.890437"/>
<trkpt lat="49.290508" lon="-122.892348"/>
<trkpt lat="49.290426" lon="-122.893652"/>
</trkseg>
<trkseg>
<trkpt lat="49.290551" lon="-122.888285"/>
<trkpt lat="49.290499" lon="-122.888139"/>
<trkpt lat="49.290490" lon="-122.887122"/>
<trkpt lat="49.290497" lon="-122.887030"/>
<trkpt lat="49.290596" lon="-122.883364"/>
<trkpt lat="49.290598" lon="-122.883249"/>
<trkpt lat="49.291042" lon="-122.881300"/>
<trkpt lat="49.290919" lon="-122.881156"/>
<trkpt lat="49.291138" lon="-122.880885"/>
<trkpt lat="49.291444" lon="-122.877681"/>
<trkpt lat="49.291374" lon="-122.877557"/>
<trkpt lat="49.291389" lon="-122.877497"/>
<trkpt lat="49.291582" lon="-122.876854"/>
<trkpt lat="49.291445" lon="-122.873659"/>
<trkpt lat="49.290793" lon="-122.872345"/>
<trkpt lat="49.290737" lon="-122.872287"/>
<trkpt lat="49.290077" lon="-122.870376"/>
<trkpt lat="49.288773" lon="-122.868640"/>
<trkpt lat="49.286888" lon="-122.867246"/>
<trkpt lat="49.285904" lon="-122.866801"/>
<trkpt lat="49.279759" lon="-122.866091"/>
<trkpt lat="49.279713" lon="-122.866031"/>
<trkpt lat="49.279572" lon="-122.865815"/>
<trkpt lat="49.279555" lon="-122.865706"/>
<trkpt lat="49.279459" lon="-122.865434"/>
<trkpt lat="49.278829" lon="-122.864306"/>
<trkpt lat="49.278289" lon="-122.864284"/>
<trkpt lat="49.277737" lon="-122.864270"/>
<trkpt lat="49.277759" lon="-122.851421"/>
<trkpt lat="49.277763" lon="-122.850925"/>
<trkpt lat="49.277772" lon="-122.850156"/>
</trkseg>
<trkseg>
<trkpt lat="49.277661" lon="-122.850277"/>
<trkpt lat="49.277659" lon="-122.850036"/>
<trkpt lat="49.277846" lon="-122.850070"/>
<trkpt lat="49.277900" lon="-122.850079"/>
<trkpt lat="49.279144" lon="-122.850066"/>
<trkpt lat="49.279763" lon="-122.849974"/>
<trkpt lat="49.279428" lon="-122.849926"/>
<trkpt lat="49.278950" lon="-122.849924"/>
<trkpt lat="49.278956" lon="-122.848751"/>
<trkpt lat="49.278956" lon="-122.848679"/>
<trkpt lat="49.278957" lon="-122.848504"/>
<trkpt lat="49.278958" lon="-122.848426"/>
<trkpt lat="49.278958" lon="-122.847913"/>
<trkpt lat="49.278958" lon="-122.847789"/>
<trkpt lat="49.278953" lon="-122.847565"/>
<trkpt lat="49.278954" lon="-122.845837"/>
<trkpt lat="49.278953" lon="-122.845722"/>
<trkpt lat="49.278952" lon="-122.845470"/>
<trkpt lat="49.278952" lon="-122.845358"/>
<trkpt lat="49.278949" lon="-122.844587"/>
<trkpt lat="49.278948" lon="-122.844465"/>
<trkpt lat="49.278946" lon="-122.843993"/>
<trkpt lat="49.278946" lon="-122.843852"/>
<trkpt lat="49.278944" lon="-122.843444"/>
<trkpt lat="49.278943" lon="-122.843364"/>
<trkpt lat="49.278941" lon="-122.842983"/>
<trkpt lat="49.278940" lon="-122.842876"/>
<trkpt lat="49.278936" lon="-122.841393"/>
<trkpt lat="49.278933" lon="-122.841300"/>
<trkpt lat="49.278974" lon="-122.840125"/>
</trkseg>
<trkseg>
<trkpt lat="49.278974" lon="-122.840125"/>
<trkpt lat="49.279093" lon="-122.839533"/>
</trkseg>
<trkseg>
<trkpt lat="49.279093" lon="-122.839533"/>
<trkpt lat="49.278974" lon="-122.840125"/>
</trkseg>
<trkseg>
<trkpt lat="49.279093" lon="-122.839533"/>
<trkpt lat="49.280684" lon="-122.837342"/>
<trkpt lat="49.280670" lon="-122.832391"/>
<trkpt lat="49.281426" lon="-122.832716"/>
<trkpt lat="49.281529" lon="-122.832772"/>
<trkpt lat="49.283126" lon="-122.833847"/>
<trkpt lat="49.283234" lon="-122.833471"/>
<trkpt lat="49.283497" lon="-122.833483"/>
<trkpt lat="49.283785" lon="-122.832351"/>
<trkpt lat="49.284179" lon="-122.831477"/>
<trkpt lat="49.284067" lon="-122.831239"/>
<trkpt lat="49.283978" lon="-122.831136"/>
<trkpt lat="49.283785" lon="-122.830494"/>
<trkpt lat="49.283079" lon="-122.829861"/>
<trkpt lat="49.283167" lon="-122.829495"/>
<trkpt lat="49.282269" lon="-122.828737"/>
<trkpt lat="49.282347" lon="-122.828046"/>
<trkpt lat="49.282366" lon="-122.827888"/>
<trkpt lat="49.282466" lon="-122.827418"/>
</trkseg>
<trkseg>
<trkpt lat="49.282466" lon="-122.827418"/>
<trkpt lat="49.282439" lon="-122.827909"/>
<trkpt lat="49.282339" lon="-122.828803"/>
</trkseg>
<trkseg>
<trkpt lat="49.282466" lon="-122.827418"/>
<trkpt lat="49.282482" lon="-122.827290"/>
<trkpt lat="49.282497" lon="-122.827168"/>
<trkpt lat="49.282584" lon="-122.826493"/>
<trkpt lat="49.282990" lon="-122.825883"/>
<trkpt lat="49.284382" lon="-122.825739"/>
<trkpt lat="49.283875" lon="-122.824117"/>
<trkpt lat="49.283672" lon="-122.823615"/>
</trkseg>
<trkseg>
<trkpt lat="49.283672" lon="-122.823615"/>
<trkpt lat="49.283708" lon="-122.823063"/>
<trkpt lat="49.284567" lon="-122.821681"/>
<trkpt lat="49.284847" lon="-122.820584"/>
<trkpt lat="49.284772" lon="-122.818912"/>
<trkpt lat="49.284686" lon="-122.818622"/>
<trkpt lat="49.284652" lon="-122.818532"/>
<trkpt lat="49.284557" lon="-122.818281"/>
<trkpt lat="49.283731" lon="-122.816031"/>
<trkpt lat="49.283490" lon="-122.814734"/>
<trkpt lat="49.283531" lon="-122.812991"/>
<trkpt lat="49.284015" lon="-122.811243"/>
<trkpt lat="49.284121" lon="-122.810964"/>
<trkpt lat="49.284298" lon="-122.810435"/>
<trkpt lat="49.284362" lon="-122.810214"/>
<trkpt lat="49.284446" lon="-122.809842"/>
<trkpt lat="49.284515" lon="-122.809539"/>
<trkpt lat="49.285047" lon="-122.805896"/>
<trkpt lat="49.285264" lon="-122.801898"/>
<trkpt lat="49.285291" lon="-122.801438"/>
<trkpt lat="49.285392" lon="-122.798260"/>
</trkseg>
<trkseg>
<trkpt lat="49.285392" lon="-122.798260"/>
<trkpt lat="49.285385" lon="-122.798262"/>
<trkpt lat="49.285365" lon="-122.798264"/>
<trkpt lat="49.285332" lon="-122.798267"/>
<trkpt lat="49.285177" lon="-122.798281"/>
<trkpt lat="49.285158" lon="-122.798281"/>
<trkpt lat="49.285093" lon="-122.801482"/>
<trkpt lat="49.285069" lon="-122.801906"/>
<trkpt lat="49.284892" lon="-122.805316"/>
<trkpt lat="49.284332" lon="-122.809444"/>
<trkpt lat="49.284264" lon="-122.809755"/>
<trkpt lat="49.284032" lon="-122.810562"/>
<trkpt lat="49.283968" lon="-122.810752"/>
<trkpt lat="49.283374" lon="-122.812693"/>
<trkpt lat="49.283334" lon="-122.812941"/>
<trkpt lat="49.283361" lon="-122.815344"/>
<trkpt lat="49.284259" lon="-122.818093"/>
<trkpt lat="49.284346" lon="-122.818321"/>
<trkpt lat="49.284399" lon="-122.818449"/>
<trkpt lat="49.284492" lon="-122.818701"/>
<trkpt lat="49.284698" lon="-122.820868"/>
<trkpt lat="49.284494" lon="-122.821594"/>
<trkpt lat="49.283488" lon="-122.823207"/>
<trkpt lat="49.283542" lon="-122.823303"/>
<trkpt lat="49.283672" lon="-122.823615"/>
</trkseg>
<trkseg>
<trkpt lat="49.285392" lon="-122.798260"/>
<trkpt lat="49.285398" lon="-122.798259"/>
<trkpt lat="49.285407" lon="-122.798258"/>
<trkpt lat="49.285410" lon="-122.798358"/>
<trkpt lat="49.286637" lon="-122.797672"/>
<trkpt lat="49.286768" lon="-122.796672"/>
<trkpt lat="49.287453" lon="-122.796222"/>
<trkpt lat="49.287745" lon="-122.795212"/>
<trkpt lat="49.289430" lon="-122.793583"/>
<trkpt lat="49.289358" lon="-122.793031"/>
<trkpt lat="49.288847" lon="-122.790880"/>
<trkpt lat="49.288759" lon="-122.790930"/>
<trkpt lat="49.288631" lon="-122.790551"/>
<trkpt lat="49.288516" lon="-122.790103"/>
<trkpt lat="49.288460" lon="-122.790106"/>
<trkpt lat="49.288337" lon="-122.789608"/>
<trkpt lat="49.288988" lon="-122.789350"/>
<trkpt lat="49.289116" lon="-122.788605"/>
<trkpt lat="49.288616" lon="-122.788155"/>
<trkpt lat="49.287581" lon="-122.788007"/>
<trkpt lat="49.286140" lon="-122.786848"/>
<trkpt lat="49.286854" lon="-122.786026"/>
<trkpt lat="49.287479" lon="-122.786099"/>
<trkpt lat="49.287874" lon="-122.785296"/>
<trkpt lat="49.288036" lon="-122.784943"/>
<trkpt lat="49.288188" lon="-122.784951"/>
<trkpt lat="49.289129" lon="-122.784225"/>
<trkpt lat="49.289340" lon="-122.783378"/>
</trkseg>
<trkseg>
<trkpt lat="49.288674" lon="-122.783485"/>
<trkpt lat="49.291368" lon="-122.782167"/>
<trkpt lat="49.291301" lon="-122.781996"/>
<trkpt lat="49.291457" lon="-122.781914"/>
<trkpt lat="49.292607" lon="-122.781654"/>
<trkpt lat="49.292634" lon="-122.781598"/>
<trkpt lat="49.292669" lon="-122.781531"/>
<trkpt lat="49.292704" lon="-122.781430"/>
<trkpt lat="49.292696" lon="-122.781097"/>
<trkpt lat="49.292657" lon="-122.780990"/>
<trkpt lat="49.292616" lon="-122.780935"/>
<trkpt lat="49.292811" lon="-122.780223"/>
<trkpt lat="49.293155" lon="-122.779344"/>
<trkpt lat="49.292896" lon="-122.778566"/>
<trkpt lat="49.293075" lon="-122.778200"/>
<trkpt lat="49.293027" lon="-122.774987"/>
<trkpt lat="49.293027" lon="-122.774889"/>
<trkpt lat="49.293027" lon="-122.773555"/>
<trkpt lat="49.292319" lon="-122.773667"/>
<trkpt lat="49.291846" lon="-122.773218"/>
<trkpt lat="49.290820" lon="-122.773489"/>
<trkpt lat="49.290406" lon="-122.773913"/>
<trkpt lat="49.290109" lon="-122.773497"/>
<trkpt lat="49.287986" lon="-122.772174"/>
<trkpt lat="49.287555" lon="-122.771373"/>
<trkpt lat="49.287086" lon="-122.772647"/>
<trkpt lat="49.286111" lon="-122.773891"/>
<trkpt lat="49.283922" lon="-122.777395"/>
<trkpt lat="49.282800" lon="-122.776352"/>
<trkpt lat="49.282287" lon="-122.776611"/>
<trkpt lat="49.282215" lon="-122.776652"/>
<trkpt lat="49.281409" lon="-122.777118"/>
<trkpt lat="49.281351" lon="-122.777142"/>
<trkpt lat="49.279832" lon="-122.776976"/>
<trkpt lat="49.278463" lon="-122.776771"/>
<trkpt lat="49.276637" lon="-122.777035"/>
<trkpt lat="49.276639" lon="-122.776936"/>
<trkpt lat="49.276646" lon="-122.775894"/>
<trkpt lat="49.276645" lon="-122.775830"/>
<trkpt lat="49.276856" lon="-122.776027"/>
<trkpt lat="49.277739" lon="-122.776043"/>
<trkpt lat="49.278027" lon="-122.775377"/>
<trkpt lat="49.278400" lon="-122.775470"/>
<trkpt lat="49.278428" lon="-122.775577"/>
<trkpt lat="49.279044" lon="-122.775544"/>
<trkpt lat="49.279668" lon="-122.776136"/>
<trkpt lat="49.280169" lon="-122.775908"/>
<trkpt lat="49.279790" lon="-122.774742"/>
<trkpt lat="49.279787" lon="-122.773955"/>
<trkpt lat="49.279358" lon="-122.773065"/>
<trkpt lat="49.280466" lon="-122.772588"/>
<trkpt lat="49.280015" lon="-122.772119"/>
<trkpt lat="49.279478" lon="-122.770454"/>
<trkpt lat="49.278785" lon="-122.770449"/>
<trkpt lat="49.278611" lon="-122.769735"/>
<trkpt lat="49.278772" lon="-122.769226"/>
<trkpt lat="49.278686" lon="-122.767893"/>
<trkpt lat="49.278480" lon="-122.767330"/>
</trkseg>
<trkseg>
<trkpt lat="49.278389" lon="-122.767254"/>
<trkpt lat="49.278392" lon="-122.765303"/>
<trkpt lat="49.278343" lon="-122.765264"/>
<trkpt lat="49.277727" lon="-122.764980"/>
<trkpt lat="49.277119" lon="-122.763895"/>
<trkpt lat="49.276604" lon="-122.761825"/>
<trkpt lat="49.276512" lon="-122.761824"/>
<trkpt lat="49.276479" lon="-122.761825"/>
<trkpt lat="49.276479" lon="-122.761774"/>
<trkpt lat="49.276480" lon="-122.761637"/>
<trkpt lat="49.276510" lon="-122.757686"/>
<trkpt lat="49.276513" lon="-122.757485"/>
<trkpt lat="49.276511" lon="-122.756263"/>
<trkpt lat="49.276512" lon="-122.756247"/>
<trkpt lat="49.276516" lon="-122.756034"/>
<trkpt lat="49.276589" lon="-122.756007"/>
<trkpt lat="49.276591" lon="-122.755257"/>
<trkpt lat="49.276559" lon="-122.754837"/>
<trkpt lat="49.275775" lon="-122.753927"/>
<trkpt lat="49.275539" lon="-122.753243"/>
<trkpt lat="49.275725" lon="-122.751554"/>
<trkpt lat="49.281548" lon="-122.746326"/>
<trkpt lat="49.281937" lon="-122.745229"/>
<trkpt lat="49.282362" lon="-122.740426"/>
<trkpt lat="49.282816" lon="-122.738743"/>
<trkpt lat="49.282838" lon="-122.738435"/>
<trkpt lat="49.282867" lon="-122.738416"/>
<trkpt lat="49.283076" lon="-122.738283"/>
<trkpt lat="49.284858" lon="-122.735429"/>
<trkpt lat="49.285664" lon="-122.733997"/>
<trkpt lat="49.285383" lon="-122.733873"/>
<trkpt lat="49.285374" lon="-122.733781"/>
<trkpt lat="49.284035" lon="-122.730326"/>
<trkpt lat="49.282552" lon="-122.729549"/>
<trkpt lat="49.281265" lon="-122.727970"/>
<trkpt lat="49.281413" lon="-122.723751"/>
<trkpt lat="49.280768" lon="-122.717179"/>
<trkpt lat="49.280237" lon="-122.715351"/>
<trkpt lat="49.280143" lon="-122.715000"/>
<trkpt lat="49.279937" lon="-122.714223"/>
<trkpt lat="49.279886" lon="-122.714061"/>
<trkpt lat="49.279032" lon="-122.711059"/>
<trkpt lat="49.278575" lon="-122.710599"/>
<trkpt lat="49.274164" lon="-122.713015"/>
<trkpt lat="49.272061" lon="-122.713801"/>
<trkpt lat="49.268368" lon="-122.716113"/>
<trkpt lat="49.266834" lon="-122.717756"/>
<trkpt lat="49.263133" lon="-122.720146"/>
<trkpt lat="49.255885" lon="-122.724094"/>
<trkpt lat="49.253078" lon="-122.727238"/>
<trkpt lat="49.252935" lon="-122.727832"/>
<trkpt lat="49.253100" lon="-122.729748"/>
<trkpt lat="49.250674" lon="-122.732818"/>
<trkpt lat="49.250389" lon="-122.732794"/>
<trkpt lat="49.250033" lon="-122.731728"/>
<trkpt lat="49.250534" lon="-122.730652"/>
<trkpt lat="49.249801" lon="-122.731183"/>
<trkpt lat="49.249576" lon="-122.731527"/>
<trkpt lat="49.249907" lon="-122.732492"/>
<trkpt lat="49.249834" lon="-122.732554"/>
<trkpt lat="49.249816" lon="-122.732570"/>
<trkpt lat="49.249564" lon="-122.731997"/>
<trkpt lat="49.249664" lon="-122.732474"/>
<trkpt lat="49.249333" lon="-122.731903"/>
<trkpt lat="49.246763" lon="-122.726092"/>
</trkseg>
<trkseg>
<trkpt lat="49.281529" lon="-122.849841"/>
<trkpt lat="49.281570" lon="-122.849842"/>
<trkpt lat="49.281675" lon="-122.849845"/>
</trkseg>
<trkseg>
<trkpt lat="49.288958" lon="-123.040841"/>
<trkpt lat="49.288950" lon="-123.040820"/>
<trkpt lat="49.288919" lon="-123.040746"/>
<trkpt lat="49.288908" lon="-123.040672"/>
<trkpt lat="49.288919" lon="-123.040457"/>
<trkpt lat="49.288946" lon="-123.040381"/>
<trkpt lat="49.289000" lon="-123.040309"/>
<trkpt lat="49.289062" lon="-123.040398"/>
<trkpt lat="49.289981" lon="-123.040131"/>
<trkpt lat="49.290598" lon="-123.040374"/>
<trkpt lat="49.290994" lon="-123.041591"/>
</trkseg>
<trkseg>
<trkpt lat="49.288968" lon="-123.041381"/>
<trkpt lat="49.288874" lon="-123.041303"/>
</trkseg>
<trkseg>
<trkpt lat="49.311164" lon="-123.084032"/>
<trkpt lat="49.311629" lon="-123.085033"/>
</trkseg>
<trkseg>
<trkpt lat="49.311612" lon="-123.085167"/>
<trkpt lat="49.311234" lon="-123.085551"/>
<trkpt lat="49.311831" lon="-123.086751"/>
</trkseg>
<trkseg>
<trkpt lat="49.311823" lon="-123.086712"/>
<trkpt lat="49.311955" lon="-123.086865"/>
<trkpt lat="49.311823" lon="-123.086712"/>
</trkseg>
<trkseg>
<trkpt lat="49.311953" lon="-123.086758"/>
<trkpt lat="49.312304" lon="-123.087119"/>
<trkpt lat="49.312573" lon="-123.086872"/>
<trkpt lat="49.312815" lon="-123.086626"/>
<trkpt lat="49.313249" lon="-123.086257"/>
<trkpt lat="49.313684" lon="-123.085905"/>
<trkpt lat="49.313704" lon="-123.085882"/>
<trkpt lat="49.313739" lon="-123.085967"/>
<trkpt lat="49.314490" lon="-123.086017"/>
<trkpt lat="49.314828" lon="-123.086006"/>
<trkpt lat="49.315087" lon="-123.085998"/>
<trkpt lat="49.316922" lon="-123.085948"/>
<trkpt lat="49.317180" lon="-123.085944"/>
<trkpt lat="49.317214" lon="-123.085959"/>
<trkpt lat="49.317228" lon="-123.085978"/>
<trkpt lat="49.317823" lon="-123.087349"/>
<trkpt lat="49.317900" lon="-123.087507"/>
</trkseg>
<trkseg>
<trkpt lat="49.317900" lon="-123.087507"/>
<trkpt lat="49.318342" lon="-123.088521"/>
</trkseg>
<trkseg>
<trkpt lat="49.318342" lon="-123.088521"/>
<trkpt lat="49.318382" lon="-123.088625"/>
</trkseg>
<trkseg>
<trkpt lat="49.318382" lon="-123.088625"/>
<trkpt lat="49.318928" lon="-123.089851"/>
<trkpt lat="49.318953" lon="-123.090272"/>
<trkpt lat="49.319032" lon="-123.090405"/>
<trkpt lat="49.319043" lon="-123.091241"/>
<trkpt lat="49.319045" lon="-123.091462"/>
<trkpt lat="49.319137" lon="-123.091463"/>
<trkpt lat="49.319512" lon="-123.091382"/>
<trkpt lat="49.319666" lon="-123.091318"/>
<trkpt lat="49.319812" lon="-123.091287"/>
<trkpt lat="49.319884" lon="-123.091188"/>
</trkseg>
<trkseg>
<trkpt lat="49.318382" lon="-123.088625"/>
<trkpt lat="49.318342" lon="-123.088521"/>
</trkseg>
<trkseg>
<trkpt lat="49.318342" lon="-123.088521"/>
<trkpt lat="49.317900" lon="-123.087507"/>
</trkseg>
<trkseg>
<trkpt lat="49.312557" lon="-123.082691"/>
<trkpt lat="49.312542" lon="-123.082647"/>
</trkseg>
<trkseg>
<trkpt lat="49.286628" lon="-123.110224"/>
<trkpt lat="49.286585" lon="-123.110188"/>
</trkseg>
<trkseg>
<trkpt lat="49.286585" lon="-123.110188"/>
<trkpt lat="49.286704" lon="-123.110012"/>
<trkpt lat="49.286585" lon="-123.110188"/>
</trkseg>
<trkseg>
<trkpt lat="49.285967" lon="-123.112855"/>
<trkpt lat="49.286291" lon="-123.113286"/>
<trkpt lat="49.286357" lon="-123.113516"/>
</trkseg>
<trkseg>
<trkpt lat="49.273354" lon="-123.102304"/>
<trkpt lat="49.273182" lon="-123.102308"/>
</trkseg>
<trkseg>
<trkpt lat="49.278284" lon="-123.134394"/>
<trkpt lat="49.277604" lon="-123.135432"/>
<trkpt lat="49.277567" lon="-123.135488"/>
</trkseg>
<trkseg>
<trkpt lat="49.277567" lon="-123.135488"/>
<trkpt lat="49.276177" lon="-123.134101"/>
<trkpt lat="49.276137" lon="-123.134052"/>
<trkpt lat="49.275988" lon="-123.133821"/>
<trkpt lat="49.275777" lon="-123.133500"/>
<trkpt lat="49.275685" lon="-123.133360"/>
<trkpt lat="49.275644" lon="-123.133300"/>
<trkpt lat="49.275612" lon="-123.133252"/>
<trkpt lat="49.275393" lon="-123.132925"/>
<trkpt lat="49.275371" lon="-123.132822"/>
<trkpt lat="49.275331" lon="-123.132757"/>
<trkpt lat="49.275387" lon="-123.132675"/>
<trkpt lat="49.276199" lon="-123.131453"/>
<trkpt lat="49.276231" lon="-123.131499"/>
<trkpt lat="49.276273" lon="-123.131558"/>
<trkpt lat="49.276634" lon="-123.132099"/>
<trkpt lat="49.276792" lon="-123.132493"/>
<trkpt lat="49.276602" lon="-123.133129"/>
<trkpt lat="49.273182" lon="-123.143822"/>
<trkpt lat="49.272355" lon="-123.145000"/>
<trkpt lat="49.272312" lon="-123.145076"/>
<trkpt lat="49.272312" lon="-123.145105"/>
<trkpt lat="49.272307" lon="-123.145466"/>
<trkpt lat="49.272303" lon="-123.145556"/>
<trkpt lat="49.272393" lon="-123.147695"/>
<trkpt lat="49.272395" lon="-123.147860"/>
<trkpt lat="49.272551" lon="-123.147864"/>
</trkseg>
<trkseg>
<trkpt lat="49.272577" lon="-123.147803"/>
<trkpt lat="49.272547" lon="-123.147738"/>
</trkseg>
<trkseg>
<trkpt lat="49.277567" lon="-123.135488"/>
<trkpt lat="49.280413" lon="-123.138339"/>
<trkpt lat="49.280438" lon="-123.138354"/>
<trkpt lat="49.280535" lon="-123.138382"/>
<trkpt lat="49.280693" lon="-123.138615"/>
<trkpt lat="49.281088" lon="-123.138994"/>
<trkpt lat="49.281297" lon="-123.139193"/>
</trkseg>
<trkseg>
<trkpt lat="49.303084" lon="-123.130594"/>
<trkpt lat="49.303590" lon="-123.131022"/>
</trkseg>
<trkseg>
<trkpt lat="48.932504" lon="-123.733628"/>
<trkpt lat="48.934471" lon="-123.736126"/>
<trkpt lat="48.937210" lon="-123.744003"/>
<trkpt lat="48.940776" lon="-123.748782"/>
<trkpt lat="48.944444" lon="-123.754318"/>
<trkpt lat="48.944778" lon="-123.756247"/>
<trkpt lat="48.944451" lon="-123.758065"/>
<trkpt lat="48.944213" lon="-123.758135"/>
<trkpt lat="48.944335" lon="-123.758647"/>
<trkpt lat="48.943670" lon="-123.761847"/>
<trkpt lat="48.943750" lon="-123.763365"/>
<trkpt lat="48.944064" lon="-123.764562"/>
</trkseg>
<trkseg>
<trkpt lat="48.932504" lon="-123.733628"/>
<trkpt lat="48.931863" lon="-123.732724"/>
</trkseg>
<trkseg>
<trkpt lat="48.931863" lon="-123.732724"/>
<trkpt lat="48.931062" lon="-123.731695"/>
</trkseg>
<trkseg>
<trkpt lat="48.997209" lon="-123.823460"/>
<trkpt lat="48.997147" lon="-123.823359"/>
<trkpt lat="48.997140" lon="-123.823252"/>
<trkpt lat="48.997242" lon="-123.823100"/>
<trkpt lat="48.997305" lon="-123.823108"/>
<trkpt lat="48.997390" lon="-123.823252"/>
<trkpt lat="48.997388" lon="-123.823308"/>
</trkseg>
<trkseg>
<trkpt lat="49.042613" lon="-123.887837"/>
<trkpt lat="49.042348" lon="-123.887939"/>
<trkpt lat="49.040335" lon="-123.887115"/>
<trkpt lat="49.039596" lon="-123.886684"/>
<trkpt lat="49.039557" lon="-123.885585"/>
<trkpt lat="49.039040" lon="-123.886403"/>
<trkpt lat="49.037987" lon="-123.888867"/>
<trkpt lat="49.037412" lon="-123.891243"/>
<trkpt lat="49.034708" lon="-123.897063"/>
<trkpt lat="49.034119" lon="-123.900018"/>
<trkpt lat="49.034670" lon="-123.900973"/>
<trkpt lat="49.034639" lon="-123.901840"/>
<trkpt lat="49.033948" lon="-123.902671"/>
<trkpt lat="49.032852" lon="-123.904940"/>
<trkpt lat="49.031804" lon="-123.910936"/>
</trkseg>
<trkseg>
<trkpt lat="49.053773" lon="-123.877612"/>
<trkpt lat="49.054984" lon="-123.877627"/>
<trkpt lat="49.057465" lon="-123.877657"/>
<trkpt lat="49.057444" lon="-123.878514"/>
<trkpt lat="49.060701" lon="-123.878413"/>
<trkpt lat="49.061681" lon="-123.878404"/>
<trkpt lat="49.062112" lon="-123.878458"/>
<trkpt lat="49.062236" lon="-123.878746"/>
</trkseg>
<trkseg>
<trkpt lat="49.062236" lon="-123.878746"/>
<trkpt lat="49.062758" lon="-123.880240"/>
<trkpt lat="49.063660" lon="-123.881803"/>
<trkpt lat="49.066102" lon="-123.895519"/>
<trkpt lat="49.066375" lon="-123.899583"/>
<trkpt lat="49.064737" lon="-123.902911"/>
<trkpt lat="49.063983" lon="-123.905309"/>
<trkpt lat="49.062084" lon="-123.908451"/>
<trkpt lat="49.061075" lon="-123.908835"/>
<trkpt lat="49.059586" lon="-123.908656"/>
<trkpt lat="49.057745" lon="-123.908958"/>
<trkpt lat="49.056565" lon="-123.908251"/>
<trkpt lat="49.055610" lon="-123.909042"/>
<trkpt lat="49.055811" lon="-123.910222"/>
<trkpt lat="49.056722" lon="-123.911699"/>
<trkpt lat="49.060969" lon="-123.919279"/>
<trkpt lat="49.061102" lon="-123.921032"/>
<trkpt lat="49.061628" lon="-123.922451"/>
<trkpt lat="49.061576" lon="-123.923750"/>
<trkpt lat="49.061202" lon="-123.924519"/>
<trkpt lat="49.059608" lon="-123.925492"/>
<trkpt lat="49.057637" lon="-123.927826"/>
<trkpt lat="49.057355" lon="-123.936033"/>
<trkpt lat="49.056869" lon="-123.936647"/>
<trkpt lat="49.055265" lon="-123.937176"/>
<trkpt lat="49.053701" lon="-123.940269"/>
<trkpt lat="49.053796" lon="-123.941618"/>
<trkpt lat="49.054467" lon="-123.944415"/>
<trkpt lat="49.054176" lon="-123.947582"/>
<trkpt lat="49.054329" lon="-123.948739"/>
<trkpt lat="49.055422" lon="-123.952108"/>
<trkpt lat="49.055626" lon="-123.954682"/>
<trkpt lat="49.057230" lon="-123.958710"/>
<trkpt lat="49.057576" lon="-123.961801"/>
<trkpt lat="49.058819" lon="-123.963934"/>
<trkpt lat="49.059325" lon="-123.965799"/>
</trkseg>
<trkseg>
<trkpt lat="49.074863" lon="-123.970450"/>
<trkpt lat="49.072413" lon="-123.967163"/>
<trkpt lat="49.070021" lon="-123.965387"/>
<trkpt lat="49.069601" lon="-123.964329"/>
<trkpt lat="49.069217" lon="-123.961611"/>
<trkpt lat="49.069436" lon="-123.958914"/>
<trkpt lat="49.070588" lon="-123.955071"/>
<trkpt lat="49.071055" lon="-123.952699"/>
<trkpt lat="49.070735" lon="-123.949246"/>
<trkpt lat="49.074483" lon="-123.942879"/>
<trkpt lat="49.074748" lon="-123.941877"/>
<trkpt lat="49.074758" lon="-123.939595"/>
<trkpt lat="49.073795" lon="-123.937470"/>
<trkpt lat="49.073771" lon="-123.935891"/>
<trkpt lat="49.074432" lon="-123.934190"/>
<trkpt lat="49.077159" lon="-123.930152"/>
<trkpt lat="49.077450" lon="-123.928890"/>
<trkpt lat="49.077361" lon="-123.927599"/>
<trkpt lat="49.076830" lon="-123.926123"/>
<trkpt lat="49.074637" lon="-123.922019"/>
<trkpt lat="49.074352" lon="-123.920986"/>
<trkpt lat="49.074277" lon="-123.918470"/>
<trkpt lat="49.074749" lon="-123.916865"/>
<trkpt lat="49.076724" lon="-123.912977"/>
<trkpt lat="49.076900" lon="-123.911199"/>
<trkpt lat="49.076670" lon="-123.907991"/>
<trkpt lat="49.077125" lon="-123.906172"/>
<trkpt lat="49.078173" lon="-123.903823"/>
<trkpt lat="49.078216" lon="-123.902656"/>
<trkpt lat="49.075201" lon="-123.891941"/>
<trkpt lat="49.074323" lon="-123.888944"/>
<trkpt lat="49.073651" lon="-123.886466"/>
<trkpt lat="49.073927" lon="-123.884933"/>
<trkpt lat="49.074721" lon="-123.884240"/>
<trkpt lat="49.075244" lon="-123.884301"/>
<trkpt lat="49.076043" lon="-123.884978"/>
<trkpt lat="49.076429" lon="-123.884478"/>
</trkseg>
<trkseg>
<trkpt lat="49.076429" lon="-123.884478"/>
<trkpt lat="49.073268" lon="-123.881418"/>
<trkpt lat="49.071153" lon="-123.880917"/>
<trkpt lat="49.070341" lon="-123.880656"/>
<trkpt lat="49.069871" lon="-123.880490"/>
<trkpt lat="49.068895" lon="-123.879860"/>
<trkpt lat="49.067099" lon="-123.878178"/>
<trkpt lat="49.065534" lon="-123.877176"/>
<trkpt lat="49.063708" lon="-123.877146"/>
</trkseg>
<trkseg>
<trkpt lat="49.063239" lon="-123.877236"/>
<trkpt lat="49.062890" lon="-123.877657"/>
<trkpt lat="49.062213" lon="-123.877831"/>
<trkpt lat="49.062236" lon="-123.878746"/>
</trkseg>
<trkseg>
<trkpt lat="49.054253" lon="-123.877453"/>
<trkpt lat="49.056166" lon="-123.877505"/>
<trkpt lat="49.060221" lon="-123.877570"/>
<trkpt lat="49.060775" lon="-123.877519"/>
<trkpt lat="49.062089" lon="-123.877306"/>
<trkpt lat="49.062445" lon="-123.877247"/>
<trkpt lat="49.064992" lon="-123.876929"/>
<trkpt lat="49.066709" lon="-123.877641"/>
<trkpt lat="49.067188" lon="-123.878044"/>
<trkpt lat="49.067466" lon="-123.878315"/>
<trkpt lat="49.069000" lon="-123.879677"/>
<trkpt lat="49.069608" lon="-123.880018"/>
<trkpt lat="49.070307" lon="-123.880281"/>
<trkpt lat="49.071199" lon="-123.880669"/>
<trkpt lat="49.071349" lon="-123.880813"/>
<trkpt lat="49.074212" lon="-123.881454"/>
</trkseg>
<trkseg>
<trkpt lat="49.074898" lon="-123.881595"/>
<trkpt lat="49.075411" lon="-123.881333"/>
<trkpt lat="49.075445" lon="-123.880565"/>
<trkpt lat="49.074936" lon="-123.880371"/>
<trkpt lat="49.074770" lon="-123.881337"/>
<trkpt lat="49.074813" lon="-123.881849"/>
<trkpt lat="49.075033" lon="-123.882553"/>
<trkpt lat="49.075748" lon="-123.883243"/>
<trkpt lat="49.076419" lon="-123.883878"/>
<trkpt lat="49.076429" lon="-123.884478"/>
</trkseg>
<trkseg>
<trkpt lat="49.189052" lon="-123.951510"/>
<trkpt lat="49.189230" lon="-123.951627"/>
<trkpt lat="49.189891" lon="-123.952950"/>
<trkpt lat="49.190120" lon="-123.952998"/>
<trkpt lat="49.190295" lon="-123.953215"/>
<trkpt lat="49.190514" lon="-123.953071"/>
<trkpt lat="49.191001" lon="-123.953560"/>
<trkpt lat="49.191062" lon="-123.953646"/>
<trkpt lat="49.192089" lon="-123.954926"/>
<trkpt lat="49.192731" lon="-123.955152"/>
<trkpt lat="49.192907" lon="-123.955072"/>
<trkpt lat="49.193039" lon="-123.955361"/>
</trkseg>
<trkseg>
<trkpt lat="48.818204" lon="-123.713476"/>
<trkpt lat="48.818002" lon="-123.713541"/>
<trkpt lat="48.817952" lon="-123.713187"/>
<trkpt lat="48.818154" lon="-123.713122"/>
<trkpt lat="48.818204" lon="-123.713476"/>
</trkseg>
<trkseg>
<trkpt lat="48.532230" lon="-123.579067"/>
<trkpt lat="48.530639" lon="-123.577914"/>
<trkpt lat="48.527519" lon="-123.576602"/>
<trkpt lat="48.526395" lon="-123.575252"/>
<trkpt lat="48.526178" lon="-123.576029"/>
<trkpt lat="48.526265" lon="-123.578604"/>
</trkseg>
<trkseg>
<trkpt lat="48.448163" lon="-123.552612"/>
<trkpt lat="48.448200" lon="-123.552491"/>
<trkpt lat="48.447899" lon="-123.552255"/>
<trkpt lat="48.447499" lon="-123.550906"/>
<trkpt lat="48.445353" lon="-123.546665"/>
<trkpt lat="48.444423" lon="-123.544653"/>
</trkseg>
<trkseg>
<trkpt lat="48.444338" lon="-123.544549"/>
<trkpt lat="48.444008" lon="-123.544780"/>
<trkpt lat="48.443988" lon="-123.544716"/>
<trkpt lat="48.443791" lon="-123.544266"/>
<trkpt lat="48.443473" lon="-123.544044"/>
<trkpt lat="48.443043" lon="-123.542609"/>
<trkpt lat="48.441924" lon="-123.540488"/>
<trkpt lat="48.441973" lon="-123.540327"/>
<trkpt lat="48.442060" lon="-123.540207"/>
<trkpt lat="48.442140" lon="-123.540149"/>
<trkpt lat="48.442427" lon="-123.539979"/>
<trkpt lat="48.441803" lon="-123.538679"/>
<trkpt lat="48.441458" lon="-123.536180"/>
<trkpt lat="48.441723" lon="-123.536030"/>
<trkpt lat="48.441664" lon="-123.535817"/>
<trkpt lat="48.441650" lon="-123.535763"/>
<trkpt lat="48.442730" lon="-123.535319"/>
<trkpt lat="48.443700" lon="-123.535922"/>
<trkpt lat="48.443756" lon="-123.535544"/>
<trkpt lat="48.443751" lon="-123.535177"/>
<trkpt lat="48.443759" lon="-123.534965"/>
<trkpt lat="48.443964" lon="-123.534786"/>
<trkpt lat="48.443791" lon="-123.534584"/>
<trkpt lat="48.443731" lon="-123.533021"/>
<trkpt lat="48.443572" lon="-123.530185"/>
<trkpt lat="48.443536" lon="-123.530071"/>
<trkpt lat="48.442838" lon="-123.527785"/>
<trkpt lat="48.442744" lon="-123.526704"/>
<trkpt lat="48.442647" lon="-123.526723"/>
<trkpt lat="48.442354" lon="-123.524301"/>
<trkpt lat="48.442529" lon="-123.522347"/>
<trkpt lat="48.441639" lon="-123.512072"/>
<trkpt lat="48.441603" lon="-123.512008"/>
<trkpt lat="48.441502" lon="-123.512015"/>
<trkpt lat="48.441392" lon="-123.511063"/>
<trkpt lat="48.441373" lon="-123.511072"/>
<trkpt lat="48.441162" lon="-123.511178"/>
<trkpt lat="48.441121" lon="-123.511201"/>
<trkpt lat="48.440327" lon="-123.511613"/>
<trkpt lat="48.439701" lon="-123.510358"/>
<trkpt lat="48.439506" lon="-123.510254"/>
<trkpt lat="48.439307" lon="-123.510155"/>
<trkpt lat="48.438951" lon="-123.509801"/>
<trkpt lat="48.438744" lon="-123.509213"/>
<trkpt lat="48.438565" lon="-123.508499"/>
<trkpt lat="48.438489" lon="-123.508200"/>
<trkpt lat="48.438323" lon="-123.507462"/>
<trkpt lat="48.438249" lon="-123.507122"/>
<trkpt lat="48.438213" lon="-123.506733"/>
<trkpt lat="48.438194" lon="-123.506267"/>
<trkpt lat="48.438199" lon="-123.505631"/>
<trkpt lat="48.438220" lon="-123.505046"/>
<trkpt lat="48.438233" lon="-123.504645"/>
<trkpt lat="48.438230" lon="-123.504498"/>
</trkseg>
<trkseg>
<trkpt lat="48.438225" lon="-123.504381"/>
<trkpt lat="48.438126" lon="-123.504398"/>
</trkseg>
<trkseg>
<trkpt lat="48.438370" lon="-123.504313"/>
<trkpt lat="48.438418" lon="-123.504219"/>
<trkpt lat="48.438144" lon="-123.502569"/>
<trkpt lat="48.439039" lon="-123.497969"/>
<trkpt lat="48.439069" lon="-123.497813"/>
<trkpt lat="48.441316" lon="-123.485714"/>
<trkpt lat="48.441167" lon="-123.483649"/>
<trkpt lat="48.440038" lon="-123.477840"/>
<trkpt lat="48.439852" lon="-123.476837"/>
<trkpt lat="48.439131" lon="-123.472885"/>
<trkpt lat="48.439127" lon="-123.470290"/>
<trkpt lat="48.440094" lon="-123.468049"/>
<trkpt lat="48.440882" lon="-123.467247"/>
<trkpt lat="48.441700" lon="-123.466913"/>
</trkseg>
<trkseg>
<trkpt lat="48.441700" lon="-123.466913"/>
<trkpt lat="48.443314" lon="-123.467202"/>
</trkseg>
<trkseg>
<trkpt lat="48.443314" lon="-123.467202"/>
<trkpt lat="48.443866" lon="-123.467631"/>
</trkseg>
<trkseg>
<trkpt lat="48.443866" lon="-123.467631"/>
<trkpt lat="48.444299" lon="-123.468168"/>
<trkpt lat="48.445118" lon="-123.469949"/>
<trkpt lat="48.445126" lon="-123.470203"/>
<trkpt lat="48.445162" lon="-123.470224"/>
<trkpt lat="48.445268" lon="-123.470542"/>
<trkpt lat="48.445403" lon="-123.470803"/>
<trkpt lat="48.446374" lon="-123.473084"/>
<trkpt lat="48.447373" lon="-123.473448"/>
<trkpt lat="48.447700" lon="-123.473348"/>
<trkpt lat="48.448353" lon="-123.472346"/>
<trkpt lat="48.449072" lon="-123.469858"/>
<trkpt lat="48.449875" lon="-123.469356"/>
<trkpt lat="48.450600" lon="-123.469592"/>
<trkpt lat="48.450672" lon="-123.469628"/>
<trkpt lat="48.451797" lon="-123.470435"/>
<trkpt lat="48.452786" lon="-123.470348"/>
<trkpt lat="48.455075" lon="-123.469056"/>
<trkpt lat="48.457554" lon="-123.466279"/>
<trkpt lat="48.457602" lon="-123.466121"/>
<trkpt lat="48.457608" lon="-123.465914"/>
<trkpt lat="48.457797" lon="-123.465528"/>
<trkpt lat="48.458120" lon="-123.464216"/>
<trkpt lat="48.458232" lon="-123.463739"/>
<trkpt lat="48.459634" lon="-123.457619"/>
<trkpt lat="48.461069" lon="-123.454571"/>
<trkpt lat="48.462042" lon="-123.452938"/>
<trkpt lat="48.462180" lon="-123.452709"/>
<trkpt lat="48.462921" lon="-123.451541"/>
<trkpt lat="48.463461" lon="-123.449389"/>
<trkpt lat="48.464335" lon="-123.448136"/>
<trkpt lat="48.464817" lon="-123.446268"/>
<trkpt lat="48.464733" lon="-123.446096"/>
<trkpt lat="48.464153" lon="-123.445434"/>
<trkpt lat="48.464095" lon="-123.444376"/>
<trkpt lat="48.463790" lon="-123.441256"/>
<trkpt lat="48.463766" lon="-123.440963"/>
<trkpt lat="48.464151" lon="-123.437874"/>
<trkpt lat="48.463840" lon="-123.435865"/>
<trkpt lat="48.464804" lon="-123.431524"/>
<trkpt lat="48.464863" lon="-123.431377"/>
<trkpt lat="48.464967" lon="-123.430852"/>
<trkpt lat="48.464973" lon="-123.430068"/>
<trkpt lat="48.464557" lon="-123.428507"/>
<trkpt lat="48.464676" lon="-123.427520"/>
<trkpt lat="48.464943" lon="-123.426997"/>
<trkpt lat="48.465443" lon="-123.425282"/>
<trkpt lat="48.465443" lon="-123.425184"/>
<trkpt lat="48.465384" lon="-123.424327"/>
<trkpt lat="48.464362" lon="-123.421350"/>
<trkpt lat="48.464801" lon="-123.418341"/>
<trkpt lat="48.464629" lon="-123.416770"/>
<trkpt lat="48.464520" lon="-123.416470"/>
<trkpt lat="48.462046" lon="-123.411279"/>
<trkpt lat="48.462012" lon="-123.411213"/>
<trkpt lat="48.461094" lon="-123.408931"/>
<trkpt lat="48.460983" lon="-123.408511"/>
<trkpt lat="48.460727" lon="-123.406873"/>
<trkpt lat="48.460566" lon="-123.404418"/>
<trkpt lat="48.460294" lon="-123.403683"/>
<trkpt lat="48.459758" lon="-123.403050"/>
<trkpt lat="48.459481" lon="-123.402251"/>
<trkpt lat="48.459385" lon="-123.401832"/>
<trkpt lat="48.459299" lon="-123.401394"/>
<trkpt lat="48.458561" lon="-123.397519"/>
<trkpt lat="48.458545" lon="-123.395463"/>
<trkpt lat="48.458561" lon="-123.394388"/>
<trkpt lat="48.458580" lon="-123.393472"/>
<trkpt lat="48.458357" lon="-123.390501"/>
<trkpt lat="48.458339" lon="-123.390440"/>
<trkpt lat="48.458254" lon="-123.390015"/>
<trkpt lat="48.458216" lon="-123.389825"/>
<trkpt lat="48.456069" lon="-123.380526"/>
<trkpt lat="48.456091" lon="-123.379139"/>
<trkpt lat="48.456428" lon="-123.378036"/>
<trkpt lat="48.456339" lon="-123.377842"/>
<trkpt lat="48.455532" lon="-123.377525"/>
<trkpt lat="48.454577" lon="-123.377460"/>
<trkpt lat="48.453878" lon="-123.377258"/>
<trkpt lat="48.453800" lon="-123.377234"/>
<trkpt lat="48.453572" lon="-123.377156"/>
<trkpt lat="48.453174" lon="-123.376951"/>
<trkpt lat="48.452703" lon="-123.376712"/>
<trkpt lat="48.452505" lon="-123.376603"/>
<trkpt lat="48.452060" lon="-123.376345"/>
<trkpt lat="48.450809" lon="-123.375695"/>
<trkpt lat="48.449037" lon="-123.374862"/>
<trkpt lat="48.448084" lon="-123.374995"/>
<trkpt lat="48.447366" lon="-123.375630"/>
<trkpt lat="48.446352" lon="-123.378184"/>
<trkpt lat="48.446249" lon="-123.378365"/>
<trkpt lat="48.445659" lon="-123.378934"/>
<trkpt lat="48.444982" lon="-123.379110"/>
<trkpt lat="48.444962" lon="-123.379113"/>
<trkpt lat="48.442652" lon="-123.379581"/>
<trkpt lat="48.440798" lon="-123.381224"/>
<trkpt lat="48.438379" lon="-123.383001"/>
<trkpt lat="48.438179" lon="-123.383094"/>
<trkpt lat="48.437351" lon="-123.382636"/>
<trkpt lat="48.436447" lon="-123.380586"/>
<trkpt lat="48.435828" lon="-123.379855"/>
<trkpt lat="48.435305" lon="-123.379666"/>
<trkpt lat="48.434569" lon="-123.379982"/>
<trkpt lat="48.433895" lon="-123.379378"/>
<trkpt lat="48.433203" lon="-123.378400"/>
<trkpt lat="48.432925" lon="-123.378174"/>
<trkpt lat="48.432508" lon="-123.378249"/>
</trkseg>
<trkseg>
<trkpt lat="48.428953" lon="-123.374788"/>
<trkpt lat="48.432485" lon="-123.378253"/>
<trkpt lat="48.428953" lon="-123.374788"/>
</trkseg>
<trkseg>
<trkpt lat="48.428953" lon="-123.374788"/>
<trkpt lat="48.428885" lon="-123.374713"/>
<trkpt lat="48.428826" lon="-123.374610"/>
<trkpt lat="48.428477" lon="-123.374362"/>
<trkpt lat="48.428285" lon="-123.373000"/>
<trkpt lat="48.428354" lon="-123.372506"/>
<trkpt lat="48.428459" lon="-123.371897"/>
<trkpt lat="48.428568" lon="-123.370630"/>
<trkpt lat="48.428570" lon="-123.370217"/>
<trkpt lat="48.428570" lon="-123.369803"/>
<trkpt lat="48.428567" lon="-123.369757"/>
<trkpt lat="48.428529" lon="-123.369791"/>
<trkpt lat="48.428433" lon="-123.369833"/>
<trkpt lat="48.428134" lon="-123.369994"/>
<trkpt lat="48.427905" lon="-123.370106"/>
<trkpt lat="48.427807" lon="-123.370158"/>
<trkpt lat="48.427654" lon="-123.370265"/>
<trkpt lat="48.427428" lon="-123.370365"/>
<trkpt lat="48.427280" lon="-123.370410"/>
<trkpt lat="48.427035" lon="-123.370428"/>
<trkpt lat="48.426923" lon="-123.370411"/>
<trkpt lat="48.424908" lon="-123.369838"/>
<trkpt lat="48.424755" lon="-123.369816"/>
<trkpt lat="48.424726" lon="-123.369811"/>
<trkpt lat="48.424644" lon="-123.369799"/>
<trkpt lat="48.424393" lon="-123.369767"/>
<trkpt lat="48.424193" lon="-123.369740"/>
<trkpt lat="48.423382" lon="-123.369418"/>
<trkpt lat="48.423281" lon="-123.369342"/>
<trkpt lat="48.423079" lon="-123.369028"/>
<trkpt lat="48.423026" lon="-123.368914"/>
<trkpt lat="48.422779" lon="-123.368536"/>
<trkpt lat="48.422771" lon="-123.368329"/>
<trkpt lat="48.422008" lon="-123.368534"/>
<trkpt lat="48.421741" lon="-123.368598"/>
<trkpt lat="48.421663" lon="-123.368615"/>
<trkpt lat="48.421640" lon="-123.368621"/>
<trkpt lat="48.421167" lon="-123.368736"/>
<trkpt lat="48.421005" lon="-123.368775"/>
<trkpt lat="48.420910" lon="-123.368797"/>
</trkseg>
<trkseg>
<trkpt lat="48.420910" lon="-123.368797"/>
<trkpt lat="48.420675" lon="-123.369255"/>
</trkseg>
<trkseg>
<trkpt lat="48.420675" lon="-123.369255"/>
<trkpt lat="48.420788" lon="-123.370808"/>
<trkpt lat="48.420800" lon="-123.370926"/>
<trkpt lat="48.420985" lon="-123.371812"/>
<trkpt lat="48.421289" lon="-123.372925"/>
<trkpt lat="48.421533" lon="-123.373894"/>
<trkpt lat="48.421624" lon="-123.374163"/>
<trkpt lat="48.422104" lon="-123.375135"/>
<trkpt lat="48.422138" lon="-123.375277"/>
<trkpt lat="48.421793" lon="-123.376342"/>
<trkpt lat="48.422329" lon="-123.377821"/>
<trkpt lat="48.421790" lon="-123.378567"/>
<trkpt lat="48.422029" lon="-123.380867"/>
<trkpt lat="48.422006" lon="-123.381029"/>
<trkpt lat="48.421895" lon="-123.381143"/>
<trkpt lat="48.421696" lon="-123.381346"/>
<trkpt lat="48.421575" lon="-123.381483"/>
<trkpt lat="48.421843" lon="-123.381734"/>
</trkseg>
<trkseg>
<trkpt lat="48.421843" lon="-123.381734"/>
<trkpt lat="48.422397" lon="-123.382883"/>
<trkpt lat="48.422461" lon="-123.383146"/>
<trkpt lat="48.422568" lon="-123.383795"/>
<trkpt lat="48.421940" lon="-123.384327"/>
<trkpt lat="48.421577" lon="-123.384856"/>
<trkpt lat="48.420917" lon="-123.385540"/>
<trkpt lat="48.420579" lon="-123.385925"/>
<trkpt lat="48.415892" lon="-123.384735"/>
<trkpt lat="48.415312" lon="-123.383859"/>
<trkpt lat="48.415277" lon="-123.383805"/>
<trkpt lat="48.415252" lon="-123.383840"/>
<trkpt lat="48.415202" lon="-123.383913"/>
<trkpt lat="48.414136" lon="-123.382308"/>
<trkpt lat="48.412307" lon="-123.378500"/>
<trkpt lat="48.412133" lon="-123.378376"/>
<trkpt lat="48.411347" lon="-123.377687"/>
<trkpt lat="48.410535" lon="-123.377973"/>
<trkpt lat="48.409403" lon="-123.376297"/>
<trkpt lat="48.409322" lon="-123.372169"/>
<trkpt lat="48.409014" lon="-123.371488"/>
<trkpt lat="48.408736" lon="-123.371109"/>
<trkpt lat="48.408720" lon="-123.370127"/>
<trkpt lat="48.408630" lon="-123.369506"/>
<trkpt lat="48.408780" lon="-123.368991"/>
<trkpt lat="48.407826" lon="-123.364604"/>
<trkpt lat="48.407266" lon="-123.364311"/>
<trkpt lat="48.407236" lon="-123.364232"/>
<trkpt lat="48.407511" lon="-123.363494"/>
<trkpt lat="48.407580" lon="-123.357733"/>
<trkpt lat="48.407092" lon="-123.354749"/>
<trkpt lat="48.406395" lon="-123.352762"/>
<trkpt lat="48.405712" lon="-123.351270"/>
<trkpt lat="48.404257" lon="-123.349648"/>
</trkseg>
<trkseg>
<trkpt lat="48.420675" lon="-123.369255"/>
<trkpt lat="48.420673" lon="-123.369218"/>
<trkpt lat="48.420644" lon="-123.368856"/>
<trkpt lat="48.420820" lon="-123.368816"/>
<trkpt lat="48.420910" lon="-123.368797"/>
</trkseg>
<trkseg>
<trkpt lat="48.426995" lon="-123.371001"/>
<trkpt lat="48.427004" lon="-123.370968"/>
</trkseg>
<trkseg>
<trkpt lat="48.421674" lon="-123.381369"/>
<trkpt lat="48.421843" lon="-123.381734"/>
</trkseg>
<trkseg>
<trkpt lat="48.441700" lon="-123.466913"/>
<trkpt lat="48.443314" lon="-123.467202"/>
</trkseg>
<trkseg>
<trkpt lat="48.443314" lon="-123.467202"/>
<trkpt lat="48.443866" lon="-123.467631"/>
</trkseg>
<trkseg>
<trkpt lat="48.438090" lon="-123.504820"/>
<trkpt lat="48.438035" lon="-123.504882"/>
<trkpt lat="48.437609" lon="-123.505366"/>
<trkpt lat="48.436008" lon="-123.513743"/>
<trkpt lat="48.436094" lon="-123.513945"/>
<trkpt lat="48.436128" lon="-123.514105"/>
<trkpt lat="48.435915" lon="-123.514279"/>
<trkpt lat="48.435567" lon="-123.516038"/>
<trkpt lat="48.435487" lon="-123.516486"/>
<trkpt lat="48.433889" lon="-123.524643"/>
</trkseg>
<trkseg>
<trkpt lat="48.433256" lon="-123.524742"/>
<trkpt lat="48.433056" lon="-123.524876"/>
<trkpt lat="48.433543" lon="-123.526207"/>
</trkseg>
<trkseg>
<trkpt lat="49.574090" lon="-119.671636"/>
<trkpt lat="49.574083" lon="-119.668712"/>
<trkpt lat="49.570356" lon="-119.668660"/>
<trkpt lat="49.570352" lon="-119.665891"/>
<trkpt lat="49.570348" lon="-119.662035"/>
<trkpt lat="49.570121" lon="-119.658764"/>
<trkpt lat="49.570127" lon="-119.657549"/>
<trkpt lat="49.570486" lon="-119.653758"/>
<trkpt lat="49.576838" lon="-119.653482"/>
<trkpt lat="49.576210" lon="-119.651995"/>
<trkpt lat="49.576474" lon="-119.648097"/>
<trkpt lat="49.576683" lon="-119.645563"/>
<trkpt lat="49.576460" lon="-119.643469"/>
<trkpt lat="49.574982" lon="-119.641162"/>
<trkpt lat="49.575168" lon="-119.640767"/>
<trkpt lat="49.576229" lon="-119.641112"/>
<trkpt lat="49.576697" lon="-119.640774"/>
<trkpt lat="49.576572" lon="-119.639379"/>
<trkpt lat="49.575500" lon="-119.637674"/>
<trkpt lat="49.575137" lon="-119.637922"/>
<trkpt lat="49.574928" lon="-119.639266"/>
<trkpt lat="49.574219" lon="-119.640294"/>
<trkpt lat="49.571987" lon="-119.640248"/>
<trkpt lat="49.571701" lon="-119.639479"/>
<trkpt lat="49.571672" lon="-119.631675"/>
</trkseg>
<trkseg>
<trkpt lat="49.571672" lon="-119.631675"/>
<trkpt lat="49.571767" lon="-119.631039"/>
<trkpt lat="49.571792" lon="-119.630870"/>
<trkpt lat="49.571522" lon="-119.630876"/>
<trkpt lat="49.570961" lon="-119.630888"/>
<trkpt lat="49.570177" lon="-119.630990"/>
</trkseg>
<trkseg>
<trkpt lat="49.570177" lon="-119.630990"/>
<trkpt lat="49.568064" lon="-119.631283"/>
<trkpt lat="49.567886" lon="-119.631343"/>
<trkpt lat="49.567007" lon="-119.631762"/>
</trkseg>
<trkseg>
<trkpt lat="49.567007" lon="-119.631762"/>
<trkpt lat="49.564622" lon="-119.634058"/>
<trkpt lat="49.561581" lon="-119.637819"/>
<trkpt lat="49.560482" lon="-119.638475"/>
<trkpt lat="49.559390" lon="-119.638672"/>
<trkpt lat="49.558144" lon="-119.638394"/>
<trkpt lat="49.555873" lon="-119.637054"/>
<trkpt lat="49.553660" lon="-119.636427"/>
<trkpt lat="49.551227" lon="-119.634647"/>
<trkpt lat="49.550264" lon="-119.634304"/>
<trkpt lat="49.547943" lon="-119.634407"/>
<trkpt lat="49.546765" lon="-119.634049"/>
<trkpt lat="49.545737" lon="-119.633034"/>
<trkpt lat="49.543705" lon="-119.629741"/>
<trkpt lat="49.542990" lon="-119.628954"/>
<trkpt lat="49.542252" lon="-119.628182"/>
<trkpt lat="49.539514" lon="-119.625624"/>
<trkpt lat="49.536007" lon="-119.624763"/>
<trkpt lat="49.532377" lon="-119.620659"/>
<trkpt lat="49.529514" lon="-119.618764"/>
<trkpt lat="49.525934" lon="-119.617771"/>
<trkpt lat="49.522070" lon="-119.618077"/>
<trkpt lat="49.515693" lon="-119.617735"/>
<trkpt lat="49.514028" lon="-119.617654"/>
<trkpt lat="49.513755" lon="-119.617635"/>
<trkpt lat="49.513450" lon="-119.617618"/>
<trkpt lat="49.509654" lon="-119.617248"/>
<trkpt lat="49.505834" lon="-119.615789"/>
<trkpt lat="49.502442" lon="-119.616790"/>
<trkpt lat="49.501195" lon="-119.617311"/>
<trkpt lat="49.500295" lon="-119.617676"/>
<trkpt lat="49.498879" lon="-119.618205"/>
<trkpt lat="49.496927" lon="-119.618934"/>
<trkpt lat="49.496173" lon="-119.618609"/>
<trkpt lat="49.495953" lon="-119.618243"/>
<trkpt lat="49.495843" lon="-119.617937"/>
<trkpt lat="49.495696" lon="-119.617166"/>
<trkpt lat="49.495579" lon="-119.616512"/>
<trkpt lat="49.495554" lon="-119.616378"/>
<trkpt lat="49.495487" lon="-119.616583"/>
<trkpt lat="49.496239" lon="-119.616292"/>
<trkpt lat="49.495793" lon="-119.616264"/>
<trkpt lat="49.495758" lon="-119.616285"/>
<trkpt lat="49.495735" lon="-119.616238"/>
<trkpt lat="49.495673" lon="-119.616401"/>
<trkpt lat="49.495690" lon="-119.616498"/>
<trkpt lat="49.495804" lon="-119.617151"/>
<trkpt lat="49.495829" lon="-119.617276"/>
<trkpt lat="49.496079" lon="-119.618121"/>
<trkpt lat="49.496863" lon="-119.618726"/>
<trkpt lat="49.498622" lon="-119.618132"/>
<trkpt lat="49.499187" lon="-119.617898"/>
<trkpt lat="49.500259" lon="-119.617463"/>
<trkpt lat="49.502424" lon="-119.616662"/>
<trkpt lat="49.505838" lon="-119.615658"/>
<trkpt lat="49.510389" lon="-119.617249"/>
<trkpt lat="49.521677" lon="-119.617947"/>
<trkpt lat="49.525657" lon="-119.617627"/>
<trkpt lat="49.527718" lon="-119.618085"/>
<trkpt lat="49.531012" lon="-119.619413"/>
<trkpt lat="49.532758" lon="-119.620907"/>
<trkpt lat="49.535817" lon="-119.624482"/>
<trkpt lat="49.536889" lon="-119.625049"/>
<trkpt lat="49.539893" lon="-119.625691"/>
<trkpt lat="49.542315" lon="-119.628029"/>
<trkpt lat="49.543068" lon="-119.628819"/>
<trkpt lat="49.544078" lon="-119.629985"/>
<trkpt lat="49.546210" lon="-119.633419"/>
<trkpt lat="49.547174" lon="-119.634067"/>
<trkpt lat="49.548357" lon="-119.634212"/>
<trkpt lat="49.550020" lon="-119.634067"/>
<trkpt lat="49.550277" lon="-119.634090"/>
<trkpt lat="49.551272" lon="-119.634466"/>
<trkpt lat="49.553684" lon="-119.636304"/>
<trkpt lat="49.555895" lon="-119.636930"/>
<trkpt lat="49.558167" lon="-119.638271"/>
<trkpt lat="49.559391" lon="-119.638543"/>
<trkpt lat="49.560462" lon="-119.638350"/>
<trkpt lat="49.561541" lon="-119.637706"/>
<trkpt lat="49.564567" lon="-119.633950"/>
<trkpt lat="49.565794" lon="-119.632556"/>
<trkpt lat="49.567007" lon="-119.631762"/>
</trkseg>
<trkseg>
<trkpt lat="49.570177" lon="-119.630990"/>
<trkpt lat="49.571525" lon="-119.631045"/>
<trkpt lat="49.571672" lon="-119.631675"/>
</trkseg>
<trkseg>
<trkpt lat="49.334665" lon="-117.782342"/>
<trkpt lat="49.335447" lon="-117.778012"/>
<trkpt lat="49.335286" lon="-117.772480"/>
<trkpt lat="49.335553" lon="-117.771330"/>
<trkpt lat="49.335956" lon="-117.770624"/>
<trkpt lat="49.335913" lon="-117.770503"/>
<trkpt lat="49.334634" lon="-117.764569"/>
<trkpt lat="49.334678" lon="-117.763152"/>
<trkpt lat="49.336239" lon="-117.754917"/>
<trkpt lat="49.336227" lon="-117.746595"/>
<trkpt lat="49.336155" lon="-117.741101"/>
<trkpt lat="49.335733" lon="-117.736814"/>
<trkpt lat="49.335437" lon="-117.734110"/>
<trkpt lat="49.334669" lon="-117.730893"/>
<trkpt lat="49.334153" lon="-117.728594"/>
<trkpt lat="49.333787" lon="-117.724375"/>
<trkpt lat="49.333612" lon="-117.716853"/>
<trkpt lat="49.332818" lon="-117.712141"/>
<trkpt lat="49.332438" lon="-117.707349"/>
<trkpt lat="49.331759" lon="-117.703272"/>
<trkpt lat="49.328473" lon="-117.690876"/>
<trkpt lat="49.327681" lon="-117.682927"/>
<trkpt lat="49.327755" lon="-117.678639"/>
<trkpt lat="49.327462" lon="-117.675118"/>
<trkpt lat="49.327430" lon="-117.674629"/>
<trkpt lat="49.327380" lon="-117.674071"/>
<trkpt lat="49.326869" lon="-117.671973"/>
<trkpt lat="49.326626" lon="-117.670957"/>
<trkpt lat="49.326491" lon="-117.670451"/>
<trkpt lat="49.326092" lon="-117.669545"/>
<trkpt lat="49.325337" lon="-117.668948"/>
<trkpt lat="49.324666" lon="-117.668301"/>
<trkpt lat="49.324713" lon="-117.667925"/>
<trkpt lat="49.324793" lon="-117.667380"/>
<trkpt lat="49.326451" lon="-117.667299"/>
<trkpt lat="49.326472" lon="-117.666511"/>
<trkpt lat="49.326467" lon="-117.665396"/>
</trkseg>
<trkseg>
<trkpt lat="49.625240" lon="-116.787980"/>
<trkpt lat="49.623102" lon="-116.784996"/>
<trkpt lat="49.621750" lon="-116.785879"/>
<trkpt lat="49.622585" lon="-116.784246"/>
<trkpt lat="49.622669" lon="-116.781611"/>
<trkpt lat="49.622264" lon="-116.780684"/>
<trkpt lat="49.621873" lon="-116.780690"/>
<trkpt lat="49.622654" lon="-116.776385"/>
<trkpt lat="49.623170" lon="-116.772829"/>
<trkpt lat="49.623491" lon="-116.768259"/>
<trkpt lat="49.624603" lon="-116.764396"/>
<trkpt lat="49.624603" lon="-116.762422"/>
<trkpt lat="49.625437" lon="-116.757701"/>
<trkpt lat="49.625493" lon="-116.755041"/>
<trkpt lat="49.624937" lon="-116.751865"/>
<trkpt lat="49.624821" lon="-116.736774"/>
<trkpt lat="49.624341" lon="-116.735358"/>
<trkpt lat="49.624436" lon="-116.733486"/>
<trkpt lat="49.622880" lon="-116.726288"/>
<trkpt lat="49.623361" lon="-116.725016"/>
<trkpt lat="49.623430" lon="-116.723278"/>
<trkpt lat="49.621298" lon="-116.718069"/>
<trkpt lat="49.620464" lon="-116.717222"/>
<trkpt lat="49.618753" lon="-116.713600"/>
<trkpt lat="49.618028" lon="-116.711337"/>
<trkpt lat="49.617098" lon="-116.709861"/>
<trkpt lat="49.617256" lon="-116.709679"/>
<trkpt lat="49.619690" lon="-116.712396"/>
<trkpt lat="49.619432" lon="-116.711428"/>
<trkpt lat="49.618070" lon="-116.709915"/>
<trkpt lat="49.615757" lon="-116.705409"/>
<trkpt lat="49.615420" lon="-116.705554"/>
<trkpt lat="49.614944" lon="-116.708735"/>
<trkpt lat="49.612597" lon="-116.710333"/>
<trkpt lat="49.611169" lon="-116.711916"/>
<trkpt lat="49.612105" lon="-116.712361"/>
<trkpt lat="49.613948" lon="-116.712201"/>
<trkpt lat="49.614723" lon="-116.712547"/>
<trkpt lat="49.614714" lon="-116.712812"/>
<trkpt lat="49.614205" lon="-116.712726"/>
<trkpt lat="49.607965" lon="-116.714748"/>
<trkpt lat="49.606683" lon="-116.714765"/>
<trkpt lat="49.604900" lon="-116.714599"/>
<trkpt lat="49.603874" lon="-116.714073"/>
<trkpt lat="49.603329" lon="-116.714438"/>
<trkpt lat="49.602716" lon="-116.713825"/>
<trkpt lat="49.600853" lon="-116.713230"/>
<trkpt lat="49.599580" lon="-116.712335"/>
<trkpt lat="49.599581" lon="-116.711788"/>
<trkpt lat="49.599928" lon="-116.711610"/>
<trkpt lat="49.600783" lon="-116.711466"/>
<trkpt lat="49.601659" lon="-116.711879"/>
<trkpt lat="49.603415" lon="-116.711353"/>
<trkpt lat="49.605230" lon="-116.710559"/>
<trkpt lat="49.605773" lon="-116.709636"/>
<trkpt lat="49.605613" lon="-116.709368"/>
<trkpt lat="49.605181" lon="-116.709787"/>
<trkpt lat="49.602525" lon="-116.709293"/>
<trkpt lat="49.600710" lon="-116.708467"/>
<trkpt lat="49.599590" lon="-116.708714"/>
<trkpt lat="49.596677" lon="-116.708038"/>
<trkpt lat="49.595356" lon="-116.707952"/>
<trkpt lat="49.592901" lon="-116.708531"/>
<trkpt lat="49.591106" lon="-116.708231"/>
<trkpt lat="49.590668" lon="-116.707748"/>
<trkpt lat="49.588442" lon="-116.707298"/>
<trkpt lat="49.587385" lon="-116.705688"/>
<trkpt lat="49.585960" lon="-116.704540"/>
<trkpt lat="49.589451" lon="-116.703971"/>
<trkpt lat="49.592021" lon="-116.704041"/>
<trkpt lat="49.588895" lon="-116.702169"/>
<trkpt lat="49.587726" lon="-116.700624"/>
<trkpt lat="49.586702" lon="-116.698468"/>
<trkpt lat="49.586690" lon="-116.698232"/>
<trkpt lat="49.586962" lon="-116.698247"/>
<trkpt lat="49.588924" lon="-116.700251"/>
<trkpt lat="49.587782" lon="-116.697191"/>
<trkpt lat="49.587142" lon="-116.693736"/>
<trkpt lat="49.586168" lon="-116.691784"/>
<trkpt lat="49.584534" lon="-116.690507"/>
<trkpt lat="49.584659" lon="-116.690056"/>
<trkpt lat="49.585709" lon="-116.690646"/>
<trkpt lat="49.585994" lon="-116.690378"/>
<trkpt lat="49.585020" lon="-116.685754"/>
<trkpt lat="49.585090" lon="-116.682106"/>
<trkpt lat="49.584617" lon="-116.680561"/>
<trkpt lat="49.583956" lon="-116.679950"/>
<trkpt lat="49.582329" lon="-116.676076"/>
<trkpt lat="49.581049" lon="-116.675733"/>
<trkpt lat="49.579708" lon="-116.675963"/>
<trkpt lat="49.577904" lon="-116.677686"/>
<trkpt lat="49.576763" lon="-116.678094"/>
<trkpt lat="49.577169" lon="-116.676779"/>
<trkpt lat="49.578031" lon="-116.676178"/>
<trkpt lat="49.579351" lon="-116.674532"/>
<trkpt lat="49.577069" lon="-116.675132"/>
<trkpt lat="49.575261" lon="-116.674918"/>
<trkpt lat="49.574370" lon="-116.674532"/>
<trkpt lat="49.573911" lon="-116.673802"/>
<trkpt lat="49.574871" lon="-116.674102"/>
<trkpt lat="49.575455" lon="-116.673738"/>
<trkpt lat="49.577765" lon="-116.671013"/>
<trkpt lat="49.578656" lon="-116.670755"/>
<trkpt lat="49.579268" lon="-116.669897"/>
<trkpt lat="49.580436" lon="-116.669210"/>
<trkpt lat="49.581494" lon="-116.667751"/>
<trkpt lat="49.583233" lon="-116.666742"/>
<trkpt lat="49.586280" lon="-116.666635"/>
<trkpt lat="49.588853" lon="-116.665455"/>
<trkpt lat="49.593165" lon="-116.664618"/>
<trkpt lat="49.595515" lon="-116.662859"/>
<trkpt lat="49.598019" lon="-116.660284"/>
<trkpt lat="49.603081" lon="-116.657022"/>
<trkpt lat="49.605862" lon="-116.653846"/>
<trkpt lat="49.607698" lon="-116.650499"/>
<trkpt lat="49.608087" lon="-116.649297"/>
<trkpt lat="49.611368" lon="-116.644577"/>
<trkpt lat="49.612703" lon="-116.637710"/>
<trkpt lat="49.613275" lon="-116.630318"/>
<trkpt lat="49.613890" lon="-116.627555"/>
<trkpt lat="49.613651" lon="-116.624460"/>
<trkpt lat="49.614189" lon="-116.621273"/>
<trkpt lat="49.614363" lon="-116.613806"/>
<trkpt lat="49.615302" lon="-116.610834"/>
<trkpt lat="49.615183" lon="-116.609852"/>
<trkpt lat="49.616244" lon="-116.606644"/>
<trkpt lat="49.616150" lon="-116.605089"/>
<trkpt lat="49.616374" lon="-116.603635"/>
<trkpt lat="49.615844" lon="-116.601199"/>
<trkpt lat="49.616707" lon="-116.596683"/>
<trkpt lat="49.616435" lon="-116.594332"/>
<trkpt lat="49.616794" lon="-116.592084"/>
<trkpt lat="49.616466" lon="-116.592002"/>
<trkpt lat="49.615898" lon="-116.593187"/>
<trkpt lat="49.615607" lon="-116.594283"/>
<trkpt lat="49.615680" lon="-116.595231"/>
<trkpt lat="49.615507" lon="-116.595394"/>
<trkpt lat="49.615393" lon="-116.595555"/>
<trkpt lat="49.614782" lon="-116.596112"/>
<trkpt lat="49.613778" lon="-116.591749"/>
<trkpt lat="49.613760" lon="-116.587757"/>
<trkpt lat="49.613426" lon="-116.583036"/>
<trkpt lat="49.610998" lon="-116.578976"/>
<trkpt lat="49.610611" lon="-116.578641"/>
<trkpt lat="49.609476" lon="-116.578537"/>
<trkpt lat="49.608308" lon="-116.577130"/>
<trkpt lat="49.608182" lon="-116.576577"/>
<trkpt lat="49.608404" lon="-116.576095"/>
<trkpt lat="49.609328" lon="-116.575340"/>
<trkpt lat="49.609970" lon="-116.574093"/>
<trkpt lat="49.610683" lon="-116.573689"/>
<trkpt lat="49.610342" lon="-116.573082"/>
<trkpt lat="49.610217" lon="-116.572712"/>
<trkpt lat="49.612641" lon="-116.568861"/>
<trkpt lat="49.612689" lon="-116.567351"/>
<trkpt lat="49.615550" lon="-116.562647"/>
<trkpt lat="49.616956" lon="-116.560973"/>
<trkpt lat="49.617791" lon="-116.560772"/>
<trkpt lat="49.618255" lon="-116.559840"/>
<trkpt lat="49.618740" lon="-116.559641"/>
<trkpt lat="49.618959" lon="-116.557964"/>
<trkpt lat="49.620077" lon="-116.556348"/>
<trkpt lat="49.620465" lon="-116.554323"/>
<trkpt lat="49.621864" lon="-116.550891"/>
<trkpt lat="49.622313" lon="-116.548408"/>
<trkpt lat="49.622804" lon="-116.547504"/>
<trkpt lat="49.624774" lon="-116.545242"/>
<trkpt lat="49.624950" lon="-116.544299"/>
<trkpt lat="49.626037" lon="-116.542856"/>
<trkpt lat="49.627094" lon="-116.542853"/>
<trkpt lat="49.627765" lon="-116.541891"/>
<trkpt lat="49.629895" lon="-116.541414"/>
<trkpt lat="49.630198" lon="-116.540761"/>
<trkpt lat="49.630548" lon="-116.540591"/>
<trkpt lat="49.632078" lon="-116.540798"/>
<trkpt lat="49.633386" lon="-116.539484"/>
<trkpt lat="49.634194" lon="-116.539200"/>
<trkpt lat="49.637004" lon="-116.539949"/>
<trkpt lat="49.637139" lon="-116.540026"/>
<trkpt lat="49.637665" lon="-116.539982"/>
<trkpt lat="49.638718" lon="-116.538977"/>
<trkpt lat="49.639720" lon="-116.539979"/>
<trkpt lat="49.639964" lon="-116.539582"/>
<trkpt lat="49.640004" lon="-116.539420"/>
<trkpt lat="49.639853" lon="-116.537069"/>
<trkpt lat="49.640118" lon="-116.536069"/>
<trkpt lat="49.642150" lon="-116.533584"/>
<trkpt lat="49.643445" lon="-116.533364"/>
<trkpt lat="49.644013" lon="-116.531655"/>
<trkpt lat="49.644165" lon="-116.529105"/>
<trkpt lat="49.645426" lon="-116.527292"/>
<trkpt lat="49.646207" lon="-116.524791"/>
<trkpt lat="49.647593" lon="-116.522699"/>
<trkpt lat="49.648726" lon="-116.522674"/>
<trkpt lat="49.649120" lon="-116.522255"/>
<trkpt lat="49.649253" lon="-116.521713"/>
<trkpt lat="49.648963" lon="-116.519042"/>
<trkpt lat="49.649522" lon="-116.517375"/>
<trkpt lat="49.650578" lon="-116.515992"/>
<trkpt lat="49.652784" lon="-116.516483"/>
<trkpt lat="49.655350" lon="-116.515072"/>
<trkpt lat="49.656690" lon="-116.512828"/>
<trkpt lat="49.658416" lon="-116.508405"/>
<trkpt lat="49.659301" lon="-116.504890"/>
<trkpt lat="49.659441" lon="-116.501910"/>
<trkpt lat="49.660303" lon="-116.499490"/>
<trkpt lat="49.661302" lon="-116.497637"/>
<trkpt lat="49.662315" lon="-116.492818"/>
<trkpt lat="49.662556" lon="-116.492317"/>
<trkpt lat="49.663588" lon="-116.491710"/>
<trkpt lat="49.663739" lon="-116.491121"/>
<trkpt lat="49.663768" lon="-116.490771"/>
<trkpt lat="49.663808" lon="-116.486539"/>
<trkpt lat="49.664439" lon="-116.484800"/>
<trkpt lat="49.664860" lon="-116.482454"/>
<trkpt lat="49.665600" lon="-116.480921"/>
<trkpt lat="49.668313" lon="-116.478149"/>
<trkpt lat="49.669127" lon="-116.475299"/>
<trkpt lat="49.669379" lon="-116.473273"/>
<trkpt lat="49.670490" lon="-116.470295"/>
<trkpt lat="49.670601" lon="-116.469005"/>
<trkpt lat="49.671290" lon="-116.466253"/>
<trkpt lat="49.671703" lon="-116.462340"/>
<trkpt lat="49.671683" lon="-116.459832"/>
<trkpt lat="49.672101" lon="-116.458871"/>
<trkpt lat="49.671687" lon="-116.455022"/>
<trkpt lat="49.671174" lon="-116.453032"/>
<trkpt lat="49.669312" lon="-116.449200"/>
<trkpt lat="49.669345" lon="-116.448535"/>
<trkpt lat="49.669773" lon="-116.447823"/>
<trkpt lat="49.669743" lon="-116.447241"/>
<trkpt lat="49.668417" lon="-116.446411"/>
<trkpt lat="49.666926" lon="-116.443033"/>
<trkpt lat="49.667210" lon="-116.439389"/>
<trkpt lat="49.666700" lon="-116.436254"/>
<trkpt lat="49.664901" lon="-116.432921"/>
<trkpt lat="49.662765" lon="-116.425482"/>
<trkpt lat="49.661625" lon="-116.423985"/>
<trkpt lat="49.661140" lon="-116.422438"/>
<trkpt lat="49.660596" lon="-116.421558"/>
<trkpt lat="49.660704" lon="-116.419686"/>
<trkpt lat="49.659803" lon="-116.415969"/>
<trkpt lat="49.658025" lon="-116.412859"/>
<trkpt lat="49.655345" lon="-116.406006"/>
<trkpt lat="49.653339" lon="-116.404077"/>
<trkpt lat="49.652821" lon="-116.403197"/>
<trkpt lat="49.652699" lon="-116.402187"/>
<trkpt lat="49.652955" lon="-116.399427"/>
<trkpt lat="49.652457" lon="-116.397119"/>
<trkpt lat="49.651540" lon="-116.395482"/>
<trkpt lat="49.650915" lon="-116.392968"/>
<trkpt lat="49.649099" lon="-116.387949"/>
<trkpt lat="49.648681" lon="-116.385405"/>
<trkpt lat="49.647607" lon="-116.383022"/>
<trkpt lat="49.647017" lon="-116.378666"/>
<trkpt lat="49.645758" lon="-116.375371"/>
<trkpt lat="49.644752" lon="-116.370716"/>
<trkpt lat="49.644487" lon="-116.368365"/>
<trkpt lat="49.642472" lon="-116.361784"/>
<trkpt lat="49.642389" lon="-116.359652"/>
<trkpt lat="49.642828" lon="-116.354507"/>
<trkpt lat="49.644110" lon="-116.347426"/>
<trkpt lat="49.647013" lon="-116.343800"/>
<trkpt lat="49.648894" lon="-116.340782"/>
<trkpt lat="49.649061" lon="-116.340156"/>
<trkpt lat="49.648888" lon="-116.338178"/>
<trkpt lat="49.650196" lon="-116.334198"/>
<trkpt lat="49.651098" lon="-116.329863"/>
<trkpt lat="49.651631" lon="-116.329052"/>
<trkpt lat="49.652236" lon="-116.329113"/>
<trkpt lat="49.652718" lon="-116.328987"/>
<trkpt lat="49.653116" lon="-116.328222"/>
<trkpt lat="49.651574" lon="-116.326767"/>
<trkpt lat="49.650096" lon="-116.324627"/>
<trkpt lat="49.646827" lon="-116.322456"/>
<trkpt lat="49.645018" lon="-116.320666"/>
<trkpt lat="49.644494" lon="-116.319551"/>
<trkpt lat="49.642032" lon="-116.316206"/>
<trkpt lat="49.641404" lon="-116.314830"/>
<trkpt lat="49.640327" lon="-116.313793"/>
<trkpt lat="49.639699" lon="-116.311018"/>
<trkpt lat="49.638597" lon="-116.310230"/>
<trkpt lat="49.637739" lon="-116.308206"/>
<trkpt lat="49.637342" lon="-116.304999"/>
<trkpt lat="49.636074" lon="-116.302053"/>
<trkpt lat="49.635106" lon="-116.301042"/>
<trkpt lat="49.634559" lon="-116.299845"/>
<trkpt lat="49.633447" lon="-116.298906"/>
<trkpt lat="49.632936" lon="-116.297805"/>
<trkpt lat="49.632722" lon="-116.296548"/>
<trkpt lat="49.632052" lon="-116.295796"/>
<trkpt lat="49.631032" lon="-116.293692"/>
<trkpt lat="49.629574" lon="-116.292190"/>
<trkpt lat="49.628308" lon="-116.289522"/>
<trkpt lat="49.627646" lon="-116.288687"/>
<trkpt lat="49.627179" lon="-116.287364"/>
<trkpt lat="49.626851" lon="-116.286663"/>
<trkpt lat="49.625690" lon="-116.282249"/>
<trkpt lat="49.625454" lon="-116.281893"/>
<trkpt lat="49.624600" lon="-116.281836"/>
<trkpt lat="49.624480" lon="-116.281492"/>
<trkpt lat="49.624257" lon="-116.278851"/>
<trkpt lat="49.625144" lon="-116.276899"/>
<trkpt lat="49.624915" lon="-116.276224"/>
<trkpt lat="49.624373" lon="-116.275817"/>
<trkpt lat="49.623952" lon="-116.274701"/>
<trkpt lat="49.623962" lon="-116.272181"/>
<trkpt lat="49.623560" lon="-116.270886"/>
<trkpt lat="49.623426" lon="-116.268285"/>
<trkpt lat="49.623422" lon="-116.266180"/>
<trkpt lat="49.623736" lon="-116.264583"/>
<trkpt lat="49.623626" lon="-116.262882"/>
<trkpt lat="49.622594" lon="-116.260461"/>
<trkpt lat="49.622674" lon="-116.257538"/>
<trkpt lat="49.622230" lon="-116.255648"/>
<trkpt lat="49.621453" lon="-116.253666"/>
<trkpt lat="49.621552" lon="-116.252253"/>
<trkpt lat="49.619912" lon="-116.250437"/>
<trkpt lat="49.619372" lon="-116.249033"/>
<trkpt lat="49.618243" lon="-116.248344"/>
<trkpt lat="49.617407" lon="-116.246931"/>
<trkpt lat="49.617222" lon="-116.246172"/>
<trkpt lat="49.617332" lon="-116.243665"/>
<trkpt lat="49.616840" lon="-116.240032"/>
<trkpt lat="49.616884" lon="-116.237138"/>
<trkpt lat="49.617516" lon="-116.236076"/>
<trkpt lat="49.617645" lon="-116.235298"/>
<trkpt lat="49.617393" lon="-116.233807"/>
<trkpt lat="49.617731" lon="-116.230493"/>
<trkpt lat="49.617460" lon="-116.223700"/>
<trkpt lat="49.617555" lon="-116.221774"/>
<trkpt lat="49.618019" lon="-116.219380"/>
<trkpt lat="49.618019" lon="-116.219079"/>
<trkpt lat="49.618027" lon="-116.208385"/>
<trkpt lat="49.618433" lon="-116.205563"/>
<trkpt lat="49.619250" lon="-116.202833"/>
<trkpt lat="49.619319" lon="-116.200810"/>
<trkpt lat="49.618562" lon="-116.197991"/>
<trkpt lat="49.617248" lon="-116.195880"/>
<trkpt lat="49.616904" lon="-116.194847"/>
<trkpt lat="49.616341" lon="-116.192181"/>
<trkpt lat="49.616082" lon="-116.189416"/>
<trkpt lat="49.614553" lon="-116.184196"/>
<trkpt lat="49.614265" lon="-116.179313"/>
<trkpt lat="49.612197" lon="-116.168691"/>
<trkpt lat="49.611991" lon="-116.167435"/>
<trkpt lat="49.612066" lon="-116.166302"/>
<trkpt lat="49.613853" lon="-116.160286"/>
<trkpt lat="49.614183" lon="-116.156095"/>
<trkpt lat="49.614945" lon="-116.152928"/>
<trkpt lat="49.615263" lon="-116.149185"/>
<trkpt lat="49.616385" lon="-116.146344"/>
<trkpt lat="49.617027" lon="-116.140090"/>
<trkpt lat="49.618254" lon="-116.135814"/>
<trkpt lat="49.619183" lon="-116.134555"/>
<trkpt lat="49.619425" lon="-116.133761"/>
<trkpt lat="49.619653" lon="-116.129495"/>
<trkpt lat="49.621174" lon="-116.125949"/>
<trkpt lat="49.622170" lon="-116.121059"/>
<trkpt lat="49.622951" lon="-116.115283"/>
<trkpt lat="49.623165" lon="-116.110067"/>
<trkpt lat="49.623928" lon="-116.109089"/>
<trkpt lat="49.624152" lon="-116.108395"/>
<trkpt lat="49.624153" lon="-116.107763"/>
<trkpt lat="49.623486" lon="-116.105731"/>
<trkpt lat="49.623391" lon="-116.104439"/>
<trkpt lat="49.623921" lon="-116.097945"/>
<trkpt lat="49.623752" lon="-116.085646"/>
<trkpt lat="49.623956" lon="-116.080923"/>
<trkpt lat="49.624730" lon="-116.077558"/>
<trkpt lat="49.624956" lon="-116.072707"/>
<trkpt lat="49.626575" lon="-116.069405"/>
<trkpt lat="49.627091" lon="-116.063993"/>
<trkpt lat="49.628096" lon="-116.061598"/>
<trkpt lat="49.629036" lon="-116.060013"/>
<trkpt lat="49.629495" lon="-116.057860"/>
<trkpt lat="49.629522" lon="-116.057434"/>
<trkpt lat="49.629934" lon="-116.052868"/>
<trkpt lat="49.632520" lon="-116.044298"/>
<trkpt lat="49.633796" lon="-116.037308"/>
<trkpt lat="49.634474" lon="-116.034779"/>
<trkpt lat="49.634415" lon="-116.033697"/>
<trkpt lat="49.633682" lon="-116.031754"/>
<trkpt lat="49.633616" lon="-116.030772"/>
<trkpt lat="49.633942" lon="-116.029605"/>
<trkpt lat="49.634876" lon="-116.027906"/>
<trkpt lat="49.635108" lon="-116.025788"/>
<trkpt lat="49.633785" lon="-116.021589"/>
<trkpt lat="49.632628" lon="-116.019983"/>
<trkpt lat="49.632416" lon="-116.018716"/>
<trkpt lat="49.632740" lon="-116.015703"/>
<trkpt lat="49.633715" lon="-116.013801"/>
<trkpt lat="49.634359" lon="-116.011375"/>
<trkpt lat="49.635384" lon="-116.009206"/>
<trkpt lat="49.635122" lon="-116.004240"/>
<trkpt lat="49.635371" lon="-116.001875"/>
<trkpt lat="49.634910" lon="-116.000369"/>
<trkpt lat="49.635160" lon="-115.997673"/>
<trkpt lat="49.636706" lon="-115.997158"/>
<trkpt lat="49.637380" lon="-115.997322"/>
<trkpt lat="49.637511" lon="-116.000080"/>
<trkpt lat="49.637913" lon="-116.001482"/>
<trkpt lat="49.639207" lon="-116.003001"/>
<trkpt lat="49.639444" lon="-116.004419"/>
<trkpt lat="49.640265" lon="-116.006499"/>
<trkpt lat="49.642140" lon="-116.007707"/>
<trkpt lat="49.643619" lon="-116.010859"/>
<trkpt lat="49.643696" lon="-116.012375"/>
<trkpt lat="49.643488" lon="-116.013473"/>
<trkpt lat="49.645366" lon="-116.012700"/>
<trkpt lat="49.645956" lon="-116.012775"/>
<trkpt lat="49.646259" lon="-116.014777"/>
<trkpt lat="49.646998" lon="-116.016212"/>
<trkpt lat="49.646960" lon="-116.019281"/>
<trkpt lat="49.647196" lon="-116.020135"/>
<trkpt lat="49.649368" lon="-116.018302"/>
<trkpt lat="49.650427" lon="-116.016870"/>
<trkpt lat="49.651503" lon="-116.015522"/>
<trkpt lat="49.654668" lon="-116.012956"/>
<trkpt lat="49.655952" lon="-116.012608"/>
<trkpt lat="49.657192" lon="-116.013667"/>
<trkpt lat="49.658656" lon="-116.012637"/>
<trkpt lat="49.659081" lon="-116.009840"/>
<trkpt lat="49.658361" lon="-116.007137"/>
<trkpt lat="49.658289" lon="-116.004603"/>
<trkpt lat="49.658854" lon="-116.003637"/>
<trkpt lat="49.659498" lon="-116.003187"/>
<trkpt lat="49.661371" lon="-116.002715"/>
<trkpt lat="49.661826" lon="-115.999898"/>
<trkpt lat="49.662413" lon="-115.998660"/>
<trkpt lat="49.662261" lon="-115.997244"/>
<trkpt lat="49.661632" lon="-115.995736"/>
<trkpt lat="49.661623" lon="-115.995040"/>
<trkpt lat="49.662412" lon="-115.993938"/>
<trkpt lat="49.663519" lon="-115.993018"/>
<trkpt lat="49.663872" lon="-115.991490"/>
<trkpt lat="49.667994" lon="-115.988367"/>
<trkpt lat="49.668593" lon="-115.988730"/>
<trkpt lat="49.669704" lon="-115.988625"/>
<trkpt lat="49.669628" lon="-115.987885"/>
<trkpt lat="49.670590" lon="-115.988594"/>
<trkpt lat="49.671981" lon="-115.988906"/>
<trkpt lat="49.673322" lon="-115.987148"/>
<trkpt lat="49.673774" lon="-115.987044"/>
<trkpt lat="49.674022" lon="-115.986052"/>
<trkpt lat="49.674749" lon="-115.985791"/>
<trkpt lat="49.676257" lon="-115.983970"/>
<trkpt lat="49.677092" lon="-115.983678"/>
</trkseg>
<trkseg>
<trkpt lat="49.677353" lon="-115.983817"/>
<trkpt lat="49.678494" lon="-115.983448"/>
<trkpt lat="49.679972" lon="-115.983656"/>
<trkpt lat="49.682125" lon="-115.984424"/>
<trkpt lat="49.682282" lon="-115.983838"/>
<trkpt lat="49.682840" lon="-115.984185"/>
<trkpt lat="49.683077" lon="-115.984810"/>
<trkpt lat="49.683630" lon="-115.984552"/>
<trkpt lat="49.684196" lon="-115.985135"/>
<trkpt lat="49.684455" lon="-115.985520"/>
<trkpt lat="49.684959" lon="-115.985222"/>
<trkpt lat="49.685231" lon="-115.985685"/>
</trkseg>
<trkseg>
<trkpt lat="49.685367" lon="-115.985321"/>
<trkpt lat="49.685538" lon="-115.985534"/>
<trkpt lat="49.686109" lon="-115.985340"/>
<trkpt lat="49.686305" lon="-115.985384"/>
</trkseg>
<trkseg>
<trkpt lat="49.686305" lon="-115.985384"/>
<trkpt lat="49.686391" lon="-115.985557"/>
</trkseg>
<trkseg>
<trkpt lat="49.686305" lon="-115.985384"/>
<trkpt lat="49.685498" lon="-115.982357"/>
<trkpt lat="49.684701" lon="-115.983054"/>
<trkpt lat="49.684385" lon="-115.981835"/>
<trkpt lat="49.683436" lon="-115.982427"/>
<trkpt lat="49.683158" lon="-115.981485"/>
<trkpt lat="49.681688" lon="-115.980189"/>
<trkpt lat="49.681228" lon="-115.980213"/>
<trkpt lat="49.676090" lon="-115.977206"/>
</trkseg>
<trkseg>
<trkpt lat="49.414052" lon="-115.422090"/>
<trkpt lat="49.414114" lon="-115.426451"/>
<trkpt lat="49.414425" lon="-115.429482"/>
<trkpt lat="49.414889" lon="-115.430265"/>
<trkpt lat="49.416171" lon="-115.431033"/>
<trkpt lat="49.416224" lon="-115.431525"/>
<trkpt lat="49.415895" lon="-115.431914"/>
<trkpt lat="49.414907" lon="-115.431829"/>
<trkpt lat="49.413208" lon="-115.432735"/>
<trkpt lat="49.411912" lon="-115.432855"/>
<trkpt lat="49.411502" lon="-115.433652"/>
<trkpt lat="49.411375" lon="-115.435209"/>
<trkpt lat="49.410943" lon="-115.437056"/>
<trkpt lat="49.411136" lon="-115.439197"/>
<trkpt lat="49.410846" lon="-115.439926"/>
<trkpt lat="49.410336" lon="-115.440200"/>
<trkpt lat="49.407003" lon="-115.438730"/>
<trkpt lat="49.406106" lon="-115.439245"/>
<trkpt lat="49.404566" lon="-115.438124"/>
<trkpt lat="49.403624" lon="-115.437046"/>
<trkpt lat="49.398744" lon="-115.439192"/>
<trkpt lat="49.396829" lon="-115.438499"/>
<trkpt lat="49.395783" lon="-115.438631"/>
<trkpt lat="49.394315" lon="-115.441852"/>
<trkpt lat="49.392854" lon="-115.442378"/>
<trkpt lat="49.392374" lon="-115.443242"/>
<trkpt lat="49.389992" lon="-115.443110"/>
<trkpt lat="49.389308" lon="-115.441764"/>
<trkpt lat="49.389393" lon="-115.440790"/>
<trkpt lat="49.389085" lon="-115.439460"/>
<trkpt lat="49.388344" lon="-115.439213"/>
<trkpt lat="49.387908" lon="-115.439567"/>
<trkpt lat="49.387304" lon="-115.440769"/>
<trkpt lat="49.382771" lon="-115.442796"/>
<trkpt lat="49.380190" lon="-115.444336"/>
<trkpt lat="49.378252" lon="-115.443365"/>
<trkpt lat="49.377910" lon="-115.442785"/>
<trkpt lat="49.376946" lon="-115.442946"/>
<trkpt lat="49.375270" lon="-115.441229"/>
<trkpt lat="49.374417" lon="-115.440972"/>
<trkpt lat="49.373118" lon="-115.438976"/>
<trkpt lat="49.372873" lon="-115.437281"/>
<trkpt lat="49.371867" lon="-115.435586"/>
<trkpt lat="49.370792" lon="-115.434792"/>
<trkpt lat="49.369988" lon="-115.433623"/>
<trkpt lat="49.368528" lon="-115.430061"/>
<trkpt lat="49.367515" lon="-115.424267"/>
<trkpt lat="49.367669" lon="-115.422980"/>
<trkpt lat="49.368577" lon="-115.421499"/>
<trkpt lat="49.368863" lon="-115.415963"/>
<trkpt lat="49.369199" lon="-115.415223"/>
<trkpt lat="49.368856" lon="-115.413216"/>
<trkpt lat="49.368360" lon="-115.412004"/>
<trkpt lat="49.365901" lon="-115.409451"/>
<trkpt lat="49.362841" lon="-115.404848"/>
<trkpt lat="49.361352" lon="-115.403646"/>
<trkpt lat="49.360018" lon="-115.400943"/>
<trkpt lat="49.359144" lon="-115.399784"/>
<trkpt lat="49.357222" lon="-115.398314"/>
<trkpt lat="49.355084" lon="-115.397166"/>
<trkpt lat="49.353938" lon="-115.395578"/>
<trkpt lat="49.353470" lon="-115.394473"/>
<trkpt lat="49.353050" lon="-115.392188"/>
<trkpt lat="49.352386" lon="-115.390986"/>
<trkpt lat="49.352072" lon="-115.389774"/>
<trkpt lat="49.350884" lon="-115.388733"/>
<trkpt lat="49.350548" lon="-115.387349"/>
<trkpt lat="49.349276" lon="-115.384549"/>
<trkpt lat="49.347103" lon="-115.383358"/>
<trkpt lat="49.346208" lon="-115.381599"/>
<trkpt lat="49.340525" lon="-115.375408"/>
<trkpt lat="49.338491" lon="-115.371707"/>
<trkpt lat="49.337603" lon="-115.371374"/>
<trkpt lat="49.334869" lon="-115.369421"/>
<trkpt lat="49.333562" lon="-115.368059"/>
<trkpt lat="49.332912" lon="-115.368005"/>
<trkpt lat="49.331325" lon="-115.366857"/>
<trkpt lat="49.329570" lon="-115.365130"/>
<trkpt lat="49.327108" lon="-115.366171"/>
<trkpt lat="49.325864" lon="-115.365977"/>
<trkpt lat="49.324808" lon="-115.367093"/>
<trkpt lat="49.320864" lon="-115.366964"/>
<trkpt lat="49.319969" lon="-115.367586"/>
<trkpt lat="49.318513" lon="-115.367608"/>
<trkpt lat="49.317455" lon="-115.367334"/>
<trkpt lat="49.316122" lon="-115.367503"/>
<trkpt lat="49.314192" lon="-115.366544"/>
<trkpt lat="49.313052" lon="-115.366607"/>
<trkpt lat="49.311039" lon="-115.365911"/>
<trkpt lat="49.308985" lon="-115.366175"/>
<trkpt lat="49.307817" lon="-115.365574"/>
<trkpt lat="49.304780" lon="-115.364868"/>
<trkpt lat="49.303949" lon="-115.364310"/>
<trkpt lat="49.303550" lon="-115.364773"/>
<trkpt lat="49.302520" lon="-115.365104"/>
<trkpt lat="49.302041" lon="-115.366815"/>
<trkpt lat="49.300479" lon="-115.367028"/>
<trkpt lat="49.298555" lon="-115.364763"/>
<trkpt lat="49.297559" lon="-115.362434"/>
<trkpt lat="49.297031" lon="-115.362292"/>
<trkpt lat="49.295373" lon="-115.359363"/>
<trkpt lat="49.290529" lon="-115.354789"/>
<trkpt lat="49.289978" lon="-115.353741"/>
<trkpt lat="49.289495" lon="-115.351960"/>
<trkpt lat="49.289752" lon="-115.351660"/>
<trkpt lat="49.290521" lon="-115.346911"/>
<trkpt lat="49.288878" lon="-115.343011"/>
<trkpt lat="49.288116" lon="-115.341726"/>
<trkpt lat="49.287811" lon="-115.340599"/>
<trkpt lat="49.287451" lon="-115.336116"/>
<trkpt lat="49.286945" lon="-115.333650"/>
<trkpt lat="49.285884" lon="-115.331313"/>
<trkpt lat="49.284671" lon="-115.325937"/>
<trkpt lat="49.284782" lon="-115.324141"/>
<trkpt lat="49.284484" lon="-115.322855"/>
<trkpt lat="49.284637" lon="-115.320603"/>
<trkpt lat="49.284408" lon="-115.318425"/>
<trkpt lat="49.283521" lon="-115.316066"/>
<trkpt lat="49.281698" lon="-115.313824"/>
<trkpt lat="49.280804" lon="-115.313526"/>
<trkpt lat="49.280111" lon="-115.311571"/>
<trkpt lat="49.279965" lon="-115.311306"/>
<trkpt lat="49.279768" lon="-115.311452"/>
<trkpt lat="49.279132" lon="-115.310538"/>
<trkpt lat="49.276596" lon="-115.311051"/>
<trkpt lat="49.275993" lon="-115.310881"/>
<trkpt lat="49.273172" lon="-115.307566"/>
<trkpt lat="49.272103" lon="-115.305547"/>
<trkpt lat="49.268910" lon="-115.303048"/>
<trkpt lat="49.268233" lon="-115.301818"/>
<trkpt lat="49.261417" lon="-115.282666"/>
<trkpt lat="49.260912" lon="-115.278823"/>
<trkpt lat="49.261221" lon="-115.274678"/>
<trkpt lat="49.261530" lon="-115.271945"/>
<trkpt lat="49.262800" lon="-115.259813"/>
<trkpt lat="49.262632" lon="-115.258010"/>
<trkpt lat="49.262043" lon="-115.255135"/>
<trkpt lat="49.261091" lon="-115.252946"/>
<trkpt lat="49.258122" lon="-115.248998"/>
<trkpt lat="49.255966" lon="-115.245050"/>
<trkpt lat="49.254843" lon="-115.240357"/>
<trkpt lat="49.254588" lon="-115.236096"/>
<trkpt lat="49.254221" lon="-115.236186"/>
<trkpt lat="49.254158" lon="-115.237420"/>
<trkpt lat="49.253170" lon="-115.237387"/>
<trkpt lat="49.252302" lon="-115.236840"/>
<trkpt lat="49.251707" lon="-115.235864"/>
<trkpt lat="49.251405" lon="-115.234769"/>
<trkpt lat="49.250819" lon="-115.235051"/>
<trkpt lat="49.251482" lon="-115.237211"/>
<trkpt lat="49.251542" lon="-115.238440"/>
<trkpt lat="49.250324" lon="-115.239044"/>
<trkpt lat="49.249955" lon="-115.240699"/>
<trkpt lat="49.249608" lon="-115.241220"/>
<trkpt lat="49.247693" lon="-115.240717"/>
<trkpt lat="49.247812" lon="-115.240162"/>
<trkpt lat="49.247644" lon="-115.239842"/>
<trkpt lat="49.246921" lon="-115.239025"/>
<trkpt lat="49.246529" lon="-115.239367"/>
<trkpt lat="49.243883" lon="-115.239286"/>
<trkpt lat="49.242985" lon="-115.238784"/>
<trkpt lat="49.241794" lon="-115.236971"/>
<trkpt lat="49.240944" lon="-115.236491"/>
<trkpt lat="49.240317" lon="-115.237677"/>
<trkpt lat="49.240474" lon="-115.236169"/>
<trkpt lat="49.240349" lon="-115.235070"/>
<trkpt lat="49.237552" lon="-115.224646"/>
<trkpt lat="49.236970" lon="-115.223654"/>
<trkpt lat="49.236865" lon="-115.222771"/>
<trkpt lat="49.236326" lon="-115.222775"/>
<trkpt lat="49.233331" lon="-115.219739"/>
<trkpt lat="49.233496" lon="-115.215586"/>
<trkpt lat="49.233594" lon="-115.211917"/>
<trkpt lat="49.234189" lon="-115.210608"/>
<trkpt lat="49.235044" lon="-115.205094"/>
<trkpt lat="49.235604" lon="-115.203398"/>
<trkpt lat="49.236851" lon="-115.200480"/>
<trkpt lat="49.238056" lon="-115.198452"/>
<trkpt lat="49.240788" lon="-115.194418"/>
<trkpt lat="49.242854" lon="-115.191940"/>
<trkpt lat="49.242736" lon="-115.191416"/>
<trkpt lat="49.243116" lon="-115.190431"/>
<trkpt lat="49.242549" lon="-115.189647"/>
<trkpt lat="49.238800" lon="-115.190155"/>
<trkpt lat="49.236586" lon="-115.192465"/>
<trkpt lat="49.234960" lon="-115.191872"/>
<trkpt lat="49.234420" lon="-115.191056"/>
<trkpt lat="49.233625" lon="-115.187135"/>
<trkpt lat="49.233016" lon="-115.185801"/>
<trkpt lat="49.233327" lon="-115.181965"/>
<trkpt lat="49.233286" lon="-115.179157"/>
<trkpt lat="49.233818" lon="-115.174929"/>
<trkpt lat="49.233632" lon="-115.174113"/>
<trkpt lat="49.233735" lon="-115.172609"/>
<trkpt lat="49.234213" lon="-115.169440"/>
<trkpt lat="49.233341" lon="-115.166389"/>
<trkpt lat="49.233466" lon="-115.165403"/>
<trkpt lat="49.237658" lon="-115.160242"/>
<trkpt lat="49.239015" lon="-115.160956"/>
<trkpt lat="49.239748" lon="-115.160620"/>
<trkpt lat="49.240235" lon="-115.160893"/>
<trkpt lat="49.242217" lon="-115.159818"/>
<trkpt lat="49.242280" lon="-115.159399"/>
<trkpt lat="49.243002" lon="-115.159131"/>
<trkpt lat="49.243030" lon="-115.158745"/>
<trkpt lat="49.242953" lon="-115.157661"/>
<trkpt lat="49.242336" lon="-115.155676"/>
<trkpt lat="49.241222" lon="-115.153423"/>
<trkpt lat="49.241089" lon="-115.150955"/>
<trkpt lat="49.241594" lon="-115.145881"/>
<trkpt lat="49.241229" lon="-115.141289"/>
<trkpt lat="49.240697" lon="-115.140131"/>
<trkpt lat="49.240886" lon="-115.138414"/>
<trkpt lat="49.240625" lon="-115.136128"/>
<trkpt lat="49.240424" lon="-115.134643"/>
<trkpt lat="49.241851" lon="-115.133652"/>
<trkpt lat="49.242906" lon="-115.133389"/>
<trkpt lat="49.245859" lon="-115.133757"/>
<trkpt lat="49.247729" lon="-115.133099"/>
<trkpt lat="49.250000" lon="-115.133190"/>
<trkpt lat="49.250605" lon="-115.132842"/>
<trkpt lat="49.251596" lon="-115.133122"/>
<trkpt lat="49.253987" lon="-115.132939"/>
<trkpt lat="49.256202" lon="-115.132034"/>
<trkpt lat="49.257496" lon="-115.132292"/>
<trkpt lat="49.259746" lon="-115.131231"/>
<trkpt lat="49.262985" lon="-115.125799"/>
<trkpt lat="49.263883" lon="-115.123250"/>
<trkpt lat="49.265314" lon="-115.122435"/>
<trkpt lat="49.266467" lon="-115.122273"/>
<trkpt lat="49.269477" lon="-115.122240"/>
<trkpt lat="49.269431" lon="-115.121023"/>
<trkpt lat="49.270481" lon="-115.120113"/>
<trkpt lat="49.271174" lon="-115.119695"/>
<trkpt lat="49.272424" lon="-115.120019"/>
<trkpt lat="49.274107" lon="-115.120988"/>
<trkpt lat="49.275149" lon="-115.122036"/>
<trkpt lat="49.275761" lon="-115.123233"/>
<trkpt lat="49.277150" lon="-115.123404"/>
<trkpt lat="49.279727" lon="-115.121885"/>
<trkpt lat="49.280434" lon="-115.121669"/>
</trkseg>
<trkseg>
<trkpt lat="49.280440" lon="-115.121746"/>
<trkpt lat="49.280487" lon="-115.122280"/>
<trkpt lat="49.281969" lon="-115.122023"/>
<trkpt lat="49.284064" lon="-115.120903"/>
<trkpt lat="49.286443" lon="-115.121343"/>
<trkpt lat="49.287738" lon="-115.120191"/>
<trkpt lat="49.289089" lon="-115.120153"/>
<trkpt lat="49.289827" lon="-115.119212"/>
<trkpt lat="49.291425" lon="-115.118114"/>
<trkpt lat="49.292339" lon="-115.118260"/>
<trkpt lat="49.294371" lon="-115.117205"/>
<trkpt lat="49.294806" lon="-115.117338"/>
<trkpt lat="49.295390" lon="-115.115687"/>
<trkpt lat="49.296220" lon="-115.114984"/>
<trkpt lat="49.297205" lon="-115.114958"/>
<trkpt lat="49.299665" lon="-115.115848"/>
<trkpt lat="49.299095" lon="-115.114913"/>
<trkpt lat="49.299055" lon="-115.110954"/>
</trkseg>
<trkseg>
<trkpt lat="49.299055" lon="-115.110954"/>
<trkpt lat="49.296048" lon="-115.111001"/>
<trkpt lat="49.296013" lon="-115.108518"/>
<trkpt lat="49.295853" lon="-115.108052"/>
<trkpt lat="49.294296" lon="-115.106759"/>
<trkpt lat="49.293494" lon="-115.106625"/>
<trkpt lat="49.294012" lon="-115.106217"/>
<trkpt lat="49.295702" lon="-115.107129"/>
<trkpt lat="49.296615" lon="-115.106775"/>
<trkpt lat="49.297297" lon="-115.106603"/>
</trkseg>
<trkseg>
<trkpt lat="49.299053" lon="-115.110353"/>
<trkpt lat="49.299055" lon="-115.110954"/>
</trkseg>
</trk>
</gpx>