<?xml version="1.0" encoding="UTF-8"?>
<gpx xmlns:gpxdata="http://www.cluetrust.com/XML/GPXDATA/1/0" xmlns:xsi="http://www.w3.org/2001/XMLSchema-instance" xmlns="http://www.topografix.com/GPX/1/1" version="1.1" creator="http://ridewithgps.com/" xsi:schemaLocation="http://www.topografix.com/GPX/1/1 http://www.topografix.com/GPX/1/1/gpx.xsd http://www.cluetrust.com/XML/GPXDATA/1/0 http://www.cluetrust.com/Schemas/gpxdata10.xsd">
  <trk>
    <name>Sea to Sky Trail: Whistler to Squamish (sample)</name>
    <trkseg>
      <trkpt lat="50.079606" lon="-123.041988">
        <ele>615.6</ele>
      </trkpt>
      <trkpt lat="50.079606" lon="-123.041988">
        <ele>615.7</ele>
      </trkpt>
      <trkpt lat="50.07968" lon="-123.04178">
        <ele>615.4</ele>
      </trkpt>
      <trkpt lat="50.079884" lon="-123.04206">
        <ele>615.5</ele>
      </trkpt>
      <trkpt lat="50.08005" lon="-123.042292">
        <ele>616.0</ele>
      </trkpt>
      <trkpt lat="50.080028" lon="-123.042601">
        <ele>616.9</ele>
      </trkpt>
      <trkpt lat="50.07986" lon="-123.042873">
        <ele>617.9</ele>
      </trkpt>
      <trkpt lat="50.079706" lon="-123.042946">
        <ele>617.7</ele>
      </trkpt>
      <trkpt lat="50.079701" lon="-123.04294">
        <ele>617.6</ele>
      </trkpt>
      <trkpt lat="50.079701" lon="-123.04294">
        <ele>618.1</ele>
      </trkpt>
      <trkpt lat="50.079701" lon="-123.04294">
        <ele>618.1</ele>
      </trkpt>
      <trkpt lat="50.07968" lon="-123.043013">
        <ele>618.2</ele>
      </trkpt>
      <trkpt lat="50.079718" lon="-123.043343">
        <ele>618.6</ele>
      </trkpt>
      <trkpt lat="50.0799" lon="-123.043693">
        <ele>619.0</ele>
      </trkpt>
      <trkpt lat="50.08007" lon="-123.044158">
        <ele>618.4</ele>
      </trkpt>
      <trkpt lat="50.079843" lon="-123.044618">
        <ele>617.8</ele>
      </trkpt>
      <trkpt lat="50.079593" lon="-123.0449">
        <ele>618.0</ele>
      </trkpt>
      <trkpt lat="50.079326" lon="-123.045091">
        <ele>618.5</ele>
      </trkpt>
      <trkpt lat="50.079096" lon="-123.045281">
        <ele>618.8</ele>
      </trkpt>
      <trkpt lat="50.079213" lon="-123.045598">
        <ele>616.9</ele>
      </trkpt>
      <trkpt lat="50.079441" lon="-123.045761">
        <ele>614.6</ele>
      </trkpt>
      <trkpt lat="50.079876" lon="-123.04557">
        <ele>611.8</ele>
      </trkpt>
      <trkpt lat="50.080101" lon="-123.045711">
        <ele>608.0</ele>
      </trkpt>
      <trkpt lat="50.0799" lon="-123.045818">
        <ele>608.1</ele>
      </trkpt>
      <trkpt lat="50.079853" lon="-123.045778">
        <ele>609.0</ele>
      </trkpt>
      <trkpt lat="50.080216" lon="-123.045611">
        <ele>608.0</ele>
      </trkpt>
      <trkpt lat="50.080641" lon="-123.045361">
        <ele>606.3</ele>
      </trkpt>
      <trkpt lat="50.0809" lon="-123.045293">
        <ele>605.1</ele>
      </trkpt>
      <trkpt lat="50.081013" lon="-123.0455">
        <ele>604.2</ele>
      </trkpt>
      <trkpt lat="50.081015" lon="-123.045745">
        <ele>604.0</ele>
      </trkpt>
      <trkpt lat="50.081175" lon="-123.045965">
        <ele>604.1</ele>
      </trkpt>
      <trkpt lat="50.081275" lon="-123.046323">
        <ele>600.5</ele>
      </trkpt>
      <trkpt lat="50.081248" lon="-123.046596">
        <ele>595.1</ele>
      </trkpt>
      <trkpt lat="50.081121" lon="-123.046865">
        <ele>594.1</ele>
      </trkpt>
      <trkpt lat="50.081081" lon="-123.047218">
        <ele>593.7</ele>
      </trkpt>
      <trkpt lat="50.081031" lon="-123.047603">
        <ele>593.1</ele>
      </trkpt>
      <trkpt lat="50.08117" lon="-123.047855">
        <ele>593.9</ele>
      </trkpt>
      <trkpt lat="50.081418" lon="-123.048096">
        <ele>594.5</ele>
      </trkpt>
      <trkpt lat="50.081635" lon="-123.048371">
        <ele>594.6</ele>
      </trkpt>
      <trkpt lat="50.081806" lon="-123.048513">
        <ele>594.4</ele>
      </trkpt>
      <trkpt lat="50.081925" lon="-123.04875">
        <ele>592.4</ele>
      </trkpt>
      <trkpt lat="50.082001" lon="-123.04907">
        <ele>591.3</ele>
      </trkpt>
      <trkpt lat="50.082093" lon="-123.049366">
        <ele>589.4</ele>
      </trkpt>
      <trkpt lat="50.082243" lon="-123.049753">
        <ele>587.0</ele>
      </trkpt>
      <trkpt lat="50.082453" lon="-123.049911">
        <ele>586.1</ele>
      </trkpt>
      <trkpt lat="50.082671" lon="-123.050043">
        <ele>584.4</ele>
      </trkpt>
      <trkpt lat="50.082691" lon="-123.050241">
        <ele>582.7</ele>
      </trkpt>
      <trkpt lat="50.08249" lon="-123.050628">
        <ele>581.4</ele>
      </trkpt>
      <trkpt lat="50.08249" lon="-123.050628">
        <ele>581.3</ele>
      </trkpt>
      <trkpt lat="50.082458" lon="-123.050741">
        <ele>580.4</ele>
      </trkpt>
      <trkpt lat="50.08219" lon="-123.050896">
        <ele>577.4</ele>
      </trkpt>
      <trkpt lat="50.081996" lon="-123.05103">
        <ele>575.0</ele>
      </trkpt>
      <trkpt lat="50.081716" lon="-123.051218">
        <ele>573.6</ele>
      </trkpt>
      <trkpt lat="50.08161" lon="-123.051193">
        <ele>573.1</ele>
      </trkpt>
      <trkpt lat="50.08158" lon="-123.051158">
        <ele>573.1</ele>
      </trkpt>
      <trkpt lat="50.08158" lon="-123.051158">
        <ele>573.2</ele>
      </trkpt>
      <trkpt lat="50.081501" lon="-123.051175">
        <ele>573.3</ele>
      </trkpt>
      <trkpt lat="50.081335" lon="-123.05134">
        <ele>573.9</ele>
      </trkpt>
      <trkpt lat="50.081108" lon="-123.051356">
        <ele>573.5</ele>
      </trkpt>
      <trkpt lat="50.080893" lon="-123.051458">
        <ele>571.6</ele>
      </trkpt>
      <trkpt lat="50.080716" lon="-123.05165">
        <ele>570.5</ele>
      </trkpt>
      <trkpt lat="50.080755" lon="-123.05191">
        <ele>571.7</ele>
      </trkpt>
      <trkpt lat="50.080781" lon="-123.052178">
        <ele>573.8</ele>
      </trkpt>
      <trkpt lat="50.080843" lon="-123.052473">
        <ele>574.4</ele>
      </trkpt>
      <trkpt lat="50.080886" lon="-123.052815">
        <ele>574.4</ele>
      </trkpt>
      <trkpt lat="50.080791" lon="-123.053071">
        <ele>574.9</ele>
      </trkpt>
      <trkpt lat="50.080738" lon="-123.053295">
        <ele>575.5</ele>
      </trkpt>
      <trkpt lat="50.08066" lon="-123.053595">
        <ele>575.8</ele>
      </trkpt>
      <trkpt lat="50.08047" lon="-123.053638">
        <ele>577.1</ele>
      </trkpt>
      <trkpt lat="50.08037" lon="-123.05382">
        <ele>579.1</ele>
      </trkpt>
      <trkpt lat="50.080288" lon="-123.053833">
        <ele>580.6</ele>
      </trkpt>
      <trkpt lat="50.08008" lon="-123.053763">
        <ele>584.3</ele>
      </trkpt>
      <trkpt lat="50.080096" lon="-123.053791">
        <ele>584.3</ele>
      </trkpt>
      <trkpt lat="50.080126" lon="-123.05399">
        <ele>583.8</ele>
      </trkpt>
      <trkpt lat="50.079923" lon="-123.054191">
        <ele>582.8</ele>
      </trkpt>
      <trkpt lat="50.079716" lon="-123.054206">
        <ele>582.0</ele>
      </trkpt>
      <trkpt lat="50.079396" lon="-123.054238">
        <ele>578.3</ele>
      </trkpt>
      <trkpt lat="50.079173" lon="-123.054418">
        <ele>574.7</ele>
      </trkpt>
      <trkpt lat="50.079073" lon="-123.054723">
        <ele>574.5</ele>
      </trkpt>
      <trkpt lat="50.079066" lon="-123.054795">
        <ele>574.7</ele>
      </trkpt>
      <trkpt lat="50.079026" lon="-123.054933">
        <ele>574.5</ele>
      </trkpt>
      <trkpt lat="50.078845" lon="-123.0551">
        <ele>574.6</ele>
      </trkpt>
      <trkpt lat="50.078825" lon="-123.055515">
        <ele>573.3</ele>
      </trkpt>
      <trkpt lat="50.078638" lon="-123.055803">
        <ele>571.2</ele>
      </trkpt>
      <trkpt lat="50.078541" lon="-123.056036">
        <ele>568.4</ele>
      </trkpt>
      <trkpt lat="50.0785" lon="-123.056386">
        <ele>568.1</ele>
      </trkpt>
      <trkpt lat="50.078496" lon="-123.056738">
        <ele>568.7</ele>
      </trkpt>
      <trkpt lat="50.078485" lon="-123.057031">
        <ele>570.8</ele>
      </trkpt>
      <trkpt lat="50.07837" lon="-123.057053">
        <ele>572.5</ele>
      </trkpt>
      <trkpt lat="50.078308" lon="-123.05689">
        <ele>573.4</ele>
      </trkpt>
      <trkpt lat="50.078178" lon="-123.056928">
        <ele>573.3</ele>
      </trkpt>
      <trkpt lat="50.077976" lon="-123.05692">
        <ele>572.3</ele>
      </trkpt>
      <trkpt lat="50.077791" lon="-123.056856">
        <ele>571.4</ele>
      </trkpt>
      <trkpt lat="50.077601" lon="-123.05676">
        <ele>571.4</ele>
      </trkpt>
      <trkpt lat="50.077498" lon="-123.056925">
        <ele>572.2</ele>
      </trkpt>
      <trkpt lat="50.077451" lon="-123.057156">
        <ele>573.2</ele>
      </trkpt>
      <trkpt lat="50.077391" lon="-123.057408">
        <ele>574.3</ele>
      </trkpt>
      <trkpt lat="50.077408" lon="-123.057671">
        <ele>575.6</ele>
      </trkpt>
      <trkpt lat="50.077428" lon="-123.057866">
        <ele>576.8</ele>
      </trkpt>
      <trkpt lat="50.077513" lon="-123.05802">
        <ele>578.7</ele>
      </trkpt>
      <trkpt lat="50.077551" lon="-123.058238">
        <ele>580.1</ele>
      </trkpt>
      <trkpt lat="50.0776" lon="-123.058478">
        <ele>580.8</ele>
      </trkpt>
      <trkpt lat="50.077615" lon="-123.058728">
        <ele>581.0</ele>
      </trkpt>
      <trkpt lat="50.077503" lon="-123.05877">
        <ele>580.9</ele>
      </trkpt>
      <trkpt lat="50.077425" lon="-123.058925">
        <ele>579.3</ele>
      </trkpt>
      <trkpt lat="50.077298" lon="-123.058901">
        <ele>576.6</ele>
      </trkpt>
      <trkpt lat="50.077141" lon="-123.059003">
        <ele>571.2</ele>
      </trkpt>
      <trkpt lat="50.07682" lon="-123.059106">
        <ele>568.3</ele>
      </trkpt>
      <trkpt lat="50.076553" lon="-123.059025">
        <ele>566.2</ele>
      </trkpt>
      <trkpt lat="50.07643" lon="-123.059081">
        <ele>566.0</ele>
      </trkpt>
      <trkpt lat="50.076375" lon="-123.060015">
        <ele>577.6</ele>
      </trkpt>
      <trkpt lat="50.076378" lon="-123.06009">
        <ele>578.3</ele>
      </trkpt>
      <trkpt lat="50.07631" lon="-123.060223">
        <ele>578.1</ele>
      </trkpt>
      <trkpt lat="50.076163" lon="-123.060345">
        <ele>579.0</ele>
      </trkpt>
      <trkpt lat="50.076028" lon="-123.06049">
        <ele>578.7</ele>
      </trkpt>
      <trkpt lat="50.075921" lon="-123.060653">
        <ele>579.6</ele>
      </trkpt>
      <trkpt lat="50.075896" lon="-123.060858">
        <ele>580.5</ele>
      </trkpt>
      <trkpt lat="50.075608" lon="-123.06112">
        <ele>586.6</ele>
      </trkpt>
      <trkpt lat="50.075608" lon="-123.061295">
        <ele>588.1</ele>
      </trkpt>
      <trkpt lat="50.075696" lon="-123.061475">
        <ele>589.2</ele>
      </trkpt>
      <trkpt lat="50.075785" lon="-123.0617">
        <ele>589.6</ele>
      </trkpt>
      <trkpt lat="50.07576" lon="-123.061886">
        <ele>591.3</ele>
      </trkpt>
      <trkpt lat="50.075653" lon="-123.061846">
        <ele>592.3</ele>
      </trkpt>
      <trkpt lat="50.075523" lon="-123.06186">
        <ele>591.7</ele>
      </trkpt>
      <trkpt lat="50.075553" lon="-123.062051">
        <ele>592.2</ele>
      </trkpt>
      <trkpt lat="50.075465" lon="-123.062223">
        <ele>592.5</ele>
      </trkpt>
      <trkpt lat="50.075368" lon="-123.062373">
        <ele>592.5</ele>
      </trkpt>
      <trkpt lat="50.075353" lon="-123.062671">
        <ele>592.7</ele>
      </trkpt>
      <trkpt lat="50.075183" lon="-123.06282">
        <ele>590.6</ele>
      </trkpt>
      <trkpt lat="50.075035" lon="-123.062971">
        <ele>590.4</ele>
      </trkpt>
      <trkpt lat="50.07493" lon="-123.063246">
        <ele>589.2</ele>
      </trkpt>
      <trkpt lat="50.074841" lon="-123.063438">
        <ele>588.5</ele>
      </trkpt>
      <trkpt lat="50.074895" lon="-123.063646">
        <ele>589.2</ele>
      </trkpt>
      <trkpt lat="50.074856" lon="-123.063911">
        <ele>590.0</ele>
      </trkpt>
      <trkpt lat="50.074808" lon="-123.064075">
        <ele>591.7</ele>
      </trkpt>
      <trkpt lat="50.07467" lon="-123.064268">
        <ele>592.0</ele>
      </trkpt>
      <trkpt lat="50.074518" lon="-123.064393">
        <ele>591.4</ele>
      </trkpt>
      <trkpt lat="50.07434" lon="-123.064543">
        <ele>588.7</ele>
      </trkpt>
      <trkpt lat="50.074043" lon="-123.06462">
        <ele>587.2</ele>
      </trkpt>
      <trkpt lat="50.073885" lon="-123.064615">
        <ele>588.6</ele>
      </trkpt>
      <trkpt lat="50.073755" lon="-123.064508">
        <ele>590.6</ele>
      </trkpt>
      <trkpt lat="50.073646" lon="-123.064491">
        <ele>592.6</ele>
      </trkpt>
      <trkpt lat="50.073515" lon="-123.064526">
        <ele>593.8</ele>
      </trkpt>
      <trkpt lat="50.07338" lon="-123.064621">
        <ele>594.6</ele>
      </trkpt>
      <trkpt lat="50.07336" lon="-123.064816">
        <ele>595.5</ele>
      </trkpt>
      <trkpt lat="50.073451" lon="-123.065566">
        <ele>603.0</ele>
      </trkpt>
      <trkpt lat="50.073456" lon="-123.065661">
        <ele>604.1</ele>
      </trkpt>
      <trkpt lat="50.073523" lon="-123.065855">
        <ele>605.8</ele>
      </trkpt>
      <trkpt lat="50.073606" lon="-123.066003">
        <ele>607.0</ele>
      </trkpt>
      <trkpt lat="50.073761" lon="-123.066155">
        <ele>606.5</ele>
      </trkpt>
      <trkpt lat="50.073726" lon="-123.066325">
        <ele>606.8</ele>
      </trkpt>
      <trkpt lat="50.073611" lon="-123.066423">
        <ele>608.6</ele>
      </trkpt>
      <trkpt lat="50.073535" lon="-123.066616">
        <ele>608.6</ele>
      </trkpt>
      <trkpt lat="50.073458" lon="-123.066831">
        <ele>610.0</ele>
      </trkpt>
      <trkpt lat="50.073376" lon="-123.066998">
        <ele>611.5</ele>
      </trkpt>
      <trkpt lat="50.073366" lon="-123.067238">
        <ele>609.3</ele>
      </trkpt>
      <trkpt lat="50.0734" lon="-123.067405">
        <ele>608.6</ele>
      </trkpt>
      <trkpt lat="50.073376" lon="-123.067748">
        <ele>607.6</ele>
      </trkpt>
      <trkpt lat="50.07328" lon="-123.067996">
        <ele>607.4</ele>
      </trkpt>
      <trkpt lat="50.073208" lon="-123.068116">
        <ele>607.5</ele>
      </trkpt>
      <trkpt lat="50.073063" lon="-123.068355">
        <ele>604.3</ele>
      </trkpt>
      <trkpt lat="50.073055" lon="-123.068543">
        <ele>602.8</ele>
      </trkpt>
      <trkpt lat="50.073146" lon="-123.068733">
        <ele>600.6</ele>
      </trkpt>
      <trkpt lat="50.073408" lon="-123.068888">
        <ele>599.5</ele>
      </trkpt>
      <trkpt lat="50.073575" lon="-123.069015">
        <ele>597.4</ele>
      </trkpt>
      <trkpt lat="50.073696" lon="-123.069055">
        <ele>596.7</ele>
      </trkpt>
      <trkpt lat="50.073696" lon="-123.069055">
        <ele>596.7</ele>
      </trkpt>
      <trkpt lat="50.073696" lon="-123.069055">
        <ele>596.7</ele>
      </trkpt>
      <trkpt lat="50.073541" lon="-123.069065">
        <ele>596.7</ele>
      </trkpt>
      <trkpt lat="50.073571" lon="-123.069085">
        <ele>596.8</ele>
      </trkpt>
      <trkpt lat="50.073645" lon="-123.069095">
        <ele>596.7</ele>
      </trkpt>
      <trkpt lat="50.073643" lon="-123.069096">
        <ele>596.7</ele>
      </trkpt>
      <trkpt lat="50.073643" lon="-123.069096">
        <ele>596.4</ele>
      </trkpt>
      <trkpt lat="50.073825" lon="-123.069236">
        <ele>593.4</ele>
      </trkpt>
      <trkpt lat="50.073838" lon="-123.069491">
        <ele>591.6</ele>
      </trkpt>
      <trkpt lat="50.07379" lon="-123.069691">
        <ele>593.0</ele>
      </trkpt>
      <trkpt lat="50.07385" lon="-123.069925">
        <ele>594.6</ele>
      </trkpt>
      <trkpt lat="50.073913" lon="-123.070103">
        <ele>595.2</ele>
      </trkpt>
      <trkpt lat="50.074066" lon="-123.070158">
        <ele>593.2</ele>
      </trkpt>
      <trkpt lat="50.074211" lon="-123.070166">
        <ele>592.1</ele>
      </trkpt>
      <trkpt lat="50.074283" lon="-123.07022">
        <ele>593.2</ele>
      </trkpt>
      <trkpt lat="50.074296" lon="-123.070206">
        <ele>592.9</ele>
      </trkpt>
      <trkpt lat="50.074296" lon="-123.070206">
        <ele>592.8</ele>
      </trkpt>
      <trkpt lat="50.074351" lon="-123.07041">
        <ele>593.1</ele>
      </trkpt>
      <trkpt lat="50.074423" lon="-123.07052">
        <ele>591.8</ele>
      </trkpt>
      <trkpt lat="50.074501" lon="-123.070575">
        <ele>589.3</ele>
      </trkpt>
      <trkpt lat="50.074688" lon="-123.070611">
        <ele>586.8</ele>
      </trkpt>
      <trkpt lat="50.074888" lon="-123.070535">
        <ele>585.9</ele>
      </trkpt>
      <trkpt lat="50.075073" lon="-123.070731">
        <ele>584.2</ele>
      </trkpt>
      <trkpt lat="50.07496" lon="-123.071078">
        <ele>582.0</ele>
      </trkpt>
      <trkpt lat="50.074935" lon="-123.071413">
        <ele>582.5</ele>
      </trkpt>
      <trkpt lat="50.074971" lon="-123.071655">
        <ele>583.1</ele>
      </trkpt>
      <trkpt lat="50.074941" lon="-123.071983">
        <ele>581.6</ele>
      </trkpt>
      <trkpt lat="50.074876" lon="-123.072336">
        <ele>579.2</ele>
      </trkpt>
      <trkpt lat="50.074838" lon="-123.072775">
        <ele>576.8</ele>
      </trkpt>
      <trkpt lat="50.074636" lon="-123.073071">
        <ele>573.4</ele>
      </trkpt>
      <trkpt lat="50.07453" lon="-123.073446">
        <ele>570.5</ele>
      </trkpt>
      <trkpt lat="50.074491" lon="-123.073545">
        <ele>569.4</ele>
      </trkpt>
      <trkpt lat="50.074486" lon="-123.073551">
        <ele>566.8</ele>
      </trkpt>
      <trkpt lat="50.074486" lon="-123.073551">
        <ele>566.8</ele>
      </trkpt>
      <trkpt lat="50.074425" lon="-123.073731">
        <ele>564.7</ele>
      </trkpt>
      <trkpt lat="50.074401" lon="-123.074166">
        <ele>561.5</ele>
      </trkpt>
      <trkpt lat="50.074378" lon="-123.074571">
        <ele>560.9</ele>
      </trkpt>
      <trkpt lat="50.074133" lon="-123.074881">
        <ele>560.0</ele>
      </trkpt>
      <trkpt lat="50.073978" lon="-123.07492">
        <ele>557.5</ele>
      </trkpt>
      <trkpt lat="50.073768" lon="-123.074971">
        <ele>554.3</ele>
      </trkpt>
      <trkpt lat="50.073746" lon="-123.074963">
        <ele>554.0</ele>
      </trkpt>
      <trkpt lat="50.073746" lon="-123.074963">
        <ele>553.9</ele>
      </trkpt>
      <trkpt lat="50.073658" lon="-123.074945">
        <ele>553.7</ele>
      </trkpt>
      <trkpt lat="50.073575" lon="-123.075106">
        <ele>551.7</ele>
      </trkpt>
      <trkpt lat="50.073543" lon="-123.075405">
        <ele>549.4</ele>
      </trkpt>
      <trkpt lat="50.07356" lon="-123.075788">
        <ele>546.4</ele>
      </trkpt>
      <trkpt lat="50.07355" lon="-123.076086">
        <ele>543.5</ele>
      </trkpt>
      <trkpt lat="50.0735" lon="-123.076118">
        <ele>541.9</ele>
      </trkpt>
      <trkpt lat="50.073503" lon="-123.076115">
        <ele>541.7</ele>
      </trkpt>
      <trkpt lat="50.073503" lon="-123.076115">
        <ele>541.7</ele>
      </trkpt>
      <trkpt lat="50.073503" lon="-123.076115">
        <ele>541.6</ele>
      </trkpt>
      <trkpt lat="50.073503" lon="-123.076115">
        <ele>541.4</ele>
      </trkpt>
      <trkpt lat="50.073406" lon="-123.076268">
        <ele>539.0</ele>
      </trkpt>
      <trkpt lat="50.07336" lon="-123.076328">
        <ele>537.3</ele>
      </trkpt>
      <trkpt lat="50.07336" lon="-123.076328">
        <ele>537.3</ele>
      </trkpt>
      <trkpt lat="50.073325" lon="-123.076406">
        <ele>537.4</ele>
      </trkpt>
      <trkpt lat="50.073325" lon="-123.076406">
        <ele>537.5</ele>
      </trkpt>
      <trkpt lat="50.07332" lon="-123.07649">
        <ele>536.5</ele>
      </trkpt>
      <trkpt lat="50.073298" lon="-123.076521">
        <ele>535.7</ele>
      </trkpt>
      <trkpt lat="50.073298" lon="-123.076521">
        <ele>535.4</ele>
      </trkpt>
      <trkpt lat="50.073298" lon="-123.076521">
        <ele>535.4</ele>
      </trkpt>
      <trkpt lat="50.073298" lon="-123.076521">
        <ele>535.6</ele>
      </trkpt>
      <trkpt lat="50.073298" lon="-123.076521">
        <ele>535.7</ele>
      </trkpt>
      <trkpt lat="50.073298" lon="-123.076521">
        <ele>535.7</ele>
      </trkpt>
      <trkpt lat="50.073298" lon="-123.076521">
        <ele>535.5</ele>
      </trkpt>
      <trkpt lat="50.073298" lon="-123.076521">
        <ele>535.4</ele>
      </trkpt>
      <trkpt lat="50.073298" lon="-123.076521">
        <ele>535.2</ele>
      </trkpt>
      <trkpt lat="50.073298" lon="-123.076521">
        <ele>535.2</ele>
      </trkpt>
      <trkpt lat="50.073298" lon="-123.076521">
        <ele>535.3</ele>
      </trkpt>
      <trkpt lat="50.073298" lon="-123.076521">
        <ele>535.4</ele>
      </trkpt>
      <trkpt lat="50.073298" lon="-123.076521">
        <ele>535.4</ele>
      </trkpt>
      <trkpt lat="50.073298" lon="-123.076521">
        <ele>535.5</ele>
      </trkpt>
      <trkpt lat="50.073298" lon="-123.076521">
        <ele>535.5</ele>
      </trkpt>
      <trkpt lat="50.073298" lon="-123.076521">
        <ele>535.5</ele>
      </trkpt>
      <trkpt lat="50.073298" lon="-123.076521">
        <ele>535.5</ele>
      </trkpt>
      <trkpt lat="50.073298" lon="-123.076521">
        <ele>535.5</ele>
      </trkpt>
      <trkpt lat="50.073298" lon="-123.076521">
        <ele>535.5</ele>
      </trkpt>
      <trkpt lat="50.073298" lon="-123.076521">
        <ele>535.6</ele>
      </trkpt>
      <trkpt lat="50.073298" lon="-123.076521">
        <ele>535.5</ele>
      </trkpt>
      <trkpt lat="50.073298" lon="-123.076521">
        <ele>535.3</ele>
      </trkpt>
      <trkpt lat="50.073298" lon="-123.076521">
        <ele>535.2</ele>
      </trkpt>
      <trkpt lat="50.073298" lon="-123.076521">
        <ele>535.3</ele>
      </trkpt>
      <trkpt lat="50.073298" lon="-123.076521">
        <ele>535.5</ele>
      </trkpt>
      <trkpt lat="50.073298" lon="-123.076521">
        <ele>535.5</ele>
      </trkpt>
      <trkpt lat="50.073298" lon="-123.076521">
        <ele>535.7</ele>
      </trkpt>
      <trkpt lat="50.073298" lon="-123.076521">
        <ele>536.0</ele>
      </trkpt>
      <trkpt lat="50.073298" lon="-123.076521">
        <ele>535.8</ele>
      </trkpt>
      <trkpt lat="50.073298" lon="-123.076521">
        <ele>535.5</ele>
      </trkpt>
      <trkpt lat="50.073298" lon="-123.076521">
        <ele>535.6</ele>
      </trkpt>
      <trkpt lat="50.073298" lon="-123.076521">
        <ele>535.5</ele>
      </trkpt>
      <trkpt lat="50.073298" lon="-123.076521">
        <ele>535.5</ele>
      </trkpt>
      <trkpt lat="50.073298" lon="-123.076521">
        <ele>535.8</ele>
      </trkpt>
      <trkpt lat="50.073298" lon="-123.076521">
        <ele>535.9</ele>
      </trkpt>
      <trkpt lat="50.073298" lon="-123.076521">
        <ele>535.7</ele>
      </trkpt>
      <trkpt lat="50.073298" lon="-123.076521">
        <ele>535.5</ele>
      </trkpt>
      <trkpt lat="50.073298" lon="-123.076521">
        <ele>535.4</ele>
      </trkpt>
      <trkpt lat="50.073298" lon="-123.076521">
        <ele>535.4</ele>
      </trkpt>
      <trkpt lat="50.073298" lon="-123.076521">
        <ele>535.3</ele>
      </trkpt>
      <trkpt lat="50.073298" lon="-123.076521">
        <ele>535.3</ele>
      </trkpt>
      <trkpt lat="50.073298" lon="-123.076521">
        <ele>535.4</ele>
      </trkpt>
      <trkpt lat="50.073298" lon="-123.076521">
        <ele>535.6</ele>
      </trkpt>
      <trkpt lat="50.073298" lon="-123.076521">
        <ele>535.5</ele>
      </trkpt>
      <trkpt lat="50.073298" lon="-123.076521">
        <ele>535.5</ele>
      </trkpt>
      <trkpt lat="50.073298" lon="-123.076521">
        <ele>535.7</ele>
      </trkpt>
      <trkpt lat="50.073298" lon="-123.076521">
        <ele>535.7</ele>
      </trkpt>
      <trkpt lat="50.073298" lon="-123.076521">
        <ele>535.6</ele>
      </trkpt>
      <trkpt lat="50.073298" lon="-123.076521">
        <ele>535.6</ele>
      </trkpt>
      <trkpt lat="50.073298" lon="-123.076521">
        <ele>535.7</ele>
      </trkpt>
      <trkpt lat="50.073298" lon="-123.076521">
        <ele>535.6</ele>
      </trkpt>
      <trkpt lat="50.073298" lon="-123.076521">
        <ele>535.5</ele>
      </trkpt>
      <trkpt lat="50.073298" lon="-123.076521">
        <ele>535.4</ele>
      </trkpt>
      <trkpt lat="50.073298" lon="-123.076521">
        <ele>535.2</ele>
      </trkpt>
      <trkpt lat="50.073298" lon="-123.076521">
        <ele>535.5</ele>
      </trkpt>
      <trkpt lat="50.073298" lon="-123.076521">
        <ele>535.8</ele>
      </trkpt>
      <trkpt lat="50.073298" lon="-123.076521">
        <ele>535.4</ele>
      </trkpt>
      <trkpt lat="50.073298" lon="-123.076521">
        <ele>535.5</ele>
      </trkpt>
      <trkpt lat="50.073298" lon="-123.076521">
        <ele>536.0</ele>
      </trkpt>
      <trkpt lat="50.073298" lon="-123.076521">
        <ele>536.1</ele>
      </trkpt>
      <trkpt lat="50.073298" lon="-123.076521">
        <ele>536.0</ele>
      </trkpt>
      <trkpt lat="50.073298" lon="-123.076521">
        <ele>537.7</ele>
      </trkpt>
      <trkpt lat="50.073298" lon="-123.076521">
        <ele>539.5</ele>
      </trkpt>
      <trkpt lat="50.073298" lon="-123.076521">
        <ele>539.4</ele>
      </trkpt>
      <trkpt lat="50.0733" lon="-123.0765">
        <ele>539.2</ele>
      </trkpt>
      <trkpt lat="50.0733" lon="-123.0765">
        <ele>539.1</ele>
      </trkpt>
      <trkpt lat="50.0733" lon="-123.0765">
        <ele>539.1</ele>
      </trkpt>
      <trkpt lat="50.0733" lon="-123.0765">
        <ele>539.1</ele>
      </trkpt>
      <trkpt lat="50.0733" lon="-123.0765">
        <ele>539.1</ele>
      </trkpt>
      <trkpt lat="50.0733" lon="-123.0765">
        <ele>539.2</ele>
      </trkpt>
      <trkpt lat="50.0733" lon="-123.0765">
        <ele>539.1</ele>
      </trkpt>
      <trkpt lat="50.0733" lon="-123.0765">
        <ele>539.1</ele>
      </trkpt>
      <trkpt lat="50.0733" lon="-123.0765">
        <ele>538.9</ele>
      </trkpt>
      <trkpt lat="50.0733" lon="-123.0765">
        <ele>539.0</ele>
      </trkpt>
      <trkpt lat="50.0733" lon="-123.0765">
        <ele>539.4</ele>
      </trkpt>
      <trkpt lat="50.0733" lon="-123.0765">
        <ele>539.3</ele>
      </trkpt>
      <trkpt lat="50.0733" lon="-123.0765">
        <ele>539.4</ele>
      </trkpt>
      <trkpt lat="50.0733" lon="-123.0765">
        <ele>539.3</ele>
      </trkpt>
      <trkpt lat="50.0733" lon="-123.0765">
        <ele>539.4</ele>
      </trkpt>
      <trkpt lat="50.0733" lon="-123.0765">
        <ele>539.4</ele>
      </trkpt>
      <trkpt lat="50.0733" lon="-123.0765">
        <ele>539.3</ele>
      </trkpt>
      <trkpt lat="50.0733" lon="-123.0765">
        <ele>539.2</ele>
      </trkpt>
      <trkpt lat="50.0733" lon="-123.0765">
        <ele>539.2</ele>
      </trkpt>
      <trkpt lat="50.0733" lon="-123.0765">
        <ele>539.2</ele>
      </trkpt>
      <trkpt lat="50.0733" lon="-123.0765">
        <ele>539.3</ele>
      </trkpt>
      <trkpt lat="50.0733" lon="-123.0765">
        <ele>539.4</ele>
      </trkpt>
      <trkpt lat="50.0733" lon="-123.0765">
        <ele>539.5</ele>
      </trkpt>
      <trkpt lat="50.0733" lon="-123.0765">
        <ele>539.7</ele>
      </trkpt>
      <trkpt lat="50.0733" lon="-123.0765">
        <ele>539.7</ele>
      </trkpt>
      <trkpt lat="50.0733" lon="-123.0765">
        <ele>539.5</ele>
      </trkpt>
      <trkpt lat="50.0733" lon="-123.0765">
        <ele>539.2</ele>
      </trkpt>
      <trkpt lat="50.0733" lon="-123.0765">
        <ele>539.3</ele>
      </trkpt>
      <trkpt lat="50.0733" lon="-123.0765">
        <ele>539.3</ele>
      </trkpt>
      <trkpt lat="50.0733" lon="-123.0765">
        <ele>539.4</ele>
      </trkpt>
      <trkpt lat="50.0733" lon="-123.0765">
        <ele>539.4</ele>
      </trkpt>
      <trkpt lat="50.0733" lon="-123.0765">
        <ele>539.3</ele>
      </trkpt>
      <trkpt lat="50.0733" lon="-123.0765">
        <ele>539.1</ele>
      </trkpt>
      <trkpt lat="50.073261" lon="-123.076645">
        <ele>539.0</ele>
      </trkpt>
      <trkpt lat="50.073261" lon="-123.076645">
        <ele>539.2</ele>
      </trkpt>
      <trkpt lat="50.073261" lon="-123.076645">
        <ele>539.3</ele>
      </trkpt>
      <trkpt lat="50.073261" lon="-123.076645">
        <ele>539.2</ele>
      </trkpt>
      <trkpt lat="50.073266" lon="-123.076638">
        <ele>538.4</ele>
      </trkpt>
      <trkpt lat="50.07322" lon="-123.076775">
        <ele>536.1</ele>
      </trkpt>
      <trkpt lat="50.073143" lon="-123.076923">
        <ele>533.5</ele>
      </trkpt>
      <trkpt lat="50.073031" lon="-123.077103">
        <ele>530.3</ele>
      </trkpt>
      <trkpt lat="50.072931" lon="-123.077336">
        <ele>527.3</ele>
      </trkpt>
      <trkpt lat="50.072855" lon="-123.077576">
        <ele>524.8</ele>
      </trkpt>
      <trkpt lat="50.072863" lon="-123.077945">
        <ele>523.7</ele>
      </trkpt>
      <trkpt lat="50.072918" lon="-123.0782">
        <ele>524.6</ele>
      </trkpt>
      <trkpt lat="50.073013" lon="-123.078408">
        <ele>524.2</ele>
      </trkpt>
      <trkpt lat="50.073013" lon="-123.078408">
        <ele>524.2</ele>
      </trkpt>
      <trkpt lat="50.073035" lon="-123.078438">
        <ele>523.7</ele>
      </trkpt>
      <trkpt lat="50.073246" lon="-123.078666">
        <ele>521.9</ele>
      </trkpt>
      <trkpt lat="50.073535" lon="-123.078801">
        <ele>520.7</ele>
      </trkpt>
      <trkpt lat="50.073751" lon="-123.079016">
        <ele>522.3</ele>
      </trkpt>
      <trkpt lat="50.0739" lon="-123.079381">
        <ele>521.7</ele>
      </trkpt>
      <trkpt lat="50.073993" lon="-123.079746">
        <ele>520.3</ele>
      </trkpt>
      <trkpt lat="50.07414" lon="-123.07989">
        <ele>520.7</ele>
      </trkpt>
      <trkpt lat="50.074341" lon="-123.08003">
        <ele>520.6</ele>
      </trkpt>
      <trkpt lat="50.074508" lon="-123.080131">
        <ele>520.5</ele>
      </trkpt>
      <trkpt lat="50.07468" lon="-123.080151">
        <ele>518.7</ele>
      </trkpt>
      <trkpt lat="50.074695" lon="-123.08015">
        <ele>518.8</ele>
      </trkpt>
      <trkpt lat="50.074741" lon="-123.08027">
        <ele>518.5</ele>
      </trkpt>
      <trkpt lat="50.074826" lon="-123.080491">
        <ele>518.3</ele>
      </trkpt>
      <trkpt lat="50.074848" lon="-123.080785">
        <ele>518.0</ele>
      </trkpt>
      <trkpt lat="50.074916" lon="-123.08114">
        <ele>517.7</ele>
      </trkpt>
      <trkpt lat="50.074973" lon="-123.081525">
        <ele>517.4</ele>
      </trkpt>
      <trkpt lat="50.07502" lon="-123.081911">
        <ele>517.0</ele>
      </trkpt>
      <trkpt lat="50.075118" lon="-123.082318">
        <ele>516.5</ele>
      </trkpt>
      <trkpt lat="50.075226" lon="-123.082723">
        <ele>516.2</ele>
      </trkpt>
      <trkpt lat="50.07528" lon="-123.08313">
        <ele>516.1</ele>
      </trkpt>
      <trkpt lat="50.07531" lon="-123.083455">
        <ele>516.2</ele>
      </trkpt>
      <trkpt lat="50.075303" lon="-123.083776">
        <ele>516.0</ele>
      </trkpt>
      <trkpt lat="50.075213" lon="-123.08421">
        <ele>515.3</ele>
      </trkpt>
      <trkpt lat="50.075061" lon="-123.084655">
        <ele>515.1</ele>
      </trkpt>
      <trkpt lat="50.074943" lon="-123.084931">
        <ele>516.4</ele>
      </trkpt>
      <trkpt lat="50.074835" lon="-123.08521">
        <ele>516.2</ele>
      </trkpt>
      <trkpt lat="50.0747" lon="-123.085711">
        <ele>514.5</ele>
      </trkpt>
      <trkpt lat="50.074598" lon="-123.08626">
        <ele>514.4</ele>
      </trkpt>
      <trkpt lat="50.074626" lon="-123.086596">
        <ele>515.2</ele>
      </trkpt>
      <trkpt lat="50.074686" lon="-123.087046">
        <ele>515.0</ele>
      </trkpt>
      <trkpt lat="50.074661" lon="-123.087391">
        <ele>515.8</ele>
      </trkpt>
      <trkpt lat="50.074556" lon="-123.087838">
        <ele>515.0</ele>
      </trkpt>
      <trkpt lat="50.074311" lon="-123.088351">
        <ele>515.0</ele>
      </trkpt>
      <trkpt lat="50.074168" lon="-123.088605">
        <ele>518.1</ele>
      </trkpt>
      <trkpt lat="50.074021" lon="-123.088851">
        <ele>519.1</ele>
      </trkpt>
      <trkpt lat="50.073898" lon="-123.089191">
        <ele>518.8</ele>
      </trkpt>
      <trkpt lat="50.073715" lon="-123.089511">
        <ele>518.3</ele>
      </trkpt>
      <trkpt lat="50.07357" lon="-123.089725">
        <ele>518.3</ele>
      </trkpt>
      <trkpt lat="50.073445" lon="-123.089935">
        <ele>518.4</ele>
      </trkpt>
      <trkpt lat="50.073305" lon="-123.090083">
        <ele>519.4</ele>
      </trkpt>
      <trkpt lat="50.073173" lon="-123.090348">
        <ele>520.2</ele>
      </trkpt>
      <trkpt lat="50.073055" lon="-123.09062">
        <ele>520.9</ele>
      </trkpt>
      <trkpt lat="50.072918" lon="-123.090848">
        <ele>521.7</ele>
      </trkpt>
      <trkpt lat="50.072753" lon="-123.0911">
        <ele>522.4</ele>
      </trkpt>
      <trkpt lat="50.072585" lon="-123.091333">
        <ele>523.2</ele>
      </trkpt>
      <trkpt lat="50.072478" lon="-123.09153">
        <ele>524.3</ele>
      </trkpt>
      <trkpt lat="50.072403" lon="-123.091726">
        <ele>526.0</ele>
      </trkpt>
      <trkpt lat="50.072276" lon="-123.09191">
        <ele>527.3</ele>
      </trkpt>
      <trkpt lat="50.07219" lon="-123.092066">
        <ele>527.9</ele>
      </trkpt>
      <trkpt lat="50.072166" lon="-123.092178">
        <ele>529.9</ele>
      </trkpt>
      <trkpt lat="50.072165" lon="-123.092179">
        <ele>529.9</ele>
      </trkpt>
      <trkpt lat="50.072075" lon="-123.092145">
        <ele>529.8</ele>
      </trkpt>
      <trkpt lat="50.07189" lon="-123.091926">
        <ele>529.6</ele>
      </trkpt>
      <trkpt lat="50.07175" lon="-123.091931">
        <ele>531.2</ele>
      </trkpt>
      <trkpt lat="50.07164" lon="-123.092045">
        <ele>529.6</ele>
      </trkpt>
      <trkpt lat="50.071476" lon="-123.092143">
        <ele>525.1</ele>
      </trkpt>
      <trkpt lat="50.07124" lon="-123.092213">
        <ele>524.8</ele>
      </trkpt>
      <trkpt lat="50.071081" lon="-123.092315">
        <ele>526.4</ele>
      </trkpt>
      <trkpt lat="50.070946" lon="-123.092411">
        <ele>527.8</ele>
      </trkpt>
      <trkpt lat="50.070843" lon="-123.092471">
        <ele>528.3</ele>
      </trkpt>
      <trkpt lat="50.070656" lon="-123.092351">
        <ele>528.0</ele>
      </trkpt>
      <trkpt lat="50.070408" lon="-123.09226">
        <ele>525.9</ele>
      </trkpt>
      <trkpt lat="50.07012" lon="-123.092446">
        <ele>524.5</ele>
      </trkpt>
      <trkpt lat="50.069903" lon="-123.092506">
        <ele>525.0</ele>
      </trkpt>
      <trkpt lat="50.06975" lon="-123.09259">
        <ele>525.1</ele>
      </trkpt>
      <trkpt lat="50.069603" lon="-123.092713">
        <ele>522.7</ele>
      </trkpt>
      <trkpt lat="50.06952" lon="-123.09308">
        <ele>519.6</ele>
      </trkpt>
      <trkpt lat="50.069335" lon="-123.093398">
        <ele>519.0</ele>
      </trkpt>
      <trkpt lat="50.069198" lon="-123.093563">
        <ele>521.5</ele>
      </trkpt>
      <trkpt lat="50.06908" lon="-123.093603">
        <ele>523.8</ele>
      </trkpt>
      <trkpt lat="50.069028" lon="-123.093753">
        <ele>524.9</ele>
      </trkpt>
      <trkpt lat="50.068681" lon="-123.094425">
        <ele>532.2</ele>
      </trkpt>
      <trkpt lat="50.068628" lon="-123.094516">
        <ele>533.9</ele>
      </trkpt>
      <trkpt lat="50.068613" lon="-123.094363">
        <ele>535.2</ele>
      </trkpt>
      <trkpt lat="50.068633" lon="-123.094201">
        <ele>536.2</ele>
      </trkpt>
      <trkpt lat="50.068686" lon="-123.093846">
        <ele>535.8</ele>
      </trkpt>
      <trkpt lat="50.06866" lon="-123.093658">
        <ele>536.8</ele>
      </trkpt>
      <trkpt lat="50.068646" lon="-123.093471">
        <ele>538.1</ele>
      </trkpt>
      <trkpt lat="50.068808" lon="-123.09335">
        <ele>536.6</ele>
      </trkpt>
      <trkpt lat="50.068923" lon="-123.093121">
        <ele>534.9</ele>
      </trkpt>
      <trkpt lat="50.068775" lon="-123.092995">
        <ele>532.2</ele>
      </trkpt>
      <trkpt lat="50.068736" lon="-123.092895">
        <ele>530.5</ele>
      </trkpt>
      <trkpt lat="50.068648" lon="-123.09292">
        <ele>529.9</ele>
      </trkpt>
      <trkpt lat="50.068433" lon="-123.093121">
        <ele>527.8</ele>
      </trkpt>
      <trkpt lat="50.068221" lon="-123.093475">
        <ele>525.0</ele>
      </trkpt>
      <trkpt lat="50.068095" lon="-123.09367">
        <ele>520.8</ele>
      </trkpt>
      <trkpt lat="50.068145" lon="-123.093573">
        <ele>519.1</ele>
      </trkpt>
      <trkpt lat="50.068166" lon="-123.093576">
        <ele>519.9</ele>
      </trkpt>
      <trkpt lat="50.068166" lon="-123.093576">
        <ele>519.8</ele>
      </trkpt>
      <trkpt lat="50.068191" lon="-123.093451">
        <ele>518.7</ele>
      </trkpt>
      <trkpt lat="50.068053" lon="-123.09334">
        <ele>516.8</ele>
      </trkpt>
      <trkpt lat="50.067933" lon="-123.09339">
        <ele>516.9</ele>
      </trkpt>
      <trkpt lat="50.067841" lon="-123.093588">
        <ele>517.5</ele>
      </trkpt>
      <trkpt lat="50.067745" lon="-123.093796">
        <ele>518.0</ele>
      </trkpt>
      <trkpt lat="50.067565" lon="-123.093831">
        <ele>518.4</ele>
      </trkpt>
      <trkpt lat="50.067546" lon="-123.094018">
        <ele>519.1</ele>
      </trkpt>
      <trkpt lat="50.067463" lon="-123.094153">
        <ele>519.6</ele>
      </trkpt>
      <trkpt lat="50.06728" lon="-123.094256">
        <ele>518.6</ele>
      </trkpt>
      <trkpt lat="50.067101" lon="-123.09447">
        <ele>516.5</ele>
      </trkpt>
      <trkpt lat="50.067023" lon="-123.094723">
        <ele>515.2</ele>
      </trkpt>
      <trkpt lat="50.066931" lon="-123.094881">
        <ele>514.1</ele>
      </trkpt>
      <trkpt lat="50.06682" lon="-123.094771">
        <ele>513.7</ele>
      </trkpt>
      <trkpt lat="50.066631" lon="-123.094856">
        <ele>513.6</ele>
      </trkpt>
      <trkpt lat="50.06645" lon="-123.094848">
        <ele>514.9</ele>
      </trkpt>
      <trkpt lat="50.06627" lon="-123.094895">
        <ele>516.2</ele>
      </trkpt>
      <trkpt lat="50.066113" lon="-123.09493">
        <ele>516.4</ele>
      </trkpt>
      <trkpt lat="50.066103" lon="-123.095231">
        <ele>515.3</ele>
      </trkpt>
      <trkpt lat="50.065903" lon="-123.095228">
        <ele>515.1</ele>
      </trkpt>
      <trkpt lat="50.065806" lon="-123.095393">
        <ele>516.7</ele>
      </trkpt>
      <trkpt lat="50.065838" lon="-123.095683">
        <ele>515.6</ele>
      </trkpt>
      <trkpt lat="50.06572" lon="-123.096055">
        <ele>512.9</ele>
      </trkpt>
      <trkpt lat="50.065428" lon="-123.09633">
        <ele>511.8</ele>
      </trkpt>
      <trkpt lat="50.065115" lon="-123.096511">
        <ele>509.1</ele>
      </trkpt>
      <trkpt lat="50.064906" lon="-123.096765">
        <ele>505.8</ele>
      </trkpt>
      <trkpt lat="50.064705" lon="-123.096886">
        <ele>503.6</ele>
      </trkpt>
      <trkpt lat="50.064555" lon="-123.097068">
        <ele>502.7</ele>
      </trkpt>
      <trkpt lat="50.064453" lon="-123.097426">
        <ele>500.6</ele>
      </trkpt>
      <trkpt lat="50.064405" lon="-123.097601">
        <ele>499.6</ele>
      </trkpt>
      <trkpt lat="50.064271" lon="-123.098073">
        <ele>498.8</ele>
      </trkpt>
      <trkpt lat="50.064043" lon="-123.098211">
        <ele>498.7</ele>
      </trkpt>
      <trkpt lat="50.063813" lon="-123.098125">
        <ele>498.8</ele>
      </trkpt>
      <trkpt lat="50.063645" lon="-123.09811">
        <ele>497.7</ele>
      </trkpt>
      <trkpt lat="50.063391" lon="-123.098166">
        <ele>497.7</ele>
      </trkpt>
      <trkpt lat="50.063196" lon="-123.098101">
        <ele>498.9</ele>
      </trkpt>
      <trkpt lat="50.062998" lon="-123.098081">
        <ele>498.8</ele>
      </trkpt>
      <trkpt lat="50.062716" lon="-123.098295">
        <ele>495.0</ele>
      </trkpt>
      <trkpt lat="50.062773" lon="-123.098335">
        <ele>495.1</ele>
      </trkpt>
      <trkpt lat="50.06285" lon="-123.098455">
        <ele>495.3</ele>
      </trkpt>
      <trkpt lat="50.063073" lon="-123.098575">
        <ele>495.9</ele>
      </trkpt>
      <trkpt lat="50.06331" lon="-123.098681">
        <ele>496.0</ele>
      </trkpt>
      <trkpt lat="50.063551" lon="-123.098796">
        <ele>495.9</ele>
      </trkpt>
      <trkpt lat="50.063785" lon="-123.09896">
        <ele>496.4</ele>
      </trkpt>
      <trkpt lat="50.064026" lon="-123.099136">
        <ele>497.1</ele>
      </trkpt>
      <trkpt lat="50.064235" lon="-123.099285">
        <ele>497.1</ele>
      </trkpt>
      <trkpt lat="50.06443" lon="-123.09945">
        <ele>496.9</ele>
      </trkpt>
      <trkpt lat="50.064591" lon="-123.099641">
        <ele>497.3</ele>
      </trkpt>
      <trkpt lat="50.064773" lon="-123.099896">
        <ele>498.0</ele>
      </trkpt>
      <trkpt lat="50.064988" lon="-123.100111">
        <ele>498.7</ele>
      </trkpt>
      <trkpt lat="50.065108" lon="-123.100265">
        <ele>499.2</ele>
      </trkpt>
      <trkpt lat="50.064838" lon="-123.100513">
        <ele>498.6</ele>
      </trkpt>
      <trkpt lat="50.064755" lon="-123.100598">
        <ele>498.7</ele>
      </trkpt>
      <trkpt lat="50.064603" lon="-123.10062">
        <ele>498.7</ele>
      </trkpt>
      <trkpt lat="50.064461" lon="-123.100325">
        <ele>498.5</ele>
      </trkpt>
      <trkpt lat="50.064275" lon="-123.100048">
        <ele>498.1</ele>
      </trkpt>
      <trkpt lat="50.064061" lon="-123.099858">
        <ele>498.0</ele>
      </trkpt>
      <trkpt lat="50.063783" lon="-123.09964">
        <ele>497.4</ele>
      </trkpt>
      <trkpt lat="50.063573" lon="-123.099605">
        <ele>496.9</ele>
      </trkpt>
      <trkpt lat="50.063526" lon="-123.099606">
        <ele>496.8</ele>
      </trkpt>
      <trkpt lat="50.063536" lon="-123.099588">
        <ele>497.3</ele>
      </trkpt>
      <trkpt lat="50.063551" lon="-123.099535">
        <ele>497.3</ele>
      </trkpt>
      <trkpt lat="50.063555" lon="-123.099591">
        <ele>497.1</ele>
      </trkpt>
      <trkpt lat="50.063343" lon="-123.099588">
        <ele>497.0</ele>
      </trkpt>
      <trkpt lat="50.063188" lon="-123.099428">
        <ele>496.6</ele>
      </trkpt>
      <trkpt lat="50.063215" lon="-123.0992">
        <ele>496.5</ele>
      </trkpt>
      <trkpt lat="50.063291" lon="-123.099173">
        <ele>496.6</ele>
      </trkpt>
      <trkpt lat="50.063363" lon="-123.098723">
        <ele>496.8</ele>
      </trkpt>
      <trkpt lat="50.063384" lon="-123.098664">
        <ele>496.8</ele>
      </trkpt>
      <trkpt lat="50.063432" lon="-123.098524">
        <ele>497.0</ele>
      </trkpt>
      <trkpt lat="50.063657" lon="-123.098749">
        <ele>497.2</ele>
      </trkpt>
      <trkpt lat="50.063798" lon="-123.098973">
        <ele>497.9</ele>
      </trkpt>
      <trkpt lat="50.063979" lon="-123.099147">
        <ele>498.9</ele>
      </trkpt>
      <trkpt lat="50.064193" lon="-123.099237">
        <ele>498.9</ele>
      </trkpt>
      <trkpt lat="50.064447" lon="-123.099463">
        <ele>498.6</ele>
      </trkpt>
      <trkpt lat="50.064656" lon="-123.09963">
        <ele>499.3</ele>
      </trkpt>
      <trkpt lat="50.064823" lon="-123.099833">
        <ele>500.2</ele>
      </trkpt>
      <trkpt lat="50.065025" lon="-123.100063">
        <ele>500.6</ele>
      </trkpt>
      <trkpt lat="50.065111" lon="-123.100283">
        <ele>501.0</ele>
      </trkpt>
      <trkpt lat="50.064921" lon="-123.100463">
        <ele>499.7</ele>
      </trkpt>
      <trkpt lat="50.064851" lon="-123.100563">
        <ele>499.2</ele>
      </trkpt>
      <trkpt lat="50.06486" lon="-123.100523">
        <ele>499.2</ele>
      </trkpt>
      <trkpt lat="50.064821" lon="-123.100551">
        <ele>499.2</ele>
      </trkpt>
      <trkpt lat="50.064715" lon="-123.100695">
        <ele>499.2</ele>
      </trkpt>
      <trkpt lat="50.064725" lon="-123.100675">
        <ele>499.3</ele>
      </trkpt>
      <trkpt lat="50.064725" lon="-123.100675">
        <ele>499.3</ele>
      </trkpt>
      <trkpt lat="50.064743" lon="-123.100593">
        <ele>499.3</ele>
      </trkpt>
      <trkpt lat="50.064788" lon="-123.100566">
        <ele>499.3</ele>
      </trkpt>
      <trkpt lat="50.06483" lon="-123.100735">
        <ele>499.6</ele>
      </trkpt>
      <trkpt lat="50.06483" lon="-123.100588">
        <ele>499.4</ele>
      </trkpt>
      <trkpt lat="50.064983" lon="-123.100618">
        <ele>499.8</ele>
      </trkpt>
      <trkpt lat="50.06518" lon="-123.100333">
        <ele>500.6</ele>
      </trkpt>
      <trkpt lat="50.065011" lon="-123.100061">
        <ele>500.3</ele>
      </trkpt>
      <trkpt lat="50.06478" lon="-123.099746">
        <ele>499.5</ele>
      </trkpt>
      <trkpt lat="50.06432" lon="-123.099356">
        <ele>498.7</ele>
      </trkpt>
      <trkpt lat="50.06396" lon="-123.099106">
        <ele>499.0</ele>
      </trkpt>
      <trkpt lat="50.063508" lon="-123.09875">
        <ele>498.1</ele>
      </trkpt>
      <trkpt lat="50.063205" lon="-123.098533">
        <ele>497.5</ele>
      </trkpt>
      <trkpt lat="50.062806" lon="-123.09834">
        <ele>497.0</ele>
      </trkpt>
      <trkpt lat="50.062448" lon="-123.098118">
        <ele>497.0</ele>
      </trkpt>
      <trkpt lat="50.061975" lon="-123.098218">
        <ele>497.3</ele>
      </trkpt>
      <trkpt lat="50.061605" lon="-123.098401">
        <ele>497.2</ele>
      </trkpt>
      <trkpt lat="50.061231" lon="-123.098631">
        <ele>496.6</ele>
      </trkpt>
      <trkpt lat="50.060873" lon="-123.098865">
        <ele>495.6</ele>
      </trkpt>
      <trkpt lat="50.060455" lon="-123.09904">
        <ele>495.0</ele>
      </trkpt>
      <trkpt lat="50.060033" lon="-123.099246">
        <ele>494.0</ele>
      </trkpt>
      <trkpt lat="50.059663" lon="-123.09937">
        <ele>493.4</ele>
      </trkpt>
      <trkpt lat="50.059383" lon="-123.099475">
        <ele>493.0</ele>
      </trkpt>
      <trkpt lat="50.059035" lon="-123.099565">
        <ele>494.5</ele>
      </trkpt>
      <trkpt lat="50.05869" lon="-123.099556">
        <ele>497.1</ele>
      </trkpt>
      <trkpt lat="50.058463" lon="-123.099436">
        <ele>498.6</ele>
      </trkpt>
      <trkpt lat="50.058413" lon="-123.099403">
        <ele>499.9</ele>
      </trkpt>
      <trkpt lat="50.058715" lon="-123.099616">
        <ele>499.1</ele>
      </trkpt>
      <trkpt lat="50.058805" lon="-123.099918">
        <ele>496.9</ele>
      </trkpt>
      <trkpt lat="50.058736" lon="-123.100258">
        <ele>496.4</ele>
      </trkpt>
      <trkpt lat="50.058746" lon="-123.100595">
        <ele>495.4</ele>
      </trkpt>
      <trkpt lat="50.058785" lon="-123.100801">
        <ele>494.0</ele>
      </trkpt>
      <trkpt lat="50.058798" lon="-123.100778">
        <ele>492.5</ele>
      </trkpt>
      <trkpt lat="50.058806" lon="-123.100593">
        <ele>493.2</ele>
      </trkpt>
      <trkpt lat="50.058768" lon="-123.10038">
        <ele>493.8</ele>
      </trkpt>
      <trkpt lat="50.05877" lon="-123.100198">
        <ele>494.2</ele>
      </trkpt>
      <trkpt lat="50.058708" lon="-123.100028">
        <ele>493.6</ele>
      </trkpt>
      <trkpt lat="50.058708" lon="-123.100028">
        <ele>493.8</ele>
      </trkpt>
      <trkpt lat="50.058716" lon="-123.100031">
        <ele>494.4</ele>
      </trkpt>
      <trkpt lat="50.058756" lon="-123.099841">
        <ele>495.2</ele>
      </trkpt>
      <trkpt lat="50.058751" lon="-123.099578">
        <ele>495.6</ele>
      </trkpt>
      <trkpt lat="50.058613" lon="-123.099535">
        <ele>496.2</ele>
      </trkpt>
      <trkpt lat="50.058476" lon="-123.099471">
        <ele>497.5</ele>
      </trkpt>
      <trkpt lat="50.058388" lon="-123.09934">
        <ele>498.8</ele>
      </trkpt>
      <trkpt lat="50.058271" lon="-123.099201">
        <ele>499.7</ele>
      </trkpt>
      <trkpt lat="50.05813" lon="-123.09899">
        <ele>500.0</ele>
      </trkpt>
      <trkpt lat="50.057916" lon="-123.098783">
        <ele>500.0</ele>
      </trkpt>
      <trkpt lat="50.057728" lon="-123.098543">
        <ele>500.1</ele>
      </trkpt>
      <trkpt lat="50.05747" lon="-123.098315">
        <ele>500.0</ele>
      </trkpt>
      <trkpt lat="50.0573" lon="-123.098058">
        <ele>501.1</ele>
      </trkpt>
      <trkpt lat="50.057133" lon="-123.097933">
        <ele>502.6</ele>
      </trkpt>
      <trkpt lat="50.056961" lon="-123.097901">
        <ele>503.9</ele>
      </trkpt>
      <trkpt lat="50.056821" lon="-123.097903">
        <ele>505.0</ele>
      </trkpt>
      <trkpt lat="50.056658" lon="-123.097978">
        <ele>505.7</ele>
      </trkpt>
      <trkpt lat="50.056453" lon="-123.098116">
        <ele>505.9</ele>
      </trkpt>
      <trkpt lat="50.056303" lon="-123.098233">
        <ele>505.7</ele>
      </trkpt>
      <trkpt lat="50.056128" lon="-123.098303">
        <ele>505.9</ele>
      </trkpt>
      <trkpt lat="50.055906" lon="-123.098386">
        <ele>505.9</ele>
      </trkpt>
      <trkpt lat="50.055683" lon="-123.098563">
        <ele>505.4</ele>
      </trkpt>
      <trkpt lat="50.055381" lon="-123.098813">
        <ele>504.8</ele>
      </trkpt>
      <trkpt lat="50.054948" lon="-123.099166">
        <ele>504.3</ele>
      </trkpt>
      <trkpt lat="50.054618" lon="-123.099355">
        <ele>504.0</ele>
      </trkpt>
      <trkpt lat="50.054305" lon="-123.099538">
        <ele>504.0</ele>
      </trkpt>
      <trkpt lat="50.053963" lon="-123.099725">
        <ele>504.4</ele>
      </trkpt>
      <trkpt lat="50.053621" lon="-123.099865">
        <ele>504.1</ele>
      </trkpt>
      <trkpt lat="50.053255" lon="-123.099971">
        <ele>503.4</ele>
      </trkpt>
      <trkpt lat="50.052966" lon="-123.100096">
        <ele>503.3</ele>
      </trkpt>
      <trkpt lat="50.052648" lon="-123.100146">
        <ele>503.1</ele>
      </trkpt>
      <trkpt lat="50.05224" lon="-123.100096">
        <ele>502.6</ele>
      </trkpt>
      <trkpt lat="50.051888" lon="-123.10007">
        <ele>502.6</ele>
      </trkpt>
      <trkpt lat="50.051618" lon="-123.100031">
        <ele>503.0</ele>
      </trkpt>
      <trkpt lat="50.051341" lon="-123.100018">
        <ele>503.7</ele>
      </trkpt>
      <trkpt lat="50.051103" lon="-123.099925">
        <ele>504.1</ele>
      </trkpt>
      <trkpt lat="50.0508" lon="-123.099891">
        <ele>504.3</ele>
      </trkpt>
      <trkpt lat="50.050581" lon="-123.099806">
        <ele>505.1</ele>
      </trkpt>
      <trkpt lat="50.05028" lon="-123.099728">
        <ele>505.6</ele>
      </trkpt>
      <trkpt lat="50.049926" lon="-123.099765">
        <ele>505.1</ele>
      </trkpt>
      <trkpt lat="50.04963" lon="-123.099738">
        <ele>504.0</ele>
      </trkpt>
      <trkpt lat="50.04928" lon="-123.099658">
        <ele>502.9</ele>
      </trkpt>
      <trkpt lat="50.048895" lon="-123.09962">
        <ele>500.9</ele>
      </trkpt>
      <trkpt lat="50.04851" lon="-123.099726">
        <ele>499.3</ele>
      </trkpt>
      <trkpt lat="50.048125" lon="-123.099755">
        <ele>498.8</ele>
      </trkpt>
      <trkpt lat="50.047785" lon="-123.099688">
        <ele>498.8</ele>
      </trkpt>
      <trkpt lat="50.047491" lon="-123.099631">
        <ele>498.7</ele>
      </trkpt>
      <trkpt lat="50.047245" lon="-123.099701">
        <ele>498.7</ele>
      </trkpt>
      <trkpt lat="50.04701" lon="-123.09978">
        <ele>498.8</ele>
      </trkpt>
      <trkpt lat="50.04671" lon="-123.100031">
        <ele>498.3</ele>
      </trkpt>
      <trkpt lat="50.046576" lon="-123.10049">
        <ele>496.5</ele>
      </trkpt>
      <trkpt lat="50.046365" lon="-123.101073">
        <ele>493.4</ele>
      </trkpt>
      <trkpt lat="50.046131" lon="-123.101516">
        <ele>491.3</ele>
      </trkpt>
      <trkpt lat="50.045976" lon="-123.101863">
        <ele>491.4</ele>
      </trkpt>
      <trkpt lat="50.045836" lon="-123.102335">
        <ele>491.3</ele>
      </trkpt>
      <trkpt lat="50.045658" lon="-123.102675">
        <ele>491.7</ele>
      </trkpt>
      <trkpt lat="50.045375" lon="-123.102873">
        <ele>491.5</ele>
      </trkpt>
      <trkpt lat="50.04504" lon="-123.102851">
        <ele>491.1</ele>
      </trkpt>
      <trkpt lat="50.044738" lon="-123.102818">
        <ele>490.3</ele>
      </trkpt>
      <trkpt lat="50.044478" lon="-123.102766">
        <ele>489.5</ele>
      </trkpt>
      <trkpt lat="50.044245" lon="-123.102721">
        <ele>489.1</ele>
      </trkpt>
      <trkpt lat="50.043995" lon="-123.10271">
        <ele>488.7</ele>
      </trkpt>
      <trkpt lat="50.043665" lon="-123.102685">
        <ele>487.5</ele>
      </trkpt>
      <trkpt lat="50.043298" lon="-123.102585">
        <ele>486.2</ele>
      </trkpt>
      <trkpt lat="50.042838" lon="-123.10266">
        <ele>485.3</ele>
      </trkpt>
      <trkpt lat="50.042533" lon="-123.102672">
        <ele>485.2</ele>
      </trkpt>
      <trkpt lat="50.042331" lon="-123.102626">
        <ele>486.1</ele>
      </trkpt>
      <trkpt lat="50.04213" lon="-123.102621">
        <ele>487.0</ele>
      </trkpt>
      <trkpt lat="50.04197" lon="-123.102621">
        <ele>487.9</ele>
      </trkpt>
      <trkpt lat="50.041806" lon="-123.102575">
        <ele>488.9</ele>
      </trkpt>
      <trkpt lat="50.04159" lon="-123.102548">
        <ele>489.0</ele>
      </trkpt>
      <trkpt lat="50.04135" lon="-123.102453">
        <ele>488.8</ele>
      </trkpt>
      <trkpt lat="50.041051" lon="-123.10242">
        <ele>488.0</ele>
      </trkpt>
      <trkpt lat="50.04075" lon="-123.102433">
        <ele>486.5</ele>
      </trkpt>
      <trkpt lat="50.04061" lon="-123.102241">
        <ele>485.0</ele>
      </trkpt>
      <trkpt lat="50.040465" lon="-123.102154">
        <ele>486.2</ele>
      </trkpt>
      <trkpt lat="50.040383" lon="-123.102105">
        <ele>487.9</ele>
      </trkpt>
      <trkpt lat="50.040283" lon="-123.102038">
        <ele>489.5</ele>
      </trkpt>
      <trkpt lat="50.04019" lon="-123.102016">
        <ele>490.8</ele>
      </trkpt>
      <trkpt lat="50.040045" lon="-123.101961">
        <ele>492.3</ele>
      </trkpt>
      <trkpt lat="50.039993" lon="-123.101943">
        <ele>493.5</ele>
      </trkpt>
      <trkpt lat="50.039921" lon="-123.10192">
        <ele>494.4</ele>
      </trkpt>
      <trkpt lat="50.039896" lon="-123.101865">
        <ele>495.8</ele>
      </trkpt>
      <trkpt lat="50.039865" lon="-123.1019">
        <ele>496.7</ele>
      </trkpt>
      <trkpt lat="50.039821" lon="-123.101941">
        <ele>497.7</ele>
      </trkpt>
      <trkpt lat="50.039818" lon="-123.102063">
        <ele>498.5</ele>
      </trkpt>
      <trkpt lat="50.039848" lon="-123.102201">
        <ele>499.4</ele>
      </trkpt>
      <trkpt lat="50.039855" lon="-123.102293">
        <ele>500.2</ele>
      </trkpt>
      <trkpt lat="50.039878" lon="-123.102405">
        <ele>501.0</ele>
      </trkpt>
      <trkpt lat="50.039895" lon="-123.102541">
        <ele>501.8</ele>
      </trkpt>
      <trkpt lat="50.039921" lon="-123.102685">
        <ele>502.5</ele>
      </trkpt>
      <trkpt lat="50.039945" lon="-123.102821">
        <ele>503.1</ele>
      </trkpt>
      <trkpt lat="50.039986" lon="-123.102946">
        <ele>503.5</ele>
      </trkpt>
      <trkpt lat="50.039993" lon="-123.103111">
        <ele>503.6</ele>
      </trkpt>
      <trkpt lat="50.04001" lon="-123.103265">
        <ele>503.7</ele>
      </trkpt>
      <trkpt lat="50.039838" lon="-123.10359">
        <ele>502.1</ele>
      </trkpt>
      <trkpt lat="50.039838" lon="-123.10359">
        <ele>502.2</ele>
      </trkpt>
      <trkpt lat="50.03977" lon="-123.10355">
        <ele>502.4</ele>
      </trkpt>
      <trkpt lat="50.039625" lon="-123.103651">
        <ele>502.6</ele>
      </trkpt>
      <trkpt lat="50.03946" lon="-123.103818">
        <ele>502.4</ele>
      </trkpt>
      <trkpt lat="50.039283" lon="-123.10389">
        <ele>502.1</ele>
      </trkpt>
      <trkpt lat="50.039085" lon="-123.104003">
        <ele>501.5</ele>
      </trkpt>
      <trkpt lat="50.03901" lon="-123.104246">
        <ele>501.8</ele>
      </trkpt>
      <trkpt lat="50.03904" lon="-123.104488">
        <ele>502.2</ele>
      </trkpt>
      <trkpt lat="50.039135" lon="-123.104675">
        <ele>502.7</ele>
      </trkpt>
      <trkpt lat="50.039103" lon="-123.104833">
        <ele>503.3</ele>
      </trkpt>
      <trkpt lat="50.039135" lon="-123.105018">
        <ele>503.8</ele>
      </trkpt>
      <trkpt lat="50.039125" lon="-123.105201">
        <ele>501.0</ele>
      </trkpt>
      <trkpt lat="50.039055" lon="-123.105385">
        <ele>496.2</ele>
      </trkpt>
      <trkpt lat="50.038906" lon="-123.105575">
        <ele>495.6</ele>
      </trkpt>
      <trkpt lat="50.038694" lon="-123.105791">
        <ele>495.1</ele>
      </trkpt>
      <trkpt lat="50.038572" lon="-123.10596">
        <ele>495.8</ele>
      </trkpt>
      <trkpt lat="50.038433" lon="-123.106136">
        <ele>496.2</ele>
      </trkpt>
      <trkpt lat="50.038348" lon="-123.106414">
        <ele>495.7</ele>
      </trkpt>
      <trkpt lat="50.038161" lon="-123.106638">
        <ele>494.3</ele>
      </trkpt>
      <trkpt lat="50.038052" lon="-123.106945">
        <ele>492.9</ele>
      </trkpt>
      <trkpt lat="50.038109" lon="-123.107265">
        <ele>491.8</ele>
      </trkpt>
      <trkpt lat="50.038136" lon="-123.107511">
        <ele>492.9</ele>
      </trkpt>
      <trkpt lat="50.038246" lon="-123.10784">
        <ele>491.5</ele>
      </trkpt>
      <trkpt lat="50.038338" lon="-123.10804">
        <ele>492.7</ele>
      </trkpt>
      <trkpt lat="50.038511" lon="-123.108078">
        <ele>493.6</ele>
      </trkpt>
      <trkpt lat="50.038655" lon="-123.108166">
        <ele>494.3</ele>
      </trkpt>
      <trkpt lat="50.038828" lon="-123.108148">
        <ele>494.4</ele>
      </trkpt>
      <trkpt lat="50.039013" lon="-123.107956">
        <ele>491.1</ele>
      </trkpt>
      <trkpt lat="50.03913" lon="-123.108037">
        <ele>488.2</ele>
      </trkpt>
      <trkpt lat="50.039078" lon="-123.108233">
        <ele>488.7</ele>
      </trkpt>
      <trkpt lat="50.039015" lon="-123.108446">
        <ele>489.6</ele>
      </trkpt>
      <trkpt lat="50.038891" lon="-123.108625">
        <ele>490.1</ele>
      </trkpt>
      <trkpt lat="50.038885" lon="-123.108638">
        <ele>490.5</ele>
      </trkpt>
      <trkpt lat="50.038888" lon="-123.108771">
        <ele>490.9</ele>
      </trkpt>
      <trkpt lat="50.038888" lon="-123.108771">
        <ele>491.0</ele>
      </trkpt>
      <trkpt lat="50.038883" lon="-123.108853">
        <ele>490.6</ele>
      </trkpt>
      <trkpt lat="50.038813" lon="-123.109086">
        <ele>489.7</ele>
      </trkpt>
      <trkpt lat="50.038655" lon="-123.109161">
        <ele>490.0</ele>
      </trkpt>
      <trkpt lat="50.038368" lon="-123.109366">
        <ele>489.4</ele>
      </trkpt>
      <trkpt lat="50.038133" lon="-123.10965">
        <ele>489.3</ele>
      </trkpt>
      <trkpt lat="50.03795" lon="-123.10983">
        <ele>489.6</ele>
      </trkpt>
      <trkpt lat="50.037728" lon="-123.109921">
        <ele>488.7</ele>
      </trkpt>
      <trkpt lat="50.037526" lon="-123.110148">
        <ele>487.1</ele>
      </trkpt>
      <trkpt lat="50.037325" lon="-123.110401">
        <ele>485.6</ele>
      </trkpt>
      <trkpt lat="50.037208" lon="-123.110615">
        <ele>486.5</ele>
      </trkpt>
      <trkpt lat="50.037106" lon="-123.110766">
        <ele>488.2</ele>
      </trkpt>
      <trkpt lat="50.037111" lon="-123.110786">
        <ele>488.4</ele>
      </trkpt>
      <trkpt lat="50.037113" lon="-123.110788">
        <ele>488.4</ele>
      </trkpt>
      <trkpt lat="50.037113" lon="-123.110788">
        <ele>488.3</ele>
      </trkpt>
      <trkpt lat="50.036983" lon="-123.110976">
        <ele>488.0</ele>
      </trkpt>
      <trkpt lat="50.036836" lon="-123.110958">
        <ele>487.0</ele>
      </trkpt>
      <trkpt lat="50.036665" lon="-123.111027">
        <ele>486.3</ele>
      </trkpt>
      <trkpt lat="50.036439" lon="-123.111158">
        <ele>484.9</ele>
      </trkpt>
      <trkpt lat="50.036277" lon="-123.111228">
        <ele>483.5</ele>
      </trkpt>
      <trkpt lat="50.03608" lon="-123.11112">
        <ele>480.5</ele>
      </trkpt>
      <trkpt lat="50.035926" lon="-123.111165">
        <ele>477.4</ele>
      </trkpt>
      <trkpt lat="50.035891" lon="-123.111208">
        <ele>475.1</ele>
      </trkpt>
      <trkpt lat="50.035826" lon="-123.11119">
        <ele>472.1</ele>
      </trkpt>
      <trkpt lat="50.035831" lon="-123.111181">
        <ele>472.1</ele>
      </trkpt>
      <trkpt lat="50.035853" lon="-123.110986">
        <ele>471.8</ele>
      </trkpt>
      <trkpt lat="50.035696" lon="-123.111156">
        <ele>469.5</ele>
      </trkpt>
      <trkpt lat="50.035636" lon="-123.111163">
        <ele>467.2</ele>
      </trkpt>
      <trkpt lat="50.035509" lon="-123.111014">
        <ele>465.6</ele>
      </trkpt>
      <trkpt lat="50.035298" lon="-123.111188">
        <ele>465.3</ele>
      </trkpt>
      <trkpt lat="50.03502" lon="-123.111233">
        <ele>465.7</ele>
      </trkpt>
      <trkpt lat="50.03477" lon="-123.111145">
        <ele>465.4</ele>
      </trkpt>
      <trkpt lat="50.0345" lon="-123.111045">
        <ele>464.9</ele>
      </trkpt>
      <trkpt lat="50.034145" lon="-123.111021">
        <ele>462.4</ele>
      </trkpt>
      <trkpt lat="50.033838" lon="-123.110914">
        <ele>462.3</ele>
      </trkpt>
      <trkpt lat="50.033545" lon="-123.110949">
        <ele>461.7</ele>
      </trkpt>
      <trkpt lat="50.033508" lon="-123.111391">
        <ele>460.6</ele>
      </trkpt>
      <trkpt lat="50.03349" lon="-123.11168">
        <ele>460.2</ele>
      </trkpt>
      <trkpt lat="50.033451" lon="-123.111845">
        <ele>461.3</ele>
      </trkpt>
      <trkpt lat="50.033461" lon="-123.112113">
        <ele>461.6</ele>
      </trkpt>
      <trkpt lat="50.033308" lon="-123.112278">
        <ele>460.4</ele>
      </trkpt>
      <trkpt lat="50.03325" lon="-123.112636">
        <ele>458.5</ele>
      </trkpt>
      <trkpt lat="50.033391" lon="-123.112558">
        <ele>457.8</ele>
      </trkpt>
      <trkpt lat="50.03358" lon="-123.112418">
        <ele>456.3</ele>
      </trkpt>
      <trkpt lat="50.033785" lon="-123.11226">
        <ele>454.5</ele>
      </trkpt>
      <trkpt lat="50.033971" lon="-123.112074">
        <ele>452.5</ele>
      </trkpt>
      <trkpt lat="50.034172" lon="-123.112076">
        <ele>449.1</ele>
      </trkpt>
      <trkpt lat="50.034405" lon="-123.112005">
        <ele>444.5</ele>
      </trkpt>
      <trkpt lat="50.034705" lon="-123.111944">
        <ele>442.3</ele>
      </trkpt>
      <trkpt lat="50.034784" lon="-123.112041">
        <ele>439.4</ele>
      </trkpt>
      <trkpt lat="50.03444" lon="-123.112531">
        <ele>433.7</ele>
      </trkpt>
      <trkpt lat="50.034365" lon="-123.112786">
        <ele>433.0</ele>
      </trkpt>
      <trkpt lat="50.034428" lon="-123.113008">
        <ele>433.5</ele>
      </trkpt>
      <trkpt lat="50.03459" lon="-123.113148">
        <ele>434.1</ele>
      </trkpt>
      <trkpt lat="50.034745" lon="-123.113251">
        <ele>434.5</ele>
      </trkpt>
      <trkpt lat="50.034918" lon="-123.113363">
        <ele>435.2</ele>
      </trkpt>
      <trkpt lat="50.03503" lon="-123.113485">
        <ele>436.4</ele>
      </trkpt>
      <trkpt lat="50.035151" lon="-123.113611">
        <ele>437.7</ele>
      </trkpt>
      <trkpt lat="50.035236" lon="-123.113748">
        <ele>438.9</ele>
      </trkpt>
      <trkpt lat="50.035273" lon="-123.113926">
        <ele>440.8</ele>
      </trkpt>
      <trkpt lat="50.035343" lon="-123.114033">
        <ele>442.9</ele>
      </trkpt>
      <trkpt lat="50.035381" lon="-123.114116">
        <ele>444.1</ele>
      </trkpt>
      <trkpt lat="50.035426" lon="-123.114286">
        <ele>444.9</ele>
      </trkpt>
      <trkpt lat="50.035505" lon="-123.114398">
        <ele>445.8</ele>
      </trkpt>
      <trkpt lat="50.03557" lon="-123.11452">
        <ele>447.2</ele>
      </trkpt>
      <trkpt lat="50.03559" lon="-123.114666">
        <ele>448.7</ele>
      </trkpt>
      <trkpt lat="50.035808" lon="-123.115661">
        <ele>458.5</ele>
      </trkpt>
      <trkpt lat="50.035808" lon="-123.115661">
        <ele>458.6</ele>
      </trkpt>
      <trkpt lat="50.035968" lon="-123.11587">
        <ele>458.2</ele>
      </trkpt>
      <trkpt lat="50.036073" lon="-123.116138">
        <ele>458.5</ele>
      </trkpt>
      <trkpt lat="50.036053" lon="-123.11653">
        <ele>459.0</ele>
      </trkpt>
      <trkpt lat="50.035963" lon="-123.116736">
        <ele>460.6</ele>
      </trkpt>
      <trkpt lat="50.035913" lon="-123.116888">
        <ele>462.5</ele>
      </trkpt>
      <trkpt lat="50.035858" lon="-123.117066">
        <ele>464.1</ele>
      </trkpt>
      <trkpt lat="50.03596" lon="-123.117333">
        <ele>464.9</ele>
      </trkpt>
      <trkpt lat="50.03607" lon="-123.117738">
        <ele>463.5</ele>
      </trkpt>
      <trkpt lat="50.036221" lon="-123.118111">
        <ele>462.4</ele>
      </trkpt>
      <trkpt lat="50.036265" lon="-123.118273">
        <ele>462.2</ele>
      </trkpt>
      <trkpt lat="50.036288" lon="-123.118296">
        <ele>462.2</ele>
      </trkpt>
      <trkpt lat="50.036236" lon="-123.118496">
        <ele>462.6</ele>
      </trkpt>
      <trkpt lat="50.036011" lon="-123.11859">
        <ele>462.5</ele>
      </trkpt>
      <trkpt lat="50.035776" lon="-123.118508">
        <ele>461.9</ele>
      </trkpt>
      <trkpt lat="50.035641" lon="-123.118591">
        <ele>462.6</ele>
      </trkpt>
      <trkpt lat="50.035688" lon="-123.118547">
        <ele>463.6</ele>
      </trkpt>
      <trkpt lat="50.035674" lon="-123.118542">
        <ele>463.6</ele>
      </trkpt>
      <trkpt lat="50.035865" lon="-123.1186">
        <ele>463.3</ele>
      </trkpt>
      <trkpt lat="50.036076" lon="-123.118555">
        <ele>463.5</ele>
      </trkpt>
      <trkpt lat="50.036249" lon="-123.118434">
        <ele>464.1</ele>
      </trkpt>
      <trkpt lat="50.036459" lon="-123.118347">
        <ele>464.1</ele>
      </trkpt>
      <trkpt lat="50.036558" lon="-123.118374">
        <ele>464.2</ele>
      </trkpt>
      <trkpt lat="50.036715" lon="-123.118387">
        <ele>463.3</ele>
      </trkpt>
      <trkpt lat="50.03692" lon="-123.118607">
        <ele>462.8</ele>
      </trkpt>
      <trkpt lat="50.037079" lon="-123.118778">
        <ele>462.4</ele>
      </trkpt>
      <trkpt lat="50.037276" lon="-123.119145">
        <ele>462.4</ele>
      </trkpt>
      <trkpt lat="50.037493" lon="-123.119547">
        <ele>461.9</ele>
      </trkpt>
      <trkpt lat="50.037711" lon="-123.11983">
        <ele>459.8</ele>
      </trkpt>
      <trkpt lat="50.038028" lon="-123.12011">
        <ele>459.2</ele>
      </trkpt>
      <trkpt lat="50.038041" lon="-123.12027">
        <ele>459.7</ele>
      </trkpt>
      <trkpt lat="50.038028" lon="-123.120305">
        <ele>459.6</ele>
      </trkpt>
      <trkpt lat="50.038036" lon="-123.120456">
        <ele>460.1</ele>
      </trkpt>
      <trkpt lat="50.037936" lon="-123.120613">
        <ele>460.9</ele>
      </trkpt>
      <trkpt lat="50.03772" lon="-123.120811">
        <ele>461.9</ele>
      </trkpt>
      <trkpt lat="50.037718" lon="-123.121023">
        <ele>462.7</ele>
      </trkpt>
      <trkpt lat="50.03779" lon="-123.121183">
        <ele>464.1</ele>
      </trkpt>
      <trkpt lat="50.037795" lon="-123.121255">
        <ele>464.6</ele>
      </trkpt>
      <trkpt lat="50.037796" lon="-123.121263">
        <ele>464.7</ele>
      </trkpt>
      <trkpt lat="50.037711" lon="-123.121328">
        <ele>464.5</ele>
      </trkpt>
      <trkpt lat="50.037588" lon="-123.121375">
        <ele>464.4</ele>
      </trkpt>
      <trkpt lat="50.037493" lon="-123.12144">
        <ele>464.7</ele>
      </trkpt>
      <trkpt lat="50.037473" lon="-123.121423">
        <ele>464.6</ele>
      </trkpt>
      <trkpt lat="50.037388" lon="-123.121553">
        <ele>467.6</ele>
      </trkpt>
      <trkpt lat="50.037381" lon="-123.121653">
        <ele>467.7</ele>
      </trkpt>
      <trkpt lat="50.037535" lon="-123.121696">
        <ele>468.1</ele>
      </trkpt>
      <trkpt lat="50.03772" lon="-123.121761">
        <ele>468.5</ele>
      </trkpt>
      <trkpt lat="50.037758" lon="-123.122001">
        <ele>469.0</ele>
      </trkpt>
      <trkpt lat="50.037785" lon="-123.122116">
        <ele>468.8</ele>
      </trkpt>
      <trkpt lat="50.037736" lon="-123.122206">
        <ele>469.6</ele>
      </trkpt>
      <trkpt lat="50.037736" lon="-123.122206">
        <ele>469.7</ele>
      </trkpt>
      <trkpt lat="50.037696" lon="-123.122255">
        <ele>469.8</ele>
      </trkpt>
      <trkpt lat="50.03746" lon="-123.122341">
        <ele>469.9</ele>
      </trkpt>
      <trkpt lat="50.037171" lon="-123.122403">
        <ele>470.0</ele>
      </trkpt>
      <trkpt lat="50.036856" lon="-123.122513">
        <ele>469.6</ele>
      </trkpt>
      <trkpt lat="50.036526" lon="-123.12268">
        <ele>469.0</ele>
      </trkpt>
      <trkpt lat="50.036163" lon="-123.12287">
        <ele>468.4</ele>
      </trkpt>
      <trkpt lat="50.035863" lon="-123.122976">
        <ele>468.5</ele>
      </trkpt>
      <trkpt lat="50.035648" lon="-123.123033">
        <ele>468.9</ele>
      </trkpt>
      <trkpt lat="50.035645" lon="-123.123006">
        <ele>468.9</ele>
      </trkpt>
      <trkpt lat="50.035645" lon="-123.123006">
        <ele>468.9</ele>
      </trkpt>
      <trkpt lat="50.035588" lon="-123.1231">
        <ele>469.2</ele>
      </trkpt>
      <trkpt lat="50.035333" lon="-123.123233">
        <ele>469.9</ele>
      </trkpt>
      <trkpt lat="50.035061" lon="-123.123328">
        <ele>470.7</ele>
      </trkpt>
      <trkpt lat="50.034808" lon="-123.123408">
        <ele>471.8</ele>
      </trkpt>
      <trkpt lat="50.034555" lon="-123.123426">
        <ele>473.0</ele>
      </trkpt>
      <trkpt lat="50.034341" lon="-123.123486">
        <ele>473.9</ele>
      </trkpt>
      <trkpt lat="50.034103" lon="-123.123456">
        <ele>474.6</ele>
      </trkpt>
      <trkpt lat="50.033851" lon="-123.123435">
        <ele>475.5</ele>
      </trkpt>
      <trkpt lat="50.033628" lon="-123.12337">
        <ele>475.8</ele>
      </trkpt>
      <trkpt lat="50.03337" lon="-123.123273">
        <ele>476.1</ele>
      </trkpt>
      <trkpt lat="50.03309" lon="-123.123145">
        <ele>476.4</ele>
      </trkpt>
      <trkpt lat="50.032775" lon="-123.122941">
        <ele>476.2</ele>
      </trkpt>
      <trkpt lat="50.032445" lon="-123.122676">
        <ele>475.8</ele>
      </trkpt>
      <trkpt lat="50.032296" lon="-123.12256">
        <ele>474.6</ele>
      </trkpt>
      <trkpt lat="50.0323" lon="-123.12255">
        <ele>474.8</ele>
      </trkpt>
      <trkpt lat="50.032196" lon="-123.122531">
        <ele>474.6</ele>
      </trkpt>
      <trkpt lat="50.031845" lon="-123.122363">
        <ele>474.2</ele>
      </trkpt>
      <trkpt lat="50.031383" lon="-123.122138">
        <ele>472.8</ele>
      </trkpt>
      <trkpt lat="50.030871" lon="-123.121916">
        <ele>470.7</ele>
      </trkpt>
      <trkpt lat="50.030296" lon="-123.121656">
        <ele>468.3</ele>
      </trkpt>
      <trkpt lat="50.029668" lon="-123.121418">
        <ele>466.9</ele>
      </trkpt>
      <trkpt lat="50.02912" lon="-123.121251">
        <ele>466.0</ele>
      </trkpt>
      <trkpt lat="50.028585" lon="-123.121076">
        <ele>465.3</ele>
      </trkpt>
      <trkpt lat="50.028015" lon="-123.120976">
        <ele>463.6</ele>
      </trkpt>
      <trkpt lat="50.02749" lon="-123.12089">
        <ele>460.3</ele>
      </trkpt>
      <trkpt lat="50.026936" lon="-123.120826">
        <ele>456.5</ele>
      </trkpt>
      <trkpt lat="50.026373" lon="-123.120731">
        <ele>452.5</ele>
      </trkpt>
      <trkpt lat="50.025806" lon="-123.12062">
        <ele>448.7</ele>
      </trkpt>
      <trkpt lat="50.025233" lon="-123.120573">
        <ele>445.2</ele>
      </trkpt>
      <trkpt lat="50.024668" lon="-123.120645">
        <ele>442.0</ele>
      </trkpt>
      <trkpt lat="50.024068" lon="-123.120748">
        <ele>440.1</ele>
      </trkpt>
      <trkpt lat="50.023535" lon="-123.120965">
        <ele>439.6</ele>
      </trkpt>
      <trkpt lat="50.022985" lon="-123.12126">
        <ele>438.5</ele>
      </trkpt>
      <trkpt lat="50.022483" lon="-123.121485">
        <ele>437.5</ele>
      </trkpt>
      <trkpt lat="50.02209" lon="-123.12166">
        <ele>437.7</ele>
      </trkpt>
      <trkpt lat="50.021716" lon="-123.121823">
        <ele>437.8</ele>
      </trkpt>
      <trkpt lat="50.02134" lon="-123.122026">
        <ele>437.9</ele>
      </trkpt>
      <trkpt lat="50.020868" lon="-123.122156">
        <ele>437.7</ele>
      </trkpt>
      <trkpt lat="50.020476" lon="-123.122291">
        <ele>436.9</ele>
      </trkpt>
      <trkpt lat="50.020168" lon="-123.122443">
        <ele>435.6</ele>
      </trkpt>
      <trkpt lat="50.019843" lon="-123.122578">
        <ele>434.6</ele>
      </trkpt>
      <trkpt lat="50.019505" lon="-123.12271">
        <ele>433.6</ele>
      </trkpt>
      <trkpt lat="50.019113" lon="-123.122805">
        <ele>432.7</ele>
      </trkpt>
      <trkpt lat="50.018746" lon="-123.122823">
        <ele>431.7</ele>
      </trkpt>
      <trkpt lat="50.01871" lon="-123.122816">
        <ele>430.7</ele>
      </trkpt>
      <trkpt lat="50.01871" lon="-123.122816">
        <ele>430.7</ele>
      </trkpt>
      <trkpt lat="50.01871" lon="-123.122816">
        <ele>430.5</ele>
      </trkpt>
      <trkpt lat="50.01871" lon="-123.122816">
        <ele>430.5</ele>
      </trkpt>
      <trkpt lat="50.018443" lon="-123.122801">
        <ele>428.8</ele>
      </trkpt>
      <trkpt lat="50.018058" lon="-123.12277">
        <ele>424.3</ele>
      </trkpt>
      <trkpt lat="50.01764" lon="-123.122721">
        <ele>423.6</ele>
      </trkpt>
      <trkpt lat="50.017196" lon="-123.122713">
        <ele>423.1</ele>
      </trkpt>
      <trkpt lat="50.01679" lon="-123.122733">
        <ele>422.4</ele>
      </trkpt>
      <trkpt lat="50.016323" lon="-123.12281">
        <ele>421.4</ele>
      </trkpt>
      <trkpt lat="50.015801" lon="-123.122966">
        <ele>419.4</ele>
      </trkpt>
      <trkpt lat="50.015273" lon="-123.123176">
        <ele>416.3</ele>
      </trkpt>
      <trkpt lat="50.01468" lon="-123.123461">
        <ele>412.4</ele>
      </trkpt>
      <trkpt lat="50.014096" lon="-123.123695">
        <ele>409.0</ele>
      </trkpt>
      <trkpt lat="50.013638" lon="-123.12394">
        <ele>406.6</ele>
      </trkpt>
      <trkpt lat="50.013146" lon="-123.124168">
        <ele>404.6</ele>
      </trkpt>
      <trkpt lat="50.012661" lon="-123.124375">
        <ele>402.3</ele>
      </trkpt>
      <trkpt lat="50.012198" lon="-123.124598">
        <ele>400.4</ele>
      </trkpt>
      <trkpt lat="50.011733" lon="-123.124796">
        <ele>399.0</ele>
      </trkpt>
      <trkpt lat="50.01127" lon="-123.125031">
        <ele>397.9</ele>
      </trkpt>
      <trkpt lat="50.010775" lon="-123.125283">
        <ele>396.4</ele>
      </trkpt>
      <trkpt lat="50.010243" lon="-123.125528">
        <ele>395.1</ele>
      </trkpt>
      <trkpt lat="50.009796" lon="-123.125848">
        <ele>394.2</ele>
      </trkpt>
      <trkpt lat="50.009523" lon="-123.126068">
        <ele>393.9</ele>
      </trkpt>
      <trkpt lat="50.009516" lon="-123.126108">
        <ele>393.8</ele>
      </trkpt>
      <trkpt lat="50.009515" lon="-123.126106">
        <ele>393.9</ele>
      </trkpt>
      <trkpt lat="50.009515" lon="-123.126106">
        <ele>393.8</ele>
      </trkpt>
      <trkpt lat="50.009416" lon="-123.126201">
        <ele>393.6</ele>
      </trkpt>
      <trkpt lat="50.009311" lon="-123.126308">
        <ele>393.7</ele>
      </trkpt>
      <trkpt lat="50.009148" lon="-123.126526">
        <ele>394.1</ele>
      </trkpt>
      <trkpt lat="50.008946" lon="-123.126751">
        <ele>394.8</ele>
      </trkpt>
      <trkpt lat="50.008836" lon="-123.126865">
        <ele>395.3</ele>
      </trkpt>
      <trkpt lat="50.008753" lon="-123.126971">
        <ele>395.8</ele>
      </trkpt>
      <trkpt lat="50.008753" lon="-123.126971">
        <ele>395.5</ele>
      </trkpt>
      <trkpt lat="50.008921" lon="-123.12707">
        <ele>395.6</ele>
      </trkpt>
      <trkpt lat="50.008995" lon="-123.126965">
        <ele>395.3</ele>
      </trkpt>
      <trkpt lat="50.009065" lon="-123.126858">
        <ele>394.8</ele>
      </trkpt>
      <trkpt lat="50.00918" lon="-123.126716">
        <ele>394.5</ele>
      </trkpt>
      <trkpt lat="50.009241" lon="-123.126571">
        <ele>393.9</ele>
      </trkpt>
      <trkpt lat="50.009285" lon="-123.126551">
        <ele>393.7</ele>
      </trkpt>
      <trkpt lat="50.009336" lon="-123.126531">
        <ele>393.6</ele>
      </trkpt>
      <trkpt lat="50.009553" lon="-123.126721">
        <ele>393.6</ele>
      </trkpt>
      <trkpt lat="50.009651" lon="-123.127048">
        <ele>393.9</ele>
      </trkpt>
      <trkpt lat="50.009695" lon="-123.12727">
        <ele>396.0</ele>
      </trkpt>
      <trkpt lat="50.009686" lon="-123.127301">
        <ele>396.8</ele>
      </trkpt>
      <trkpt lat="50.009688" lon="-123.127301">
        <ele>397.0</ele>
      </trkpt>
      <trkpt lat="50.009688" lon="-123.127301">
        <ele>397.0</ele>
      </trkpt>
      <trkpt lat="50.00968" lon="-123.12721">
        <ele>397.0</ele>
      </trkpt>
      <trkpt lat="50.00946" lon="-123.126818">
        <ele>395.1</ele>
      </trkpt>
      <trkpt lat="50.009163" lon="-123.126968">
        <ele>394.4</ele>
      </trkpt>
      <trkpt lat="50.008946" lon="-123.12726">
        <ele>395.4</ele>
      </trkpt>
      <trkpt lat="50.008756" lon="-123.127525">
        <ele>396.3</ele>
      </trkpt>
      <trkpt lat="50.008551" lon="-123.127838">
        <ele>397.4</ele>
      </trkpt>
      <trkpt lat="50.008323" lon="-123.128163">
        <ele>398.2</ele>
      </trkpt>
      <trkpt lat="50.008118" lon="-123.12852">
        <ele>398.6</ele>
      </trkpt>
      <trkpt lat="50.007856" lon="-123.128891">
        <ele>398.2</ele>
      </trkpt>
      <trkpt lat="50.007541" lon="-123.129383">
        <ele>397.8</ele>
      </trkpt>
      <trkpt lat="50.00717" lon="-123.130001">
        <ele>396.7</ele>
      </trkpt>
      <trkpt lat="50.006651" lon="-123.130783">
        <ele>394.4</ele>
      </trkpt>
      <trkpt lat="50.006041" lon="-123.13164">
        <ele>390.5</ele>
      </trkpt>
      <trkpt lat="50.005435" lon="-123.132261">
        <ele>386.4</ele>
      </trkpt>
      <trkpt lat="50.005236" lon="-123.133188">
        <ele>384.9</ele>
      </trkpt>
      <trkpt lat="50.004878" lon="-123.133981">
        <ele>383.6</ele>
      </trkpt>
      <trkpt lat="50.004551" lon="-123.134611">
        <ele>383.1</ele>
      </trkpt>
      <trkpt lat="50.004311" lon="-123.135135">
        <ele>383.2</ele>
      </trkpt>
      <trkpt lat="50.004098" lon="-123.135401">
        <ele>384.2</ele>
      </trkpt>
      <trkpt lat="50.003936" lon="-123.13559">
        <ele>385.3</ele>
      </trkpt>
      <trkpt lat="50.00382" lon="-123.13576">
        <ele>386.5</ele>
      </trkpt>
      <trkpt lat="50.003676" lon="-123.135931">
        <ele>387.5</ele>
      </trkpt>
      <trkpt lat="50.003535" lon="-123.136078">
        <ele>388.5</ele>
      </trkpt>
      <trkpt lat="50.003406" lon="-123.136216">
        <ele>389.5</ele>
      </trkpt>
      <trkpt lat="50.00322" lon="-123.136366">
        <ele>390.1</ele>
      </trkpt>
      <trkpt lat="50.002996" lon="-123.136556">
        <ele>390.5</ele>
      </trkpt>
      <trkpt lat="50.002751" lon="-123.136711">
        <ele>390.6</ele>
      </trkpt>
      <trkpt lat="50.002478" lon="-123.13686">
        <ele>390.7</ele>
      </trkpt>
      <trkpt lat="50.002166" lon="-123.137046">
        <ele>390.5</ele>
      </trkpt>
      <trkpt lat="50.00186" lon="-123.137133">
        <ele>390.2</ele>
      </trkpt>
      <trkpt lat="50.001623" lon="-123.137185">
        <ele>390.8</ele>
      </trkpt>
      <trkpt lat="50.001391" lon="-123.13723">
        <ele>392.1</ele>
      </trkpt>
      <trkpt lat="50.001181" lon="-123.137268">
        <ele>393.4</ele>
      </trkpt>
      <trkpt lat="50.00103" lon="-123.137298">
        <ele>394.6</ele>
      </trkpt>
      <trkpt lat="50.000873" lon="-123.137361">
        <ele>391.6</ele>
      </trkpt>
      <trkpt lat="50.000701" lon="-123.137396">
        <ele>389.3</ele>
      </trkpt>
      <trkpt lat="50.000525" lon="-123.137453">
        <ele>389.9</ele>
      </trkpt>
      <trkpt lat="50.000365" lon="-123.137485">
        <ele>390.4</ele>
      </trkpt>
      <trkpt lat="50.00019" lon="-123.137578">
        <ele>390.9</ele>
      </trkpt>
      <trkpt lat="49.999975" lon="-123.13768">
        <ele>391.3</ele>
      </trkpt>
      <trkpt lat="49.999715" lon="-123.13776">
        <ele>391.3</ele>
      </trkpt>
      <trkpt lat="49.999393" lon="-123.137868">
        <ele>391.0</ele>
      </trkpt>
      <trkpt lat="49.999028" lon="-123.137955">
        <ele>390.7</ele>
      </trkpt>
      <trkpt lat="49.998611" lon="-123.138106">
        <ele>390.2</ele>
      </trkpt>
      <trkpt lat="49.998253" lon="-123.138251">
        <ele>390.5</ele>
      </trkpt>
      <trkpt lat="49.997886" lon="-123.138495">
        <ele>390.4</ele>
      </trkpt>
      <trkpt lat="49.997571" lon="-123.13874">
        <ele>391.1</ele>
      </trkpt>
      <trkpt lat="49.997328" lon="-123.13896">
        <ele>392.6</ele>
      </trkpt>
      <trkpt lat="49.997093" lon="-123.139131">
        <ele>393.8</ele>
      </trkpt>
      <trkpt lat="49.996896" lon="-123.139415">
        <ele>394.7</ele>
      </trkpt>
      <trkpt lat="49.996645" lon="-123.139723">
        <ele>395.0</ele>
      </trkpt>
      <trkpt lat="49.996335" lon="-123.139985">
        <ele>394.7</ele>
      </trkpt>
      <trkpt lat="49.995906" lon="-123.140181">
        <ele>394.2</ele>
      </trkpt>
      <trkpt lat="49.995481" lon="-123.14035">
        <ele>394.1</ele>
      </trkpt>
      <trkpt lat="49.995065" lon="-123.140496">
        <ele>394.1</ele>
      </trkpt>
      <trkpt lat="49.994648" lon="-123.140575">
        <ele>393.8</ele>
      </trkpt>
      <trkpt lat="49.994415" lon="-123.140811">
        <ele>392.5</ele>
      </trkpt>
      <trkpt lat="49.994371" lon="-123.14088">
        <ele>392.0</ele>
      </trkpt>
      <trkpt lat="49.994371" lon="-123.14088">
        <ele>392.2</ele>
      </trkpt>
      <trkpt lat="49.994316" lon="-123.140891">
        <ele>392.0</ele>
      </trkpt>
      <trkpt lat="49.994211" lon="-123.140966">
        <ele>392.1</ele>
      </trkpt>
      <trkpt lat="49.99407" lon="-123.141043">
        <ele>391.9</ele>
      </trkpt>
      <trkpt lat="49.993905" lon="-123.141066">
        <ele>392.1</ele>
      </trkpt>
      <trkpt lat="49.993658" lon="-123.141148">
        <ele>391.9</ele>
      </trkpt>
      <trkpt lat="49.993548" lon="-123.141195">
        <ele>392.2</ele>
      </trkpt>
      <trkpt lat="49.993548" lon="-123.141195">
        <ele>392.8</ele>
      </trkpt>
      <trkpt lat="49.993548" lon="-123.141195">
        <ele>392.5</ele>
      </trkpt>
      <trkpt lat="49.99357" lon="-123.141248">
        <ele>392.5</ele>
      </trkpt>
      <trkpt lat="49.993418" lon="-123.141366">
        <ele>392.5</ele>
      </trkpt>
      <trkpt lat="49.993171" lon="-123.141523">
        <ele>392.1</ele>
      </trkpt>
      <trkpt lat="49.99297" lon="-123.141633">
        <ele>391.8</ele>
      </trkpt>
      <trkpt lat="49.992788" lon="-123.141723">
        <ele>391.3</ele>
      </trkpt>
      <trkpt lat="49.992585" lon="-123.141911">
        <ele>390.7</ele>
      </trkpt>
      <trkpt lat="49.992388" lon="-123.142103">
        <ele>390.1</ele>
      </trkpt>
      <trkpt lat="49.992155" lon="-123.142263">
        <ele>389.7</ele>
      </trkpt>
      <trkpt lat="49.991968" lon="-123.142333">
        <ele>389.1</ele>
      </trkpt>
      <trkpt lat="49.991778" lon="-123.142476">
        <ele>388.5</ele>
      </trkpt>
      <trkpt lat="49.991585" lon="-123.142543">
        <ele>389.1</ele>
      </trkpt>
      <trkpt lat="49.991411" lon="-123.142575">
        <ele>390.3</ele>
      </trkpt>
      <trkpt lat="49.991221" lon="-123.142621">
        <ele>390.6</ele>
      </trkpt>
      <trkpt lat="49.991006" lon="-123.142636">
        <ele>390.4</ele>
      </trkpt>
      <trkpt lat="49.990795" lon="-123.142641">
        <ele>390.0</ele>
      </trkpt>
      <trkpt lat="49.990743" lon="-123.142646">
        <ele>390.1</ele>
      </trkpt>
      <trkpt lat="49.99052" lon="-123.142728">
        <ele>390.3</ele>
      </trkpt>
      <trkpt lat="49.990321" lon="-123.14281">
        <ele>390.5</ele>
      </trkpt>
      <trkpt lat="49.990121" lon="-123.142921">
        <ele>391.2</ele>
      </trkpt>
      <trkpt lat="49.98991" lon="-123.14305">
        <ele>391.1</ele>
      </trkpt>
      <trkpt lat="49.98967" lon="-123.143168">
        <ele>390.6</ele>
      </trkpt>
      <trkpt lat="49.989473" lon="-123.143288">
        <ele>390.0</ele>
      </trkpt>
      <trkpt lat="49.989356" lon="-123.143265">
        <ele>389.0</ele>
      </trkpt>
      <trkpt lat="49.989278" lon="-123.143221">
        <ele>387.8</ele>
      </trkpt>
      <trkpt lat="49.988511" lon="-123.143448">
        <ele>375.7</ele>
      </trkpt>
      <trkpt lat="49.988511" lon="-123.143448">
        <ele>375.6</ele>
      </trkpt>
      <trkpt lat="49.988516" lon="-123.143573">
        <ele>375.5</ele>
      </trkpt>
      <trkpt lat="49.988573" lon="-123.143831">
        <ele>375.5</ele>
      </trkpt>
      <trkpt lat="49.98873" lon="-123.144083">
        <ele>375.7</ele>
      </trkpt>
      <trkpt lat="49.98884" lon="-123.144361">
        <ele>375.9</ele>
      </trkpt>
      <trkpt lat="49.988918" lon="-123.144645">
        <ele>374.8</ele>
      </trkpt>
      <trkpt lat="49.98901" lon="-123.144903">
        <ele>373.0</ele>
      </trkpt>
      <trkpt lat="49.989066" lon="-123.145076">
        <ele>372.1</ele>
      </trkpt>
      <trkpt lat="49.98929" lon="-123.14545">
        <ele>371.0</ele>
      </trkpt>
      <trkpt lat="49.989358" lon="-123.145595">
        <ele>371.1</ele>
      </trkpt>
      <trkpt lat="49.989403" lon="-123.145761">
        <ele>371.7</ele>
      </trkpt>
      <trkpt lat="49.989511" lon="-123.146003">
        <ele>372.0</ele>
      </trkpt>
      <trkpt lat="49.989608" lon="-123.14632">
        <ele>372.0</ele>
      </trkpt>
      <trkpt lat="49.989561" lon="-123.14666">
        <ele>372.0</ele>
      </trkpt>
      <trkpt lat="49.989495" lon="-123.146908">
        <ele>372.6</ele>
      </trkpt>
      <trkpt lat="49.98941" lon="-123.147176">
        <ele>372.7</ele>
      </trkpt>
      <trkpt lat="49.989331" lon="-123.147523">
        <ele>372.9</ele>
      </trkpt>
      <trkpt lat="49.9892" lon="-123.14783">
        <ele>373.8</ele>
      </trkpt>
      <trkpt lat="49.989018" lon="-123.148193">
        <ele>374.7</ele>
      </trkpt>
      <trkpt lat="49.988835" lon="-123.14865">
        <ele>374.5</ele>
      </trkpt>
      <trkpt lat="49.988658" lon="-123.149">
        <ele>373.8</ele>
      </trkpt>
      <trkpt lat="49.988486" lon="-123.149221">
        <ele>372.9</ele>
      </trkpt>
      <trkpt lat="49.988381" lon="-123.149468">
        <ele>371.5</ele>
      </trkpt>
      <trkpt lat="49.988293" lon="-123.14975">
        <ele>370.3</ele>
      </trkpt>
      <trkpt lat="49.988313" lon="-123.14992">
        <ele>369.3</ele>
      </trkpt>
      <trkpt lat="49.988416" lon="-123.150098">
        <ele>369.6</ele>
      </trkpt>
      <trkpt lat="49.98853" lon="-123.150298">
        <ele>370.8</ele>
      </trkpt>
      <trkpt lat="49.988595" lon="-123.15056">
        <ele>371.6</ele>
      </trkpt>
      <trkpt lat="49.988606" lon="-123.150828">
        <ele>372.1</ele>
      </trkpt>
      <trkpt lat="49.988636" lon="-123.15106">
        <ele>372.8</ele>
      </trkpt>
      <trkpt lat="49.988615" lon="-123.151256">
        <ele>373.3</ele>
      </trkpt>
      <trkpt lat="49.98862" lon="-123.151448">
        <ele>373.9</ele>
      </trkpt>
      <trkpt lat="49.98861" lon="-123.151608">
        <ele>374.5</ele>
      </trkpt>
      <trkpt lat="49.988573" lon="-123.15174">
        <ele>375.1</ele>
      </trkpt>
      <trkpt lat="49.988555" lon="-123.151801">
        <ele>375.7</ele>
      </trkpt>
      <trkpt lat="49.988545" lon="-123.151823">
        <ele>376.0</ele>
      </trkpt>
      <trkpt lat="49.988471" lon="-123.151903">
        <ele>376.7</ele>
      </trkpt>
      <trkpt lat="49.988463" lon="-123.151915">
        <ele>377.1</ele>
      </trkpt>
      <trkpt lat="49.988463" lon="-123.151915">
        <ele>377.1</ele>
      </trkpt>
      <trkpt lat="49.988463" lon="-123.151915">
        <ele>377.4</ele>
      </trkpt>
      <trkpt lat="49.988463" lon="-123.151915">
        <ele>377.4</ele>
      </trkpt>
      <trkpt lat="49.988463" lon="-123.151915">
        <ele>377.2</ele>
      </trkpt>
      <trkpt lat="49.988475" lon="-123.151843">
        <ele>376.4</ele>
      </trkpt>
      <trkpt lat="49.9885" lon="-123.151695">
        <ele>375.5</ele>
      </trkpt>
      <trkpt lat="49.988571" lon="-123.151608">
        <ele>375.0</ele>
      </trkpt>
      <trkpt lat="49.9886" lon="-123.151536">
        <ele>374.9</ele>
      </trkpt>
      <trkpt lat="49.9886" lon="-123.151536">
        <ele>375.0</ele>
      </trkpt>
      <trkpt lat="49.9886" lon="-123.151536">
        <ele>375.0</ele>
      </trkpt>
      <trkpt lat="49.9886" lon="-123.151536">
        <ele>375.1</ele>
      </trkpt>
      <trkpt lat="49.9886" lon="-123.151536">
        <ele>375.1</ele>
      </trkpt>
      <trkpt lat="49.9886" lon="-123.151536">
        <ele>375.2</ele>
      </trkpt>
      <trkpt lat="49.988493" lon="-123.151523">
        <ele>375.2</ele>
      </trkpt>
      <trkpt lat="49.988493" lon="-123.151523">
        <ele>375.3</ele>
      </trkpt>
      <trkpt lat="49.988493" lon="-123.151523">
        <ele>375.3</ele>
      </trkpt>
      <trkpt lat="49.988493" lon="-123.151523">
        <ele>375.4</ele>
      </trkpt>
      <trkpt lat="49.988493" lon="-123.151523">
        <ele>375.4</ele>
      </trkpt>
      <trkpt lat="49.988493" lon="-123.151523">
        <ele>375.4</ele>
      </trkpt>
      <trkpt lat="49.98858" lon="-123.151513">
        <ele>375.3</ele>
      </trkpt>
      <trkpt lat="49.988591" lon="-123.151508">
        <ele>375.3</ele>
      </trkpt>
      <trkpt lat="49.988628" lon="-123.151595">
        <ele>375.0</ele>
      </trkpt>
      <trkpt lat="49.988636" lon="-123.151668">
        <ele>375.4</ele>
      </trkpt>
      <trkpt lat="49.9886" lon="-123.15178">
        <ele>376.1</ele>
      </trkpt>
      <trkpt lat="49.98856" lon="-123.151855">
        <ele>376.8</ele>
      </trkpt>
      <trkpt lat="49.988538" lon="-123.151918">
        <ele>377.7</ele>
      </trkpt>
      <trkpt lat="49.988488" lon="-123.151965">
        <ele>378.3</ele>
      </trkpt>
      <trkpt lat="49.988438" lon="-123.151995">
        <ele>379.0</ele>
      </trkpt>
      <trkpt lat="49.988343" lon="-123.152101">
        <ele>379.4</ele>
      </trkpt>
      <trkpt lat="49.988286" lon="-123.152251">
        <ele>379.8</ele>
      </trkpt>
      <trkpt lat="49.988" lon="-123.152935">
        <ele>383.2</ele>
      </trkpt>
      <trkpt lat="49.987855" lon="-123.152928">
        <ele>383.3</ele>
      </trkpt>
      <trkpt lat="49.987701" lon="-123.152961">
        <ele>383.2</ele>
      </trkpt>
      <trkpt lat="49.987446" lon="-123.152935">
        <ele>383.2</ele>
      </trkpt>
      <trkpt lat="49.98724" lon="-123.152891">
        <ele>384.0</ele>
      </trkpt>
      <trkpt lat="49.986968" lon="-123.152813">
        <ele>383.2</ele>
      </trkpt>
      <trkpt lat="49.98672" lon="-123.152796">
        <ele>382.4</ele>
      </trkpt>
      <trkpt lat="49.986481" lon="-123.152825">
        <ele>381.9</ele>
      </trkpt>
      <trkpt lat="49.986291" lon="-123.152788">
        <ele>382.1</ele>
      </trkpt>
      <trkpt lat="49.986131" lon="-123.152716">
        <ele>381.6</ele>
      </trkpt>
      <trkpt lat="49.985883" lon="-123.152681">
        <ele>381.1</ele>
      </trkpt>
      <trkpt lat="49.985688" lon="-123.152676">
        <ele>380.9</ele>
      </trkpt>
      <trkpt lat="49.985481" lon="-123.152605">
        <ele>380.6</ele>
      </trkpt>
      <trkpt lat="49.985246" lon="-123.152575">
        <ele>378.6</ele>
      </trkpt>
      <trkpt lat="49.984875" lon="-123.152585">
        <ele>376.6</ele>
      </trkpt>
      <trkpt lat="49.984535" lon="-123.152723">
        <ele>375.1</ele>
      </trkpt>
      <trkpt lat="49.98425" lon="-123.152733">
        <ele>373.7</ele>
      </trkpt>
      <trkpt lat="49.983818" lon="-123.15279">
        <ele>372.0</ele>
      </trkpt>
      <trkpt lat="49.983523" lon="-123.152848">
        <ele>372.3</ele>
      </trkpt>
      <trkpt lat="49.98328" lon="-123.152843">
        <ele>372.3</ele>
      </trkpt>
      <trkpt lat="49.983083" lon="-123.153046">
        <ele>371.7</ele>
      </trkpt>
      <trkpt lat="49.982958" lon="-123.153183">
        <ele>372.2</ele>
      </trkpt>
      <trkpt lat="49.982565" lon="-123.153263">
        <ele>373.7</ele>
      </trkpt>
      <trkpt lat="49.98248" lon="-123.153253">
        <ele>374.5</ele>
      </trkpt>
      <trkpt lat="49.982253" lon="-123.153265">
        <ele>374.3</ele>
      </trkpt>
      <trkpt lat="49.981884" lon="-123.153322">
        <ele>372.0</ele>
      </trkpt>
      <trkpt lat="49.981618" lon="-123.15338">
        <ele>371.2</ele>
      </trkpt>
      <trkpt lat="49.981498" lon="-123.153373">
        <ele>371.8</ele>
      </trkpt>
      <trkpt lat="49.981105" lon="-123.15352">
        <ele>378.1</ele>
      </trkpt>
      <trkpt lat="49.981105" lon="-123.15352">
        <ele>378.1</ele>
      </trkpt>
      <trkpt lat="49.981008" lon="-123.153575">
        <ele>378.0</ele>
      </trkpt>
      <trkpt lat="49.98074" lon="-123.153723">
        <ele>376.8</ele>
      </trkpt>
      <trkpt lat="49.98046" lon="-123.153821">
        <ele>376.3</ele>
      </trkpt>
      <trkpt lat="49.980228" lon="-123.153846">
        <ele>376.2</ele>
      </trkpt>
      <trkpt lat="49.979981" lon="-123.153933">
        <ele>376.3</ele>
      </trkpt>
      <trkpt lat="49.979645" lon="-123.153982">
        <ele>376.3</ele>
      </trkpt>
      <trkpt lat="49.979377" lon="-123.15398">
        <ele>376.6</ele>
      </trkpt>
      <trkpt lat="49.979217" lon="-123.153957">
        <ele>376.8</ele>
      </trkpt>
      <trkpt lat="49.978926" lon="-123.15384">
        <ele>376.4</ele>
      </trkpt>
      <trkpt lat="49.978679" lon="-123.153728">
        <ele>375.8</ele>
      </trkpt>
      <trkpt lat="49.978246" lon="-123.153685">
        <ele>375.4</ele>
      </trkpt>
      <trkpt lat="49.978155" lon="-123.15364">
        <ele>376.7</ele>
      </trkpt>
      <trkpt lat="49.977936" lon="-123.153458">
        <ele>376.1</ele>
      </trkpt>
      <trkpt lat="49.977638" lon="-123.153331">
        <ele>376.0</ele>
      </trkpt>
      <trkpt lat="49.977568" lon="-123.153136">
        <ele>377.6</ele>
      </trkpt>
      <trkpt lat="49.977493" lon="-123.152931">
        <ele>377.7</ele>
      </trkpt>
      <trkpt lat="49.9774" lon="-123.152656">
        <ele>377.7</ele>
      </trkpt>
      <trkpt lat="49.977296" lon="-123.152495">
        <ele>378.2</ele>
      </trkpt>
      <trkpt lat="49.977178" lon="-123.152346">
        <ele>379.0</ele>
      </trkpt>
      <trkpt lat="49.977098" lon="-123.152151">
        <ele>379.8</ele>
      </trkpt>
      <trkpt lat="49.976998" lon="-123.151935">
        <ele>380.2</ele>
      </trkpt>
      <trkpt lat="49.9769" lon="-123.151673">
        <ele>380.1</ele>
      </trkpt>
      <trkpt lat="49.976773" lon="-123.151311">
        <ele>379.7</ele>
      </trkpt>
      <trkpt lat="49.976776" lon="-123.150971">
        <ele>379.9</ele>
      </trkpt>
      <trkpt lat="49.976778" lon="-123.150905">
        <ele>380.2</ele>
      </trkpt>
      <trkpt lat="49.976778" lon="-123.150933">
        <ele>381.0</ele>
      </trkpt>
      <trkpt lat="49.976811" lon="-123.150838">
        <ele>381.2</ele>
      </trkpt>
      <trkpt lat="49.97687" lon="-123.150753">
        <ele>381.5</ele>
      </trkpt>
      <trkpt lat="49.977031" lon="-123.15058">
        <ele>381.5</ele>
      </trkpt>
      <trkpt lat="49.977148" lon="-123.150408">
        <ele>381.1</ele>
      </trkpt>
      <trkpt lat="49.977141" lon="-123.15044">
        <ele>380.8</ele>
      </trkpt>
      <trkpt lat="49.97713" lon="-123.150476">
        <ele>380.9</ele>
      </trkpt>
      <trkpt lat="49.977031" lon="-123.150595">
        <ele>381.3</ele>
      </trkpt>
      <trkpt lat="49.976913" lon="-123.150735">
        <ele>381.8</ele>
      </trkpt>
      <trkpt lat="49.976743" lon="-123.150888">
        <ele>381.8</ele>
      </trkpt>
      <trkpt lat="49.97658" lon="-123.150998">
        <ele>381.4</ele>
      </trkpt>
      <trkpt lat="49.976425" lon="-123.151053">
        <ele>380.0</ele>
      </trkpt>
      <trkpt lat="49.97639" lon="-123.150876">
        <ele>379.3</ele>
      </trkpt>
      <trkpt lat="49.976273" lon="-123.150751">
        <ele>378.4</ele>
      </trkpt>
      <trkpt lat="49.976028" lon="-123.150781">
        <ele>378.1</ele>
      </trkpt>
      <trkpt lat="49.975791" lon="-123.150851">
        <ele>376.5</ele>
      </trkpt>
      <trkpt lat="49.975623" lon="-123.150933">
        <ele>373.7</ele>
      </trkpt>
      <trkpt lat="49.975378" lon="-123.150978">
        <ele>369.7</ele>
      </trkpt>
      <trkpt lat="49.975202" lon="-123.151055">
        <ele>366.3</ele>
      </trkpt>
      <trkpt lat="49.975195" lon="-123.151037">
        <ele>365.9</ele>
      </trkpt>
      <trkpt lat="49.975193" lon="-123.151038">
        <ele>366.0</ele>
      </trkpt>
      <trkpt lat="49.975026" lon="-123.151165">
        <ele>364.5</ele>
      </trkpt>
      <trkpt lat="49.97487" lon="-123.151295">
        <ele>362.0</ele>
      </trkpt>
      <trkpt lat="49.97471" lon="-123.15134">
        <ele>362.7</ele>
      </trkpt>
      <trkpt lat="49.974576" lon="-123.151356">
        <ele>363.5</ele>
      </trkpt>
      <trkpt lat="49.97442" lon="-123.15137">
        <ele>364.4</ele>
      </trkpt>
      <trkpt lat="49.974295" lon="-123.15142">
        <ele>365.3</ele>
      </trkpt>
      <trkpt lat="49.974185" lon="-123.151458">
        <ele>366.5</ele>
      </trkpt>
      <trkpt lat="49.974045" lon="-123.15148">
        <ele>368.0</ele>
      </trkpt>
      <trkpt lat="49.973948" lon="-123.15152">
        <ele>369.2</ele>
      </trkpt>
      <trkpt lat="49.973848" lon="-123.151478">
        <ele>370.7</ele>
      </trkpt>
      <trkpt lat="49.973713" lon="-123.15146">
        <ele>371.5</ele>
      </trkpt>
      <trkpt lat="49.973628" lon="-123.151391">
        <ele>372.5</ele>
      </trkpt>
      <trkpt lat="49.973431" lon="-123.151353">
        <ele>372.2</ele>
      </trkpt>
      <trkpt lat="49.973135" lon="-123.151411">
        <ele>369.9</ele>
      </trkpt>
      <trkpt lat="49.972875" lon="-123.151585">
        <ele>369.2</ele>
      </trkpt>
      <trkpt lat="49.972603" lon="-123.151708">
        <ele>369.1</ele>
      </trkpt>
      <trkpt lat="49.972465" lon="-123.151928">
        <ele>368.6</ele>
      </trkpt>
      <trkpt lat="49.97238" lon="-123.15224">
        <ele>369.3</ele>
      </trkpt>
      <trkpt lat="49.97235" lon="-123.152558">
        <ele>369.8</ele>
      </trkpt>
      <trkpt lat="49.972206" lon="-123.152935">
        <ele>368.6</ele>
      </trkpt>
      <trkpt lat="49.97185" lon="-123.153071">
        <ele>365.9</ele>
      </trkpt>
      <trkpt lat="49.971548" lon="-123.153313">
        <ele>364.3</ele>
      </trkpt>
      <trkpt lat="49.971183" lon="-123.153426">
        <ele>362.4</ele>
      </trkpt>
      <trkpt lat="49.970848" lon="-123.153516">
        <ele>361.5</ele>
      </trkpt>
      <trkpt lat="49.970633" lon="-123.153545">
        <ele>359.0</ele>
      </trkpt>
      <trkpt lat="49.970431" lon="-123.15351">
        <ele>356.0</ele>
      </trkpt>
      <trkpt lat="49.970326" lon="-123.153793">
        <ele>353.7</ele>
      </trkpt>
      <trkpt lat="49.970143" lon="-123.153925">
        <ele>353.6</ele>
      </trkpt>
      <trkpt lat="49.969995" lon="-123.153991">
        <ele>355.4</ele>
      </trkpt>
      <trkpt lat="49.969673" lon="-123.154038">
        <ele>357.5</ele>
      </trkpt>
      <trkpt lat="49.969493" lon="-123.154023">
        <ele>357.9</ele>
      </trkpt>
      <trkpt lat="49.969276" lon="-123.153955">
        <ele>355.8</ele>
      </trkpt>
      <trkpt lat="49.969003" lon="-123.153888">
        <ele>351.9</ele>
      </trkpt>
      <trkpt lat="49.968753" lon="-123.153973">
        <ele>351.9</ele>
      </trkpt>
      <trkpt lat="49.968583" lon="-123.154031">
        <ele>353.1</ele>
      </trkpt>
      <trkpt lat="49.968396" lon="-123.154048">
        <ele>353.8</ele>
      </trkpt>
      <trkpt lat="49.968215" lon="-123.15405">
        <ele>352.4</ele>
      </trkpt>
      <trkpt lat="49.967965" lon="-123.154096">
        <ele>350.9</ele>
      </trkpt>
      <trkpt lat="49.967758" lon="-123.154188">
        <ele>350.5</ele>
      </trkpt>
      <trkpt lat="49.967515" lon="-123.154218">
        <ele>347.4</ele>
      </trkpt>
      <trkpt lat="49.967293" lon="-123.154318">
        <ele>348.0</ele>
      </trkpt>
      <trkpt lat="49.967106" lon="-123.154255">
        <ele>349.1</ele>
      </trkpt>
      <trkpt lat="49.966913" lon="-123.15423">
        <ele>350.1</ele>
      </trkpt>
      <trkpt lat="49.966701" lon="-123.154256">
        <ele>349.3</ele>
      </trkpt>
      <trkpt lat="49.966415" lon="-123.154341">
        <ele>346.6</ele>
      </trkpt>
      <trkpt lat="49.966225" lon="-123.154478">
        <ele>345.7</ele>
      </trkpt>
      <trkpt lat="49.966133" lon="-123.154845">
        <ele>341.0</ele>
      </trkpt>
      <trkpt lat="49.96581" lon="-123.155295">
        <ele>338.5</ele>
      </trkpt>
      <trkpt lat="49.965683" lon="-123.15551">
        <ele>339.3</ele>
      </trkpt>
      <trkpt lat="49.965551" lon="-123.155675">
        <ele>340.7</ele>
      </trkpt>
      <trkpt lat="49.965383" lon="-123.155858">
        <ele>341.1</ele>
      </trkpt>
      <trkpt lat="49.965213" lon="-123.156028">
        <ele>340.9</ele>
      </trkpt>
      <trkpt lat="49.965051" lon="-123.156321">
        <ele>339.5</ele>
      </trkpt>
      <trkpt lat="49.964891" lon="-123.15653">
        <ele>334.1</ele>
      </trkpt>
      <trkpt lat="49.964655" lon="-123.156768">
        <ele>329.9</ele>
      </trkpt>
      <trkpt lat="49.964545" lon="-123.156928">
        <ele>329.5</ele>
      </trkpt>
      <trkpt lat="49.964535" lon="-123.156933">
        <ele>329.6</ele>
      </trkpt>
      <trkpt lat="49.964535" lon="-123.156933">
        <ele>329.6</ele>
      </trkpt>
      <trkpt lat="49.964361" lon="-123.157048">
        <ele>329.8</ele>
      </trkpt>
      <trkpt lat="49.96414" lon="-123.157166">
        <ele>330.5</ele>
      </trkpt>
      <trkpt lat="49.963945" lon="-123.157408">
        <ele>330.4</ele>
      </trkpt>
      <trkpt lat="49.96379" lon="-123.157743">
        <ele>330.4</ele>
      </trkpt>
      <trkpt lat="49.963563" lon="-123.1577">
        <ele>330.9</ele>
      </trkpt>
      <trkpt lat="49.96331" lon="-123.157605">
        <ele>329.9</ele>
      </trkpt>
      <trkpt lat="49.963045" lon="-123.157816">
        <ele>328.7</ele>
      </trkpt>
      <trkpt lat="49.96273" lon="-123.157825">
        <ele>326.8</ele>
      </trkpt>
      <trkpt lat="49.962521" lon="-123.157856">
        <ele>326.1</ele>
      </trkpt>
      <trkpt lat="49.962521" lon="-123.15789">
        <ele>326.0</ele>
      </trkpt>
      <trkpt lat="49.962521" lon="-123.15789">
        <ele>324.4</ele>
      </trkpt>
      <trkpt lat="49.962521" lon="-123.15789">
        <ele>324.3</ele>
      </trkpt>
      <trkpt lat="49.962445" lon="-123.157801">
        <ele>324.2</ele>
      </trkpt>
      <trkpt lat="49.962328" lon="-123.157738">
        <ele>324.1</ele>
      </trkpt>
      <trkpt lat="49.962156" lon="-123.157626">
        <ele>325.0</ele>
      </trkpt>
      <trkpt lat="49.96215" lon="-123.157536">
        <ele>324.3</ele>
      </trkpt>
      <trkpt lat="49.96209" lon="-123.15737">
        <ele>324.4</ele>
      </trkpt>
      <trkpt lat="49.961935" lon="-123.157241">
        <ele>324.9</ele>
      </trkpt>
      <trkpt lat="49.961736" lon="-123.157115">
        <ele>325.6</ele>
      </trkpt>
      <trkpt lat="49.961478" lon="-123.156955">
        <ele>325.4</ele>
      </trkpt>
      <trkpt lat="49.96125" lon="-123.156855">
        <ele>325.5</ele>
      </trkpt>
      <trkpt lat="49.961065" lon="-123.156668">
        <ele>325.1</ele>
      </trkpt>
      <trkpt lat="49.961026" lon="-123.156646">
        <ele>325.1</ele>
      </trkpt>
      <trkpt lat="49.96102" lon="-123.156638">
        <ele>325.0</ele>
      </trkpt>
      <trkpt lat="49.960776" lon="-123.156716">
        <ele>324.8</ele>
      </trkpt>
      <trkpt lat="49.960411" lon="-123.15722">
        <ele>323.7</ele>
      </trkpt>
      <trkpt lat="49.959953" lon="-123.157838">
        <ele>321.7</ele>
      </trkpt>
      <trkpt lat="49.95946" lon="-123.15846">
        <ele>320.3</ele>
      </trkpt>
      <trkpt lat="49.958866" lon="-123.15902">
        <ele>317.9</ele>
      </trkpt>
      <trkpt lat="49.958153" lon="-123.159526">
        <ele>315.6</ele>
      </trkpt>
      <trkpt lat="49.9574" lon="-123.159808">
        <ele>313.5</ele>
      </trkpt>
      <trkpt lat="49.956656" lon="-123.159941">
        <ele>311.1</ele>
      </trkpt>
      <trkpt lat="49.9559" lon="-123.160133">
        <ele>310.6</ele>
      </trkpt>
      <trkpt lat="49.955321" lon="-123.160273">
        <ele>309.8</ele>
      </trkpt>
      <trkpt lat="49.954743" lon="-123.160463">
        <ele>308.7</ele>
      </trkpt>
      <trkpt lat="49.954215" lon="-123.160785">
        <ele>307.6</ele>
      </trkpt>
      <trkpt lat="49.953725" lon="-123.161211">
        <ele>306.6</ele>
      </trkpt>
      <trkpt lat="49.95326" lon="-123.161625">
        <ele>305.8</ele>
      </trkpt>
      <trkpt lat="49.952728" lon="-123.1619">
        <ele>305.0</ele>
      </trkpt>
      <trkpt lat="49.952136" lon="-123.162163">
        <ele>303.9</ele>
      </trkpt>
      <trkpt lat="49.951553" lon="-123.162443">
        <ele>302.9</ele>
      </trkpt>
      <trkpt lat="49.951016" lon="-123.16278">
        <ele>301.7</ele>
      </trkpt>
      <trkpt lat="49.950416" lon="-123.163295">
        <ele>300.5</ele>
      </trkpt>
      <trkpt lat="49.949888" lon="-123.163768">
        <ele>299.6</ele>
      </trkpt>
      <trkpt lat="49.949375" lon="-123.164355">
        <ele>299.6</ele>
      </trkpt>
      <trkpt lat="49.9489" lon="-123.164986">
        <ele>299.3</ele>
      </trkpt>
      <trkpt lat="49.948371" lon="-123.16563">
        <ele>298.9</ele>
      </trkpt>
      <trkpt lat="49.947865" lon="-123.166251">
        <ele>298.9</ele>
      </trkpt>
      <trkpt lat="49.947311" lon="-123.166698">
        <ele>298.3</ele>
      </trkpt>
      <trkpt lat="49.946721" lon="-123.166938">
        <ele>297.8</ele>
      </trkpt>
      <trkpt lat="49.946108" lon="-123.166961">
        <ele>296.8</ele>
      </trkpt>
      <trkpt lat="49.945498" lon="-123.166778">
        <ele>295.7</ele>
      </trkpt>
      <trkpt lat="49.944896" lon="-123.166583">
        <ele>294.6</ele>
      </trkpt>
      <trkpt lat="49.944236" lon="-123.166513">
        <ele>294.2</ele>
      </trkpt>
      <trkpt lat="49.943648" lon="-123.166625">
        <ele>293.8</ele>
      </trkpt>
      <trkpt lat="49.943033" lon="-123.166811">
        <ele>293.3</ele>
      </trkpt>
      <trkpt lat="49.942461" lon="-123.167093">
        <ele>292.8</ele>
      </trkpt>
      <trkpt lat="49.941955" lon="-123.167398">
        <ele>292.8</ele>
      </trkpt>
      <trkpt lat="49.941476" lon="-123.167656">
        <ele>291.9</ele>
      </trkpt>
      <trkpt lat="49.940943" lon="-123.167943">
        <ele>290.2</ele>
      </trkpt>
      <trkpt lat="49.940465" lon="-123.16798">
        <ele>289.8</ele>
      </trkpt>
      <trkpt lat="49.94022" lon="-123.167963">
        <ele>289.0</ele>
      </trkpt>
      <trkpt lat="49.94022" lon="-123.167945">
        <ele>288.7</ele>
      </trkpt>
      <trkpt lat="49.94022" lon="-123.167945">
        <ele>288.5</ele>
      </trkpt>
      <trkpt lat="49.940101" lon="-123.167783">
        <ele>288.5</ele>
      </trkpt>
      <trkpt lat="49.939738" lon="-123.16742">
        <ele>288.2</ele>
      </trkpt>
      <trkpt lat="49.939316" lon="-123.167055">
        <ele>287.6</ele>
      </trkpt>
      <trkpt lat="49.938775" lon="-123.16674">
        <ele>287.1</ele>
      </trkpt>
      <trkpt lat="49.938215" lon="-123.16656">
        <ele>286.3</ele>
      </trkpt>
      <trkpt lat="49.937648" lon="-123.166726">
        <ele>285.9</ele>
      </trkpt>
      <trkpt lat="49.93722" lon="-123.166785">
        <ele>286.5</ele>
      </trkpt>
      <trkpt lat="49.93681" lon="-123.166641">
        <ele>287.2</ele>
      </trkpt>
      <trkpt lat="49.936365" lon="-123.166531">
        <ele>287.5</ele>
      </trkpt>
      <trkpt lat="49.935913" lon="-123.166493">
        <ele>287.9</ele>
      </trkpt>
      <trkpt lat="49.935495" lon="-123.166455">
        <ele>288.8</ele>
      </trkpt>
      <trkpt lat="49.9351" lon="-123.166391">
        <ele>289.9</ele>
      </trkpt>
      <trkpt lat="49.934728" lon="-123.166313">
        <ele>290.7</ele>
      </trkpt>
      <trkpt lat="49.934335" lon="-123.1662">
        <ele>291.2</ele>
      </trkpt>
      <trkpt lat="49.933961" lon="-123.16604">
        <ele>291.5</ele>
      </trkpt>
      <trkpt lat="49.933615" lon="-123.165768">
        <ele>291.8</ele>
      </trkpt>
      <trkpt lat="49.933243" lon="-123.16543">
        <ele>292.2</ele>
      </trkpt>
      <trkpt lat="49.93289" lon="-123.165028">
        <ele>292.5</ele>
      </trkpt>
      <trkpt lat="49.932528" lon="-123.1646">
        <ele>292.8</ele>
      </trkpt>
      <trkpt lat="49.932181" lon="-123.164163">
        <ele>293.3</ele>
      </trkpt>
      <trkpt lat="49.931813" lon="-123.163745">
        <ele>293.5</ele>
      </trkpt>
      <trkpt lat="49.931473" lon="-123.16335">
        <ele>293.5</ele>
      </trkpt>
      <trkpt lat="49.931131" lon="-123.162966">
        <ele>293.8</ele>
      </trkpt>
      <trkpt lat="49.930721" lon="-123.162698">
        <ele>293.6</ele>
      </trkpt>
      <trkpt lat="49.930336" lon="-123.162521">
        <ele>294.0</ele>
      </trkpt>
      <trkpt lat="49.929995" lon="-123.162543">
        <ele>294.2</ele>
      </trkpt>
      <trkpt lat="49.929723" lon="-123.162588">
        <ele>294.6</ele>
      </trkpt>
      <trkpt lat="49.92949" lon="-123.162663">
        <ele>295.2</ele>
      </trkpt>
      <trkpt lat="49.929313" lon="-123.162735">
        <ele>295.6</ele>
      </trkpt>
      <trkpt lat="49.929136" lon="-123.16283">
        <ele>296.4</ele>
      </trkpt>
      <trkpt lat="49.928945" lon="-123.162921">
        <ele>297.4</ele>
      </trkpt>
      <trkpt lat="49.92876" lon="-123.163026">
        <ele>298.5</ele>
      </trkpt>
      <trkpt lat="49.928588" lon="-123.163148">
        <ele>299.7</ele>
      </trkpt>
      <trkpt lat="49.928396" lon="-123.163231">
        <ele>300.9</ele>
      </trkpt>
      <trkpt lat="49.928208" lon="-123.163276">
        <ele>301.9</ele>
      </trkpt>
      <trkpt lat="49.928003" lon="-123.16329">
        <ele>302.7</ele>
      </trkpt>
      <trkpt lat="49.927775" lon="-123.163446">
        <ele>303.5</ele>
      </trkpt>
      <trkpt lat="49.927551" lon="-123.163525">
        <ele>304.4</ele>
      </trkpt>
      <trkpt lat="49.927378" lon="-123.16358">
        <ele>305.2</ele>
      </trkpt>
      <trkpt lat="49.927158" lon="-123.1636">
        <ele>305.9</ele>
      </trkpt>
      <trkpt lat="49.927026" lon="-123.163631">
        <ele>306.7</ele>
      </trkpt>
      <trkpt lat="49.926771" lon="-123.16366">
        <ele>307.8</ele>
      </trkpt>
      <trkpt lat="49.926553" lon="-123.163716">
        <ele>308.3</ele>
      </trkpt>
      <trkpt lat="49.926356" lon="-123.163831">
        <ele>307.9</ele>
      </trkpt>
      <trkpt lat="49.926216" lon="-123.163948">
        <ele>308.6</ele>
      </trkpt>
      <trkpt lat="49.926078" lon="-123.164076">
        <ele>309.9</ele>
      </trkpt>
      <trkpt lat="49.92595" lon="-123.164211">
        <ele>311.2</ele>
      </trkpt>
      <trkpt lat="49.925808" lon="-123.16436">
        <ele>312.7</ele>
      </trkpt>
      <trkpt lat="49.92569" lon="-123.164508">
        <ele>314.2</ele>
      </trkpt>
      <trkpt lat="49.925575" lon="-123.164656">
        <ele>315.4</ele>
      </trkpt>
      <trkpt lat="49.925485" lon="-123.1648">
        <ele>316.6</ele>
      </trkpt>
      <trkpt lat="49.925385" lon="-123.164963">
        <ele>317.9</ele>
      </trkpt>
      <trkpt lat="49.925273" lon="-123.165125">
        <ele>318.9</ele>
      </trkpt>
      <trkpt lat="49.925146" lon="-123.165283">
        <ele>320.0</ele>
      </trkpt>
      <trkpt lat="49.925035" lon="-123.165416">
        <ele>321.4</ele>
      </trkpt>
      <trkpt lat="49.924918" lon="-123.165556">
        <ele>322.6</ele>
      </trkpt>
      <trkpt lat="49.92479" lon="-123.165671">
        <ele>323.8</ele>
      </trkpt>
      <trkpt lat="49.92465" lon="-123.165793">
        <ele>325.0</ele>
      </trkpt>
      <trkpt lat="49.924506" lon="-123.165895">
        <ele>326.0</ele>
      </trkpt>
      <trkpt lat="49.924358" lon="-123.166">
        <ele>327.3</ele>
      </trkpt>
      <trkpt lat="49.924216" lon="-123.166091">
        <ele>328.3</ele>
      </trkpt>
      <trkpt lat="49.924083" lon="-123.166176">
        <ele>329.4</ele>
      </trkpt>
      <trkpt lat="49.923925" lon="-123.166223">
        <ele>330.6</ele>
      </trkpt>
      <trkpt lat="49.923746" lon="-123.166276">
        <ele>331.6</ele>
      </trkpt>
      <trkpt lat="49.923568" lon="-123.166293">
        <ele>332.5</ele>
      </trkpt>
      <trkpt lat="49.923511" lon="-123.166318">
        <ele>334.4</ele>
      </trkpt>
      <trkpt lat="49.923033" lon="-123.166413">
        <ele>338.2</ele>
      </trkpt>
      <trkpt lat="49.922975" lon="-123.166316">
        <ele>339.2</ele>
      </trkpt>
      <trkpt lat="49.9229" lon="-123.166265">
        <ele>339.5</ele>
      </trkpt>
      <trkpt lat="49.92275" lon="-123.166268">
        <ele>339.9</ele>
      </trkpt>
      <trkpt lat="49.922621" lon="-123.166298">
        <ele>340.4</ele>
      </trkpt>
      <trkpt lat="49.922513" lon="-123.166335">
        <ele>341.1</ele>
      </trkpt>
      <trkpt lat="49.922408" lon="-123.16641">
        <ele>340.9</ele>
      </trkpt>
      <trkpt lat="49.922393" lon="-123.16647">
        <ele>341.2</ele>
      </trkpt>
      <trkpt lat="49.92241" lon="-123.16631">
        <ele>340.1</ele>
      </trkpt>
      <trkpt lat="49.922388" lon="-123.166206">
        <ele>341.1</ele>
      </trkpt>
      <trkpt lat="49.922306" lon="-123.166118">
        <ele>342.2</ele>
      </trkpt>
      <trkpt lat="49.922236" lon="-123.166041">
        <ele>343.0</ele>
      </trkpt>
      <trkpt lat="49.92215" lon="-123.165955">
        <ele>343.3</ele>
      </trkpt>
      <trkpt lat="49.92208" lon="-123.165853">
        <ele>344.4</ele>
      </trkpt>
      <trkpt lat="49.921981" lon="-123.16578">
        <ele>344.3</ele>
      </trkpt>
      <trkpt lat="49.921893" lon="-123.165718">
        <ele>341.9</ele>
      </trkpt>
      <trkpt lat="49.921253" lon="-123.166116">
        <ele>328.4</ele>
      </trkpt>
      <trkpt lat="49.92116" lon="-123.16608">
        <ele>327.4</ele>
      </trkpt>
      <trkpt lat="49.921066" lon="-123.166">
        <ele>326.8</ele>
      </trkpt>
      <trkpt lat="49.92099" lon="-123.165888">
        <ele>326.6</ele>
      </trkpt>
      <trkpt lat="49.920925" lon="-123.165825">
        <ele>326.0</ele>
      </trkpt>
      <trkpt lat="49.920883" lon="-123.165741">
        <ele>325.3</ele>
      </trkpt>
      <trkpt lat="49.92084" lon="-123.165716">
        <ele>324.3</ele>
      </trkpt>
      <trkpt lat="49.920781" lon="-123.165626">
        <ele>321.4</ele>
      </trkpt>
      <trkpt lat="49.920683" lon="-123.165613">
        <ele>319.3</ele>
      </trkpt>
      <trkpt lat="49.920613" lon="-123.165545">
        <ele>318.3</ele>
      </trkpt>
      <trkpt lat="49.920515" lon="-123.165488">
        <ele>318.4</ele>
      </trkpt>
      <trkpt lat="49.920458" lon="-123.16541">
        <ele>318.6</ele>
      </trkpt>
      <trkpt lat="49.920418" lon="-123.165361">
        <ele>319.0</ele>
      </trkpt>
      <trkpt lat="49.920428" lon="-123.165335">
        <ele>319.5</ele>
      </trkpt>
      <trkpt lat="49.920428" lon="-123.165335">
        <ele>319.3</ele>
      </trkpt>
      <trkpt lat="49.920428" lon="-123.165335">
        <ele>319.4</ele>
      </trkpt>
      <trkpt lat="49.920428" lon="-123.165335">
        <ele>319.7</ele>
      </trkpt>
      <trkpt lat="49.920428" lon="-123.165335">
        <ele>320.0</ele>
      </trkpt>
      <trkpt lat="49.920428" lon="-123.165335">
        <ele>320.3</ele>
      </trkpt>
      <trkpt lat="49.920428" lon="-123.165335">
        <ele>320.5</ele>
      </trkpt>
      <trkpt lat="49.920428" lon="-123.165335">
        <ele>320.1</ele>
      </trkpt>
      <trkpt lat="49.920386" lon="-123.165311">
        <ele>319.8</ele>
      </trkpt>
      <trkpt lat="49.920343" lon="-123.165238">
        <ele>320.6</ele>
      </trkpt>
      <trkpt lat="49.920326" lon="-123.165198">
        <ele>321.3</ele>
      </trkpt>
      <trkpt lat="49.920301" lon="-123.16511">
        <ele>322.0</ele>
      </trkpt>
      <trkpt lat="49.92028" lon="-123.165058">
        <ele>322.5</ele>
      </trkpt>
      <trkpt lat="49.920235" lon="-123.164991">
        <ele>323.4</ele>
      </trkpt>
      <trkpt lat="49.919695" lon="-123.165275">
        <ele>332.3</ele>
      </trkpt>
      <trkpt lat="49.919683" lon="-123.165243">
        <ele>332.6</ele>
      </trkpt>
      <trkpt lat="49.91951" lon="-123.165131">
        <ele>332.3</ele>
      </trkpt>
      <trkpt lat="49.919366" lon="-123.1651">
        <ele>333.5</ele>
      </trkpt>
      <trkpt lat="49.919176" lon="-123.16497">
        <ele>332.9</ele>
      </trkpt>
      <trkpt lat="49.919055" lon="-123.164861">
        <ele>333.2</ele>
      </trkpt>
      <trkpt lat="49.918978" lon="-123.164791">
        <ele>334.5</ele>
      </trkpt>
      <trkpt lat="49.918868" lon="-123.164838">
        <ele>336.0</ele>
      </trkpt>
      <trkpt lat="49.918741" lon="-123.165001">
        <ele>337.5</ele>
      </trkpt>
      <trkpt lat="49.91866" lon="-123.165178">
        <ele>338.6</ele>
      </trkpt>
      <trkpt lat="49.918555" lon="-123.165321">
        <ele>339.0</ele>
      </trkpt>
      <trkpt lat="49.9185" lon="-123.165491">
        <ele>339.8</ele>
      </trkpt>
      <trkpt lat="49.918428" lon="-123.16565">
        <ele>340.1</ele>
      </trkpt>
      <trkpt lat="49.918291" lon="-123.165795">
        <ele>340.2</ele>
      </trkpt>
      <trkpt lat="49.918158" lon="-123.165915">
        <ele>340.3</ele>
      </trkpt>
      <trkpt lat="49.917916" lon="-123.165938">
        <ele>338.2</ele>
      </trkpt>
      <trkpt lat="49.917768" lon="-123.16612">
        <ele>338.1</ele>
      </trkpt>
      <trkpt lat="49.917631" lon="-123.166255">
        <ele>339.4</ele>
      </trkpt>
      <trkpt lat="49.917528" lon="-123.166386">
        <ele>340.9</ele>
      </trkpt>
      <trkpt lat="49.917395" lon="-123.166553">
        <ele>340.4</ele>
      </trkpt>
      <trkpt lat="49.917256" lon="-123.166766">
        <ele>339.4</ele>
      </trkpt>
      <trkpt lat="49.917085" lon="-123.167043">
        <ele>337.9</ele>
      </trkpt>
      <trkpt lat="49.91703" lon="-123.167365">
        <ele>337.2</ele>
      </trkpt>
      <trkpt lat="49.916958" lon="-123.167838">
        <ele>336.0</ele>
      </trkpt>
      <trkpt lat="49.916926" lon="-123.168238">
        <ele>335.3</ele>
      </trkpt>
      <trkpt lat="49.916891" lon="-123.168843">
        <ele>332.4</ele>
      </trkpt>
      <trkpt lat="49.916896" lon="-123.169151">
        <ele>332.0</ele>
      </trkpt>
      <trkpt lat="49.917016" lon="-123.16943">
        <ele>331.0</ele>
      </trkpt>
      <trkpt lat="49.917051" lon="-123.169526">
        <ele>329.6</ele>
      </trkpt>
      <trkpt lat="49.917051" lon="-123.169533">
        <ele>329.5</ele>
      </trkpt>
      <trkpt lat="49.917051" lon="-123.169533">
        <ele>329.8</ele>
      </trkpt>
      <trkpt lat="49.91708" lon="-123.169585">
        <ele>329.7</ele>
      </trkpt>
      <trkpt lat="49.917113" lon="-123.16992">
        <ele>328.7</ele>
      </trkpt>
      <trkpt lat="49.917023" lon="-123.170306">
        <ele>327.2</ele>
      </trkpt>
      <trkpt lat="49.916868" lon="-123.170423">
        <ele>326.1</ele>
      </trkpt>
      <trkpt lat="49.916663" lon="-123.170505">
        <ele>324.6</ele>
      </trkpt>
      <trkpt lat="49.91648" lon="-123.17061">
        <ele>322.7</ele>
      </trkpt>
      <trkpt lat="49.916216" lon="-123.170665">
        <ele>321.5</ele>
      </trkpt>
      <trkpt lat="49.91596" lon="-123.170683">
        <ele>320.3</ele>
      </trkpt>
      <trkpt lat="49.915857" lon="-123.170922">
        <ele>318.5</ele>
      </trkpt>
      <trkpt lat="49.915706" lon="-123.171293">
        <ele>316.4</ele>
      </trkpt>
      <trkpt lat="49.915552" lon="-123.171636">
        <ele>313.7</ele>
      </trkpt>
      <trkpt lat="49.91546" lon="-123.171906">
        <ele>312.4</ele>
      </trkpt>
      <trkpt lat="49.915271" lon="-123.172003">
        <ele>310.5</ele>
      </trkpt>
      <trkpt lat="49.915095" lon="-123.171755">
        <ele>308.9</ele>
      </trkpt>
      <trkpt lat="49.91495" lon="-123.171606">
        <ele>307.1</ele>
      </trkpt>
      <trkpt lat="49.914738" lon="-123.17166">
        <ele>304.7</ele>
      </trkpt>
      <trkpt lat="49.9146" lon="-123.171808">
        <ele>302.3</ele>
      </trkpt>
      <trkpt lat="49.914408" lon="-123.172035">
        <ele>299.5</ele>
      </trkpt>
      <trkpt lat="49.914293" lon="-123.17234">
        <ele>297.5</ele>
      </trkpt>
      <trkpt lat="49.914253" lon="-123.172468">
        <ele>296.0</ele>
      </trkpt>
      <trkpt lat="49.914276" lon="-123.17248">
        <ele>295.8</ele>
      </trkpt>
      <trkpt lat="49.914276" lon="-123.17248">
        <ele>295.8</ele>
      </trkpt>
      <trkpt lat="49.914106" lon="-123.17259">
        <ele>294.4</ele>
      </trkpt>
      <trkpt lat="49.913855" lon="-123.172541">
        <ele>289.7</ele>
      </trkpt>
      <trkpt lat="49.913648" lon="-123.1725">
        <ele>287.3</ele>
      </trkpt>
      <trkpt lat="49.913375" lon="-123.172516">
        <ele>286.3</ele>
      </trkpt>
      <trkpt lat="49.91312" lon="-123.172703">
        <ele>284.8</ele>
      </trkpt>
      <trkpt lat="49.913011" lon="-123.172766">
        <ele>283.5</ele>
      </trkpt>
      <trkpt lat="49.912851" lon="-123.172983">
        <ele>280.6</ele>
      </trkpt>
      <trkpt lat="49.912776" lon="-123.17318">
        <ele>276.4</ele>
      </trkpt>
      <trkpt lat="49.912741" lon="-123.173215">
        <ele>275.5</ele>
      </trkpt>
      <trkpt lat="49.912676" lon="-123.173308">
        <ele>274.2</ele>
      </trkpt>
      <trkpt lat="49.912396" lon="-123.173135">
        <ele>270.2</ele>
      </trkpt>
      <trkpt lat="49.912266" lon="-123.17319">
        <ele>268.5</ele>
      </trkpt>
      <trkpt lat="49.912261" lon="-123.173188">
        <ele>268.6</ele>
      </trkpt>
      <trkpt lat="49.911765" lon="-123.173143">
        <ele>263.4</ele>
      </trkpt>
      <trkpt lat="49.911725" lon="-123.173116">
        <ele>262.2</ele>
      </trkpt>
      <trkpt lat="49.911648" lon="-123.17309">
        <ele>261.2</ele>
      </trkpt>
      <trkpt lat="49.911545" lon="-123.173038">
        <ele>260.0</ele>
      </trkpt>
      <trkpt lat="49.91145" lon="-123.173058">
        <ele>259.4</ele>
      </trkpt>
      <trkpt lat="49.911351" lon="-123.17303">
        <ele>258.8</ele>
      </trkpt>
      <trkpt lat="49.911243" lon="-123.17303">
        <ele>258.1</ele>
      </trkpt>
      <trkpt lat="49.911103" lon="-123.173035">
        <ele>257.1</ele>
      </trkpt>
      <trkpt lat="49.91102" lon="-123.173085">
        <ele>255.3</ele>
      </trkpt>
      <trkpt lat="49.91093" lon="-123.173135">
        <ele>253.7</ele>
      </trkpt>
      <trkpt lat="49.910835" lon="-123.173181">
        <ele>252.3</ele>
      </trkpt>
      <trkpt lat="49.91076" lon="-123.17322">
        <ele>250.7</ele>
      </trkpt>
      <trkpt lat="49.910618" lon="-123.173211">
        <ele>248.9</ele>
      </trkpt>
      <trkpt lat="49.910535" lon="-123.173161">
        <ele>247.4</ele>
      </trkpt>
      <trkpt lat="49.910513" lon="-123.173141">
        <ele>247.5</ele>
      </trkpt>
      <trkpt lat="49.910515" lon="-123.173143">
        <ele>247.5</ele>
      </trkpt>
      <trkpt lat="49.910515" lon="-123.173143">
        <ele>247.1</ele>
      </trkpt>
      <trkpt lat="49.910515" lon="-123.173143">
        <ele>246.8</ele>
      </trkpt>
      <trkpt lat="49.910515" lon="-123.173143">
        <ele>246.7</ele>
      </trkpt>
      <trkpt lat="49.910443" lon="-123.173095">
        <ele>245.6</ele>
      </trkpt>
      <trkpt lat="49.910395" lon="-123.173113">
        <ele>244.0</ele>
      </trkpt>
      <trkpt lat="49.910356" lon="-123.173196">
        <ele>242.3</ele>
      </trkpt>
      <trkpt lat="49.910236" lon="-123.173246">
        <ele>241.0</ele>
      </trkpt>
      <trkpt lat="49.91024" lon="-123.17335">
        <ele>239.6</ele>
      </trkpt>
      <trkpt lat="49.910238" lon="-123.173488">
        <ele>238.1</ele>
      </trkpt>
      <trkpt lat="49.910155" lon="-123.17368">
        <ele>235.8</ele>
      </trkpt>
      <trkpt lat="49.910038" lon="-123.173851">
        <ele>233.7</ele>
      </trkpt>
      <trkpt lat="49.90996" lon="-123.173941">
        <ele>232.2</ele>
      </trkpt>
      <trkpt lat="49.909885" lon="-123.17407">
        <ele>230.9</ele>
      </trkpt>
      <trkpt lat="49.90986" lon="-123.174181">
        <ele>229.8</ele>
      </trkpt>
      <trkpt lat="49.909805" lon="-123.174293">
        <ele>228.6</ele>
      </trkpt>
      <trkpt lat="49.90975" lon="-123.17445">
        <ele>227.8</ele>
      </trkpt>
      <trkpt lat="49.90968" lon="-123.17448">
        <ele>227.1</ele>
      </trkpt>
      <trkpt lat="49.909596" lon="-123.174586">
        <ele>226.4</ele>
      </trkpt>
      <trkpt lat="49.909543" lon="-123.174671">
        <ele>226.6</ele>
      </trkpt>
      <trkpt lat="49.909475" lon="-123.17467">
        <ele>227.2</ele>
      </trkpt>
      <trkpt lat="49.90945" lon="-123.174705">
        <ele>227.5</ele>
      </trkpt>
      <trkpt lat="49.90945" lon="-123.174705">
        <ele>227.4</ele>
      </trkpt>
      <trkpt lat="49.909431" lon="-123.174761">
        <ele>227.7</ele>
      </trkpt>
      <trkpt lat="49.909403" lon="-123.17481">
        <ele>228.3</ele>
      </trkpt>
      <trkpt lat="49.909346" lon="-123.174841">
        <ele>229.1</ele>
      </trkpt>
      <trkpt lat="49.909316" lon="-123.174801">
        <ele>230.2</ele>
      </trkpt>
      <trkpt lat="49.909278" lon="-123.174765">
        <ele>231.5</ele>
      </trkpt>
      <trkpt lat="49.909123" lon="-123.174763">
        <ele>233.5</ele>
      </trkpt>
      <trkpt lat="49.909041" lon="-123.174805">
        <ele>233.6</ele>
      </trkpt>
      <trkpt lat="49.908945" lon="-123.174803">
        <ele>233.5</ele>
      </trkpt>
      <trkpt lat="49.908846" lon="-123.174781">
        <ele>232.7</ele>
      </trkpt>
      <trkpt lat="49.908775" lon="-123.17474">
        <ele>232.6</ele>
      </trkpt>
      <trkpt lat="49.908693" lon="-123.174681">
        <ele>233.0</ele>
      </trkpt>
      <trkpt lat="49.90862" lon="-123.174661">
        <ele>233.6</ele>
      </trkpt>
      <trkpt lat="49.908591" lon="-123.174546">
        <ele>234.9</ele>
      </trkpt>
      <trkpt lat="49.90855" lon="-123.174438">
        <ele>236.0</ele>
      </trkpt>
      <trkpt lat="49.908491" lon="-123.174358">
        <ele>236.0</ele>
      </trkpt>
      <trkpt lat="49.908395" lon="-123.174263">
        <ele>236.4</ele>
      </trkpt>
      <trkpt lat="49.908333" lon="-123.174201">
        <ele>237.9</ele>
      </trkpt>
      <trkpt lat="49.908318" lon="-123.174153">
        <ele>238.7</ele>
      </trkpt>
      <trkpt lat="49.908243" lon="-123.174093">
        <ele>239.7</ele>
      </trkpt>
      <trkpt lat="49.908168" lon="-123.174041">
        <ele>240.8</ele>
      </trkpt>
      <trkpt lat="49.908131" lon="-123.173971">
        <ele>242.1</ele>
      </trkpt>
      <trkpt lat="49.90809" lon="-123.173936">
        <ele>243.3</ele>
      </trkpt>
      <trkpt lat="49.90804" lon="-123.173955">
        <ele>244.1</ele>
      </trkpt>
      <trkpt lat="49.907963" lon="-123.173986">
        <ele>242.9</ele>
      </trkpt>
      <trkpt lat="49.907963" lon="-123.173986">
        <ele>243.0</ele>
      </trkpt>
      <trkpt lat="49.907703" lon="-123.174166">
        <ele>242.3</ele>
      </trkpt>
      <trkpt lat="49.907573" lon="-123.174266">
        <ele>242.0</ele>
      </trkpt>
      <trkpt lat="49.90753" lon="-123.174313">
        <ele>241.6</ele>
      </trkpt>
      <trkpt lat="49.907475" lon="-123.174388">
        <ele>239.9</ele>
      </trkpt>
      <trkpt lat="49.907425" lon="-123.174463">
        <ele>237.9</ele>
      </trkpt>
      <trkpt lat="49.907318" lon="-123.174558">
        <ele>235.6</ele>
      </trkpt>
      <trkpt lat="49.907226" lon="-123.17458">
        <ele>233.0</ele>
      </trkpt>
      <trkpt lat="49.907156" lon="-123.174488">
        <ele>230.9</ele>
      </trkpt>
      <trkpt lat="49.907101" lon="-123.174408">
        <ele>230.0</ele>
      </trkpt>
      <trkpt lat="49.906846" lon="-123.174266">
        <ele>227.1</ele>
      </trkpt>
      <trkpt lat="49.906383" lon="-123.17444">
        <ele>221.9</ele>
      </trkpt>
      <trkpt lat="49.906105" lon="-123.174501">
        <ele>221.9</ele>
      </trkpt>
      <trkpt lat="49.905965" lon="-123.174571">
        <ele>222.5</ele>
      </trkpt>
      <trkpt lat="49.905948" lon="-123.174578">
        <ele>222.4</ele>
      </trkpt>
      <trkpt lat="49.905948" lon="-123.174578">
        <ele>221.7</ele>
      </trkpt>
      <trkpt lat="49.905948" lon="-123.174578">
        <ele>221.9</ele>
      </trkpt>
      <trkpt lat="49.90573" lon="-123.17457">
        <ele>221.7</ele>
      </trkpt>
      <trkpt lat="49.905455" lon="-123.17472">
        <ele>220.7</ele>
      </trkpt>
      <trkpt lat="49.90507" lon="-123.1745">
        <ele>219.2</ele>
      </trkpt>
      <trkpt lat="49.904598" lon="-123.174441">
        <ele>218.5</ele>
      </trkpt>
      <trkpt lat="49.904223" lon="-123.174485">
        <ele>218.4</ele>
      </trkpt>
      <trkpt lat="49.903918" lon="-123.17454">
        <ele>218.4</ele>
      </trkpt>
      <trkpt lat="49.903708" lon="-123.174351">
        <ele>219.0</ele>
      </trkpt>
      <trkpt lat="49.903455" lon="-123.174125">
        <ele>218.5</ele>
      </trkpt>
      <trkpt lat="49.903171" lon="-123.173972">
        <ele>218.3</ele>
      </trkpt>
      <trkpt lat="49.902915" lon="-123.173861">
        <ele>218.3</ele>
      </trkpt>
      <trkpt lat="49.902748" lon="-123.173908">
        <ele>218.6</ele>
      </trkpt>
      <trkpt lat="49.902547" lon="-123.174005">
        <ele>218.5</ele>
      </trkpt>
      <trkpt lat="49.902306" lon="-123.174135">
        <ele>218.2</ele>
      </trkpt>
      <trkpt lat="49.902072" lon="-123.174328">
        <ele>215.5</ele>
      </trkpt>
      <trkpt lat="49.901822" lon="-123.174549">
        <ele>210.0</ele>
      </trkpt>
      <trkpt lat="49.901542" lon="-123.174758">
        <ele>204.6</ele>
      </trkpt>
      <trkpt lat="49.901123" lon="-123.175079">
        <ele>200.3</ele>
      </trkpt>
      <trkpt lat="49.900931" lon="-123.17551">
        <ele>197.9</ele>
      </trkpt>
      <trkpt lat="49.900668" lon="-123.175773">
        <ele>192.3</ele>
      </trkpt>
      <trkpt lat="49.90041" lon="-123.175976">
        <ele>185.0</ele>
      </trkpt>
      <trkpt lat="49.899988" lon="-123.17599">
        <ele>181.4</ele>
      </trkpt>
      <trkpt lat="49.899666" lon="-123.17596">
        <ele>184.0</ele>
      </trkpt>
      <trkpt lat="49.899589" lon="-123.175979">
        <ele>185.6</ele>
      </trkpt>
      <trkpt lat="49.899473" lon="-123.176036">
        <ele>186.4</ele>
      </trkpt>
      <trkpt lat="49.899305" lon="-123.176026">
        <ele>186.8</ele>
      </trkpt>
      <trkpt lat="49.899218" lon="-123.175985">
        <ele>186.8</ele>
      </trkpt>
      <trkpt lat="49.899208" lon="-123.175983">
        <ele>187.1</ele>
      </trkpt>
      <trkpt lat="49.899208" lon="-123.175983">
        <ele>187.2</ele>
      </trkpt>
      <trkpt lat="49.899208" lon="-123.175983">
        <ele>187.1</ele>
      </trkpt>
      <trkpt lat="49.899208" lon="-123.175983">
        <ele>187.1</ele>
      </trkpt>
      <trkpt lat="49.899208" lon="-123.175983">
        <ele>187.2</ele>
      </trkpt>
      <trkpt lat="49.899208" lon="-123.175983">
        <ele>187.2</ele>
      </trkpt>
      <trkpt lat="49.899108" lon="-123.17606">
        <ele>187.7</ele>
      </trkpt>
      <trkpt lat="49.899085" lon="-123.176093">
        <ele>188.5</ele>
      </trkpt>
      <trkpt lat="49.899085" lon="-123.176093">
        <ele>188.6</ele>
      </trkpt>
      <trkpt lat="49.899085" lon="-123.176093">
        <ele>188.5</ele>
      </trkpt>
      <trkpt lat="49.899085" lon="-123.176093">
        <ele>188.5</ele>
      </trkpt>
      <trkpt lat="49.899045" lon="-123.17609">
        <ele>188.2</ele>
      </trkpt>
      <trkpt lat="49.899116" lon="-123.176093">
        <ele>187.5</ele>
      </trkpt>
      <trkpt lat="49.899131" lon="-123.176056">
        <ele>187.3</ele>
      </trkpt>
      <trkpt lat="49.899131" lon="-123.176056">
        <ele>187.5</ele>
      </trkpt>
      <trkpt lat="49.899131" lon="-123.176056">
        <ele>187.5</ele>
      </trkpt>
      <trkpt lat="49.899118" lon="-123.176088">
        <ele>187.7</ele>
      </trkpt>
      <trkpt lat="49.899058" lon="-123.176101">
        <ele>188.4</ele>
      </trkpt>
      <trkpt lat="49.899038" lon="-123.176112">
        <ele>188.5</ele>
      </trkpt>
      <trkpt lat="49.899039" lon="-123.176113">
        <ele>188.2</ele>
      </trkpt>
      <trkpt lat="49.899037" lon="-123.176111">
        <ele>188.1</ele>
      </trkpt>
      <trkpt lat="49.89904" lon="-123.176111">
        <ele>188.0</ele>
      </trkpt>
      <trkpt lat="49.899041" lon="-123.176112">
        <ele>188.1</ele>
      </trkpt>
      <trkpt lat="49.899039" lon="-123.176111">
        <ele>188.0</ele>
      </trkpt>
      <trkpt lat="49.899026" lon="-123.176135">
        <ele>187.7</ele>
      </trkpt>
      <trkpt lat="49.899024" lon="-123.176167">
        <ele>187.8</ele>
      </trkpt>
      <trkpt lat="49.899025" lon="-123.176175">
        <ele>187.9</ele>
      </trkpt>
      <trkpt lat="49.899005" lon="-123.176163">
        <ele>187.9</ele>
      </trkpt>
      <trkpt lat="49.899023" lon="-123.176181">
        <ele>188.1</ele>
      </trkpt>
      <trkpt lat="49.899023" lon="-123.176181">
        <ele>188.1</ele>
      </trkpt>
      <trkpt lat="49.899023" lon="-123.176181">
        <ele>188.2</ele>
      </trkpt>
      <trkpt lat="49.899045" lon="-123.176028">
        <ele>188.1</ele>
      </trkpt>
      <trkpt lat="49.899045" lon="-123.176028">
        <ele>188.2</ele>
      </trkpt>
      <trkpt lat="49.899045" lon="-123.176028">
        <ele>188.2</ele>
      </trkpt>
      <trkpt lat="49.899045" lon="-123.176028">
        <ele>188.3</ele>
      </trkpt>
      <trkpt lat="49.899045" lon="-123.176028">
        <ele>188.3</ele>
      </trkpt>
      <trkpt lat="49.899045" lon="-123.176028">
        <ele>188.3</ele>
      </trkpt>
      <trkpt lat="49.899045" lon="-123.176028">
        <ele>188.3</ele>
      </trkpt>
      <trkpt lat="49.898996" lon="-123.176165">
        <ele>188.3</ele>
      </trkpt>
      <trkpt lat="49.898996" lon="-123.176165">
        <ele>188.5</ele>
      </trkpt>
      <trkpt lat="49.898996" lon="-123.176165">
        <ele>188.2</ele>
      </trkpt>
      <trkpt lat="49.898881" lon="-123.176145">
        <ele>186.4</ele>
      </trkpt>
      <trkpt lat="49.898886" lon="-123.176138">
        <ele>185.0</ele>
      </trkpt>
      <trkpt lat="49.898886" lon="-123.176138">
        <ele>185.2</ele>
      </trkpt>
      <trkpt lat="49.898886" lon="-123.176138">
        <ele>185.2</ele>
      </trkpt>
      <trkpt lat="49.898886" lon="-123.176138">
        <ele>185.2</ele>
      </trkpt>
      <trkpt lat="49.898886" lon="-123.176138">
        <ele>185.4</ele>
      </trkpt>
      <trkpt lat="49.898886" lon="-123.176138">
        <ele>185.5</ele>
      </trkpt>
      <trkpt lat="49.898886" lon="-123.176138">
        <ele>185.5</ele>
      </trkpt>
      <trkpt lat="49.898886" lon="-123.176138">
        <ele>185.5</ele>
      </trkpt>
      <trkpt lat="49.898886" lon="-123.176138">
        <ele>185.6</ele>
      </trkpt>
      <trkpt lat="49.898886" lon="-123.176138">
        <ele>185.8</ele>
      </trkpt>
      <trkpt lat="49.898886" lon="-123.176138">
        <ele>185.9</ele>
      </trkpt>
      <trkpt lat="49.898886" lon="-123.176138">
        <ele>185.9</ele>
      </trkpt>
      <trkpt lat="49.898886" lon="-123.176138">
        <ele>185.9</ele>
      </trkpt>
      <trkpt lat="49.898886" lon="-123.176138">
        <ele>185.9</ele>
      </trkpt>
      <trkpt lat="49.898886" lon="-123.176138">
        <ele>185.9</ele>
      </trkpt>
      <trkpt lat="49.898886" lon="-123.176138">
        <ele>186.0</ele>
      </trkpt>
      <trkpt lat="49.898886" lon="-123.176138">
        <ele>186.0</ele>
      </trkpt>
      <trkpt lat="49.898886" lon="-123.176138">
        <ele>186.0</ele>
      </trkpt>
      <trkpt lat="49.898886" lon="-123.176138">
        <ele>186.0</ele>
      </trkpt>
      <trkpt lat="49.898886" lon="-123.176138">
        <ele>186.0</ele>
      </trkpt>
      <trkpt lat="49.898886" lon="-123.176138">
        <ele>186.0</ele>
      </trkpt>
      <trkpt lat="49.898886" lon="-123.176138">
        <ele>186.1</ele>
      </trkpt>
      <trkpt lat="49.898886" lon="-123.176138">
        <ele>186.2</ele>
      </trkpt>
      <trkpt lat="49.898886" lon="-123.176138">
        <ele>186.3</ele>
      </trkpt>
      <trkpt lat="49.898886" lon="-123.176138">
        <ele>186.4</ele>
      </trkpt>
      <trkpt lat="49.898886" lon="-123.176138">
        <ele>186.4</ele>
      </trkpt>
      <trkpt lat="49.898886" lon="-123.176138">
        <ele>186.4</ele>
      </trkpt>
      <trkpt lat="49.898886" lon="-123.176138">
        <ele>186.4</ele>
      </trkpt>
      <trkpt lat="49.898886" lon="-123.176138">
        <ele>186.5</ele>
      </trkpt>
      <trkpt lat="49.898886" lon="-123.176138">
        <ele>186.5</ele>
      </trkpt>
      <trkpt lat="49.898886" lon="-123.176138">
        <ele>186.6</ele>
      </trkpt>
      <trkpt lat="49.898886" lon="-123.176138">
        <ele>186.5</ele>
      </trkpt>
      <trkpt lat="49.898886" lon="-123.176138">
        <ele>186.4</ele>
      </trkpt>
      <trkpt lat="49.898886" lon="-123.176138">
        <ele>186.4</ele>
      </trkpt>
      <trkpt lat="49.898886" lon="-123.176138">
        <ele>186.5</ele>
      </trkpt>
      <trkpt lat="49.898886" lon="-123.176138">
        <ele>186.5</ele>
      </trkpt>
      <trkpt lat="49.898886" lon="-123.176138">
        <ele>186.5</ele>
      </trkpt>
      <trkpt lat="49.898886" lon="-123.176138">
        <ele>186.6</ele>
      </trkpt>
      <trkpt lat="49.898921" lon="-123.176145">
        <ele>186.7</ele>
      </trkpt>
      <trkpt lat="49.898913" lon="-123.17615">
        <ele>186.8</ele>
      </trkpt>
      <trkpt lat="49.898913" lon="-123.17615">
        <ele>186.8</ele>
      </trkpt>
      <trkpt lat="49.898913" lon="-123.17615">
        <ele>186.9</ele>
      </trkpt>
      <trkpt lat="49.898913" lon="-123.17615">
        <ele>187.0</ele>
      </trkpt>
      <trkpt lat="49.898913" lon="-123.17615">
        <ele>187.0</ele>
      </trkpt>
      <trkpt lat="49.898913" lon="-123.17615">
        <ele>187.1</ele>
      </trkpt>
      <trkpt lat="49.898913" lon="-123.17615">
        <ele>187.0</ele>
      </trkpt>
      <trkpt lat="49.898913" lon="-123.17615">
        <ele>186.7</ele>
      </trkpt>
      <trkpt lat="49.898913" lon="-123.17615">
        <ele>186.6</ele>
      </trkpt>
      <trkpt lat="49.898913" lon="-123.17615">
        <ele>186.6</ele>
      </trkpt>
      <trkpt lat="49.898875" lon="-123.176233">
        <ele>186.3</ele>
      </trkpt>
      <trkpt lat="49.898871" lon="-123.176243">
        <ele>185.7</ele>
      </trkpt>
      <trkpt lat="49.898871" lon="-123.176243">
        <ele>185.0</ele>
      </trkpt>
      <trkpt lat="49.898871" lon="-123.176243">
        <ele>184.9</ele>
      </trkpt>
      <trkpt lat="49.898871" lon="-123.176243">
        <ele>184.9</ele>
      </trkpt>
      <trkpt lat="49.898881" lon="-123.176206">
        <ele>185.0</ele>
      </trkpt>
      <trkpt lat="49.898865" lon="-123.17621">
        <ele>184.9</ele>
      </trkpt>
      <trkpt lat="49.898855" lon="-123.17626">
        <ele>185.0</ele>
      </trkpt>
      <trkpt lat="49.898821" lon="-123.176268">
        <ele>184.6</ele>
      </trkpt>
      <trkpt lat="49.898766" lon="-123.176323">
        <ele>183.5</ele>
      </trkpt>
      <trkpt lat="49.898733" lon="-123.176363">
        <ele>182.2</ele>
      </trkpt>
      <trkpt lat="49.898755" lon="-123.176375">
        <ele>180.9</ele>
      </trkpt>
      <trkpt lat="49.898671" lon="-123.176438">
        <ele>179.3</ele>
      </trkpt>
      <trkpt lat="49.89861" lon="-123.176456">
        <ele>177.8</ele>
      </trkpt>
      <trkpt lat="49.898571" lon="-123.176466">
        <ele>176.6</ele>
      </trkpt>
      <trkpt lat="49.898571" lon="-123.176466">
        <ele>175.6</ele>
      </trkpt>
      <trkpt lat="49.89849" lon="-123.17655">
        <ele>174.7</ele>
      </trkpt>
      <trkpt lat="49.898446" lon="-123.176585">
        <ele>173.5</ele>
      </trkpt>
      <trkpt lat="49.898401" lon="-123.176596">
        <ele>172.3</ele>
      </trkpt>
      <trkpt lat="49.89839" lon="-123.176616">
        <ele>171.6</ele>
      </trkpt>
      <trkpt lat="49.898368" lon="-123.176698">
        <ele>170.3</ele>
      </trkpt>
      <trkpt lat="49.898371" lon="-123.176696">
        <ele>169.5</ele>
      </trkpt>
      <trkpt lat="49.898371" lon="-123.176696">
        <ele>169.1</ele>
      </trkpt>
      <trkpt lat="49.898371" lon="-123.176696">
        <ele>168.6</ele>
      </trkpt>
      <trkpt lat="49.898345" lon="-123.176765">
        <ele>168.6</ele>
      </trkpt>
      <trkpt lat="49.898345" lon="-123.176765">
        <ele>168.2</ele>
      </trkpt>
      <trkpt lat="49.898345" lon="-123.176765">
        <ele>167.8</ele>
      </trkpt>
      <trkpt lat="49.898345" lon="-123.176765">
        <ele>167.4</ele>
      </trkpt>
      <trkpt lat="49.898301" lon="-123.17685">
        <ele>166.4</ele>
      </trkpt>
      <trkpt lat="49.89826" lon="-123.176946">
        <ele>165.6</ele>
      </trkpt>
      <trkpt lat="49.898225" lon="-123.176981">
        <ele>164.6</ele>
      </trkpt>
      <trkpt lat="49.89822" lon="-123.176991">
        <ele>163.6</ele>
      </trkpt>
      <trkpt lat="49.898165" lon="-123.177038">
        <ele>162.4</ele>
      </trkpt>
      <trkpt lat="49.898165" lon="-123.177038">
        <ele>161.5</ele>
      </trkpt>
      <trkpt lat="49.89807" lon="-123.17707">
        <ele>160.4</ele>
      </trkpt>
      <trkpt lat="49.897981" lon="-123.17706">
        <ele>159.4</ele>
      </trkpt>
      <trkpt lat="49.89794" lon="-123.177101">
        <ele>158.4</ele>
      </trkpt>
      <trkpt lat="49.897755" lon="-123.177218">
        <ele>156.1</ele>
      </trkpt>
      <trkpt lat="49.897623" lon="-123.177203">
        <ele>155.9</ele>
      </trkpt>
      <trkpt lat="49.897471" lon="-123.177371">
        <ele>154.3</ele>
      </trkpt>
      <trkpt lat="49.897253" lon="-123.17763">
        <ele>152.8</ele>
      </trkpt>
      <trkpt lat="49.897035" lon="-123.177921">
        <ele>151.7</ele>
      </trkpt>
      <trkpt lat="49.896738" lon="-123.178148">
        <ele>151.2</ele>
      </trkpt>
      <trkpt lat="49.896431" lon="-123.178273">
        <ele>150.9</ele>
      </trkpt>
      <trkpt lat="49.896205" lon="-123.178441">
        <ele>150.2</ele>
      </trkpt>
      <trkpt lat="49.895973" lon="-123.178458">
        <ele>150.1</ele>
      </trkpt>
      <trkpt lat="49.895816" lon="-123.178445">
        <ele>149.9</ele>
      </trkpt>
      <trkpt lat="49.895638" lon="-123.178458">
        <ele>149.6</ele>
      </trkpt>
      <trkpt lat="49.895476" lon="-123.17844">
        <ele>149.5</ele>
      </trkpt>
      <trkpt lat="49.8953" lon="-123.17847">
        <ele>149.5</ele>
      </trkpt>
      <trkpt lat="49.895118" lon="-123.17853">
        <ele>149.3</ele>
      </trkpt>
      <trkpt lat="49.894981" lon="-123.17853">
        <ele>149.2</ele>
      </trkpt>
      <trkpt lat="49.894753" lon="-123.178641">
        <ele>148.3</ele>
      </trkpt>
      <trkpt lat="49.894526" lon="-123.178771">
        <ele>146.4</ele>
      </trkpt>
      <trkpt lat="49.894226" lon="-123.179093">
        <ele>143.7</ele>
      </trkpt>
      <trkpt lat="49.89388" lon="-123.179383">
        <ele>142.4</ele>
      </trkpt>
      <trkpt lat="49.893553" lon="-123.179583">
        <ele>140.3</ele>
      </trkpt>
      <trkpt lat="49.893295" lon="-123.179806">
        <ele>136.1</ele>
      </trkpt>
      <trkpt lat="49.893221" lon="-123.179891">
        <ele>133.9</ele>
      </trkpt>
      <trkpt lat="49.893191" lon="-123.179985">
        <ele>133.3</ele>
      </trkpt>
      <trkpt lat="49.8931" lon="-123.180021">
        <ele>132.2</ele>
      </trkpt>
      <trkpt lat="49.893008" lon="-123.180075">
        <ele>130.4</ele>
      </trkpt>
      <trkpt lat="49.892933" lon="-123.180091">
        <ele>129.2</ele>
      </trkpt>
      <trkpt lat="49.892861" lon="-123.180115">
        <ele>127.6</ele>
      </trkpt>
      <trkpt lat="49.89281" lon="-123.180166">
        <ele>126.0</ele>
      </trkpt>
      <trkpt lat="49.892783" lon="-123.180191">
        <ele>125.3</ele>
      </trkpt>
      <trkpt lat="49.892783" lon="-123.180196">
        <ele>125.0</ele>
      </trkpt>
      <trkpt lat="49.892741" lon="-123.180241">
        <ele>124.5</ele>
      </trkpt>
      <trkpt lat="49.89267" lon="-123.180218">
        <ele>123.3</ele>
      </trkpt>
      <trkpt lat="49.892585" lon="-123.18023">
        <ele>121.9</ele>
      </trkpt>
      <trkpt lat="49.892545" lon="-123.18024">
        <ele>120.6</ele>
      </trkpt>
      <trkpt lat="49.892471" lon="-123.180245">
        <ele>119.6</ele>
      </trkpt>
      <trkpt lat="49.892406" lon="-123.180263">
        <ele>118.7</ele>
      </trkpt>
      <trkpt lat="49.892388" lon="-123.180321">
        <ele>118.3</ele>
      </trkpt>
      <trkpt lat="49.892363" lon="-123.180341">
        <ele>117.6</ele>
      </trkpt>
      <trkpt lat="49.892378" lon="-123.180415">
        <ele>117.2</ele>
      </trkpt>
      <trkpt lat="49.892378" lon="-123.180415">
        <ele>116.6</ele>
      </trkpt>
      <trkpt lat="49.892318" lon="-123.18043">
        <ele>115.8</ele>
      </trkpt>
      <trkpt lat="49.892301" lon="-123.180508">
        <ele>115.1</ele>
      </trkpt>
      <trkpt lat="49.892213" lon="-123.180491">
        <ele>114.0</ele>
      </trkpt>
      <trkpt lat="49.892138" lon="-123.180568">
        <ele>112.5</ele>
      </trkpt>
      <trkpt lat="49.891588" lon="-123.180846">
        <ele>101.6</ele>
      </trkpt>
      <trkpt lat="49.891588" lon="-123.180846">
        <ele>101.7</ele>
      </trkpt>
      <trkpt lat="49.89143" lon="-123.180958">
        <ele>101.4</ele>
      </trkpt>
      <trkpt lat="49.891236" lon="-123.181031">
        <ele>99.1</ele>
      </trkpt>
      <trkpt lat="49.891013" lon="-123.181105">
        <ele>94.6</ele>
      </trkpt>
      <trkpt lat="49.890951" lon="-123.181108">
        <ele>93.8</ele>
      </trkpt>
      <trkpt lat="49.890951" lon="-123.181108">
        <ele>93.8</ele>
      </trkpt>
      <trkpt lat="49.890951" lon="-123.181108">
        <ele>93.8</ele>
      </trkpt>
      <trkpt lat="49.890951" lon="-123.181108">
        <ele>93.6</ele>
      </trkpt>
      <trkpt lat="49.890951" lon="-123.181108">
        <ele>94.1</ele>
      </trkpt>
      <trkpt lat="49.890951" lon="-123.181108">
        <ele>94.0</ele>
      </trkpt>
      <trkpt lat="49.890951" lon="-123.181108">
        <ele>94.1</ele>
      </trkpt>
      <trkpt lat="49.890951" lon="-123.181108">
        <ele>94.1</ele>
      </trkpt>
      <trkpt lat="49.890951" lon="-123.181108">
        <ele>93.9</ele>
      </trkpt>
      <trkpt lat="49.890951" lon="-123.181108">
        <ele>93.8</ele>
      </trkpt>
      <trkpt lat="49.890951" lon="-123.181108">
        <ele>93.8</ele>
      </trkpt>
      <trkpt lat="49.890951" lon="-123.181108">
        <ele>93.8</ele>
      </trkpt>
      <trkpt lat="49.890951" lon="-123.181108">
        <ele>93.8</ele>
      </trkpt>
      <trkpt lat="49.890951" lon="-123.181108">
        <ele>93.8</ele>
      </trkpt>
      <trkpt lat="49.890951" lon="-123.181108">
        <ele>93.7</ele>
      </trkpt>
      <trkpt lat="49.890951" lon="-123.181108">
        <ele>93.6</ele>
      </trkpt>
      <trkpt lat="49.890951" lon="-123.181108">
        <ele>93.6</ele>
      </trkpt>
      <trkpt lat="49.890905" lon="-123.18096">
        <ele>93.6</ele>
      </trkpt>
      <trkpt lat="49.890905" lon="-123.18096">
        <ele>93.6</ele>
      </trkpt>
      <trkpt lat="49.890905" lon="-123.18096">
        <ele>93.7</ele>
      </trkpt>
      <trkpt lat="49.890905" lon="-123.18096">
        <ele>93.1</ele>
      </trkpt>
      <trkpt lat="49.890905" lon="-123.18096">
        <ele>91.8</ele>
      </trkpt>
      <trkpt lat="49.890905" lon="-123.18096">
        <ele>91.7</ele>
      </trkpt>
      <trkpt lat="49.890905" lon="-123.18096">
        <ele>91.4</ele>
      </trkpt>
      <trkpt lat="49.890905" lon="-123.18096">
        <ele>91.2</ele>
      </trkpt>
      <trkpt lat="49.890905" lon="-123.18096">
        <ele>91.2</ele>
      </trkpt>
      <trkpt lat="49.890905" lon="-123.18096">
        <ele>91.1</ele>
      </trkpt>
      <trkpt lat="49.890905" lon="-123.18096">
        <ele>91.0</ele>
      </trkpt>
      <trkpt lat="49.890905" lon="-123.18096">
        <ele>91.0</ele>
      </trkpt>
      <trkpt lat="49.890905" lon="-123.18096">
        <ele>91.3</ele>
      </trkpt>
      <trkpt lat="49.890905" lon="-123.18096">
        <ele>91.4</ele>
      </trkpt>
      <trkpt lat="49.890905" lon="-123.18096">
        <ele>91.4</ele>
      </trkpt>
      <trkpt lat="49.890905" lon="-123.18096">
        <ele>91.3</ele>
      </trkpt>
      <trkpt lat="49.890905" lon="-123.18096">
        <ele>91.2</ele>
      </trkpt>
      <trkpt lat="49.890963" lon="-123.181091">
        <ele>91.1</ele>
      </trkpt>
      <trkpt lat="49.890963" lon="-123.181091">
        <ele>91.1</ele>
      </trkpt>
      <trkpt lat="49.890963" lon="-123.181091">
        <ele>91.3</ele>
      </trkpt>
      <trkpt lat="49.890963" lon="-123.181091">
        <ele>91.6</ele>
      </trkpt>
      <trkpt lat="49.890963" lon="-123.181091">
        <ele>91.7</ele>
      </trkpt>
      <trkpt lat="49.890963" lon="-123.181091">
        <ele>91.6</ele>
      </trkpt>
      <trkpt lat="49.890963" lon="-123.181091">
        <ele>91.5</ele>
      </trkpt>
      <trkpt lat="49.890963" lon="-123.181091">
        <ele>91.4</ele>
      </trkpt>
      <trkpt lat="49.890963" lon="-123.181091">
        <ele>91.4</ele>
      </trkpt>
      <trkpt lat="49.890963" lon="-123.181091">
        <ele>91.4</ele>
      </trkpt>
      <trkpt lat="49.890963" lon="-123.181091">
        <ele>91.7</ele>
      </trkpt>
      <trkpt lat="49.890963" lon="-123.181091">
        <ele>91.8</ele>
      </trkpt>
      <trkpt lat="49.890963" lon="-123.181091">
        <ele>91.8</ele>
      </trkpt>
      <trkpt lat="49.890963" lon="-123.181091">
        <ele>91.8</ele>
      </trkpt>
      <trkpt lat="49.890963" lon="-123.181091">
        <ele>91.7</ele>
      </trkpt>
      <trkpt lat="49.890963" lon="-123.181091">
        <ele>91.7</ele>
      </trkpt>
      <trkpt lat="49.890963" lon="-123.181091">
        <ele>91.7</ele>
      </trkpt>
      <trkpt lat="49.890963" lon="-123.181091">
        <ele>91.7</ele>
      </trkpt>
      <trkpt lat="49.890881" lon="-123.181078">
        <ele>91.8</ele>
      </trkpt>
      <trkpt lat="49.890806" lon="-123.181085">
        <ele>91.8</ele>
      </trkpt>
      <trkpt lat="49.890705" lon="-123.181061">
        <ele>91.6</ele>
      </trkpt>
      <trkpt lat="49.890663" lon="-123.181078">
        <ele>91.5</ele>
      </trkpt>
      <trkpt lat="49.890606" lon="-123.181055">
        <ele>91.6</ele>
      </trkpt>
      <trkpt lat="49.890546" lon="-123.181038">
        <ele>91.9</ele>
      </trkpt>
      <trkpt lat="49.890515" lon="-123.181026">
        <ele>92.0</ele>
      </trkpt>
      <trkpt lat="49.89039" lon="-123.18101">
        <ele>92.2</ele>
      </trkpt>
      <trkpt lat="49.890288" lon="-123.181003">
        <ele>92.4</ele>
      </trkpt>
      <trkpt lat="49.890236" lon="-123.180953">
        <ele>92.4</ele>
      </trkpt>
      <trkpt lat="49.890206" lon="-123.180893">
        <ele>92.9</ele>
      </trkpt>
      <trkpt lat="49.890131" lon="-123.18087">
        <ele>93.3</ele>
      </trkpt>
      <trkpt lat="49.890038" lon="-123.180896">
        <ele>93.4</ele>
      </trkpt>
      <trkpt lat="49.889843" lon="-123.180825">
        <ele>93.6</ele>
      </trkpt>
      <trkpt lat="49.88971" lon="-123.18072">
        <ele>93.9</ele>
      </trkpt>
      <trkpt lat="49.889521" lon="-123.180681">
        <ele>94.1</ele>
      </trkpt>
      <trkpt lat="49.889285" lon="-123.180581">
        <ele>94.0</ele>
      </trkpt>
      <trkpt lat="49.889051" lon="-123.180508">
        <ele>93.7</ele>
      </trkpt>
      <trkpt lat="49.888848" lon="-123.180455">
        <ele>93.5</ele>
      </trkpt>
      <trkpt lat="49.888671" lon="-123.18043">
        <ele>93.6</ele>
      </trkpt>
      <trkpt lat="49.888508" lon="-123.180341">
        <ele>94.2</ele>
      </trkpt>
      <trkpt lat="49.888345" lon="-123.180253">
        <ele>94.8</ele>
      </trkpt>
      <trkpt lat="49.888131" lon="-123.18015">
        <ele>94.9</ele>
      </trkpt>
      <trkpt lat="49.887928" lon="-123.180078">
        <ele>94.3</ele>
      </trkpt>
      <trkpt lat="49.887701" lon="-123.180046">
        <ele>94.5</ele>
      </trkpt>
      <trkpt lat="49.887473" lon="-123.180031">
        <ele>94.3</ele>
      </trkpt>
      <trkpt lat="49.88724" lon="-123.179973">
        <ele>94.4</ele>
      </trkpt>
      <trkpt lat="49.887156" lon="-123.179971">
        <ele>94.3</ele>
      </trkpt>
      <trkpt lat="49.887103" lon="-123.180005">
        <ele>94.9</ele>
      </trkpt>
      <trkpt lat="49.887081" lon="-123.179925">
        <ele>95.0</ele>
      </trkpt>
      <trkpt lat="49.88693" lon="-123.179841">
        <ele>95.3</ele>
      </trkpt>
      <trkpt lat="49.886748" lon="-123.179811">
        <ele>95.5</ele>
      </trkpt>
      <trkpt lat="49.886463" lon="-123.179811">
        <ele>96.4</ele>
      </trkpt>
      <trkpt lat="49.886236" lon="-123.179813">
        <ele>96.7</ele>
      </trkpt>
      <trkpt lat="49.886066" lon="-123.179796">
        <ele>96.3</ele>
      </trkpt>
      <trkpt lat="49.885825" lon="-123.179855">
        <ele>95.9</ele>
      </trkpt>
      <trkpt lat="49.885561" lon="-123.179855">
        <ele>95.2</ele>
      </trkpt>
      <trkpt lat="49.885226" lon="-123.179928">
        <ele>94.2</ele>
      </trkpt>
      <trkpt lat="49.884978" lon="-123.179903">
        <ele>93.8</ele>
      </trkpt>
      <trkpt lat="49.884846" lon="-123.179701">
        <ele>94.5</ele>
      </trkpt>
      <trkpt lat="49.884678" lon="-123.179486">
        <ele>95.4</ele>
      </trkpt>
      <trkpt lat="49.884518" lon="-123.179293">
        <ele>96.1</ele>
      </trkpt>
      <trkpt lat="49.884273" lon="-123.179271">
        <ele>96.4</ele>
      </trkpt>
      <trkpt lat="49.88401" lon="-123.179203">
        <ele>95.4</ele>
      </trkpt>
      <trkpt lat="49.883808" lon="-123.179175">
        <ele>94.9</ele>
      </trkpt>
      <trkpt lat="49.883608" lon="-123.179173">
        <ele>94.8</ele>
      </trkpt>
      <trkpt lat="49.88349" lon="-123.179156">
        <ele>94.6</ele>
      </trkpt>
      <trkpt lat="49.883406" lon="-123.179178">
        <ele>94.7</ele>
      </trkpt>
      <trkpt lat="49.883311" lon="-123.179041">
        <ele>94.8</ele>
      </trkpt>
      <trkpt lat="49.883255" lon="-123.179045">
        <ele>94.7</ele>
      </trkpt>
      <trkpt lat="49.88323" lon="-123.179015">
        <ele>94.6</ele>
      </trkpt>
      <trkpt lat="49.883186" lon="-123.178788">
        <ele>94.6</ele>
      </trkpt>
      <trkpt lat="49.88304" lon="-123.178858">
        <ele>94.6</ele>
      </trkpt>
      <trkpt lat="49.882851" lon="-123.17894">
        <ele>94.4</ele>
      </trkpt>
      <trkpt lat="49.882618" lon="-123.179">
        <ele>94.4</ele>
      </trkpt>
      <trkpt lat="49.882373" lon="-123.17893">
        <ele>94.1</ele>
      </trkpt>
      <trkpt lat="49.882181" lon="-123.178811">
        <ele>94.4</ele>
      </trkpt>
      <trkpt lat="49.881971" lon="-123.178691">
        <ele>94.7</ele>
      </trkpt>
      <trkpt lat="49.881745" lon="-123.178666">
        <ele>94.5</ele>
      </trkpt>
      <trkpt lat="49.881558" lon="-123.178605">
        <ele>94.1</ele>
      </trkpt>
      <trkpt lat="49.881338" lon="-123.178618">
        <ele>93.9</ele>
      </trkpt>
      <trkpt lat="49.88114" lon="-123.178526">
        <ele>94.0</ele>
      </trkpt>
      <trkpt lat="49.88094" lon="-123.178451">
        <ele>94.2</ele>
      </trkpt>
      <trkpt lat="49.880716" lon="-123.178516">
        <ele>93.9</ele>
      </trkpt>
      <trkpt lat="49.880548" lon="-123.178628">
        <ele>93.8</ele>
      </trkpt>
      <trkpt lat="49.880376" lon="-123.178798">
        <ele>93.7</ele>
      </trkpt>
      <trkpt lat="49.880145" lon="-123.178906">
        <ele>93.5</ele>
      </trkpt>
      <trkpt lat="49.879925" lon="-123.178873">
        <ele>93.3</ele>
      </trkpt>
      <trkpt lat="49.879778" lon="-123.178688">
        <ele>93.1</ele>
      </trkpt>
      <trkpt lat="49.879535" lon="-123.178545">
        <ele>93.1</ele>
      </trkpt>
      <trkpt lat="49.879285" lon="-123.178546">
        <ele>92.8</ele>
      </trkpt>
      <trkpt lat="49.87909" lon="-123.178558">
        <ele>92.6</ele>
      </trkpt>
      <trkpt lat="49.878866" lon="-123.178471">
        <ele>92.4</ele>
      </trkpt>
      <trkpt lat="49.878631" lon="-123.178413">
        <ele>92.2</ele>
      </trkpt>
      <trkpt lat="49.878436" lon="-123.178366">
        <ele>92.1</ele>
      </trkpt>
      <trkpt lat="49.878196" lon="-123.178378">
        <ele>92.0</ele>
      </trkpt>
      <trkpt lat="49.877911" lon="-123.17833">
        <ele>91.6</ele>
      </trkpt>
      <trkpt lat="49.877715" lon="-123.178276">
        <ele>91.4</ele>
      </trkpt>
      <trkpt lat="49.877541" lon="-123.17823">
        <ele>91.4</ele>
      </trkpt>
      <trkpt lat="49.87736" lon="-123.17819">
        <ele>91.3</ele>
      </trkpt>
      <trkpt lat="49.87716" lon="-123.178236">
        <ele>91.1</ele>
      </trkpt>
      <trkpt lat="49.876958" lon="-123.178251">
        <ele>91.3</ele>
      </trkpt>
      <trkpt lat="49.876743" lon="-123.17823">
        <ele>91.6</ele>
      </trkpt>
      <trkpt lat="49.87656" lon="-123.178183">
        <ele>92.0</ele>
      </trkpt>
      <trkpt lat="49.876393" lon="-123.17816">
        <ele>92.6</ele>
      </trkpt>
      <trkpt lat="49.876245" lon="-123.17813">
        <ele>93.2</ele>
      </trkpt>
      <trkpt lat="49.876105" lon="-123.178061">
        <ele>93.9</ele>
      </trkpt>
      <trkpt lat="49.875976" lon="-123.17803">
        <ele>94.6</ele>
      </trkpt>
      <trkpt lat="49.875845" lon="-123.177943">
        <ele>95.3</ele>
      </trkpt>
      <trkpt lat="49.875305" lon="-123.177673">
        <ele>99.4</ele>
      </trkpt>
      <trkpt lat="49.875188" lon="-123.177603">
        <ele>100.2</ele>
      </trkpt>
      <trkpt lat="49.875061" lon="-123.177526">
        <ele>101.0</ele>
      </trkpt>
      <trkpt lat="49.87496" lon="-123.177483">
        <ele>101.6</ele>
      </trkpt>
      <trkpt lat="49.874805" lon="-123.177383">
        <ele>102.3</ele>
      </trkpt>
      <trkpt lat="49.874658" lon="-123.177298">
        <ele>102.9</ele>
      </trkpt>
      <trkpt lat="49.874485" lon="-123.177208">
        <ele>103.6</ele>
      </trkpt>
      <trkpt lat="49.874335" lon="-123.17711">
        <ele>104.5</ele>
      </trkpt>
      <trkpt lat="49.874216" lon="-123.177005">
        <ele>105.6</ele>
      </trkpt>
      <trkpt lat="49.874088" lon="-123.176891">
        <ele>106.9</ele>
      </trkpt>
      <trkpt lat="49.873996" lon="-123.176781">
        <ele>108.0</ele>
      </trkpt>
      <trkpt lat="49.873883" lon="-123.176665">
        <ele>108.8</ele>
      </trkpt>
      <trkpt lat="49.873698" lon="-123.17654">
        <ele>109.0</ele>
      </trkpt>
      <trkpt lat="49.873401" lon="-123.176423">
        <ele>107.4</ele>
      </trkpt>
      <trkpt lat="49.873221" lon="-123.17625">
        <ele>104.6</ele>
      </trkpt>
      <trkpt lat="49.872808" lon="-123.176133">
        <ele>104.0</ele>
      </trkpt>
      <trkpt lat="49.872653" lon="-123.175963">
        <ele>104.5</ele>
      </trkpt>
      <trkpt lat="49.87244" lon="-123.175788">
        <ele>104.3</ele>
      </trkpt>
      <trkpt lat="49.87212" lon="-123.175968">
        <ele>102.4</ele>
      </trkpt>
      <trkpt lat="49.871945" lon="-123.175986">
        <ele>101.8</ele>
      </trkpt>
      <trkpt lat="49.871813" lon="-123.17585">
        <ele>100.9</ele>
      </trkpt>
      <trkpt lat="49.871595" lon="-123.17568">
        <ele>99.7</ele>
      </trkpt>
      <trkpt lat="49.871268" lon="-123.175467">
        <ele>98.2</ele>
      </trkpt>
      <trkpt lat="49.870696" lon="-123.175136">
        <ele>95.4</ele>
      </trkpt>
      <trkpt lat="49.870126" lon="-123.174765">
        <ele>92.9</ele>
      </trkpt>
      <trkpt lat="49.86974" lon="-123.174525">
        <ele>91.8</ele>
      </trkpt>
      <trkpt lat="49.86946" lon="-123.174376">
        <ele>91.6</ele>
      </trkpt>
      <trkpt lat="49.869085" lon="-123.174231">
        <ele>91.4</ele>
      </trkpt>
      <trkpt lat="49.868798" lon="-123.174151">
        <ele>91.1</ele>
      </trkpt>
      <trkpt lat="49.868476" lon="-123.174011">
        <ele>90.2</ele>
      </trkpt>
      <trkpt lat="49.868181" lon="-123.173858">
        <ele>88.5</ele>
      </trkpt>
      <trkpt lat="49.867875" lon="-123.173715">
        <ele>88.0</ele>
      </trkpt>
      <trkpt lat="49.867541" lon="-123.17352">
        <ele>87.5</ele>
      </trkpt>
      <trkpt lat="49.867156" lon="-123.173361">
        <ele>86.7</ele>
      </trkpt>
      <trkpt lat="49.866761" lon="-123.173153">
        <ele>86.0</ele>
      </trkpt>
      <trkpt lat="49.866351" lon="-123.172941">
        <ele>85.1</ele>
      </trkpt>
      <trkpt lat="49.865885" lon="-123.1727">
        <ele>83.9</ele>
      </trkpt>
      <trkpt lat="49.865405" lon="-123.172405">
        <ele>82.0</ele>
      </trkpt>
      <trkpt lat="49.864641" lon="-123.171986">
        <ele>78.7</ele>
      </trkpt>
      <trkpt lat="49.86405" lon="-123.17164">
        <ele>76.6</ele>
      </trkpt>
      <trkpt lat="49.863591" lon="-123.171413">
        <ele>76.0</ele>
      </trkpt>
      <trkpt lat="49.863151" lon="-123.171176">
        <ele>75.2</ele>
      </trkpt>
      <trkpt lat="49.862735" lon="-123.170921">
        <ele>74.5</ele>
      </trkpt>
      <trkpt lat="49.862375" lon="-123.170723">
        <ele>74.1</ele>
      </trkpt>
      <trkpt lat="49.862036" lon="-123.170576">
        <ele>73.7</ele>
      </trkpt>
      <trkpt lat="49.861711" lon="-123.170428">
        <ele>73.5</ele>
      </trkpt>
      <trkpt lat="49.861443" lon="-123.170313">
        <ele>73.3</ele>
      </trkpt>
      <trkpt lat="49.861155" lon="-123.170226">
        <ele>73.2</ele>
      </trkpt>
      <trkpt lat="49.860846" lon="-123.170071">
        <ele>73.0</ele>
      </trkpt>
      <trkpt lat="49.860575" lon="-123.169845">
        <ele>73.0</ele>
      </trkpt>
      <trkpt lat="49.860278" lon="-123.169675">
        <ele>73.1</ele>
      </trkpt>
      <trkpt lat="49.860008" lon="-123.169501">
        <ele>72.9</ele>
      </trkpt>
      <trkpt lat="49.859758" lon="-123.169278">
        <ele>72.9</ele>
      </trkpt>
      <trkpt lat="49.85946" lon="-123.16912">
        <ele>72.8</ele>
      </trkpt>
      <trkpt lat="49.859168" lon="-123.168965">
        <ele>72.7</ele>
      </trkpt>
      <trkpt lat="49.858881" lon="-123.168798">
        <ele>72.6</ele>
      </trkpt>
      <trkpt lat="49.858601" lon="-123.168665">
        <ele>72.6</ele>
      </trkpt>
      <trkpt lat="49.85833" lon="-123.168531">
        <ele>73.0</ele>
      </trkpt>
      <trkpt lat="49.858066" lon="-123.168338">
        <ele>73.0</ele>
      </trkpt>
      <trkpt lat="49.85778" lon="-123.168183">
        <ele>72.8</ele>
      </trkpt>
      <trkpt lat="49.857426" lon="-123.16799">
        <ele>72.3</ele>
      </trkpt>
      <trkpt lat="49.857101" lon="-123.167823">
        <ele>71.9</ele>
      </trkpt>
      <trkpt lat="49.856773" lon="-123.167636">
        <ele>71.6</ele>
      </trkpt>
      <trkpt lat="49.856418" lon="-123.167391">
        <ele>71.2</ele>
      </trkpt>
      <trkpt lat="49.856081" lon="-123.167186">
        <ele>70.7</ele>
      </trkpt>
      <trkpt lat="49.855728" lon="-123.166986">
        <ele>70.3</ele>
      </trkpt>
      <trkpt lat="49.855335" lon="-123.166746">
        <ele>70.1</ele>
      </trkpt>
      <trkpt lat="49.855047" lon="-123.166552">
        <ele>69.6</ele>
      </trkpt>
      <trkpt lat="49.854685" lon="-123.166332">
        <ele>69.2</ele>
      </trkpt>
      <trkpt lat="49.854302" lon="-123.166112">
        <ele>69.0</ele>
      </trkpt>
      <trkpt lat="49.853937" lon="-123.165913">
        <ele>69.1</ele>
      </trkpt>
      <trkpt lat="49.853603" lon="-123.165699">
        <ele>68.4</ele>
      </trkpt>
      <trkpt lat="49.853138" lon="-123.165455">
        <ele>67.7</ele>
      </trkpt>
      <trkpt lat="49.852793" lon="-123.165265">
        <ele>67.2</ele>
      </trkpt>
      <trkpt lat="49.852463" lon="-123.165031">
        <ele>67.4</ele>
      </trkpt>
      <trkpt lat="49.852156" lon="-123.164801">
        <ele>67.1</ele>
      </trkpt>
      <trkpt lat="49.851871" lon="-123.16468">
        <ele>67.2</ele>
      </trkpt>
      <trkpt lat="49.85156" lon="-123.164533">
        <ele>67.3</ele>
      </trkpt>
      <trkpt lat="49.851205" lon="-123.164321">
        <ele>67.3</ele>
      </trkpt>
      <trkpt lat="49.850807" lon="-123.164092">
        <ele>66.7</ele>
      </trkpt>
      <trkpt lat="49.850501" lon="-123.163861">
        <ele>65.9</ele>
      </trkpt>
      <trkpt lat="49.85031" lon="-123.16342">
        <ele>65.4</ele>
      </trkpt>
      <trkpt lat="49.850301" lon="-123.162827">
        <ele>64.8</ele>
      </trkpt>
      <trkpt lat="49.8503" lon="-123.162308">
        <ele>64.5</ele>
      </trkpt>
      <trkpt lat="49.850295" lon="-123.161698">
        <ele>63.9</ele>
      </trkpt>
      <trkpt lat="49.85031" lon="-123.160898">
        <ele>62.8</ele>
      </trkpt>
      <trkpt lat="49.850297" lon="-123.160262">
        <ele>63.3</ele>
      </trkpt>
      <trkpt lat="49.850238" lon="-123.159731">
        <ele>63.8</ele>
      </trkpt>
      <trkpt lat="49.850063" lon="-123.159416">
        <ele>64.1</ele>
      </trkpt>
      <trkpt lat="49.849745" lon="-123.159165">
        <ele>63.8</ele>
      </trkpt>
      <trkpt lat="49.849435" lon="-123.158913">
        <ele>63.4</ele>
      </trkpt>
      <trkpt lat="49.849128" lon="-123.158691">
        <ele>63.2</ele>
      </trkpt>
      <trkpt lat="49.848771" lon="-123.158503">
        <ele>62.7</ele>
      </trkpt>
      <trkpt lat="49.848405" lon="-123.158398">
        <ele>62.1</ele>
      </trkpt>
      <trkpt lat="49.848095" lon="-123.158235">
        <ele>62.0</ele>
      </trkpt>
      <trkpt lat="49.847786" lon="-123.15808">
        <ele>61.9</ele>
      </trkpt>
      <trkpt lat="49.847523" lon="-123.157905">
        <ele>61.6</ele>
      </trkpt>
      <trkpt lat="49.847203" lon="-123.157816">
        <ele>61.0</ele>
      </trkpt>
      <trkpt lat="49.84691" lon="-123.157736">
        <ele>60.4</ele>
      </trkpt>
      <trkpt lat="49.846618" lon="-123.15767">
        <ele>60.3</ele>
      </trkpt>
      <trkpt lat="49.846343" lon="-123.157588">
        <ele>60.5</ele>
      </trkpt>
      <trkpt lat="49.846121" lon="-123.15755">
        <ele>60.8</ele>
      </trkpt>
      <trkpt lat="49.845888" lon="-123.157531">
        <ele>61.1</ele>
      </trkpt>
      <trkpt lat="49.845768" lon="-123.157485">
        <ele>61.1</ele>
      </trkpt>
      <trkpt lat="49.84553" lon="-123.157441">
        <ele>61.3</ele>
      </trkpt>
      <trkpt lat="49.845221" lon="-123.15736">
        <ele>61.1</ele>
      </trkpt>
      <trkpt lat="49.84486" lon="-123.157245">
        <ele>60.7</ele>
      </trkpt>
      <trkpt lat="49.844508" lon="-123.15711">
        <ele>60.4</ele>
      </trkpt>
      <trkpt lat="49.844096" lon="-123.156973">
        <ele>60.3</ele>
      </trkpt>
      <trkpt lat="49.84372" lon="-123.15689">
        <ele>59.7</ele>
      </trkpt>
      <trkpt lat="49.843288" lon="-123.156733">
        <ele>59.2</ele>
      </trkpt>
      <trkpt lat="49.84289" lon="-123.156633">
        <ele>58.6</ele>
      </trkpt>
      <trkpt lat="49.842495" lon="-123.156513">
        <ele>57.8</ele>
      </trkpt>
      <trkpt lat="49.842123" lon="-123.156383">
        <ele>57.4</ele>
      </trkpt>
      <trkpt lat="49.841741" lon="-123.156181">
        <ele>57.6</ele>
      </trkpt>
      <trkpt lat="49.841366" lon="-123.155956">
        <ele>57.9</ele>
      </trkpt>
      <trkpt lat="49.840933" lon="-123.155786">
        <ele>58.3</ele>
      </trkpt>
      <trkpt lat="49.8405" lon="-123.15555">
        <ele>58.1</ele>
      </trkpt>
      <trkpt lat="49.840126" lon="-123.155355">
        <ele>57.9</ele>
      </trkpt>
      <trkpt lat="49.839708" lon="-123.15504">
        <ele>58.1</ele>
      </trkpt>
      <trkpt lat="49.83924" lon="-123.154748">
        <ele>58.1</ele>
      </trkpt>
      <trkpt lat="49.838733" lon="-123.154426">
        <ele>56.7</ele>
      </trkpt>
      <trkpt lat="49.8383" lon="-123.15416">
        <ele>55.6</ele>
      </trkpt>
      <trkpt lat="49.837848" lon="-123.153895">
        <ele>55.5</ele>
      </trkpt>
      <trkpt lat="49.837393" lon="-123.153611">
        <ele>55.2</ele>
      </trkpt>
      <trkpt lat="49.836903" lon="-123.15334">
        <ele>54.7</ele>
      </trkpt>
      <trkpt lat="49.836428" lon="-123.153093">
        <ele>54.3</ele>
      </trkpt>
      <trkpt lat="49.835898" lon="-123.152861">
        <ele>53.8</ele>
      </trkpt>
      <trkpt lat="49.835398" lon="-123.152638">
        <ele>53.3</ele>
      </trkpt>
      <trkpt lat="49.834896" lon="-123.152376">
        <ele>52.8</ele>
      </trkpt>
      <trkpt lat="49.834391" lon="-123.152056">
        <ele>52.0</ele>
      </trkpt>
      <trkpt lat="49.833918" lon="-123.151728">
        <ele>51.2</ele>
      </trkpt>
      <trkpt lat="49.833425" lon="-123.15144">
        <ele>50.9</ele>
      </trkpt>
      <trkpt lat="49.83296" lon="-123.15113">
        <ele>51.0</ele>
      </trkpt>
      <trkpt lat="49.83251" lon="-123.15085">
        <ele>50.8</ele>
      </trkpt>
      <trkpt lat="49.832033" lon="-123.150553">
        <ele>50.7</ele>
      </trkpt>
      <trkpt lat="49.831561" lon="-123.150375">
        <ele>50.4</ele>
      </trkpt>
      <trkpt lat="49.831113" lon="-123.150461">
        <ele>49.8</ele>
      </trkpt>
      <trkpt lat="49.830676" lon="-123.151008">
        <ele>48.3</ele>
      </trkpt>
      <trkpt lat="49.830393" lon="-123.151785">
        <ele>47.1</ele>
      </trkpt>
      <trkpt lat="49.830211" lon="-123.152468">
        <ele>47.0</ele>
      </trkpt>
      <trkpt lat="49.829965" lon="-123.153073">
        <ele>47.3</ele>
      </trkpt>
      <trkpt lat="49.829488" lon="-123.153256">
        <ele>46.8</ele>
      </trkpt>
      <trkpt lat="49.829025" lon="-123.15326">
        <ele>46.6</ele>
      </trkpt>
      <trkpt lat="49.828608" lon="-123.153236">
        <ele>46.9</ele>
      </trkpt>
      <trkpt lat="49.828155" lon="-123.153215">
        <ele>46.9</ele>
      </trkpt>
      <trkpt lat="49.827748" lon="-123.153231">
        <ele>47.0</ele>
      </trkpt>
      <trkpt lat="49.827355" lon="-123.15328">
        <ele>47.6</ele>
      </trkpt>
      <trkpt lat="49.827038" lon="-123.153393">
        <ele>48.3</ele>
      </trkpt>
      <trkpt lat="49.826751" lon="-123.15356">
        <ele>48.3</ele>
      </trkpt>
      <trkpt lat="49.82634" lon="-123.153868">
        <ele>47.2</ele>
      </trkpt>
      <trkpt lat="49.82579" lon="-123.154091">
        <ele>45.2</ele>
      </trkpt>
      <trkpt lat="49.825301" lon="-123.154271">
        <ele>44.5</ele>
      </trkpt>
      <trkpt lat="49.824853" lon="-123.15445">
        <ele>44.3</ele>
      </trkpt>
      <trkpt lat="49.82441" lon="-123.154635">
        <ele>44.1</ele>
      </trkpt>
      <trkpt lat="49.823965" lon="-123.154811">
        <ele>44.0</ele>
      </trkpt>
      <trkpt lat="49.823543" lon="-123.154908">
        <ele>43.9</ele>
      </trkpt>
      <trkpt lat="49.823091" lon="-123.154976">
        <ele>43.6</ele>
      </trkpt>
      <trkpt lat="49.82266" lon="-123.155008">
        <ele>43.5</ele>
      </trkpt>
      <trkpt lat="49.822263" lon="-123.15511">
        <ele>43.5</ele>
      </trkpt>
      <trkpt lat="49.821811" lon="-123.15517">
        <ele>43.4</ele>
      </trkpt>
      <trkpt lat="49.821308" lon="-123.155303">
        <ele>43.5</ele>
      </trkpt>
      <trkpt lat="49.820823" lon="-123.155413">
        <ele>43.4</ele>
      </trkpt>
      <trkpt lat="49.820435" lon="-123.15543">
        <ele>43.4</ele>
      </trkpt>
      <trkpt lat="49.819888" lon="-123.155565">
        <ele>43.2</ele>
      </trkpt>
      <trkpt lat="49.819371" lon="-123.155611">
        <ele>42.9</ele>
      </trkpt>
      <trkpt lat="49.818903" lon="-123.15555">
        <ele>42.8</ele>
      </trkpt>
      <trkpt lat="49.81839" lon="-123.155535">
        <ele>42.3</ele>
      </trkpt>
      <trkpt lat="49.818116" lon="-123.155563">
        <ele>42.0</ele>
      </trkpt>
      <trkpt lat="49.817465" lon="-123.155545">
        <ele>41.8</ele>
      </trkpt>
      <trkpt lat="49.817008" lon="-123.155481">
        <ele>41.6</ele>
      </trkpt>
      <trkpt lat="49.816606" lon="-123.155465">
        <ele>41.5</ele>
      </trkpt>
      <trkpt lat="49.816053" lon="-123.155558">
        <ele>41.2</ele>
      </trkpt>
      <trkpt lat="49.815715" lon="-123.155545">
        <ele>41.1</ele>
      </trkpt>
      <trkpt lat="49.815336" lon="-123.15554">
        <ele>41.1</ele>
      </trkpt>
      <trkpt lat="49.814868" lon="-123.155501">
        <ele>41.0</ele>
      </trkpt>
      <trkpt lat="49.814491" lon="-123.155486">
        <ele>41.0</ele>
      </trkpt>
      <trkpt lat="49.813951" lon="-123.155501">
        <ele>40.8</ele>
      </trkpt>
      <trkpt lat="49.81349" lon="-123.155458">
        <ele>40.6</ele>
      </trkpt>
      <trkpt lat="49.813028" lon="-123.155488">
        <ele>40.4</ele>
      </trkpt>
      <trkpt lat="49.812618" lon="-123.155458">
        <ele>40.3</ele>
      </trkpt>
      <trkpt lat="49.812085" lon="-123.155475">
        <ele>40.0</ele>
      </trkpt>
      <trkpt lat="49.811586" lon="-123.15547">
        <ele>40.1</ele>
      </trkpt>
      <trkpt lat="49.811165" lon="-123.155391">
        <ele>40.0</ele>
      </trkpt>
      <trkpt lat="49.810665" lon="-123.155336">
        <ele>39.8</ele>
      </trkpt>
      <trkpt lat="49.810215" lon="-123.155278">
        <ele>39.8</ele>
      </trkpt>
      <trkpt lat="49.809728" lon="-123.155181">
        <ele>39.4</ele>
      </trkpt>
      <trkpt lat="49.80922" lon="-123.155123">
        <ele>38.9</ele>
      </trkpt>
      <trkpt lat="49.808721" lon="-123.155128">
        <ele>38.9</ele>
      </trkpt>
      <trkpt lat="49.80826" lon="-123.155193">
        <ele>39.0</ele>
      </trkpt>
      <trkpt lat="49.807771" lon="-123.155171">
        <ele>38.8</ele>
      </trkpt>
      <trkpt lat="49.807251" lon="-123.155236">
        <ele>38.7</ele>
      </trkpt>
      <trkpt lat="49.80678" lon="-123.155353">
        <ele>38.3</ele>
      </trkpt>
      <trkpt lat="49.806258" lon="-123.155515">
        <ele>38.1</ele>
      </trkpt>
      <trkpt lat="49.805741" lon="-123.155725">
        <ele>38.0</ele>
      </trkpt>
      <trkpt lat="49.805265" lon="-123.15598">
        <ele>37.2</ele>
      </trkpt>
      <trkpt lat="49.80492" lon="-123.156328">
        <ele>37.2</ele>
      </trkpt>
      <trkpt lat="49.80448" lon="-123.15684">
        <ele>37.0</ele>
      </trkpt>
      <trkpt lat="49.804051" lon="-123.157278">
        <ele>36.5</ele>
      </trkpt>
      <trkpt lat="49.80367" lon="-123.157545">
        <ele>36.0</ele>
      </trkpt>
      <trkpt lat="49.803145" lon="-123.158033">
        <ele>34.2</ele>
      </trkpt>
      <trkpt lat="49.80252" lon="-123.15862">
        <ele>31.9</ele>
      </trkpt>
      <trkpt lat="49.802" lon="-123.158888">
        <ele>31.6</ele>
      </trkpt>
      <trkpt lat="49.801625" lon="-123.158828">
        <ele>31.8</ele>
      </trkpt>
      <trkpt lat="49.801225" lon="-123.158595">
        <ele>31.9</ele>
      </trkpt>
      <trkpt lat="49.800833" lon="-123.15839">
        <ele>32.5</ele>
      </trkpt>
      <trkpt lat="49.800458" lon="-123.158231">
        <ele>33.2</ele>
      </trkpt>
      <trkpt lat="49.800266" lon="-123.158193">
        <ele>33.5</ele>
      </trkpt>
      <trkpt lat="49.800266" lon="-123.158193">
        <ele>33.4</ele>
      </trkpt>
      <trkpt lat="49.800266" lon="-123.158193">
        <ele>33.4</ele>
      </trkpt>
      <trkpt lat="49.800181" lon="-123.15823">
        <ele>33.4</ele>
      </trkpt>
      <trkpt lat="49.800011" lon="-123.158078">
        <ele>34.3</ele>
      </trkpt>
      <trkpt lat="49.79982" lon="-123.157825">
        <ele>36.7</ele>
      </trkpt>
      <trkpt lat="49.799561" lon="-123.157616">
        <ele>37.8</ele>
      </trkpt>
      <trkpt lat="49.799291" lon="-123.157353">
        <ele>38.0</ele>
      </trkpt>
      <trkpt lat="49.79894" lon="-123.157108">
        <ele>37.7</ele>
      </trkpt>
      <trkpt lat="49.798445" lon="-123.157058">
        <ele>35.2</ele>
      </trkpt>
      <trkpt lat="49.797808" lon="-123.157443">
        <ele>33.2</ele>
      </trkpt>
      <trkpt lat="49.797265" lon="-123.157781">
        <ele>32.1</ele>
      </trkpt>
      <trkpt lat="49.796847" lon="-123.157893">
        <ele>31.8</ele>
      </trkpt>
      <trkpt lat="49.79639" lon="-123.157921">
        <ele>32.8</ele>
      </trkpt>
      <trkpt lat="49.796093" lon="-123.157925">
        <ele>34.4</ele>
      </trkpt>
      <trkpt lat="49.795883" lon="-123.157953">
        <ele>35.6</ele>
      </trkpt>
      <trkpt lat="49.795666" lon="-123.157943">
        <ele>36.8</ele>
      </trkpt>
      <trkpt lat="49.795431" lon="-123.157925">
        <ele>38.1</ele>
      </trkpt>
      <trkpt lat="49.795223" lon="-123.15793">
        <ele>39.2</ele>
      </trkpt>
      <trkpt lat="49.795018" lon="-123.157938">
        <ele>40.3</ele>
      </trkpt>
      <trkpt lat="49.794831" lon="-123.15796">
        <ele>40.5</ele>
      </trkpt>
      <trkpt lat="49.794475" lon="-123.157983">
        <ele>41.2</ele>
      </trkpt>
      <trkpt lat="49.7942" lon="-123.157993">
        <ele>41.5</ele>
      </trkpt>
      <trkpt lat="49.793903" lon="-123.15801">
        <ele>42.2</ele>
      </trkpt>
      <trkpt lat="49.79364" lon="-123.157996">
        <ele>43.1</ele>
      </trkpt>
      <trkpt lat="49.793395" lon="-123.158008">
        <ele>44.0</ele>
      </trkpt>
      <trkpt lat="49.793158" lon="-123.158038">
        <ele>44.9</ele>
      </trkpt>
      <trkpt lat="49.792901" lon="-123.158046">
        <ele>45.4</ele>
      </trkpt>
      <trkpt lat="49.792656" lon="-123.158038">
        <ele>45.8</ele>
      </trkpt>
      <trkpt lat="49.792403" lon="-123.15804">
        <ele>46.8</ele>
      </trkpt>
      <trkpt lat="49.792166" lon="-123.158053">
        <ele>47.7</ele>
      </trkpt>
      <trkpt lat="49.791896" lon="-123.158066">
        <ele>48.0</ele>
      </trkpt>
      <trkpt lat="49.791628" lon="-123.158063">
        <ele>48.3</ele>
      </trkpt>
      <trkpt lat="49.791373" lon="-123.158078">
        <ele>48.7</ele>
      </trkpt>
      <trkpt lat="49.791103" lon="-123.158088">
        <ele>49.6</ele>
      </trkpt>
      <trkpt lat="49.790815" lon="-123.158108">
        <ele>50.5</ele>
      </trkpt>
      <trkpt lat="49.790523" lon="-123.158096">
        <ele>51.1</ele>
      </trkpt>
      <trkpt lat="49.790233" lon="-123.158105">
        <ele>51.9</ele>
      </trkpt>
      <trkpt lat="49.789945" lon="-123.158106">
        <ele>53.0</ele>
      </trkpt>
      <trkpt lat="49.789671" lon="-123.158116">
        <ele>53.9</ele>
      </trkpt>
      <trkpt lat="49.789386" lon="-123.158121">
        <ele>54.5</ele>
      </trkpt>
      <trkpt lat="49.7891" lon="-123.15814">
        <ele>55.1</ele>
      </trkpt>
      <trkpt lat="49.788783" lon="-123.158148">
        <ele>55.6</ele>
      </trkpt>
      <trkpt lat="49.788501" lon="-123.158133">
        <ele>56.0</ele>
      </trkpt>
      <trkpt lat="49.788181" lon="-123.158111">
        <ele>56.3</ele>
      </trkpt>
      <trkpt lat="49.787863" lon="-123.158043">
        <ele>57.1</ele>
      </trkpt>
      <trkpt lat="49.787538" lon="-123.157956">
        <ele>56.7</ele>
      </trkpt>
      <trkpt lat="49.78724" lon="-123.157825">
        <ele>56.5</ele>
      </trkpt>
      <trkpt lat="49.786916" lon="-123.157623">
        <ele>56.7</ele>
      </trkpt>
      <trkpt lat="49.786586" lon="-123.157391">
        <ele>57.1</ele>
      </trkpt>
      <trkpt lat="49.786315" lon="-123.157168">
        <ele>58.0</ele>
      </trkpt>
      <trkpt lat="49.786068" lon="-123.15695">
        <ele>58.7</ele>
      </trkpt>
      <trkpt lat="49.785796" lon="-123.15681">
        <ele>59.0</ele>
      </trkpt>
      <trkpt lat="49.785571" lon="-123.157108">
        <ele>58.7</ele>
      </trkpt>
      <trkpt lat="49.785346" lon="-123.157563">
        <ele>57.9</ele>
      </trkpt>
      <trkpt lat="49.784985" lon="-123.157998">
        <ele>56.6</ele>
      </trkpt>
      <trkpt lat="49.784376" lon="-123.15818">
        <ele>55.0</ele>
      </trkpt>
      <trkpt lat="49.783805" lon="-123.158193">
        <ele>53.9</ele>
      </trkpt>
      <trkpt lat="49.783371" lon="-123.158203">
        <ele>53.5</ele>
      </trkpt>
      <trkpt lat="49.782933" lon="-123.15823">
        <ele>53.2</ele>
      </trkpt>
      <trkpt lat="49.782486" lon="-123.15822">
        <ele>52.9</ele>
      </trkpt>
      <trkpt lat="49.781906" lon="-123.158238">
        <ele>51.0</ele>
      </trkpt>
      <trkpt lat="49.781386" lon="-123.158243">
        <ele>48.8</ele>
      </trkpt>
      <trkpt lat="49.780886" lon="-123.158241">
        <ele>47.4</ele>
      </trkpt>
      <trkpt lat="49.780316" lon="-123.158276">
        <ele>46.0</ele>
      </trkpt>
      <trkpt lat="49.779645" lon="-123.158233">
        <ele>44.0</ele>
      </trkpt>
      <trkpt lat="49.778976" lon="-123.158305">
        <ele>42.5</ele>
      </trkpt>
      <trkpt lat="49.778316" lon="-123.1583">
        <ele>40.7</ele>
      </trkpt>
      <trkpt lat="49.777605" lon="-123.158295">
        <ele>37.1</ele>
      </trkpt>
      <trkpt lat="49.776905" lon="-123.158231">
        <ele>35.1</ele>
      </trkpt>
      <trkpt lat="49.776316" lon="-123.15823">
        <ele>33.5</ele>
      </trkpt>
      <trkpt lat="49.775701" lon="-123.157921">
        <ele>30.5</ele>
      </trkpt>
      <trkpt lat="49.775083" lon="-123.157361">
        <ele>28.3</ele>
      </trkpt>
      <trkpt lat="49.774545" lon="-123.1569">
        <ele>27.0</ele>
      </trkpt>
      <trkpt lat="49.774096" lon="-123.15648">
        <ele>26.5</ele>
      </trkpt>
      <trkpt lat="49.773616" lon="-123.15601">
        <ele>25.5</ele>
      </trkpt>
      <trkpt lat="49.773068" lon="-123.155576">
        <ele>23.3</ele>
      </trkpt>
      <trkpt lat="49.772503" lon="-123.155028">
        <ele>21.5</ele>
      </trkpt>
      <trkpt lat="49.771995" lon="-123.154591">
        <ele>20.8</ele>
      </trkpt>
      <trkpt lat="49.771443" lon="-123.15409">
        <ele>20.2</ele>
      </trkpt>
      <trkpt lat="49.771008" lon="-123.153708">
        <ele>19.3</ele>
      </trkpt>
      <trkpt lat="49.770545" lon="-123.153313">
        <ele>18.7</ele>
      </trkpt>
      <trkpt lat="49.77" lon="-123.152866">
        <ele>17.8</ele>
      </trkpt>
      <trkpt lat="49.769573" lon="-123.152505">
        <ele>17.3</ele>
      </trkpt>
      <trkpt lat="49.76914" lon="-123.152128">
        <ele>16.0</ele>
      </trkpt>
      <trkpt lat="49.768845" lon="-123.151886">
        <ele>14.4</ele>
      </trkpt>
      <trkpt lat="49.76848" lon="-123.151498">
        <ele>13.5</ele>
      </trkpt>
      <trkpt lat="49.768001" lon="-123.151118">
        <ele>12.9</ele>
      </trkpt>
      <trkpt lat="49.767618" lon="-123.150745">
        <ele>11.1</ele>
      </trkpt>
      <trkpt lat="49.767161" lon="-123.150328">
        <ele>10.0</ele>
      </trkpt>
      <trkpt lat="49.766713" lon="-123.14989">
        <ele>8.7</ele>
      </trkpt>
      <trkpt lat="49.766341" lon="-123.149555">
        <ele>8.2</ele>
      </trkpt>
      <trkpt lat="49.76606" lon="-123.14932">
        <ele>7.5</ele>
      </trkpt>
      <trkpt lat="49.765788" lon="-123.149048">
        <ele>6.9</ele>
      </trkpt>
      <trkpt lat="49.765448" lon="-123.148763">
        <ele>5.9</ele>
      </trkpt>
      <trkpt lat="49.76501" lon="-123.148343">
        <ele>4.6</ele>
      </trkpt>
      <trkpt lat="49.76453" lon="-123.147968">
        <ele>3.2</ele>
      </trkpt>
      <trkpt lat="49.764075" lon="-123.147528">
        <ele>0.9</ele>
      </trkpt>
      <trkpt lat="49.763555" lon="-123.147058">
        <ele>-0.4</ele>
      </trkpt>
      <trkpt lat="49.763185" lon="-123.146671">
        <ele>-1.0</ele>
      </trkpt>
      <trkpt lat="49.762781" lon="-123.146323">
        <ele>-1.3</ele>
      </trkpt>
      <trkpt lat="49.762385" lon="-123.145958">
        <ele>-1.4</ele>
      </trkpt>
      <trkpt lat="49.761955" lon="-123.145601">
        <ele>-1.3</ele>
      </trkpt>
      <trkpt lat="49.761586" lon="-123.145278">
        <ele>-1.0</ele>
      </trkpt>
      <trkpt lat="49.761208" lon="-123.14495">
        <ele>-1.4</ele>
      </trkpt>
      <trkpt lat="49.760853" lon="-123.144623">
        <ele>-1.5</ele>
      </trkpt>
      <trkpt lat="49.76049" lon="-123.144291">
        <ele>-1.9</ele>
      </trkpt>
      <trkpt lat="49.760106" lon="-123.143996">
        <ele>-1.9</ele>
      </trkpt>
      <trkpt lat="49.759716" lon="-123.143665">
        <ele>-2.1</ele>
      </trkpt>
      <trkpt lat="49.759323" lon="-123.143331">
        <ele>-2.2</ele>
      </trkpt>
      <trkpt lat="49.758941" lon="-123.143001">
        <ele>-2.5</ele>
      </trkpt>
      <trkpt lat="49.758553" lon="-123.142701">
        <ele>-2.6</ele>
      </trkpt>
      <trkpt lat="49.758188" lon="-123.14239">
        <ele>-2.6</ele>
      </trkpt>
      <trkpt lat="49.758061" lon="-123.142325">
        <ele>-3.1</ele>
      </trkpt>
      <trkpt lat="49.757791" lon="-123.142106">
        <ele>-2.7</ele>
      </trkpt>
      <trkpt lat="49.757448" lon="-123.141846">
        <ele>-2.7</ele>
      </trkpt>
      <trkpt lat="49.757075" lon="-123.14153">
        <ele>-2.7</ele>
      </trkpt>
      <trkpt lat="49.75668" lon="-123.14129">
        <ele>-2.7</ele>
      </trkpt>
      <trkpt lat="49.75624" lon="-123.141261">
        <ele>-2.8</ele>
      </trkpt>
      <trkpt lat="49.755793" lon="-123.141271">
        <ele>-3.2</ele>
      </trkpt>
      <trkpt lat="49.755355" lon="-123.141251">
        <ele>-3.1</ele>
      </trkpt>
      <trkpt lat="49.7549" lon="-123.141308">
        <ele>-3.5</ele>
      </trkpt>
      <trkpt lat="49.754415" lon="-123.14131">
        <ele>-3.6</ele>
      </trkpt>
      <trkpt lat="49.753973" lon="-123.14133">
        <ele>-3.3</ele>
      </trkpt>
      <trkpt lat="49.753571" lon="-123.141353">
        <ele>-3.1</ele>
      </trkpt>
      <trkpt lat="49.753186" lon="-123.141388">
        <ele>-3.1</ele>
      </trkpt>
      <trkpt lat="49.752771" lon="-123.141256">
        <ele>-3.0</ele>
      </trkpt>
      <trkpt lat="49.752513" lon="-123.141085">
        <ele>-3.3</ele>
      </trkpt>
      <trkpt lat="49.752513" lon="-123.141088">
        <ele>-3.6</ele>
      </trkpt>
      <trkpt lat="49.752513" lon="-123.141088">
        <ele>-3.5</ele>
      </trkpt>
      <trkpt lat="49.75245" lon="-123.141196">
        <ele>-3.3</ele>
      </trkpt>
      <trkpt lat="49.75242" lon="-123.141326">
        <ele>-2.6</ele>
      </trkpt>
      <trkpt lat="49.752435" lon="-123.141476">
        <ele>-1.5</ele>
      </trkpt>
      <trkpt lat="49.752418" lon="-123.141493">
        <ele>-1.3</ele>
      </trkpt>
      <trkpt lat="49.752418" lon="-123.141493">
        <ele>-1.4</ele>
      </trkpt>
      <trkpt lat="49.752418" lon="-123.141493">
        <ele>-1.5</ele>
      </trkpt>
      <trkpt lat="49.752186" lon="-123.141415">
        <ele>-1.2</ele>
      </trkpt>
      <trkpt lat="49.751906" lon="-123.141388">
        <ele>-1.2</ele>
      </trkpt>
      <trkpt lat="49.751618" lon="-123.141403">
        <ele>-1.1</ele>
      </trkpt>
      <trkpt lat="49.751336" lon="-123.141413">
        <ele>-1.1</ele>
      </trkpt>
      <trkpt lat="49.751053" lon="-123.141383">
        <ele>-1.3</ele>
      </trkpt>
      <trkpt lat="49.750748" lon="-123.141418">
        <ele>-1.4</ele>
      </trkpt>
      <trkpt lat="49.750458" lon="-123.141433">
        <ele>-1.1</ele>
      </trkpt>
      <trkpt lat="49.750195" lon="-123.141483">
        <ele>-1.0</ele>
      </trkpt>
      <trkpt lat="49.750068" lon="-123.141496">
        <ele>-1.2</ele>
      </trkpt>
      <trkpt lat="49.749771" lon="-123.141431">
        <ele>-2.4</ele>
      </trkpt>
      <trkpt lat="49.749526" lon="-123.141393">
        <ele>-3.5</ele>
      </trkpt>
      <trkpt lat="49.74922" lon="-123.141358">
        <ele>-3.8</ele>
      </trkpt>
      <trkpt lat="49.748936" lon="-123.141358">
        <ele>-4.1</ele>
      </trkpt>
      <trkpt lat="49.748633" lon="-123.141355">
        <ele>-4.3</ele>
      </trkpt>
      <trkpt lat="49.748273" lon="-123.141361">
        <ele>-4.3</ele>
      </trkpt>
      <trkpt lat="49.747921" lon="-123.141231">
        <ele>-4.2</ele>
      </trkpt>
      <trkpt lat="49.747511" lon="-123.141013">
        <ele>-4.0</ele>
      </trkpt>
      <trkpt lat="49.747131" lon="-123.14074">
        <ele>-4.0</ele>
      </trkpt>
      <trkpt lat="49.746818" lon="-123.140505">
        <ele>-4.0</ele>
      </trkpt>
      <trkpt lat="49.746536" lon="-123.140195">
        <ele>-4.2</ele>
      </trkpt>
      <trkpt lat="49.746251" lon="-123.139748">
        <ele>-4.4</ele>
      </trkpt>
      <trkpt lat="49.746063" lon="-123.139318">
        <ele>-4.1</ele>
      </trkpt>
      <trkpt lat="49.74582" lon="-123.138815">
        <ele>-3.9</ele>
      </trkpt>
      <trkpt lat="49.745651" lon="-123.138455">
        <ele>-3.6</ele>
      </trkpt>
      <trkpt lat="49.745621" lon="-123.13843">
        <ele>-3.9</ele>
      </trkpt>
      <trkpt lat="49.745621" lon="-123.13843">
        <ele>-4.0</ele>
      </trkpt>
      <trkpt lat="49.745621" lon="-123.13843">
        <ele>-4.1</ele>
      </trkpt>
      <trkpt lat="49.745621" lon="-123.13843">
        <ele>-4.1</ele>
      </trkpt>
      <trkpt lat="49.745508" lon="-123.138726">
        <ele>-5.2</ele>
      </trkpt>
      <trkpt lat="49.745361" lon="-123.1389">
        <ele>-5.1</ele>
      </trkpt>
      <trkpt lat="49.74522" lon="-123.139193">
        <ele>-5.0</ele>
      </trkpt>
      <trkpt lat="49.745" lon="-123.139351">
        <ele>-6.2</ele>
      </trkpt>
      <trkpt lat="49.744796" lon="-123.139381">
        <ele>-7.3</ele>
      </trkpt>
      <trkpt lat="49.74476" lon="-123.139363">
        <ele>-7.4</ele>
      </trkpt>
      <trkpt lat="49.74476" lon="-123.139363">
        <ele>-7.7</ele>
      </trkpt>
      <trkpt lat="49.74476" lon="-123.139363">
        <ele>-7.6</ele>
      </trkpt>
      <trkpt lat="49.744591" lon="-123.13931">
        <ele>-7.5</ele>
      </trkpt>
      <trkpt lat="49.74452" lon="-123.139285">
        <ele>-7.6</ele>
      </trkpt>
      <trkpt lat="49.74452" lon="-123.139285">
        <ele>-7.6</ele>
      </trkpt>
      <trkpt lat="49.74452" lon="-123.139285">
        <ele>-7.6</ele>
      </trkpt>
      <trkpt lat="49.74452" lon="-123.139285">
        <ele>-7.7</ele>
      </trkpt>
      <trkpt lat="49.74452" lon="-123.139285">
        <ele>-7.7</ele>
      </trkpt>
      <trkpt lat="49.74452" lon="-123.139285">
        <ele>-7.6</ele>
      </trkpt>
      <trkpt lat="49.74452" lon="-123.139285">
        <ele>-7.7</ele>
      </trkpt>
      <trkpt lat="49.74452" lon="-123.139285">
        <ele>-7.6</ele>
      </trkpt>
      <trkpt lat="49.74452" lon="-123.139285">
        <ele>-7.2</ele>
      </trkpt>
      <trkpt lat="49.74468" lon="-123.139326">
        <ele>-7.1</ele>
      </trkpt>
      <trkpt lat="49.744698" lon="-123.139343">
        <ele>-7.1</ele>
      </trkpt>
      <trkpt lat="49.744801" lon="-123.139436">
        <ele>-7.0</ele>
      </trkpt>
      <trkpt lat="49.744801" lon="-123.139436">
        <ele>-7.0</ele>
      </trkpt>
      <trkpt lat="49.744916" lon="-123.139458">
        <ele>-6.5</ele>
      </trkpt>
      <trkpt lat="49.745038" lon="-123.13942">
        <ele>-5.7</ele>
      </trkpt>
      <trkpt lat="49.745185" lon="-123.139281">
        <ele>-5.1</ele>
      </trkpt>
      <trkpt lat="49.745216" lon="-123.139161">
        <ele>-4.7</ele>
      </trkpt>
      <trkpt lat="49.745285" lon="-123.139005">
        <ele>-4.8</ele>
      </trkpt>
      <trkpt lat="49.745288" lon="-123.138986">
        <ele>-4.8</ele>
      </trkpt>
      <trkpt lat="49.745288" lon="-123.138986">
        <ele>-4.7</ele>
      </trkpt>
      <trkpt lat="49.745401" lon="-123.138976">
        <ele>-4.8</ele>
      </trkpt>
      <trkpt lat="49.745396" lon="-123.138963">
        <ele>-4.8</ele>
      </trkpt>
      <trkpt lat="49.745396" lon="-123.138963">
        <ele>-4.7</ele>
      </trkpt>
      <trkpt lat="49.745393" lon="-123.138946">
        <ele>-4.7</ele>
      </trkpt>
      <trkpt lat="49.745408" lon="-123.138886">
        <ele>-4.7</ele>
      </trkpt>
      <trkpt lat="49.745455" lon="-123.138783">
        <ele>-4.7</ele>
      </trkpt>
      <trkpt lat="49.74551" lon="-123.138655">
        <ele>-4.8</ele>
      </trkpt>
      <trkpt lat="49.745568" lon="-123.138461">
        <ele>-4.4</ele>
      </trkpt>
      <trkpt lat="49.745561" lon="-123.138396">
        <ele>-3.5</ele>
      </trkpt>
      <trkpt lat="49.745516" lon="-123.138273">
        <ele>-3.1</ele>
      </trkpt>
      <trkpt lat="49.745248" lon="-123.138066">
        <ele>-3.1</ele>
      </trkpt>
      <trkpt lat="49.744911" lon="-123.138048">
        <ele>-3.7</ele>
      </trkpt>
      <trkpt lat="49.744525" lon="-123.138185">
        <ele>-3.5</ele>
      </trkpt>
      <trkpt lat="49.744151" lon="-123.138258">
        <ele>-3.8</ele>
      </trkpt>
      <trkpt lat="49.743785" lon="-123.138278">
        <ele>-4.3</ele>
      </trkpt>
      <trkpt lat="49.743405" lon="-123.138288">
        <ele>-4.4</ele>
      </trkpt>
      <trkpt lat="49.743023" lon="-123.138258">
        <ele>-4.3</ele>
      </trkpt>
      <trkpt lat="49.742661" lon="-123.138175">
        <ele>-4.3</ele>
      </trkpt>
      <trkpt lat="49.742363" lon="-123.137973">
        <ele>-4.4</ele>
      </trkpt>
      <trkpt lat="49.742115" lon="-123.137665">
        <ele>-4.3</ele>
      </trkpt>
      <trkpt lat="49.741808" lon="-123.137311">
        <ele>-4.2</ele>
      </trkpt>
      <trkpt lat="49.741415" lon="-123.137058">
        <ele>-4.1</ele>
      </trkpt>
      <trkpt lat="49.741056" lon="-123.137015">
        <ele>-3.6</ele>
      </trkpt>
      <trkpt lat="49.740771" lon="-123.136888">
        <ele>-3.6</ele>
      </trkpt>
      <trkpt lat="49.740743" lon="-123.136356">
        <ele>-3.6</ele>
      </trkpt>
      <trkpt lat="49.740728" lon="-123.135821">
        <ele>-3.3</ele>
      </trkpt>
      <trkpt lat="49.74053" lon="-123.135468">
        <ele>-2.7</ele>
      </trkpt>
      <trkpt lat="49.740211" lon="-123.135431">
        <ele>-1.9</ele>
      </trkpt>
      <trkpt lat="49.739878" lon="-123.135401">
        <ele>-1.7</ele>
      </trkpt>
      <trkpt lat="49.739543" lon="-123.135355">
        <ele>-1.9</ele>
      </trkpt>
      <trkpt lat="49.73919" lon="-123.135306">
        <ele>-1.6</ele>
      </trkpt>
      <trkpt lat="49.73884" lon="-123.135303">
        <ele>-1.5</ele>
      </trkpt>
      <trkpt lat="49.738476" lon="-123.135261">
        <ele>-1.3</ele>
      </trkpt>
      <trkpt lat="49.738113" lon="-123.135243">
        <ele>-0.9</ele>
      </trkpt>
      <trkpt lat="49.73774" lon="-123.135215">
        <ele>-0.7</ele>
      </trkpt>
      <trkpt lat="49.737373" lon="-123.135188">
        <ele>-0.3</ele>
      </trkpt>
      <trkpt lat="49.737016" lon="-123.13517">
        <ele>-0.2</ele>
      </trkpt>
      <trkpt lat="49.736645" lon="-123.135125">
        <ele>0.0</ele>
      </trkpt>
      <trkpt lat="49.736276" lon="-123.135108">
        <ele>0.1</ele>
      </trkpt>
      <trkpt lat="49.73591" lon="-123.13513">
        <ele>0.6</ele>
      </trkpt>
      <trkpt lat="49.735571" lon="-123.135128">
        <ele>0.3</ele>
      </trkpt>
      <trkpt lat="49.73523" lon="-123.135083">
        <ele>0.4</ele>
      </trkpt>
      <trkpt lat="49.735086" lon="-123.135095">
        <ele>-0.1</ele>
      </trkpt>
      <trkpt lat="49.735101" lon="-123.135106">
        <ele>0.4</ele>
      </trkpt>
      <trkpt lat="49.735101" lon="-123.135106">
        <ele>0.2</ele>
      </trkpt>
      <trkpt lat="49.735101" lon="-123.135106">
        <ele>0.2</ele>
      </trkpt>
      <trkpt lat="49.734993" lon="-123.13506">
        <ele>0.2</ele>
      </trkpt>
      <trkpt lat="49.734928" lon="-123.135058">
        <ele>0.0</ele>
      </trkpt>
      <trkpt lat="49.734938" lon="-123.135055">
        <ele>0.1</ele>
      </trkpt>
      <trkpt lat="49.734938" lon="-123.135055">
        <ele>0.1</ele>
      </trkpt>
      <trkpt lat="49.73493" lon="-123.13495">
        <ele>0.3</ele>
      </trkpt>
      <trkpt lat="49.734908" lon="-123.134636">
        <ele>0.5</ele>
      </trkpt>
      <trkpt lat="49.73491" lon="-123.134356">
        <ele>0.4</ele>
      </trkpt>
      <trkpt lat="49.73493" lon="-123.134243">
        <ele>0.7</ele>
      </trkpt>
      <trkpt lat="49.734936" lon="-123.134215">
        <ele>0.8</ele>
      </trkpt>
      <trkpt lat="49.734936" lon="-123.134215">
        <ele>0.9</ele>
      </trkpt>
      <trkpt lat="49.734673" lon="-123.134251">
        <ele>0.4</ele>
      </trkpt>
      <trkpt lat="49.734415" lon="-123.13436">
        <ele>0.0</ele>
      </trkpt>
      <trkpt lat="49.734123" lon="-123.134431">
        <ele>0.2</ele>
      </trkpt>
      <trkpt lat="49.733761" lon="-123.134541">
        <ele>0.5</ele>
      </trkpt>
      <trkpt lat="49.733413" lon="-123.134635">
        <ele>1.1</ele>
      </trkpt>
      <trkpt lat="49.733071" lon="-123.13473">
        <ele>1.3</ele>
      </trkpt>
      <trkpt lat="49.732678" lon="-123.134835">
        <ele>1.0</ele>
      </trkpt>
      <trkpt lat="49.732326" lon="-123.134941">
        <ele>0.9</ele>
      </trkpt>
      <trkpt lat="49.731945" lon="-123.135108">
        <ele>0.8</ele>
      </trkpt>
      <trkpt lat="49.731805" lon="-123.135585">
        <ele>0.5</ele>
      </trkpt>
      <trkpt lat="49.731531" lon="-123.135873">
        <ele>0.4</ele>
      </trkpt>
      <trkpt lat="49.731228" lon="-123.13625">
        <ele>0.0</ele>
      </trkpt>
      <trkpt lat="49.730958" lon="-123.136635">
        <ele>0.0</ele>
      </trkpt>
      <trkpt lat="49.730763" lon="-123.13717">
        <ele>0.3</ele>
      </trkpt>
      <trkpt lat="49.730466" lon="-123.137708">
        <ele>-0.1</ele>
      </trkpt>
      <trkpt lat="49.730268" lon="-123.13822">
        <ele>-0.4</ele>
      </trkpt>
      <trkpt lat="49.730086" lon="-123.13877">
        <ele>-0.5</ele>
      </trkpt>
      <trkpt lat="49.72985" lon="-123.139295">
        <ele>-0.7</ele>
      </trkpt>
      <trkpt lat="49.729633" lon="-123.139813">
        <ele>-1.3</ele>
      </trkpt>
      <trkpt lat="49.729476" lon="-123.140253">
        <ele>-1.1</ele>
      </trkpt>
      <trkpt lat="49.729316" lon="-123.1407">
        <ele>-0.4</ele>
      </trkpt>
      <trkpt lat="49.729238" lon="-123.14078">
        <ele>-0.2</ele>
      </trkpt>
      <trkpt lat="49.729253" lon="-123.140791">
        <ele>-0.2</ele>
      </trkpt>
      <trkpt lat="49.729253" lon="-123.140791">
        <ele>-0.2</ele>
      </trkpt>
      <trkpt lat="49.729213" lon="-123.140848">
        <ele>-0.2</ele>
      </trkpt>
      <trkpt lat="49.7291" lon="-123.141191">
        <ele>0.1</ele>
      </trkpt>
      <trkpt lat="49.728928" lon="-123.14163">
        <ele>0.6</ele>
      </trkpt>
      <trkpt lat="49.728751" lon="-123.142078">
        <ele>0.2</ele>
      </trkpt>
      <trkpt lat="49.72842" lon="-123.142095">
        <ele>-0.9</ele>
      </trkpt>
      <trkpt lat="49.728223" lon="-123.14193">
        <ele>-3.8</ele>
      </trkpt>
      <trkpt lat="49.728118" lon="-123.141751">
        <ele>-4.4</ele>
      </trkpt>
      <trkpt lat="49.727945" lon="-123.141286">
        <ele>-3.9</ele>
      </trkpt>
      <trkpt lat="49.727718" lon="-123.140901">
        <ele>-3.7</ele>
      </trkpt>
      <trkpt lat="49.727396" lon="-123.140695">
        <ele>-3.8</ele>
      </trkpt>
      <trkpt lat="49.727063" lon="-123.140606">
        <ele>-3.6</ele>
      </trkpt>
      <trkpt lat="49.726763" lon="-123.140523">
        <ele>-3.8</ele>
      </trkpt>
      <trkpt lat="49.726615" lon="-123.14041">
        <ele>-3.8</ele>
      </trkpt>
      <trkpt lat="49.72653" lon="-123.140703">
        <ele>-3.5</ele>
      </trkpt>
      <trkpt lat="49.726296" lon="-123.140893">
        <ele>-3.4</ele>
      </trkpt>
      <trkpt lat="49.726018" lon="-123.14095">
        <ele>-3.0</ele>
      </trkpt>
      <trkpt lat="49.725611" lon="-123.140896">
        <ele>-3.6</ele>
      </trkpt>
      <trkpt lat="49.725245" lon="-123.140893">
        <ele>-4.0</ele>
      </trkpt>
      <trkpt lat="49.724915" lon="-123.140906">
        <ele>-4.4</ele>
      </trkpt>
      <trkpt lat="49.724568" lon="-123.141035">
        <ele>-4.7</ele>
      </trkpt>
      <trkpt lat="49.72422" lon="-123.141051">
        <ele>-4.8</ele>
      </trkpt>
      <trkpt lat="49.723911" lon="-123.141015">
        <ele>-4.6</ele>
      </trkpt>
      <trkpt lat="49.723563" lon="-123.141128">
        <ele>-5.3</ele>
      </trkpt>
      <trkpt lat="49.723185" lon="-123.141165">
        <ele>-5.2</ele>
      </trkpt>
      <trkpt lat="49.72284" lon="-123.141186">
        <ele>-4.9</ele>
      </trkpt>
      <trkpt lat="49.722448" lon="-123.141215">
        <ele>-5.3</ele>
      </trkpt>
      <trkpt lat="49.721966" lon="-123.141323">
        <ele>-5.9</ele>
      </trkpt>
      <trkpt lat="49.721543" lon="-123.141395">
        <ele>-5.9</ele>
      </trkpt>
      <trkpt lat="49.721203" lon="-123.141408">
        <ele>-6.0</ele>
      </trkpt>
      <trkpt lat="49.720801" lon="-123.141438">
        <ele>-6.2</ele>
      </trkpt>
      <trkpt lat="49.72045" lon="-123.141555">
        <ele>-6.5</ele>
      </trkpt>
      <trkpt lat="49.72008" lon="-123.141525">
        <ele>-6.3</ele>
      </trkpt>
      <trkpt lat="49.719716" lon="-123.141535">
        <ele>-6.3</ele>
      </trkpt>
      <trkpt lat="49.719271" lon="-123.141571">
        <ele>-6.6</ele>
      </trkpt>
      <trkpt lat="49.718865" lon="-123.141663">
        <ele>-6.7</ele>
      </trkpt>
      <trkpt lat="49.718448" lon="-123.141646">
        <ele>-7.5</ele>
      </trkpt>
      <trkpt lat="49.718135" lon="-123.14174">
        <ele>-8.0</ele>
      </trkpt>
      <trkpt lat="49.717956" lon="-123.141945">
        <ele>-7.5</ele>
      </trkpt>
      <trkpt lat="49.717746" lon="-123.141868">
        <ele>-7.6</ele>
      </trkpt>
      <trkpt lat="49.717376" lon="-123.141971">
        <ele>-8.0</ele>
      </trkpt>
      <trkpt lat="49.716911" lon="-123.141955">
        <ele>-8.1</ele>
      </trkpt>
      <trkpt lat="49.716486" lon="-123.141958">
        <ele>-8.2</ele>
      </trkpt>
      <trkpt lat="49.716095" lon="-123.142016">
        <ele>-8.4</ele>
      </trkpt>
      <trkpt lat="49.715715" lon="-123.142033">
        <ele>-8.7</ele>
      </trkpt>
      <trkpt lat="49.715328" lon="-123.142103">
        <ele>-8.9</ele>
      </trkpt>
      <trkpt lat="49.714975" lon="-123.142246">
        <ele>-8.9</ele>
      </trkpt>
      <trkpt lat="49.714718" lon="-123.142156">
        <ele>-8.9</ele>
      </trkpt>
      <trkpt lat="49.714436" lon="-123.142271">
        <ele>-8.7</ele>
      </trkpt>
      <trkpt lat="49.7141" lon="-123.14228">
        <ele>-8.9</ele>
      </trkpt>
      <trkpt lat="49.713695" lon="-123.142256">
        <ele>-9.2</ele>
      </trkpt>
      <trkpt lat="49.71331" lon="-123.14231">
        <ele>-9.3</ele>
      </trkpt>
      <trkpt lat="49.712945" lon="-123.142333">
        <ele>-9.3</ele>
      </trkpt>
      <trkpt lat="49.712536" lon="-123.142403">
        <ele>-9.4</ele>
      </trkpt>
      <trkpt lat="49.712158" lon="-123.1425">
        <ele>-9.5</ele>
      </trkpt>
      <trkpt lat="49.711751" lon="-123.14246">
        <ele>-9.6</ele>
      </trkpt>
      <trkpt lat="49.711371" lon="-123.14266">
        <ele>-9.8</ele>
      </trkpt>
      <trkpt lat="49.710865" lon="-123.142648">
        <ele>-9.7</ele>
      </trkpt>
      <trkpt lat="49.710533" lon="-123.142926">
        <ele>-10.0</ele>
      </trkpt>
      <trkpt lat="49.710293" lon="-123.143066">
        <ele>-10.1</ele>
      </trkpt>
      <trkpt lat="49.710093" lon="-123.143248">
        <ele>-9.9</ele>
      </trkpt>
      <trkpt lat="49.709803" lon="-123.143391">
        <ele>-9.7</ele>
      </trkpt>
      <trkpt lat="49.709405" lon="-123.143631">
        <ele>-9.7</ele>
      </trkpt>
      <trkpt lat="49.708941" lon="-123.143865">
        <ele>-9.3</ele>
      </trkpt>
      <trkpt lat="49.70858" lon="-123.144138">
        <ele>-9.6</ele>
      </trkpt>
      <trkpt lat="49.708238" lon="-123.144441">
        <ele>-9.7</ele>
      </trkpt>
      <trkpt lat="49.707891" lon="-123.144668">
        <ele>-10.3</ele>
      </trkpt>
      <trkpt lat="49.707695" lon="-123.144823">
        <ele>-10.0</ele>
      </trkpt>
      <trkpt lat="49.707608" lon="-123.144798">
        <ele>-10.1</ele>
      </trkpt>
      <trkpt lat="49.707558" lon="-123.144723">
        <ele>-10.1</ele>
      </trkpt>
      <trkpt lat="49.707468" lon="-123.144396">
        <ele>-10.0</ele>
      </trkpt>
      <trkpt lat="49.707231" lon="-123.144058">
        <ele>-9.8</ele>
      </trkpt>
      <trkpt lat="49.706858" lon="-123.144088">
        <ele>-9.8</ele>
      </trkpt>
      <trkpt lat="49.7065" lon="-123.144193">
        <ele>-9.8</ele>
      </trkpt>
      <trkpt lat="49.706148" lon="-123.144303">
        <ele>-9.9</ele>
      </trkpt>
      <trkpt lat="49.705768" lon="-123.144411">
        <ele>-9.7</ele>
      </trkpt>
      <trkpt lat="49.705306" lon="-123.144515">
        <ele>-9.8</ele>
      </trkpt>
      <trkpt lat="49.704928" lon="-123.14452">
        <ele>-9.8</ele>
      </trkpt>
      <trkpt lat="49.704491" lon="-123.144511">
        <ele>-9.8</ele>
      </trkpt>
      <trkpt lat="49.704083" lon="-123.144381">
        <ele>-9.8</ele>
      </trkpt>
      <trkpt lat="49.703693" lon="-123.144228">
        <ele>-9.7</ele>
      </trkpt>
      <trkpt lat="49.703288" lon="-123.144176">
        <ele>-9.8</ele>
      </trkpt>
      <trkpt lat="49.702885" lon="-123.144023">
        <ele>-10.1</ele>
      </trkpt>
      <trkpt lat="49.702711" lon="-123.14422">
        <ele>-10.3</ele>
      </trkpt>
      <trkpt lat="49.702595" lon="-123.144311">
        <ele>-9.9</ele>
      </trkpt>
      <trkpt lat="49.702461" lon="-123.144213">
        <ele>-9.2</ele>
      </trkpt>
      <trkpt lat="49.702458" lon="-123.144168">
        <ele>-9.8</ele>
      </trkpt>
    </trkseg>
  </trk>
</gpx>
