<?xml version="1.0" encoding="UTF-8"?>
<gpx version="1.1" creator="BC Bike Stops (bccycletourism.ca)" xmlns="http://www.topografix.com/GPX/1/1">
<metadata>
<name>Delta Community Routes</name>
<link href="https://bccycletourism.ca/trail/delta-community-routes/"><text>BC Bike Stops</text></link>
</metadata>
<wpt lat="49.148949" lon="-122.935282">
<name>Planet Ice Delta</name>
<cmt>rest_stop</cmt>
<desc>Community Centre</desc>
<sym>Dot</sym>
<type>rest_area</type>
</wpt>
<wpt lat="49.090327" lon="-123.163189">
<name>Angel Estate Winery</name>
<cmt>winery</cmt>
<desc>Winery / Cidery</desc>
<sym>Dot</sym>
<type>food</type>
</wpt>
<wpt lat="49.025749" lon="-123.058439">
<name>Beach Grove Cafe &amp; Boutique</name>
<cmt>coffee</cmt>
<desc>Café / Coffee</desc>
<sym>Dot</sym>
<type>food</type>
</wpt>
<wpt lat="49.024549" lon="-123.070922">
<name>Panago</name>
<cmt>food</cmt>
<desc>Fast Food / Chain</desc>
<sym>Dot</sym>
<type>food</type>
</wpt>
<wpt lat="49.024537" lon="-123.069261">
<name>White Spot</name>
<cmt>food</cmt>
<desc>Fast Food / Chain</desc>
<sym>Dot</sym>
<type>food</type>
</wpt>
<wpt lat="49.126713" lon="-123.056859">
<name>Deas Island Regional Park</name>
<cmt>monument</cmt>
<desc>Museum / Gallery</desc>
<sym>Dot</sym>
<type>info</type>
</wpt>
<wpt lat="49.067068" lon="-123.046555">
<name>Snow Farms</name>
<cmt>convenience_store</cmt>
<desc>Farmers' Market</desc>
<sym>Dot</sym>
<type>store</type>
</wpt>
<wpt lat="49.024869" lon="-123.070415">
<name>Rose and Crown Pub</name>
<cmt>bar</cmt>
<desc>Brewery / Pub</desc>
<sym>Dot</sym>
<type>food</type>
</wpt>
<wpt lat="49.152139" lon="-122.892919">
<name>Real Canadian Superstore</name>
<cmt>convenience_store</cmt>
<desc>Grocery Store</desc>
<sym>Dot</sym>
<type>store</type>
</wpt>
<wpt lat="49.090353" lon="-123.082648">
<name>Stir Coffee House</name>
<cmt>coffee</cmt>
<desc>Café / Coffee</desc>
<sym>Dot</sym>
<type>food</type>
</wpt>
<wpt lat="49.024518" lon="-123.070269">
<name>Madhouse Pizza</name>
<cmt>food</cmt>
<desc>Fast Food / Chain</desc>
<sym>Dot</sym>
<type>food</type>
</wpt>
<wpt lat="49.024524" lon="-123.066485">
<name>Wood N Frog Coffee Company</name>
<cmt>coffee</cmt>
<desc>Café / Coffee</desc>
<sym>Dot</sym>
<type>food</type>
</wpt>
<wpt lat="49.152413" lon="-122.891283">
<name>Day To Day Grocery &amp; Produce</name>
<cmt>convenience_store</cmt>
<desc>Convenience Store</desc>
<sym>Dot</sym>
<type>store</type>
</wpt>
<wpt lat="49.015006" lon="-123.040308">
<name>Emdee's Fish and Chips</name>
<cmt>food</cmt>
<desc>Fast Food / Chain</desc>
<sym>Dot</sym>
<type>food</type>
</wpt>
<wpt lat="49.169114" lon="-122.914849">
<name>Annieville Market</name>
<cmt>convenience_store</cmt>
<desc>Grocery Store</desc>
<sym>Dot</sym>
<type>store</type>
</wpt>
<wpt lat="49.169400" lon="-122.914908">
<name>Greek Fellas Restaurant</name>
<cmt>food</cmt>
<desc>Restaurant</desc>
<sym>Dot</sym>
<type>food</type>
</wpt>
<wpt lat="49.089926" lon="-123.044798">
<name>Tim Hortons</name>
<cmt>food</cmt>
<desc>Fast Food / Chain</desc>
<sym>Dot</sym>
<type>food</type>
</wpt>
<wpt lat="49.024923" lon="-123.069085">
<name>Tim Hortons</name>
<cmt>food</cmt>
<desc>Fast Food / Chain</desc>
<sym>Dot</sym>
<type>food</type>
</wpt>
<wpt lat="49.090879" lon="-123.083367">
<name>Pizza Hut</name>
<cmt>food</cmt>
<desc>Fast Food / Chain</desc>
<sym>Dot</sym>
<type>food</type>
</wpt>
<wpt lat="49.023914" lon="-123.069029">
<name>Starbucks</name>
<cmt>food</cmt>
<desc>Fast Food / Chain</desc>
<sym>Dot</sym>
<type>food</type>
</wpt>
<wpt lat="49.036052" lon="-123.069083">
<name>McDonald's</name>
<cmt>food</cmt>
<desc>Fast Food / Chain</desc>
<sym>Dot</sym>
<type>food</type>
</wpt>
<wpt lat="49.112213" lon="-123.046706">
<name>Schoolhouse Farm</name>
<cmt>convenience_store</cmt>
<desc>Farmers' Market</desc>
<sym>Dot</sym>
<type>store</type>
</wpt>
<wpt lat="49.148651" lon="-122.942868">
<name>7-Eleven</name>
<cmt>convenience_store</cmt>
<desc>Convenience Store</desc>
<sym>Dot</sym>
<type>store</type>
</wpt>
<wpt lat="49.074809" lon="-123.046666">
<name>Gulraj Farm</name>
<cmt>convenience_store</cmt>
<desc>Farmers' Market</desc>
<sym>Dot</sym>
<type>store</type>
</wpt>
<wpt lat="49.024908" lon="-123.068200">
<name>On the Run</name>
<cmt>convenience_store</cmt>
<desc>Convenience Store</desc>
<sym>Dot</sym>
<type>store</type>
</wpt>
<wpt lat="49.089856" lon="-123.045725">
<name>Otter Co-op</name>
<cmt>convenience_store</cmt>
<desc>Convenience Store</desc>
<sym>Dot</sym>
<type>store</type>
</wpt>
<wpt lat="49.112196" lon="-123.038973">
<name>Barnside Brewery Co.</name>
<cmt>bar</cmt>
<desc>Brewery / Pub</desc>
<sym>Dot</sym>
<type>food</type>
</wpt>
<wpt lat="49.156616" lon="-122.940544">
<name>Tide Waters Pub</name>
<cmt>bar</cmt>
<desc>Brewery / Pub</desc>
<sym>Dot</sym>
<type>food</type>
</wpt>
<wpt lat="49.092039" lon="-122.957565">
<name>Tim Hortons</name>
<cmt>food</cmt>
<desc>Fast Food / Chain</desc>
<sym>Dot</sym>
<type>food</type>
</wpt>
<wpt lat="49.148359" lon="-122.942784">
<name>Tim Hortons</name>
<cmt>food</cmt>
<desc>Fast Food / Chain</desc>
<sym>Dot</sym>
<type>food</type>
</wpt>
<wpt lat="49.022011" lon="-123.069154">
<name>Ocean Palace</name>
<cmt>food</cmt>
<desc>Restaurant</desc>
<sym>Dot</sym>
<type>food</type>
</wpt>
<wpt lat="49.024380" lon="-123.069900">
<name>Roy's Indian</name>
<cmt>food</cmt>
<desc>Restaurant</desc>
<sym>Dot</sym>
<type>food</type>
</wpt>
<wpt lat="49.023066" lon="-123.069160">
<name>Gracie's Next Door</name>
<cmt>food</cmt>
<desc>Restaurant</desc>
<sym>Dot</sym>
<type>food</type>
</wpt>
<wpt lat="49.022924" lon="-123.069161">
<name>Mario's Kitchen</name>
<cmt>food</cmt>
<desc>Restaurant</desc>
<sym>Dot</sym>
<type>food</type>
</wpt>
<wpt lat="49.022754" lon="-123.069162">
<name>Alfa</name>
<cmt>food</cmt>
<desc>Restaurant</desc>
<sym>Dot</sym>
<type>food</type>
</wpt>
<wpt lat="49.089827" lon="-123.063506">
<name>McDonald's</name>
<cmt>food</cmt>
<desc>Fast Food / Chain</desc>
<sym>Dot</sym>
<type>food</type>
</wpt>
<wpt lat="49.141105" lon="-122.922177">
<name>Delta Nature Reserve</name>
<cmt>park</cmt>
<desc>Park / Nature</desc>
<sym>Dot</sym>
<type>rest_area</type>
</wpt>
<wpt lat="49.034971" lon="-123.067833">
<name>Gallery 1710</name>
<cmt>monument</cmt>
<desc>Museum / Gallery</desc>
<sym>Dot</sym>
<type>info</type>
</wpt>
<wpt lat="49.024923" lon="-123.059562">
<name>Beach Grove Motel</name>
<cmt>lodging</cmt>
<desc>Hotel / Motel</desc>
<sym>Dot</sym>
<type>shelter</type>
</wpt>
<wpt lat="49.025065" lon="-123.069513">
<name>Liquor Quicker</name>
<cmt>convenience_store</cmt>
<desc>Liquor Store</desc>
<sym>Dot</sym>
<type>store</type>
</wpt>
<wpt lat="49.022530" lon="-123.069231">
<name>Illuminate Restorante</name>
<cmt>food</cmt>
<desc>Restaurant</desc>
<sym>Dot</sym>
<type>food</type>
</wpt>
<wpt lat="49.136727" lon="-122.891486">
<name>Day To Day Grocery &amp; Produce</name>
<cmt>convenience_store</cmt>
<desc>Grocery Store</desc>
<sym>Dot</sym>
<type>store</type>
</wpt>
<wpt lat="49.137450" lon="-122.890799">
<name>Subway</name>
<cmt>food</cmt>
<desc>Fast Food / Chain</desc>
<sym>Dot</sym>
<type>food</type>
</wpt>
<wpt lat="49.031785" lon="-123.080347">
<name>Nat's Coffee House</name>
<cmt>coffee</cmt>
<desc>Café / Coffee</desc>
<sym>Dot</sym>
<type>food</type>
</wpt>
<wpt lat="49.025055" lon="-123.067765">
<name>Quesada</name>
<cmt>food</cmt>
<desc>Fast Food / Chain</desc>
<sym>Dot</sym>
<type>food</type>
</wpt>
<wpt lat="49.025056" lon="-123.067907">
<name>Meridian Farm Market</name>
<cmt>convenience_store</cmt>
<desc>Farmers' Market</desc>
<sym>Dot</sym>
<type>store</type>
</wpt>
<wpt lat="49.090630" lon="-123.064515">
<name>7-Eleven</name>
<cmt>convenience_store</cmt>
<desc>Convenience Store</desc>
<sym>Dot</sym>
<type>store</type>
</wpt>
<wpt lat="49.120377" lon="-122.892320">
<name>Subway</name>
<cmt>food</cmt>
<desc>Fast Food / Chain</desc>
<sym>Dot</sym>
<type>food</type>
</wpt>
<wpt lat="49.024065" lon="-123.068055">
<name>Tsawwassen Arts Centre</name>
<cmt>monument</cmt>
<desc>Museum / Gallery</desc>
<sym>Dot</sym>
<type>info</type>
</wpt>
<wpt lat="49.024218" lon="-123.059567">
<name>Beach Grove Golf Club Lounge</name>
<cmt>food</cmt>
<desc>Restaurant</desc>
<sym>Dot</sym>
<type>food</type>
</wpt>
<wpt lat="49.137442" lon="-122.891735">
<name>Menchie's</name>
<cmt>food</cmt>
<desc>Ice Cream</desc>
<sym>Dot</sym>
<type>food</type>
</wpt>
<wpt lat="49.118886" lon="-122.890708">
<name>7-Eleven</name>
<cmt>convenience_store</cmt>
<desc>Convenience Store</desc>
<sym>Dot</sym>
<type>store</type>
</wpt>
<wpt lat="49.120326" lon="-122.892321">
<name>Donair Affair</name>
<cmt>food</cmt>
<desc>Restaurant</desc>
<sym>Dot</sym>
<type>food</type>
</wpt>
<wpt lat="49.111801" lon="-123.052474">
<name>Ramie's Greek Restaurant</name>
<cmt>food</cmt>
<desc>Restaurant</desc>
<sym>Dot</sym>
<type>food</type>
</wpt>
<wpt lat="49.119836" lon="-122.892459">
<name>Safeway</name>
<cmt>convenience_store</cmt>
<desc>Grocery Store</desc>
<sym>Dot</sym>
<type>store</type>
</wpt>
<wpt lat="49.022087" lon="-123.069399">
<name>Clay Oven</name>
<cmt>food</cmt>
<desc>Restaurant</desc>
<sym>Dot</sym>
<type>food</type>
</wpt>
<wpt lat="49.089070" lon="-123.082278">
<name>Ladner Community Centre</name>
<cmt>rest_stop</cmt>
<desc>Community Centre</desc>
<sym>Dot</sym>
<type>rest_area</type>
</wpt>
<wpt lat="49.042736" lon="-123.083063">
<name>Mary Brown's</name>
<cmt>food</cmt>
<desc>Fast Food / Chain</desc>
<sym>Dot</sym>
<type>food</type>
</wpt>
<wpt lat="49.040982" lon="-123.089765">
<name>Kamome</name>
<cmt>food</cmt>
<desc>Restaurant</desc>
<sym>Dot</sym>
<type>food</type>
</wpt>
<wpt lat="49.040621" lon="-123.089734">
<name>Kutlet</name>
<cmt>food</cmt>
<desc>Restaurant</desc>
<sym>Dot</sym>
<type>food</type>
</wpt>
<wpt lat="49.118795" lon="-122.891465">
<name>Papa John's</name>
<cmt>food</cmt>
<desc>Fast Food / Chain</desc>
<sym>Dot</sym>
<type>food</type>
</wpt>
<wpt lat="49.088426" lon="-123.147217">
<name>Emma Lea Farms</name>
<cmt>convenience_store</cmt>
<desc>Farmers' Market</desc>
<sym>Dot</sym>
<type>store</type>
</wpt>
<wpt lat="49.036658" lon="-123.069558">
<name>L'aromas Coffee &amp; Bakehouse</name>
<cmt>food</cmt>
<desc>Bakery / Donuts</desc>
<sym>Dot</sym>
<type>food</type>
</wpt>
<wpt lat="49.090027" lon="-123.083020">
<name>Domino's</name>
<cmt>food</cmt>
<desc>Fast Food / Chain</desc>
<sym>Dot</sym>
<type>food</type>
</wpt>
<wpt lat="49.089154" lon="-123.079931">
<name>Doon Express</name>
<cmt>food</cmt>
<desc>Restaurant</desc>
<sym>Dot</sym>
<type>food</type>
</wpt>
<wpt lat="49.089284" lon="-123.080070">
<name>Quiznos</name>
<cmt>food</cmt>
<desc>Fast Food / Chain</desc>
<sym>Dot</sym>
<type>food</type>
</wpt>
<wpt lat="49.089368" lon="-123.080157">
<name>Richlea Bakery</name>
<cmt>food</cmt>
<desc>Bakery / Donuts</desc>
<sym>Dot</sym>
<type>food</type>
</wpt>
<wpt lat="49.089411" lon="-123.080201">
<name>Non-Stop Pizza</name>
<cmt>food</cmt>
<desc>Fast Food / Chain</desc>
<sym>Dot</sym>
<type>food</type>
</wpt>
<wpt lat="49.089393" lon="-123.080178">
<name>Grizzly Flatbread</name>
<cmt>food</cmt>
<desc>Restaurant</desc>
<sym>Dot</sym>
<type>food</type>
</wpt>
<wpt lat="49.091161" lon="-122.956558">
<name>Triple O's</name>
<cmt>food</cmt>
<desc>Fast Food / Chain</desc>
<sym>Dot</sym>
<type>food</type>
</wpt>
<wpt lat="49.170288" lon="-122.954911">
<name>McDonald's</name>
<cmt>food</cmt>
<desc>Fast Food / Chain</desc>
<sym>Dot</sym>
<type>food</type>
</wpt>
<wpt lat="49.090376" lon="-123.083505">
<name>Taverna Gorgona</name>
<cmt>food</cmt>
<desc>Restaurant</desc>
<sym>Dot</sym>
<type>food</type>
</wpt>
<wpt lat="49.115801" lon="-123.061996">
<name>RiverHouse Restaurant &amp; Pub</name>
<cmt>food</cmt>
<desc>Restaurant</desc>
<sym>Dot</sym>
<type>food</type>
</wpt>
<wpt lat="49.031821" lon="-123.080752">
<name>Newman's Fine Foods</name>
<cmt>convenience_store</cmt>
<desc>Grocery Store</desc>
<sym>Dot</sym>
<type>store</type>
</wpt>
<wpt lat="49.089882" lon="-123.091417">
<name>Ming Court</name>
<cmt>food</cmt>
<desc>Restaurant</desc>
<sym>Dot</sym>
<type>food</type>
</wpt>
<wpt lat="49.089991" lon="-123.080656">
<name>Dairy Queen</name>
<cmt>food</cmt>
<desc>Ice Cream</desc>
<sym>Dot</sym>
<type>food</type>
</wpt>
<wpt lat="49.118659" lon="-122.891201">
<name>DQ Grill &amp; Chill</name>
<cmt>food</cmt>
<desc>Ice Cream</desc>
<sym>Dot</sym>
<type>food</type>
</wpt>
<wpt lat="49.025384" lon="-123.070562">
<name>Thrifty Foods</name>
<cmt>convenience_store</cmt>
<desc>Grocery Store</desc>
<sym>Dot</sym>
<type>store</type>
</wpt>
<wpt lat="49.090780" lon="-123.084238">
<name>Jarry's Market</name>
<cmt>convenience_store</cmt>
<desc>Grocery Store</desc>
<sym>Dot</sym>
<type>store</type>
</wpt>
<wpt lat="49.170261" lon="-122.955152">
<name>Shell Select</name>
<cmt>convenience_store</cmt>
<desc>Convenience Store</desc>
<sym>Dot</sym>
<type>store</type>
</wpt>
<wpt lat="49.090659" lon="-123.084131">
<name>Cafe de Gourmet</name>
<cmt>coffee</cmt>
<desc>Café / Coffee</desc>
<sym>Dot</sym>
<type>food</type>
</wpt>
<wpt lat="49.083876" lon="-123.058372">
<name>Douglas J. Husband Discovery Centre</name>
<cmt>monument</cmt>
<desc>Museum / Gallery</desc>
<sym>Dot</sym>
<type>info</type>
</wpt>
<wpt lat="49.025463" lon="-123.067860">
<name>The Chopped Leaf</name>
<cmt>food</cmt>
<desc>Restaurant</desc>
<sym>Dot</sym>
<type>food</type>
</wpt>
<wpt lat="49.090041" lon="-123.084298">
<name>Ladner Pho Saigon</name>
<cmt>food</cmt>
<desc>Restaurant</desc>
<sym>Dot</sym>
<type>food</type>
</wpt>
<wpt lat="49.090044" lon="-123.084032">
<name>Ladner Sushi</name>
<cmt>food</cmt>
<desc>Restaurant</desc>
<sym>Dot</sym>
<type>food</type>
</wpt>
<wpt lat="49.089063" lon="-123.079364">
<name>Save-On-Foods</name>
<cmt>convenience_store</cmt>
<desc>Grocery Store</desc>
<sym>Dot</sym>
<type>store</type>
</wpt>
<wpt lat="49.120599" lon="-122.891584">
<name>Calvin's Farm Market</name>
<cmt>convenience_store</cmt>
<desc>Farmers' Market</desc>
<sym>Dot</sym>
<type>store</type>
</wpt>
<wpt lat="49.032572" lon="-123.081231">
<name>Pat Quinn's</name>
<cmt>food</cmt>
<desc>Restaurant</desc>
<sym>Dot</sym>
<type>food</type>
</wpt>
<wpt lat="49.112745" lon="-122.903071">
<name>Watershed Park</name>
<cmt>park</cmt>
<desc>Park / Nature</desc>
<sym>Dot</sym>
<type>rest_area</type>
</wpt>
<wpt lat="49.088454" lon="-123.081771">
<name>Ladner Outdoor Pool</name>
<cmt>rest_stop</cmt>
<desc>Community Centre</desc>
<sym>Dot</sym>
<type>rest_area</type>
</wpt>
<wpt lat="49.086207" lon="-123.058499">
<name>Blenz Coffee</name>
<cmt>coffee</cmt>
<desc>Café / Coffee</desc>
<sym>Dot</sym>
<type>food</type>
</wpt>
<wpt lat="49.025592" lon="-123.068222">
<name>Cue's N Cushion</name>
<cmt>coffee</cmt>
<desc>Café / Coffee</desc>
<sym>Dot</sym>
<type>food</type>
</wpt>
<wpt lat="49.023181" lon="-123.070156">
<name>Save-On-Foods</name>
<cmt>convenience_store</cmt>
<desc>Grocery Store</desc>
<sym>Dot</sym>
<type>store</type>
</wpt>
<wpt lat="49.035036" lon="-123.087634">
<name>Montana's</name>
<cmt>food</cmt>
<desc>Restaurant</desc>
<sym>Dot</sym>
<type>food</type>
</wpt>
<wpt lat="49.086090" lon="-123.058682">
<name>Ladner Leisure Centre</name>
<cmt>rest_stop</cmt>
<desc>Community Centre</desc>
<sym>Dot</sym>
<type>rest_area</type>
</wpt>
<wpt lat="49.090256" lon="-123.084545">
<name>Sapporo Kitchen</name>
<cmt>food</cmt>
<desc>Restaurant</desc>
<sym>Dot</sym>
<type>food</type>
</wpt>
<wpt lat="49.153264" lon="-122.890860">
<name>Yummy Slice Pizza</name>
<cmt>food</cmt>
<desc>Fast Food / Chain</desc>
<sym>Dot</sym>
<type>food</type>
</wpt>
<wpt lat="49.171590" lon="-122.947141">
<name>Shaw Donair Bites Ltd</name>
<cmt>food</cmt>
<desc>Restaurant</desc>
<sym>Dot</sym>
<type>food</type>
</wpt>
<wpt lat="49.064637" lon="-123.022618">
<name>Kings Links Clubhouse</name>
<cmt>food</cmt>
<desc>Restaurant</desc>
<sym>Dot</sym>
<type>food</type>
</wpt>
<wpt lat="49.093153" lon="-123.086651">
<name>Sharkey's Seafood Bar &amp; Grille</name>
<cmt>food</cmt>
<desc>Restaurant</desc>
<sym>Dot</sym>
<type>food</type>
</wpt>
<wpt lat="49.035151" lon="-123.088867">
<name>Milestones</name>
<cmt>food</cmt>
<desc>Restaurant</desc>
<sym>Dot</sym>
<type>food</type>
</wpt>
<wpt lat="49.025818" lon="-123.070078">
<name>Coastal Olive Oils</name>
<cmt>convenience_store</cmt>
<desc>Specialty / Health Food</desc>
<sym>Dot</sym>
<type>store</type>
</wpt>
<wpt lat="49.109267" lon="-123.056659">
<name>Summit Bar</name>
<cmt>bar</cmt>
<desc>Brewery / Pub</desc>
<sym>Dot</sym>
<type>food</type>
</wpt>
<wpt lat="49.120612" lon="-122.891167">
<name>Starbucks</name>
<cmt>food</cmt>
<desc>Fast Food / Chain</desc>
<sym>Dot</sym>
<type>food</type>
</wpt>
<wpt lat="49.090606" lon="-123.077487">
<name>Shell</name>
<cmt>convenience_store</cmt>
<desc>Convenience Store</desc>
<sym>Dot</sym>
<type>store</type>
</wpt>
<wpt lat="49.007280" lon="-123.046930">
<name>L'aromas Coffee Southlands</name>
<cmt>coffee</cmt>
<desc>Café / Coffee</desc>
<sym>Dot</sym>
<type>food</type>
</wpt>
<wpt lat="49.090502" lon="-123.080352">
<name>Freshslice Pizza</name>
<cmt>food</cmt>
<desc>Fast Food / Chain</desc>
<sym>Dot</sym>
<type>food</type>
</wpt>
<wpt lat="49.025832" lon="-123.068240">
<name>Thai-Isaan</name>
<cmt>food</cmt>
<desc>Restaurant</desc>
<sym>Dot</sym>
<type>food</type>
</wpt>
<wpt lat="49.093190" lon="-123.086770">
<name>Speed's Pub</name>
<cmt>bar</cmt>
<desc>Brewery / Pub</desc>
<sym>Dot</sym>
<type>food</type>
</wpt>
<wpt lat="49.090408" lon="-123.085461">
<name>Soi ram</name>
<cmt>food</cmt>
<desc>Restaurant</desc>
<sym>Dot</sym>
<type>food</type>
</wpt>
<wpt lat="49.090468" lon="-123.084749">
<name>Cookie's Ice Cream Co.</name>
<cmt>food</cmt>
<desc>Ice Cream</desc>
<sym>Dot</sym>
<type>food</type>
</wpt>
<wpt lat="49.090509" lon="-123.084797">
<name>Delta Bakery</name>
<cmt>food</cmt>
<desc>Bakery / Donuts</desc>
<sym>Dot</sym>
<type>food</type>
</wpt>
<wpt lat="49.007194" lon="-123.046487">
<name>Pedego Electric Bikes Delta</name>
<cmt>bike_shop</cmt>
<desc>Repair Shop</desc>
<sym>Dot</sym>
<type>gear</type>
</wpt>
<wpt lat="49.025924" lon="-123.070549">
<name>Joe's Farm Market</name>
<cmt>convenience_store</cmt>
<desc>Farmers' Market</desc>
<sym>Dot</sym>
<type>store</type>
</wpt>
<wpt lat="49.090443" lon="-123.085497">
<name>Panago</name>
<cmt>food</cmt>
<desc>Fast Food / Chain</desc>
<sym>Dot</sym>
<type>food</type>
</wpt>
<wpt lat="49.040707" lon="-123.088641">
<name>Freshslice Pizza</name>
<cmt>food</cmt>
<desc>Fast Food / Chain</desc>
<sym>Dot</sym>
<type>food</type>
</wpt>
<wpt lat="49.040945" lon="-123.088638">
<name>COBS Bread</name>
<cmt>food</cmt>
<desc>Bakery / Donuts</desc>
<sym>Dot</sym>
<type>food</type>
</wpt>
<wpt lat="49.007169" lon="-123.046926">
<name>Cookie's Ice Cream</name>
<cmt>food</cmt>
<desc>Ice Cream</desc>
<sym>Dot</sym>
<type>food</type>
</wpt>
<wpt lat="49.088052" lon="-123.083006">
<name>Ladner Pioneer Library</name>
<cmt>library</cmt>
<desc>Library</desc>
<sym>Dot</sym>
<type>info</type>
</wpt>
<wpt lat="49.090610" lon="-123.080221">
<name>The Chopped Leaf</name>
<cmt>food</cmt>
<desc>Restaurant</desc>
<sym>Dot</sym>
<type>food</type>
</wpt>
<wpt lat="49.091246" lon="-123.085886">
<name>Il Posto</name>
<cmt>food</cmt>
<desc>Restaurant</desc>
<sym>Dot</sym>
<type>food</type>
</wpt>
<wpt lat="49.120634" lon="-122.890725">
<name>Brown's Socialhouse</name>
<cmt>food</cmt>
<desc>Restaurant</desc>
<sym>Dot</sym>
<type>food</type>
</wpt>
<wpt lat="49.120764" lon="-122.890890">
<name>Sushi Wara</name>
<cmt>food</cmt>
<desc>Restaurant</desc>
<sym>Dot</sym>
<type>food</type>
</wpt>
<wpt lat="49.109376" lon="-123.056905">
<name>the Buffet</name>
<cmt>food</cmt>
<desc>Restaurant</desc>
<sym>Dot</sym>
<type>food</type>
</wpt>
<wpt lat="49.041910" lon="-123.085232">
<name>Harry's Fish &amp; Chips</name>
<cmt>food</cmt>
<desc>Fast Food / Chain</desc>
<sym>Dot</sym>
<type>food</type>
</wpt>
<wpt lat="49.090550" lon="-123.085609">
<name>Britannia Brewing Ladner</name>
<cmt>food</cmt>
<desc>Restaurant</desc>
<sym>Dot</sym>
<type>food</type>
</wpt>
<wpt lat="49.035275" lon="-123.088497">
<name>Boston Pizza</name>
<cmt>food</cmt>
<desc>Fast Food / Chain</desc>
<sym>Dot</sym>
<type>food</type>
</wpt>
<wpt lat="49.026026" lon="-123.068243">
<name>Toto Sushi</name>
<cmt>food</cmt>
<desc>Restaurant</desc>
<sym>Dot</sym>
<type>food</type>
</wpt>
<wpt lat="49.090663" lon="-123.077834">
<name>FreshCo</name>
<cmt>convenience_store</cmt>
<desc>Grocery Store</desc>
<sym>Dot</sym>
<type>store</type>
</wpt>
<wpt lat="49.089711" lon="-123.079066">
<name>BC Liquor Store</name>
<cmt>convenience_store</cmt>
<desc>Liquor Store</desc>
<sym>Dot</sym>
<type>store</type>
</wpt>
<wpt lat="49.135326" lon="-122.891807">
<name>Dollar Max</name>
<cmt>convenience_store</cmt>
<desc>General merchandise</desc>
<sym>Dot</sym>
<type>store</type>
</wpt>
<wpt lat="49.171144" lon="-122.946559">
<name>The Kop Coffee Roasters</name>
<cmt>coffee</cmt>
<desc>Café / Coffee</desc>
<sym>Dot</sym>
<type>food</type>
</wpt>
<wpt lat="49.033941" lon="-123.069479">
<name>Coast Tsawwassen Inn</name>
<cmt>lodging</cmt>
<desc>Hotel / Motel</desc>
<sym>Dot</sym>
<type>shelter</type>
</wpt>
<wpt lat="49.171816" lon="-122.890690">
<name>Jagga Sweets</name>
<cmt>food</cmt>
<desc>Restaurant</desc>
<sym>Dot</sym>
<type>food</type>
</wpt>
<wpt lat="49.090868" lon="-123.080223">
<name>Rice &amp; Noodle</name>
<cmt>food</cmt>
<desc>Restaurant</desc>
<sym>Dot</sym>
<type>food</type>
</wpt>
<wpt lat="49.026135" lon="-123.068241">
<name>Red Swan Pizza</name>
<cmt>food</cmt>
<desc>Restaurant</desc>
<sym>Dot</sym>
<type>food</type>
</wpt>
<wpt lat="49.090929" lon="-123.080223">
<name>COBS Bread</name>
<cmt>food</cmt>
<desc>Bakery / Donuts</desc>
<sym>Dot</sym>
<type>food</type>
</wpt>
<wpt lat="49.026171" lon="-123.068251">
<name>Best Garden Restaurant</name>
<cmt>food</cmt>
<desc>Restaurant</desc>
<sym>Dot</sym>
<type>food</type>
</wpt>
<wpt lat="49.135158" lon="-122.891809">
<name>Freshslice Pizza</name>
<cmt>food</cmt>
<desc>Fast Food / Chain</desc>
<sym>Dot</sym>
<type>food</type>
</wpt>
<wpt lat="49.091277" lon="-123.086394">
<name>Go-Go Sushi &amp; Cafe</name>
<cmt>food</cmt>
<desc>Restaurant</desc>
<sym>Dot</sym>
<type>food</type>
</wpt>
<wpt lat="49.090405" lon="-123.078078">
<name>Starbucks</name>
<cmt>food</cmt>
<desc>Fast Food / Chain</desc>
<sym>Dot</sym>
<type>food</type>
</wpt>
<wpt lat="49.109559" lon="-123.057120">
<name>Match Eatery &amp; Public House</name>
<cmt>bar</cmt>
<desc>Brewery / Pub</desc>
<sym>Dot</sym>
<type>food</type>
</wpt>
<wpt lat="49.110320" lon="-123.056295">
<name>Delta Hotels by Marriott Vancouver Delta</name>
<cmt>lodging</cmt>
<desc>Hotel / Motel</desc>
<sym>Dot</sym>
<type>shelter</type>
</wpt>
<wpt lat="49.090775" lon="-123.086285">
<name>Boca Grande Donuts &amp; Mexican Food</name>
<cmt>food</cmt>
<desc>Bakery / Donuts</desc>
<sym>Dot</sym>
<type>food</type>
</wpt>
<wpt lat="49.091042" lon="-123.080222">
<name>Bulk Barn</name>
<cmt>convenience_store</cmt>
<desc>Grocery Store</desc>
<sym>Dot</sym>
<type>store</type>
</wpt>
<wpt lat="49.135039" lon="-122.891811">
<name>Akari Japanese Restaurant</name>
<cmt>food</cmt>
<desc>Restaurant</desc>
<sym>Dot</sym>
<type>food</type>
</wpt>
<wpt lat="49.090412" lon="-123.078228">
<name>Subway</name>
<cmt>food</cmt>
<desc>Fast Food / Chain</desc>
<sym>Dot</sym>
<type>food</type>
</wpt>
<wpt lat="49.089958" lon="-123.078805">
<name>Triple O's</name>
<cmt>food</cmt>
<desc>Fast Food / Chain</desc>
<sym>Dot</sym>
<type>food</type>
</wpt>
<wpt lat="49.091144" lon="-123.080214">
<name>Kin's Farm Market</name>
<cmt>convenience_store</cmt>
<desc>Farmers' Market</desc>
<sym>Dot</sym>
<type>store</type>
</wpt>
<wpt lat="49.026356" lon="-123.070365">
<name>Peek A Boo Japanese Bistro</name>
<cmt>food</cmt>
<desc>Restaurant</desc>
<sym>Dot</sym>
<type>food</type>
</wpt>
<wpt lat="49.020305" lon="-123.071217">
<name>Winskill Aquatic &amp; Fitness Centre</name>
<cmt>rest_stop</cmt>
<desc>Community Centre</desc>
<sym>Dot</sym>
<type>rest_area</type>
</wpt>
<wpt lat="49.134943" lon="-122.891820">
<name>COBS Bread</name>
<cmt>food</cmt>
<desc>Bakery / Donuts</desc>
<sym>Dot</sym>
<type>food</type>
</wpt>
<wpt lat="49.080609" lon="-123.009066">
<name>Skyhawk Restaurant</name>
<cmt>food</cmt>
<desc>Restaurant</desc>
<sym>Dot</sym>
<type>food</type>
</wpt>
<wpt lat="49.026447" lon="-123.068243">
<name>The Art Department</name>
<cmt>monument</cmt>
<desc>Museum / Gallery</desc>
<sym>Dot</sym>
<type>info</type>
</wpt>
<wpt lat="49.091491" lon="-123.087264">
<name>Niagara Falls Resaurant</name>
<cmt>food</cmt>
<desc>Restaurant</desc>
<sym>Dot</sym>
<type>food</type>
</wpt>
<wpt lat="49.090467" lon="-123.079086">
<name>Ricky's</name>
<cmt>food</cmt>
<desc>Restaurant</desc>
<sym>Dot</sym>
<type>food</type>
</wpt>
<wpt lat="49.007287" lon="-123.048699">
<name>Southlands Grange Centre For Farming And Food</name>
<cmt>convenience_store</cmt>
<desc>Farmers' Market</desc>
<sym>Dot</sym>
<type>store</type>
</wpt>
<wpt lat="49.172015" lon="-122.946137">
<name>Subway</name>
<cmt>food</cmt>
<desc>Fast Food / Chain</desc>
<sym>Dot</sym>
<type>food</type>
</wpt>
<wpt lat="49.008445" lon="-123.049435">
<name>Earthwise Society Garden and Farm</name>
<cmt>park</cmt>
<desc>Park / Nature</desc>
<sym>Dot</sym>
<type>rest_area</type>
</wpt>
<wpt lat="49.026584" lon="-123.071078">
<name>Tsawwassen Library</name>
<cmt>library</cmt>
<desc>Library</desc>
<sym>Dot</sym>
<type>info</type>
</wpt>
<wpt lat="49.090461" lon="-123.078898">
<name>Fatburger</name>
<cmt>food</cmt>
<desc>Fast Food / Chain</desc>
<sym>Dot</sym>
<type>food</type>
</wpt>
<wpt lat="49.040976" lon="-123.087665">
<name>Wings</name>
<cmt>food</cmt>
<desc>Restaurant</desc>
<sym>Dot</sym>
<type>food</type>
</wpt>
<wpt lat="49.026633" lon="-123.070899">
<name>BC Liquor Store</name>
<cmt>convenience_store</cmt>
<desc>Liquor Store</desc>
<sym>Dot</sym>
<type>store</type>
</wpt>
<wpt lat="49.026641" lon="-123.069735">
<name>Domino's</name>
<cmt>food</cmt>
<desc>Fast Food / Chain</desc>
<sym>Dot</sym>
<type>food</type>
</wpt>
<wpt lat="49.026642" lon="-123.069610">
<name>Blenz</name>
<cmt>coffee</cmt>
<desc>Café / Coffee</desc>
<sym>Dot</sym>
<type>food</type>
</wpt>
<wpt lat="49.134602" lon="-122.891924">
<name>Starbucks</name>
<cmt>food</cmt>
<desc>Fast Food / Chain</desc>
<sym>Dot</sym>
<type>food</type>
</wpt>
<wpt lat="49.145762" lon="-122.915486">
<name>Sungod Recreation Centre</name>
<cmt>rest_stop</cmt>
<desc>Community Centre</desc>
<sym>Dot</sym>
<type>rest_area</type>
</wpt>
<wpt lat="49.154257" lon="-122.890890">
<name>Tasty Indian Bistro</name>
<cmt>food</cmt>
<desc>Restaurant</desc>
<sym>Dot</sym>
<type>food</type>
</wpt>
<wpt lat="49.040802" lon="-123.087434">
<name>Two Stones Grill</name>
<cmt>food</cmt>
<desc>Restaurant</desc>
<sym>Dot</sym>
<type>food</type>
</wpt>
<wpt lat="49.085709" lon="-123.060927">
<name>Courtyard Cafe</name>
<cmt>coffee</cmt>
<desc>Café / Coffee</desc>
<sym>Dot</sym>
<type>food</type>
</wpt>
<wpt lat="49.091413" lon="-123.078920">
<name>Maguro Sushi</name>
<cmt>food</cmt>
<desc>Restaurant</desc>
<sym>Dot</sym>
<type>food</type>
</wpt>
<wpt lat="49.040741" lon="-123.087388">
<name>Donair Affair</name>
<cmt>food</cmt>
<desc>Restaurant</desc>
<sym>Dot</sym>
<type>food</type>
</wpt>
<wpt lat="49.040701" lon="-123.087358">
<name>Freshii</name>
<cmt>food</cmt>
<desc>Restaurant</desc>
<sym>Dot</sym>
<type>food</type>
</wpt>
<wpt lat="49.134476" lon="-122.891850">
<name>Mary Brown's</name>
<cmt>food</cmt>
<desc>Fast Food / Chain</desc>
<sym>Dot</sym>
<type>food</type>
</wpt>
<wpt lat="49.130862" lon="-122.892615">
<name>Save-On-Foods</name>
<cmt>convenience_store</cmt>
<desc>Grocery Store</desc>
<sym>Dot</sym>
<type>store</type>
</wpt>
<wpt lat="49.026866" lon="-123.068246">
<name>Subway</name>
<cmt>food</cmt>
<desc>Fast Food / Chain</desc>
<sym>Dot</sym>
<type>food</type>
</wpt>
<wpt lat="49.092403" lon="-122.951511">
<name>Vandula Farms</name>
<cmt>convenience_store</cmt>
<desc>Farmers' Market</desc>
<sym>Dot</sym>
<type>store</type>
</wpt>
<wpt lat="49.144911" lon="-122.930896">
<name>Buried Bulldozer</name>
<cmt>viewpoint</cmt>
<desc>Activity / Experience</desc>
<sym>Dot</sym>
<type>overlook</type>
</wpt>
<wpt lat="49.090410" lon="-123.072490">
<name>The Landing Liquor Store</name>
<cmt>convenience_store</cmt>
<desc>Liquor Store</desc>
<sym>Dot</sym>
<type>store</type>
</wpt>
<wpt lat="49.033067" lon="-123.069255">
<name>Browns Socialhouse</name>
<cmt>food</cmt>
<desc>Restaurant</desc>
<sym>Dot</sym>
<type>food</type>
</wpt>
<wpt lat="49.134685" lon="-122.890687">
<name>White Spot</name>
<cmt>food</cmt>
<desc>Fast Food / Chain</desc>
<sym>Dot</sym>
<type>food</type>
</wpt>
<wpt lat="49.090522" lon="-123.072304">
<name>The Landing Pub &amp; Grill</name>
<cmt>bar</cmt>
<desc>Brewery / Pub</desc>
<sym>Dot</sym>
<type>food</type>
</wpt>
<wpt lat="49.027074" lon="-123.068206">
<name>Pizza Factory</name>
<cmt>food</cmt>
<desc>Fast Food / Chain</desc>
<sym>Dot</sym>
<type>food</type>
</wpt>
<wpt lat="49.131383" lon="-122.893085">
<name>BC Liquor Store</name>
<cmt>convenience_store</cmt>
<desc>Liquor Store</desc>
<sym>Dot</sym>
<type>store</type>
</wpt>
<wpt lat="49.156818" lon="-122.905469">
<name>North Delta Centre for the Arts</name>
<cmt>monument</cmt>
<desc>Museum / Gallery</desc>
<sym>Dot</sym>
<type>info</type>
</wpt>
<wpt lat="49.130815" lon="-122.891016">
<name>McDonald's</name>
<cmt>food</cmt>
<desc>Fast Food / Chain</desc>
<sym>Dot</sym>
<type>food</type>
</wpt>
<wpt lat="49.027312" lon="-123.068224">
<name>Sushi Gurume</name>
<cmt>food</cmt>
<desc>Restaurant</desc>
<sym>Dot</sym>
<type>food</type>
</wpt>
<wpt lat="49.154840" lon="-122.912035">
<name>Viti Nordel</name>
<cmt>convenience_store</cmt>
<desc>Liquor Store</desc>
<sym>Dot</sym>
<type>store</type>
</wpt>
<wpt lat="49.154842" lon="-122.911903">
<name>Delta Indian Cuisine</name>
<cmt>food</cmt>
<desc>Restaurant</desc>
<sym>Dot</sym>
<type>food</type>
</wpt>
<wpt lat="49.149560" lon="-122.891927">
<name>D-Plus Pizza</name>
<cmt>food</cmt>
<desc>Fast Food / Chain</desc>
<sym>Dot</sym>
<type>food</type>
</wpt>
<wpt lat="49.149559" lon="-122.891554">
<name>Kumare Restaurant and Bakery</name>
<cmt>coffee</cmt>
<desc>Café / Coffee</desc>
<sym>Dot</sym>
<type>food</type>
</wpt>
<wpt lat="49.149549" lon="-122.890882">
<name>One20 Public House</name>
<cmt>bar</cmt>
<desc>Brewery / Pub</desc>
<sym>Dot</sym>
<type>food</type>
</wpt>
<wpt lat="49.131594" lon="-122.892178">
<name>Pizza Hut</name>
<cmt>food</cmt>
<desc>Fast Food / Chain</desc>
<sym>Dot</sym>
<type>food</type>
</wpt>
<wpt lat="49.155132" lon="-122.913591">
<name>Pho Stanley</name>
<cmt>food</cmt>
<desc>Restaurant</desc>
<sym>Dot</sym>
<type>food</type>
</wpt>
<wpt lat="49.131663" lon="-122.892179">
<name>Mucho Burrito</name>
<cmt>food</cmt>
<desc>Restaurant</desc>
<sym>Dot</sym>
<type>food</type>
</wpt>
<wpt lat="49.155701" lon="-122.913577">
<name>Altmaerker</name>
<cmt>convenience_store</cmt>
<desc>Specialty / Health Food</desc>
<sym>Dot</sym>
<type>store</type>
</wpt>
<wpt lat="49.155605" lon="-122.913578">
<name>Todai Sushi</name>
<cmt>food</cmt>
<desc>Restaurant</desc>
<sym>Dot</sym>
<type>food</type>
</wpt>
<wpt lat="49.169214" lon="-122.958515">
<name>Tim Hortons</name>
<cmt>food</cmt>
<desc>Fast Food / Chain</desc>
<sym>Dot</sym>
<type>food</type>
</wpt>
<wpt lat="49.032216" lon="-123.069306">
<name>M Smart eMobility</name>
<cmt>bike_shop</cmt>
<desc>Repair Shop</desc>
<sym>Dot</sym>
<type>gear</type>
</wpt>
<wpt lat="49.032216" lon="-123.069446">
<name>Pho Fresh</name>
<cmt>food</cmt>
<desc>Restaurant</desc>
<sym>Dot</sym>
<type>food</type>
</wpt>
<wpt lat="49.157125" lon="-122.906654">
<name>North Delta Recreation Centre</name>
<cmt>rest_stop</cmt>
<desc>Community Centre</desc>
<sym>Dot</sym>
<type>rest_area</type>
</wpt>
<wpt lat="49.131834" lon="-122.892179">
<name>Bulk Barn</name>
<cmt>convenience_store</cmt>
<desc>Grocery Store</desc>
<sym>Dot</sym>
<type>store</type>
</wpt>
<wpt lat="49.155575" lon="-122.911605">
<name>Shell Select</name>
<cmt>convenience_store</cmt>
<desc>Convenience Store</desc>
<sym>Dot</sym>
<type>store</type>
</wpt>
<wpt lat="49.155793" lon="-122.912847">
<name>Little Caesars</name>
<cmt>food</cmt>
<desc>Fast Food / Chain</desc>
<sym>Dot</sym>
<type>food</type>
</wpt>
<wpt lat="49.147394" lon="-122.916739">
<name>McKitrick Garden</name>
<cmt>park</cmt>
<desc>Park / Nature</desc>
<sym>Dot</sym>
<type>rest_area</type>
</wpt>
<wpt lat="49.132981" lon="-122.892385">
<name>Walmart Supercentre</name>
<cmt>convenience_store</cmt>
<desc>Grocery Store</desc>
<sym>Dot</sym>
<type>store</type>
</wpt>
<wpt lat="49.156682" lon="-122.912916">
<name>7-Eleven</name>
<cmt>convenience_store</cmt>
<desc>Convenience Store</desc>
<sym>Dot</sym>
<type>store</type>
</wpt>
<wpt lat="49.155751" lon="-122.911588">
<name>Pizza Pizza</name>
<cmt>food</cmt>
<desc>Fast Food / Chain</desc>
<sym>Dot</sym>
<type>food</type>
</wpt>
<wpt lat="49.155789" lon="-122.912670">
<name>Subway</name>
<cmt>food</cmt>
<desc>Fast Food / Chain</desc>
<sym>Dot</sym>
<type>food</type>
</wpt>
<wpt lat="49.132072" lon="-122.890846">
<name>Krispy Kreme</name>
<cmt>food</cmt>
<desc>Fast Food / Chain</desc>
<sym>Dot</sym>
<type>food</type>
</wpt>
<wpt lat="49.155842" lon="-122.911590">
<name>Tim Hortons</name>
<cmt>food</cmt>
<desc>Fast Food / Chain</desc>
<sym>Dot</sym>
<type>food</type>
</wpt>
<wpt lat="49.031487" lon="-123.069160">
<name>Shell</name>
<cmt>convenience_store</cmt>
<desc>Convenience Store</desc>
<sym>Dot</sym>
<type>store</type>
</wpt>
<wpt lat="49.031303" lon="-123.069181">
<name>7-Eleven</name>
<cmt>convenience_store</cmt>
<desc>Convenience Store</desc>
<sym>Dot</sym>
<type>store</type>
</wpt>
<wpt lat="49.031116" lon="-123.069181">
<name>Pizza Hut</name>
<cmt>food</cmt>
<desc>Fast Food / Chain</desc>
<sym>Dot</sym>
<type>food</type>
</wpt>
<wpt lat="49.031038" lon="-123.069180">
<name>Ossie's Deli &amp; Meats</name>
<cmt>food</cmt>
<desc>Fast Food / Chain</desc>
<sym>Dot</sym>
<type>food</type>
</wpt>
<wpt lat="49.030851" lon="-123.069185">
<name>Dairy Queen</name>
<cmt>food</cmt>
<desc>Ice Cream</desc>
<sym>Dot</sym>
<type>food</type>
</wpt>
<wpt lat="49.156572" lon="-122.911933">
<name>George Mackie Library</name>
<cmt>library</cmt>
<desc>Library</desc>
<sym>Dot</sym>
<type>info</type>
</wpt>
<wpt lat="49.118237" lon="-122.931488">
<name>Sunshine Woods Golf Centre</name>
<cmt>food</cmt>
<desc>Restaurant</desc>
<sym>Dot</sym>
<type>food</type>
</wpt>
<wpt lat="49.138319" lon="-123.014493">
<name>Divine Sandwich</name>
<cmt>food</cmt>
<desc>Fast Food / Chain</desc>
<sym>Dot</sym>
<type>food</type>
</wpt>
<wpt lat="49.152150" lon="-122.890119">
<name>IHOP</name>
<cmt>food</cmt>
<desc>Restaurant</desc>
<sym>Dot</sym>
<type>food</type>
</wpt>
<wpt lat="49.152488" lon="-122.890031">
<name>Chongqing</name>
<cmt>food</cmt>
<desc>Restaurant</desc>
<sym>Dot</sym>
<type>food</type>
</wpt>
<wpt lat="49.118799" lon="-122.889987">
<name>Freshslice Pizza</name>
<cmt>food</cmt>
<desc>Fast Food / Chain</desc>
<sym>Dot</sym>
<type>food</type>
</wpt>
<wpt lat="49.151793" lon="-122.889892">
<name>Nutritionally Organics &amp; wellness market</name>
<cmt>convenience_store</cmt>
<desc>Specialty / Health Food</desc>
<sym>Dot</sym>
<type>store</type>
</wpt>
<wpt lat="49.169840" lon="-122.889851">
<name>Thai by Thai</name>
<cmt>food</cmt>
<desc>Restaurant</desc>
<sym>Dot</sym>
<type>food</type>
</wpt>
<wpt lat="49.137595" lon="-122.889528">
<name>On the Run</name>
<cmt>convenience_store</cmt>
<desc>Convenience Store</desc>
<sym>Dot</sym>
<type>store</type>
</wpt>
<wpt lat="49.136311" lon="-122.889943">
<name>Bandra Cafe</name>
<cmt>coffee</cmt>
<desc>Café / Coffee</desc>
<sym>Dot</sym>
<type>food</type>
</wpt>
<wpt lat="49.118770" lon="-122.889297">
<name>Spice of Punjab</name>
<cmt>food</cmt>
<desc>Restaurant</desc>
<sym>Dot</sym>
<type>food</type>
</wpt>
<wpt lat="49.136318" lon="-122.889845">
<name>Pearl Fever</name>
<cmt>coffee</cmt>
<desc>Café / Coffee</desc>
<sym>Dot</sym>
<type>food</type>
</wpt>
<wpt lat="49.119804" lon="-122.889277">
<name>Tim Hortons</name>
<cmt>food</cmt>
<desc>Fast Food / Chain</desc>
<sym>Dot</sym>
<type>food</type>
</wpt>
<wpt lat="49.136321" lon="-122.889757">
<name>Pizza 64</name>
<cmt>food</cmt>
<desc>Fast Food / Chain</desc>
<sym>Dot</sym>
<type>food</type>
</wpt>
<wpt lat="49.136413" lon="-122.889114">
<name>Nando's</name>
<cmt>food</cmt>
<desc>Restaurant</desc>
<sym>Dot</sym>
<type>food</type>
</wpt>
<wpt lat="49.118885" lon="-122.888554">
<name>Porto Fino Express</name>
<cmt>food</cmt>
<desc>Restaurant</desc>
<sym>Dot</sym>
<type>food</type>
</wpt>
<wpt lat="49.118709" lon="-122.888592">
<name>Natural Focus</name>
<cmt>convenience_store</cmt>
<desc>Specialty / Health Food</desc>
<sym>Dot</sym>
<type>store</type>
</wpt>
<wpt lat="49.150902" lon="-122.889065">
<name>Dairy Queen</name>
<cmt>food</cmt>
<desc>Ice Cream</desc>
<sym>Dot</sym>
<type>food</type>
</wpt>
<wpt lat="49.135560" lon="-122.889313">
<name>Five Guys</name>
<cmt>food</cmt>
<desc>Fast Food / Chain</desc>
<sym>Dot</sym>
<type>food</type>
</wpt>
<wpt lat="49.138781" lon="-122.889623">
<name>FreshCo</name>
<cmt>convenience_store</cmt>
<desc>Grocery Store</desc>
<sym>Dot</sym>
<type>store</type>
</wpt>
<wpt lat="49.135478" lon="-122.889118">
<name>Kami Japanese Restaurant</name>
<cmt>food</cmt>
<desc>Restaurant</desc>
<sym>Dot</sym>
<type>food</type>
</wpt>
<wpt lat="49.150374" lon="-122.889656">
<name>Big Bazaar</name>
<cmt>convenience_store</cmt>
<desc>Grocery Store</desc>
<sym>Dot</sym>
<type>store</type>
</wpt>
<wpt lat="49.150248" lon="-122.889940">
<name>Tim Hortons</name>
<cmt>food</cmt>
<desc>Fast Food / Chain</desc>
<sym>Dot</sym>
<type>food</type>
</wpt>
<wpt lat="49.139018" lon="-122.889495">
<name>Krishna's Dosa Palace</name>
<cmt>food</cmt>
<desc>Restaurant</desc>
<sym>Dot</sym>
<type>food</type>
</wpt>
<wpt lat="49.139001" lon="-122.889083">
<name>Apna Chaat House</name>
<cmt>food</cmt>
<desc>Restaurant</desc>
<sym>Dot</sym>
<type>food</type>
</wpt>
<wpt lat="49.135466" lon="-122.887659">
<name>Winners</name>
<cmt>convenience_store</cmt>
<desc>Grocery Store</desc>
<sym>Dot</sym>
<type>store</type>
</wpt>
<wpt lat="49.172875" lon="-122.889788">
<name>Kathmandu Bar &amp; Grill</name>
<cmt>food</cmt>
<desc>Restaurant</desc>
<sym>Dot</sym>
<type>food</type>
</wpt>
<wpt lat="49.134271" lon="-122.889590">
<name>Spice 72 Indian Bistro and Lounge</name>
<cmt>food</cmt>
<desc>Restaurant</desc>
<sym>Dot</sym>
<type>food</type>
</wpt>
<wpt lat="49.134334" lon="-122.888949">
<name>Jollibee</name>
<cmt>food</cmt>
<desc>Fast Food / Chain</desc>
<sym>Dot</sym>
<type>food</type>
</wpt>
<wpt lat="49.130795" lon="-122.889711">
<name>Fruiticana</name>
<cmt>convenience_store</cmt>
<desc>Grocery Store</desc>
<sym>Dot</sym>
<type>store</type>
</wpt>
<wpt lat="49.130850" lon="-122.889709">
<name>Masala Junction</name>
<cmt>food</cmt>
<desc>Restaurant</desc>
<sym>Dot</sym>
<type>food</type>
</wpt>
<wpt lat="49.134323" lon="-122.888526">
<name>Quiznos</name>
<cmt>food</cmt>
<desc>Fast Food / Chain</desc>
<sym>Dot</sym>
<type>food</type>
</wpt>
<wpt lat="49.155380" lon="-122.890032">
<name>Freshslice Pizza</name>
<cmt>food</cmt>
<desc>Fast Food / Chain</desc>
<sym>Dot</sym>
<type>food</type>
</wpt>
<wpt lat="49.173766" lon="-122.889775">
<name>Kerala Kitchen</name>
<cmt>food</cmt>
<desc>Restaurant</desc>
<sym>Dot</sym>
<type>food</type>
</wpt>
<wpt lat="49.133684" lon="-122.889990">
<name>Sirka Gourmet Takeout</name>
<cmt>food</cmt>
<desc>Restaurant</desc>
<sym>Dot</sym>
<type>food</type>
</wpt>
<wpt lat="49.134323" lon="-122.887236">
<name>KFC</name>
<cmt>food</cmt>
<desc>Fast Food / Chain</desc>
<sym>Dot</sym>
<type>food</type>
</wpt>
<wpt lat="49.148974" lon="-122.888652">
<name>Fruiticana</name>
<cmt>convenience_store</cmt>
<desc>Grocery Store</desc>
<sym>Dot</sym>
<type>store</type>
</wpt>
<wpt lat="49.137368" lon="-122.885061">
<name>Strawberry Hill Branch</name>
<cmt>library</cmt>
<desc>Library</desc>
<sym>Dot</sym>
<type>info</type>
</wpt>
<wpt lat="49.134257" lon="-122.886722">
<name>A&amp;W</name>
<cmt>food</cmt>
<desc>Fast Food / Chain</desc>
<sym>Dot</sym>
<type>food</type>
</wpt>
<wpt lat="49.174190" lon="-122.889826">
<name>Wendy's</name>
<cmt>food</cmt>
<desc>Fast Food / Chain</desc>
<sym>Dot</sym>
<type>food</type>
</wpt>
<wpt lat="49.134347" lon="-122.886334">
<name>Chipotle</name>
<cmt>food</cmt>
<desc>Fast Food / Chain</desc>
<sym>Dot</sym>
<type>food</type>
</wpt>
<wpt lat="49.156266" lon="-122.889970">
<name>Church's Chicken</name>
<cmt>food</cmt>
<desc>Fast Food / Chain</desc>
<sym>Dot</sym>
<type>food</type>
</wpt>
<wpt lat="49.134327" lon="-122.885960">
<name>Tim Hortons</name>
<cmt>food</cmt>
<desc>Fast Food / Chain</desc>
<sym>Dot</sym>
<type>food</type>
</wpt>
<wpt lat="49.156269" lon="-122.889632">
<name>Select Pizza</name>
<cmt>food</cmt>
<desc>Fast Food / Chain</desc>
<sym>Dot</sym>
<type>food</type>
</wpt>
<wpt lat="49.148206" lon="-122.889684">
<name>Fast Fired</name>
<cmt>food</cmt>
<desc>Fast Food / Chain</desc>
<sym>Dot</sym>
<type>food</type>
</wpt>
<wpt lat="49.148163" lon="-122.889751">
<name>Popeyes</name>
<cmt>food</cmt>
<desc>Fast Food / Chain</desc>
<sym>Dot</sym>
<type>food</type>
</wpt>
<wpt lat="49.165986" lon="-122.889936">
<name>Taco Time</name>
<cmt>food</cmt>
<desc>Fast Food / Chain</desc>
<sym>Dot</sym>
<type>food</type>
</wpt>
<wpt lat="49.042879" lon="-123.086930">
<name>Canadian Tire</name>
<cmt>convenience_store</cmt>
<desc>General merchandise</desc>
<sym>Dot</sym>
<type>store</type>
</wpt>
<wpt lat="49.040488" lon="-123.089797">
<name>Tim Hortons</name>
<cmt>food</cmt>
<desc>Fast Food / Chain</desc>
<sym>Dot</sym>
<type>food</type>
</wpt>
<wpt lat="49.042696" lon="-123.081185">
<name>Walmart</name>
<cmt>convenience_store</cmt>
<desc>Grocery Store</desc>
<sym>Dot</sym>
<type>store</type>
</wpt>
<wpt lat="49.038996" lon="-123.089553">
<name>Shell</name>
<cmt>convenience_store</cmt>
<desc>Convenience Store</desc>
<sym>Dot</sym>
<type>store</type>
</wpt>
<wpt lat="49.040450" lon="-123.089029">
<name>Metro Liquor</name>
<cmt>convenience_store</cmt>
<desc>Liquor Store</desc>
<sym>Dot</sym>
<type>store</type>
</wpt>
<wpt lat="49.039904" lon="-123.088862">
<name>Arby's</name>
<cmt>food</cmt>
<desc>Fast Food / Chain</desc>
<sym>Dot</sym>
<type>food</type>
</wpt>
<wpt lat="49.036688" lon="-123.088846">
<name>Winners</name>
<cmt>convenience_store</cmt>
<desc>Grocery Store</desc>
<sym>Dot</sym>
<type>store</type>
</wpt>
<wpt lat="49.041992" lon="-123.083045">
<name>A&amp;W</name>
<cmt>food</cmt>
<desc>Fast Food / Chain</desc>
<sym>Dot</sym>
<type>food</type>
</wpt>
<wpt lat="49.040790" lon="-123.088640">
<name>Noodlebox</name>
<cmt>food</cmt>
<desc>Restaurant</desc>
<sym>Dot</sym>
<type>food</type>
</wpt>
<wpt lat="49.041718" lon="-123.083044">
<name>Mucho Burrito</name>
<cmt>food</cmt>
<desc>Fast Food / Chain</desc>
<sym>Dot</sym>
<type>food</type>
</wpt>
<wpt lat="49.041688" lon="-123.086061">
<name>Firehouse Subs</name>
<cmt>food</cmt>
<desc>Fast Food / Chain</desc>
<sym>Dot</sym>
<type>food</type>
</wpt>
<wpt lat="49.037460" lon="-123.088146">
<name>Marshalls</name>
<cmt>convenience_store</cmt>
<desc>Grocery Store</desc>
<sym>Dot</sym>
<type>store</type>
</wpt>
<wpt lat="49.041599" lon="-123.083045">
<name>De Dutch</name>
<cmt>food</cmt>
<desc>Restaurant</desc>
<sym>Dot</sym>
<type>food</type>
</wpt>
<wpt lat="49.039167" lon="-123.082491">
<name>Kernels Popcorn</name>
<cmt>food</cmt>
<desc>Fast Food / Chain</desc>
<sym>Dot</sym>
<type>food</type>
</wpt>
<wpt lat="49.039484" lon="-123.082493">
<name>South Street Burger</name>
<cmt>food</cmt>
<desc>Fast Food / Chain</desc>
<sym>Dot</sym>
<type>food</type>
</wpt>
<wpt lat="49.039282" lon="-123.082500">
<name>Chai Samosa</name>
<cmt>food</cmt>
<desc>Restaurant</desc>
<sym>Dot</sym>
<type>food</type>
</wpt>
<wpt lat="49.039589" lon="-123.082537">
<name>Tim Hortons</name>
<cmt>food</cmt>
<desc>Fast Food / Chain</desc>
<sym>Dot</sym>
<type>food</type>
</wpt>
<wpt lat="49.040447" lon="-123.087877">
<name>Wendy's</name>
<cmt>food</cmt>
<desc>Fast Food / Chain</desc>
<sym>Dot</sym>
<type>food</type>
</wpt>
<wpt lat="49.038800" lon="-123.082715">
<name>Starbucks</name>
<cmt>food</cmt>
<desc>Fast Food / Chain</desc>
<sym>Dot</sym>
<type>food</type>
</wpt>
<wpt lat="49.041377" lon="-123.086926">
<name>Starbucks</name>
<cmt>food</cmt>
<desc>Fast Food / Chain</desc>
<sym>Dot</sym>
<type>food</type>
</wpt>
<wpt lat="49.039439" lon="-123.082786">
<name>Togo Sushi</name>
<cmt>food</cmt>
<desc>Restaurant</desc>
<sym>Dot</sym>
<type>food</type>
</wpt>
<wpt lat="49.039536" lon="-123.082790">
<name>Mr. Pretzels</name>
<cmt>food</cmt>
<desc>Fast Food / Chain</desc>
<sym>Dot</sym>
<type>food</type>
</wpt>
<wpt lat="49.039586" lon="-123.082791">
<name>Jugo Juice</name>
<cmt>food</cmt>
<desc>Fast Food / Chain</desc>
<sym>Dot</sym>
<type>food</type>
</wpt>
<wpt lat="49.039078" lon="-123.082841">
<name>CoCo Fresh Tea &amp; Juice</name>
<cmt>coffee</cmt>
<desc>Café / Coffee</desc>
<sym>Dot</sym>
<type>food</type>
</wpt>
<wpt lat="49.039519" lon="-123.083078">
<name>Daruma</name>
<cmt>food</cmt>
<desc>Restaurant</desc>
<sym>Dot</sym>
<type>food</type>
</wpt>
<wpt lat="49.040663" lon="-123.087324">
<name>Simply Pho</name>
<cmt>food</cmt>
<desc>Restaurant</desc>
<sym>Dot</sym>
<type>food</type>
</wpt>
<wpt lat="49.040605" lon="-123.087281">
<name>Booster Juice</name>
<cmt>food</cmt>
<desc>Fast Food / Chain</desc>
<sym>Dot</sym>
<type>food</type>
</wpt>
<wpt lat="49.040552" lon="-123.087238">
<name>Subway</name>
<cmt>food</cmt>
<desc>Fast Food / Chain</desc>
<sym>Dot</sym>
<type>food</type>
</wpt>
<wpt lat="49.038086" lon="-123.084720">
<name>Elements Outfitters</name>
<cmt>convenience_store</cmt>
<desc>Outdoor Gear</desc>
<sym>Dot</sym>
<type>store</type>
</wpt>
<wpt lat="49.037999" lon="-123.086867">
<name>Yogen Früz</name>
<cmt>food</cmt>
<desc>Ice Cream</desc>
<sym>Dot</sym>
<type>food</type>
</wpt>
<wpt lat="49.037851" lon="-123.085920">
<name>Freshly Squeezed</name>
<cmt>food</cmt>
<desc>Fast Food / Chain</desc>
<sym>Dot</sym>
<type>food</type>
</wpt>
<wpt lat="49.038185" lon="-123.086512">
<name>Presotea</name>
<cmt>coffee</cmt>
<desc>Café / Coffee</desc>
<sym>Dot</sym>
<type>food</type>
</wpt>
<wpt lat="49.038116" lon="-123.085634">
<name>New York Fries</name>
<cmt>food</cmt>
<desc>Fast Food / Chain</desc>
<sym>Dot</sym>
<type>food</type>
</wpt>
<wpt lat="49.038047" lon="-123.086356">
<name>Chachi's</name>
<cmt>food</cmt>
<desc>Fast Food / Chain</desc>
<sym>Dot</sym>
<type>food</type>
</wpt>
<wpt lat="49.037924" lon="-123.086202">
<name>A&amp;W</name>
<cmt>food</cmt>
<desc>Fast Food / Chain</desc>
<sym>Dot</sym>
<type>food</type>
</wpt>
<wpt lat="49.038002" lon="-123.086301">
<name>Bourbon St. Grill</name>
<cmt>food</cmt>
<desc>Fast Food / Chain</desc>
<sym>Dot</sym>
<type>food</type>
</wpt>
<wpt lat="49.037962" lon="-123.086249">
<name>Hula Poke</name>
<cmt>food</cmt>
<desc>Restaurant</desc>
<sym>Dot</sym>
<type>food</type>
</wpt>
<wpt lat="49.038209" lon="-123.085750">
<name>Opa! Of Greece</name>
<cmt>food</cmt>
<desc>Restaurant</desc>
<sym>Dot</sym>
<type>food</type>
</wpt>
<wpt lat="49.038417" lon="-123.086202">
<name>Crepe Delicious</name>
<cmt>food</cmt>
<desc>Restaurant</desc>
<sym>Dot</sym>
<type>food</type>
</wpt>
<wpt lat="49.038258" lon="-123.085805">
<name>KFC</name>
<cmt>food</cmt>
<desc>Fast Food / Chain</desc>
<sym>Dot</sym>
<type>food</type>
</wpt>
<wpt lat="49.038298" lon="-123.085858">
<name>Shanghai 360</name>
<cmt>food</cmt>
<desc>Fast Food / Chain</desc>
<sym>Dot</sym>
<type>food</type>
</wpt>
<wpt lat="49.038331" lon="-123.085901">
<name>Edo Japan</name>
<cmt>food</cmt>
<desc>Fast Food / Chain</desc>
<sym>Dot</sym>
<type>food</type>
</wpt>
<wpt lat="49.038502" lon="-123.085923">
<name>Menbow Ramen Bar</name>
<cmt>food</cmt>
<desc>Fast Food / Chain</desc>
<sym>Dot</sym>
<type>food</type>
</wpt>
<wpt lat="49.033064" lon="-123.092280">
<name>Big Splash Water Slide Park</name>
<cmt>park</cmt>
<desc>Park / Nature</desc>
<sym>Dot</sym>
<type>rest_area</type>
</wpt>
<wpt lat="49.007121" lon="-123.047484">
<name>Four Winds Beach House &amp; Brewery</name>
<cmt>bar</cmt>
<desc>Brewery / Pub</desc>
<sym>Dot</sym>
<type>food</type>
</wpt>
<wpt lat="49.036014" lon="-123.088186">
<name>Big Orange</name>
<cmt>coffee</cmt>
<desc>Café / Coffee</desc>
<sym>Dot</sym>
<type>food</type>
</wpt>
<wpt lat="49.033520" lon="-123.095712">
<name>ParkCanada RV Park</name>
<cmt>camping</cmt>
<desc>Private Campground</desc>
<sym>Dot</sym>
<type>campsite</type>
</wpt>
<wpt lat="49.038164" lon="-123.085700">
<name>California Thai</name>
<cmt>food</cmt>
<desc>Restaurant</desc>
<sym>Dot</sym>
<type>food</type>
</wpt>
<trk><name>Delta Community Routes</name>
<trkseg>
<trkpt lat="49.013961" lon="-123.119481"/>
<trkpt lat="49.016539" lon="-123.115841"/>
<trkpt lat="49.017531" lon="-123.114440"/>
<trkpt lat="49.026216" lon="-123.102155"/>
<trkpt lat="49.028580" lon="-123.098250"/>
<trkpt lat="49.029093" lon="-123.097208"/>
<trkpt lat="49.030330" lon="-123.094686"/>
<trkpt lat="49.031318" lon="-123.092669"/>
</trkseg>
<trkseg>
<trkpt lat="49.031318" lon="-123.092669"/>
<trkpt lat="49.031983" lon="-123.091222"/>
<trkpt lat="49.032622" lon="-123.089872"/>
<trkpt lat="49.032679" lon="-123.089763"/>
<trkpt lat="49.036698" lon="-123.081353"/>
<trkpt lat="49.037013" lon="-123.080670"/>
</trkseg>
<trkseg>
<trkpt lat="49.037013" lon="-123.080670"/>
<trkpt lat="49.037109" lon="-123.079947"/>
<trkpt lat="49.036409" lon="-123.079719"/>
</trkseg>
<trkseg>
<trkpt lat="49.036409" lon="-123.079719"/>
<trkpt lat="49.037358" lon="-123.079744"/>
<trkpt lat="49.037443" lon="-123.079746"/>
</trkseg>
<trkseg>
<trkpt lat="49.037443" lon="-123.079746"/>
<trkpt lat="49.037013" lon="-123.080670"/>
</trkseg>
<trkseg>
<trkpt lat="49.037365" lon="-123.080298"/>
<trkpt lat="49.038193" lon="-123.079767"/>
</trkseg>
<trkseg>
<trkpt lat="49.038193" lon="-123.079767"/>
<trkpt lat="49.039151" lon="-123.079768"/>
</trkseg>
<trkseg>
<trkpt lat="49.039151" lon="-123.079768"/>
<trkpt lat="49.040600" lon="-123.079711"/>
<trkpt lat="49.041403" lon="-123.079702"/>
<trkpt lat="49.042840" lon="-123.079723"/>
</trkseg>
<trkseg>
<trkpt lat="49.042840" lon="-123.079723"/>
<trkpt lat="49.041404" lon="-123.079869"/>
<trkpt lat="49.041092" lon="-123.079874"/>
<trkpt lat="49.039151" lon="-123.079768"/>
</trkseg>
<trkseg>
<trkpt lat="49.038193" lon="-123.079767"/>
<trkpt lat="49.037630" lon="-123.079752"/>
</trkseg>
<trkseg>
<trkpt lat="49.037630" lon="-123.079752"/>
<trkpt lat="49.036673" lon="-123.081725"/>
<trkpt lat="49.033574" lon="-123.088166"/>
<trkpt lat="49.032783" lon="-123.089872"/>
<trkpt lat="49.032726" lon="-123.089989"/>
<trkpt lat="49.032512" lon="-123.090435"/>
<trkpt lat="49.031690" lon="-123.092108"/>
<trkpt lat="49.031318" lon="-123.092669"/>
</trkseg>
<trkseg>
<trkpt lat="49.032758" lon="-123.090334"/>
<trkpt lat="49.037568" lon="-123.090506"/>
<trkpt lat="49.037682" lon="-123.090506"/>
<trkpt lat="49.042994" lon="-123.090512"/>
<trkpt lat="49.043162" lon="-123.090514"/>
<trkpt lat="49.043158" lon="-123.090107"/>
<trkpt lat="49.043234" lon="-123.079709"/>
</trkseg>
<trkseg>
<trkpt lat="49.043197" lon="-123.079845"/>
<trkpt lat="49.043053" lon="-123.079837"/>
<trkpt lat="49.043037" lon="-123.079837"/>
<trkpt lat="49.043028" lon="-123.079851"/>
<trkpt lat="49.042980" lon="-123.079922"/>
<trkpt lat="49.041497" lon="-123.079974"/>
<trkpt lat="49.041368" lon="-123.079975"/>
<trkpt lat="49.041309" lon="-123.079976"/>
<trkpt lat="49.041216" lon="-123.080086"/>
<trkpt lat="49.041209" lon="-123.080094"/>
<trkpt lat="49.037703" lon="-123.080087"/>
<trkpt lat="49.037672" lon="-123.079977"/>
<trkpt lat="49.037644" lon="-123.079954"/>
<trkpt lat="49.037279" lon="-123.079961"/>
<trkpt lat="49.037250" lon="-123.079963"/>
<trkpt lat="49.037178" lon="-123.080015"/>
<trkpt lat="49.037074" lon="-123.080087"/>
<trkpt lat="49.036749" lon="-123.079911"/>
<trkpt lat="49.036188" lon="-123.079934"/>
<trkpt lat="49.036023" lon="-123.079940"/>
<trkpt lat="49.035891" lon="-123.079939"/>
<trkpt lat="49.032128" lon="-123.079886"/>
<trkpt lat="49.032005" lon="-123.079881"/>
<trkpt lat="49.032041" lon="-123.079616"/>
</trkseg>
<trkseg>
<trkpt lat="49.032041" lon="-123.079616"/>
<trkpt lat="49.032079" lon="-123.079678"/>
<trkpt lat="49.032087" lon="-123.079884"/>
</trkseg>
<trkseg>
<trkpt lat="49.032121" lon="-123.079732"/>
<trkpt lat="49.031948" lon="-123.079684"/>
<trkpt lat="49.031365" lon="-123.079684"/>
<trkpt lat="49.030613" lon="-123.079743"/>
</trkseg>
<trkseg>
<trkpt lat="49.030613" lon="-123.079743"/>
<trkpt lat="49.028654" lon="-123.079849"/>
</trkseg>
<trkseg>
<trkpt lat="49.028654" lon="-123.079849"/>
<trkpt lat="49.029458" lon="-123.078076"/>
<trkpt lat="49.031356" lon="-123.076006"/>
<trkpt lat="49.031381" lon="-123.075347"/>
</trkseg>
<trkseg>
<trkpt lat="49.031381" lon="-123.075347"/>
<trkpt lat="49.024690" lon="-123.075464"/>
</trkseg>
<trkseg>
<trkpt lat="49.024690" lon="-123.075464"/>
<trkpt lat="49.024692" lon="-123.076240"/>
<trkpt lat="49.024699" lon="-123.079774"/>
</trkseg>
<trkseg>
<trkpt lat="49.024699" lon="-123.079774"/>
<trkpt lat="49.025381" lon="-123.079771"/>
<trkpt lat="49.028176" lon="-123.079799"/>
<trkpt lat="49.028358" lon="-123.079819"/>
<trkpt lat="49.028654" lon="-123.079849"/>
</trkseg>
<trkseg>
<trkpt lat="49.030613" lon="-123.079743"/>
<trkpt lat="49.031651" lon="-123.079792"/>
<trkpt lat="49.031923" lon="-123.079792"/>
<trkpt lat="49.032121" lon="-123.079732"/>
</trkseg>
<trkseg>
<trkpt lat="49.032121" lon="-123.079732"/>
<trkpt lat="49.032560" lon="-123.079708"/>
<trkpt lat="49.035753" lon="-123.079666"/>
<trkpt lat="49.036409" lon="-123.079719"/>
</trkseg>
<trkseg>
<trkpt lat="49.036409" lon="-123.079719"/>
<trkpt lat="49.037637" lon="-123.079339"/>
</trkseg>
<trkseg>
<trkpt lat="49.037637" lon="-123.079339"/>
<trkpt lat="49.037443" lon="-123.079746"/>
</trkseg>
<trkseg>
<trkpt lat="49.037443" lon="-123.079746"/>
<trkpt lat="49.037630" lon="-123.079752"/>
</trkseg>
<trkseg>
<trkpt lat="49.037630" lon="-123.079752"/>
<trkpt lat="49.038053" lon="-123.078879"/>
</trkseg>
<trkseg>
<trkpt lat="49.038053" lon="-123.078879"/>
<trkpt lat="49.037925" lon="-123.079483"/>
<trkpt lat="49.038193" lon="-123.079767"/>
</trkseg>
<trkseg>
<trkpt lat="49.038053" lon="-123.078879"/>
<trkpt lat="49.042073" lon="-123.070537"/>
<trkpt lat="49.042800" lon="-123.069061"/>
<trkpt lat="49.042952" lon="-123.068684"/>
</trkseg>
<trkseg>
<trkpt lat="49.042952" lon="-123.068684"/>
<trkpt lat="49.043225" lon="-123.068153"/>
<trkpt lat="49.045649" lon="-123.063146"/>
<trkpt lat="49.047332" lon="-123.060535"/>
<trkpt lat="49.049694" lon="-123.058475"/>
<trkpt lat="49.051925" lon="-123.057577"/>
<trkpt lat="49.054699" lon="-123.057378"/>
</trkseg>
<trkseg>
<trkpt lat="49.054699" lon="-123.057378"/>
<trkpt lat="49.056770" lon="-123.056843"/>
<trkpt lat="49.058833" lon="-123.055020"/>
<trkpt lat="49.059595" lon="-123.053571"/>
<trkpt lat="49.059907" lon="-123.051714"/>
<trkpt lat="49.059594" lon="-123.047853"/>
<trkpt lat="49.059556" lon="-123.044181"/>
<trkpt lat="49.059808" lon="-123.041501"/>
<trkpt lat="49.060472" lon="-123.039386"/>
<trkpt lat="49.061417" lon="-123.037813"/>
<trkpt lat="49.062619" lon="-123.036709"/>
<trkpt lat="49.064097" lon="-123.036137"/>
<trkpt lat="49.077500" lon="-123.036050"/>
<trkpt lat="49.079415" lon="-123.035604"/>
<trkpt lat="49.081221" lon="-123.034098"/>
<trkpt lat="49.082044" lon="-123.032798"/>
<trkpt lat="49.082925" lon="-123.030461"/>
<trkpt lat="49.083497" lon="-123.027059"/>
<trkpt lat="49.084283" lon="-123.025619"/>
<trkpt lat="49.085783" lon="-123.024713"/>
<trkpt lat="49.088522" lon="-123.024676"/>
<trkpt lat="49.090072" lon="-123.025084"/>
</trkseg>
<trkseg>
<trkpt lat="49.090072" lon="-123.025084"/>
<trkpt lat="49.090137" lon="-123.040414"/>
<trkpt lat="49.090141" lon="-123.044126"/>
</trkseg>
<trkseg>
<trkpt lat="49.090141" lon="-123.044126"/>
<trkpt lat="49.090173" lon="-123.044704"/>
<trkpt lat="49.090174" lon="-123.045222"/>
<trkpt lat="49.090150" lon="-123.046248"/>
</trkseg>
<trkseg>
<trkpt lat="49.090150" lon="-123.046248"/>
<trkpt lat="49.090154" lon="-123.047658"/>
<trkpt lat="49.090151" lon="-123.049636"/>
<trkpt lat="49.090158" lon="-123.051145"/>
</trkseg>
<trkseg>
<trkpt lat="49.090158" lon="-123.051145"/>
<trkpt lat="49.090164" lon="-123.053564"/>
</trkseg>
<trkseg>
<trkpt lat="49.090164" lon="-123.053564"/>
<trkpt lat="49.090104" lon="-123.056452"/>
</trkseg>
<trkseg>
<trkpt lat="49.090104" lon="-123.056452"/>
<trkpt lat="49.090112" lon="-123.056887"/>
</trkseg>
<trkseg>
<trkpt lat="49.090112" lon="-123.056887"/>
<trkpt lat="49.090119" lon="-123.057118"/>
</trkseg>
<trkseg>
<trkpt lat="49.090119" lon="-123.057118"/>
<trkpt lat="49.090126" lon="-123.057652"/>
</trkseg>
<trkseg>
<trkpt lat="49.090126" lon="-123.057652"/>
<trkpt lat="49.090125" lon="-123.058198"/>
<trkpt lat="49.090133" lon="-123.059621"/>
<trkpt lat="49.090142" lon="-123.062901"/>
</trkseg>
<trkseg>
<trkpt lat="49.090142" lon="-123.062901"/>
<trkpt lat="49.087968" lon="-123.062932"/>
<trkpt lat="49.087750" lon="-123.062942"/>
<trkpt lat="49.087554" lon="-123.062950"/>
<trkpt lat="49.086451" lon="-123.063957"/>
<trkpt lat="49.084901" lon="-123.064152"/>
<trkpt lat="49.084819" lon="-123.064209"/>
<trkpt lat="49.084368" lon="-123.064823"/>
<trkpt lat="49.084198" lon="-123.065359"/>
</trkseg>
<trkseg>
<trkpt lat="49.084198" lon="-123.065359"/>
<trkpt lat="49.084126" lon="-123.065514"/>
<trkpt lat="49.083532" lon="-123.066786"/>
<trkpt lat="49.083306" lon="-123.067797"/>
<trkpt lat="49.083302" lon="-123.072757"/>
<trkpt lat="49.083061" lon="-123.075159"/>
</trkseg>
<trkseg>
<trkpt lat="49.083061" lon="-123.075159"/>
<trkpt lat="49.084100" lon="-123.074966"/>
<trkpt lat="49.084590" lon="-123.075797"/>
<trkpt lat="49.085477" lon="-123.075921"/>
<trkpt lat="49.089879" lon="-123.075859"/>
<trkpt lat="49.090227" lon="-123.075849"/>
<trkpt lat="49.090558" lon="-123.075846"/>
<trkpt lat="49.094908" lon="-123.075881"/>
<trkpt lat="49.095879" lon="-123.079741"/>
</trkseg>
<trkseg>
<trkpt lat="49.095879" lon="-123.079741"/>
<trkpt lat="49.092222" lon="-123.083836"/>
<trkpt lat="49.092059" lon="-123.084057"/>
<trkpt lat="49.091926" lon="-123.084247"/>
</trkseg>
<trkseg>
<trkpt lat="49.090015" lon="-123.082010"/>
<trkpt lat="49.089389" lon="-123.082739"/>
<trkpt lat="49.089254" lon="-123.086757"/>
<trkpt lat="49.089275" lon="-123.091536"/>
<trkpt lat="49.089281" lon="-123.093994"/>
<trkpt lat="49.088974" lon="-123.094966"/>
</trkseg>
<trkseg>
<trkpt lat="49.088974" lon="-123.094966"/>
<trkpt lat="49.086483" lon="-123.102547"/>
<trkpt lat="49.084591" lon="-123.108601"/>
</trkseg>
<trkseg>
<trkpt lat="49.084591" lon="-123.108601"/>
<trkpt lat="49.084574" lon="-123.113692"/>
<trkpt lat="49.085315" lon="-123.118429"/>
<trkpt lat="49.085145" lon="-123.120717"/>
<trkpt lat="49.083020" lon="-123.122585"/>
<trkpt lat="49.082200" lon="-123.124345"/>
<trkpt lat="49.079371" lon="-123.126178"/>
</trkseg>
<trkseg>
<trkpt lat="49.079371" lon="-123.126178"/>
<trkpt lat="49.079456" lon="-123.126452"/>
<trkpt lat="49.080168" lon="-123.128228"/>
<trkpt lat="49.080568" lon="-123.129227"/>
<trkpt lat="49.080814" lon="-123.129842"/>
<trkpt lat="49.081001" lon="-123.130309"/>
<trkpt lat="49.091011" lon="-123.155099"/>
<trkpt lat="49.092354" lon="-123.158435"/>
<trkpt lat="49.090437" lon="-123.160495"/>
<trkpt lat="49.090441" lon="-123.165865"/>
<trkpt lat="49.097349" lon="-123.165986"/>
</trkseg>
<trkseg>
<trkpt lat="49.079371" lon="-123.126178"/>
<trkpt lat="49.076571" lon="-123.128066"/>
<trkpt lat="49.073774" lon="-123.131388"/>
<trkpt lat="49.071573" lon="-123.135053"/>
<trkpt lat="49.070094" lon="-123.139828"/>
<trkpt lat="49.069353" lon="-123.145460"/>
<trkpt lat="49.068468" lon="-123.149092"/>
<trkpt lat="49.068121" lon="-123.151820"/>
<trkpt lat="49.068214" lon="-123.151951"/>
<trkpt lat="49.068057" lon="-123.155273"/>
<trkpt lat="49.067340" lon="-123.157019"/>
<trkpt lat="49.066122" lon="-123.158143"/>
<trkpt lat="49.064530" lon="-123.157703"/>
<trkpt lat="49.063142" lon="-123.154311"/>
<trkpt lat="49.062386" lon="-123.150286"/>
<trkpt lat="49.061505" lon="-123.147286"/>
<trkpt lat="49.059587" lon="-123.144519"/>
<trkpt lat="49.057816" lon="-123.139829"/>
<trkpt lat="49.055670" lon="-123.135638"/>
<trkpt lat="49.053930" lon="-123.130656"/>
<trkpt lat="49.053971" lon="-123.130619"/>
<trkpt lat="49.054022" lon="-123.130594"/>
<trkpt lat="49.054108" lon="-123.130556"/>
</trkseg>
<trkseg>
<trkpt lat="49.048670" lon="-123.114338"/>
<trkpt lat="49.047209" lon="-123.111228"/>
<trkpt lat="49.045793" lon="-123.111077"/>
<trkpt lat="49.043241" lon="-123.109068"/>
<trkpt lat="49.040280" lon="-123.108627"/>
<trkpt lat="49.038403" lon="-123.106972"/>
<trkpt lat="49.034922" lon="-123.099153"/>
<trkpt lat="49.033854" lon="-123.099242"/>
<trkpt lat="49.033576" lon="-123.099846"/>
<trkpt lat="49.033530" lon="-123.099844"/>
<trkpt lat="49.033319" lon="-123.099837"/>
<trkpt lat="49.033272" lon="-123.099835"/>
<trkpt lat="49.032379" lon="-123.100773"/>
<trkpt lat="49.029983" lon="-123.100501"/>
<trkpt lat="49.028548" lon="-123.101344"/>
<trkpt lat="49.027176" lon="-123.101602"/>
</trkseg>
<trkseg>
<trkpt lat="49.035652" lon="-123.100838"/>
<trkpt lat="49.035725" lon="-123.100760"/>
<trkpt lat="49.037173" lon="-123.099434"/>
<trkpt lat="49.037617" lon="-123.098577"/>
<trkpt lat="49.037680" lon="-123.097869"/>
<trkpt lat="49.037747" lon="-123.097320"/>
<trkpt lat="49.037741" lon="-123.093399"/>
<trkpt lat="49.037738" lon="-123.093169"/>
<trkpt lat="49.037718" lon="-123.091751"/>
<trkpt lat="49.037716" lon="-123.091550"/>
<trkpt lat="49.037718" lon="-123.090483"/>
</trkseg>
<trkseg>
<trkpt lat="49.043160" lon="-123.090364"/>
<trkpt lat="49.043945" lon="-123.090362"/>
<trkpt lat="49.045092" lon="-123.090364"/>
</trkseg>
<trkseg>
<trkpt lat="49.045092" lon="-123.090364"/>
<trkpt lat="49.051169" lon="-123.090365"/>
<trkpt lat="49.052136" lon="-123.090969"/>
<trkpt lat="49.052331" lon="-123.091241"/>
</trkseg>
<trkseg>
<trkpt lat="49.052331" lon="-123.091241"/>
<trkpt lat="49.052735" lon="-123.092583"/>
<trkpt lat="49.052749" lon="-123.096535"/>
<trkpt lat="49.052776" lon="-123.098150"/>
<trkpt lat="49.052884" lon="-123.109214"/>
</trkseg>
<trkseg>
<trkpt lat="49.052884" lon="-123.109214"/>
<trkpt lat="49.052880" lon="-123.110057"/>
</trkseg>
<trkseg>
<trkpt lat="49.052880" lon="-123.110057"/>
<trkpt lat="49.053376" lon="-123.110026"/>
</trkseg>
<trkseg>
<trkpt lat="49.053376" lon="-123.110026"/>
<trkpt lat="49.054553" lon="-123.109982"/>
<trkpt lat="49.055428" lon="-123.109979"/>
</trkseg>
<trkseg>
<trkpt lat="49.055428" lon="-123.109979"/>
<trkpt lat="49.054459" lon="-123.110132"/>
<trkpt lat="49.052882" lon="-123.110191"/>
<trkpt lat="49.052880" lon="-123.110057"/>
</trkseg>
<trkseg>
<trkpt lat="49.053376" lon="-123.110026"/>
<trkpt lat="49.052884" lon="-123.109214"/>
</trkseg>
<trkseg>
<trkpt lat="49.055428" lon="-123.109979"/>
<trkpt lat="49.055747" lon="-123.109954"/>
<trkpt lat="49.055955" lon="-123.109949"/>
<trkpt lat="49.057849" lon="-123.109907"/>
<trkpt lat="49.059197" lon="-123.109911"/>
<trkpt lat="49.060363" lon="-123.109917"/>
<trkpt lat="49.060718" lon="-123.109921"/>
<trkpt lat="49.061082" lon="-123.109920"/>
<trkpt lat="49.061916" lon="-123.109820"/>
<trkpt lat="49.084591" lon="-123.108601"/>
</trkseg>
<trkseg>
<trkpt lat="49.085216" lon="-123.095132"/>
<trkpt lat="49.087968" lon="-123.095013"/>
<trkpt lat="49.088974" lon="-123.094966"/>
</trkseg>
<trkseg>
<trkpt lat="49.085216" lon="-123.095132"/>
<trkpt lat="49.083772" lon="-123.095184"/>
<trkpt lat="49.082769" lon="-123.095231"/>
<trkpt lat="49.082580" lon="-123.095239"/>
<trkpt lat="49.068528" lon="-123.096079"/>
<trkpt lat="49.068503" lon="-123.077677"/>
</trkseg>
<trkseg>
<trkpt lat="49.065272" lon="-123.077060"/>
<trkpt lat="49.066118" lon="-123.075660"/>
<trkpt lat="49.066062" lon="-123.063346"/>
<trkpt lat="49.066040" lon="-123.059437"/>
<trkpt lat="49.066041" lon="-123.057640"/>
<trkpt lat="49.066037" lon="-123.056844"/>
<trkpt lat="49.066026" lon="-123.054854"/>
<trkpt lat="49.065980" lon="-123.046384"/>
</trkseg>
<trkseg>
<trkpt lat="49.065980" lon="-123.046384"/>
<trkpt lat="49.059864" lon="-123.046499"/>
<trkpt lat="49.058928" lon="-123.046612"/>
<trkpt lat="49.057058" lon="-123.046459"/>
<trkpt lat="49.053721" lon="-123.046399"/>
</trkseg>
<trkseg>
<trkpt lat="49.053721" lon="-123.046399"/>
<trkpt lat="49.053739" lon="-123.055714"/>
<trkpt lat="49.053757" lon="-123.055970"/>
</trkseg>
<trkseg>
<trkpt lat="49.053757" lon="-123.055970"/>
<trkpt lat="49.053650" lon="-123.056130"/>
<trkpt lat="49.053758" lon="-123.056910"/>
<trkpt lat="49.053894" lon="-123.057601"/>
<trkpt lat="49.053908" lon="-123.059158"/>
<trkpt lat="49.053876" lon="-123.059451"/>
<trkpt lat="49.053795" lon="-123.059761"/>
</trkseg>
<trkseg>
<trkpt lat="49.053795" lon="-123.059761"/>
<trkpt lat="49.053777" lon="-123.068686"/>
<trkpt lat="49.053880" lon="-123.069833"/>
<trkpt lat="49.053883" lon="-123.076151"/>
<trkpt lat="49.053879" lon="-123.076897"/>
<trkpt lat="49.053878" lon="-123.077485"/>
<trkpt lat="49.053878" lon="-123.077597"/>
<trkpt lat="49.053877" lon="-123.077906"/>
<trkpt lat="49.053874" lon="-123.079702"/>
</trkseg>
<trkseg>
<trkpt lat="49.053874" lon="-123.079702"/>
<trkpt lat="49.053915" lon="-123.090438"/>
<trkpt lat="49.052884" lon="-123.090472"/>
<trkpt lat="49.052331" lon="-123.091241"/>
</trkseg>
<trkseg>
<trkpt lat="49.045092" lon="-123.090364"/>
<trkpt lat="49.043159" lon="-123.090216"/>
</trkseg>
<trkseg>
<trkpt lat="49.042840" lon="-123.079723"/>
<trkpt lat="49.043106" lon="-123.079730"/>
<trkpt lat="49.053874" lon="-123.079702"/>
</trkseg>
<trkseg>
<trkpt lat="49.053795" lon="-123.059761"/>
<trkpt lat="49.053765" lon="-123.058782"/>
<trkpt lat="49.053759" lon="-123.057676"/>
<trkpt lat="49.053758" lon="-123.057411"/>
</trkseg>
<trkseg>
<trkpt lat="49.053880" lon="-123.057111"/>
<trkpt lat="49.053236" lon="-123.057251"/>
</trkseg>
<trkseg>
<trkpt lat="49.053236" lon="-123.057251"/>
<trkpt lat="49.050338" lon="-123.057977"/>
<trkpt lat="49.047908" lon="-123.059695"/>
<trkpt lat="49.046419" lon="-123.061505"/>
<trkpt lat="49.045429" lon="-123.063178"/>
<trkpt lat="49.043087" lon="-123.068028"/>
<trkpt lat="49.042776" lon="-123.068668"/>
</trkseg>
<trkseg>
<trkpt lat="49.042776" lon="-123.068668"/>
<trkpt lat="49.042352" lon="-123.069513"/>
</trkseg>
<trkseg>
<trkpt lat="49.042352" lon="-123.069513"/>
<trkpt lat="49.037637" lon="-123.079339"/>
</trkseg>
<trkseg>
<trkpt lat="49.033659" lon="-123.075134"/>
<trkpt lat="49.032044" lon="-123.075376"/>
<trkpt lat="49.031608" lon="-123.075352"/>
</trkseg>
<trkseg>
<trkpt lat="49.031608" lon="-123.075352"/>
<trkpt lat="49.032037" lon="-123.075046"/>
</trkseg>
<trkseg>
<trkpt lat="49.031608" lon="-123.075352"/>
<trkpt lat="49.031381" lon="-123.075347"/>
</trkseg>
<trkseg>
<trkpt lat="49.032041" lon="-123.079616"/>
<trkpt lat="49.032031" lon="-123.079040"/>
<trkpt lat="49.032046" lon="-123.077862"/>
<trkpt lat="49.032299" lon="-123.077237"/>
<trkpt lat="49.034741" lon="-123.075775"/>
<trkpt lat="49.034579" lon="-123.075129"/>
<trkpt lat="49.034528" lon="-123.074875"/>
<trkpt lat="49.034576" lon="-123.074420"/>
<trkpt lat="49.033659" lon="-123.075134"/>
<trkpt lat="49.033751" lon="-123.074422"/>
<trkpt lat="49.034207" lon="-123.073644"/>
<trkpt lat="49.035298" lon="-123.073624"/>
<trkpt lat="49.035286" lon="-123.070432"/>
<trkpt lat="49.035279" lon="-123.068714"/>
</trkseg>
<trkseg>
<trkpt lat="49.035279" lon="-123.068714"/>
<trkpt lat="49.035660" lon="-123.068738"/>
<trkpt lat="49.036829" lon="-123.068669"/>
</trkseg>
<trkseg>
<trkpt lat="49.036829" lon="-123.068669"/>
<trkpt lat="49.037427" lon="-123.068674"/>
<trkpt lat="49.038139" lon="-123.068683"/>
<trkpt lat="49.038618" lon="-123.068679"/>
<trkpt lat="49.039922" lon="-123.068669"/>
<trkpt lat="49.040564" lon="-123.068664"/>
<trkpt lat="49.041011" lon="-123.068646"/>
<trkpt lat="49.041359" lon="-123.068649"/>
<trkpt lat="49.042111" lon="-123.068656"/>
</trkseg>
<trkseg>
<trkpt lat="49.042111" lon="-123.068656"/>
<trkpt lat="49.042352" lon="-123.069513"/>
</trkseg>
<trkseg>
<trkpt lat="49.042111" lon="-123.068656"/>
<trkpt lat="49.042776" lon="-123.068668"/>
</trkseg>
<trkseg>
<trkpt lat="49.042776" lon="-123.068668"/>
<trkpt lat="49.042952" lon="-123.068684"/>
</trkseg>
<trkseg>
<trkpt lat="49.036829" lon="-123.068669"/>
<trkpt lat="49.036510" lon="-123.068575"/>
<trkpt lat="49.036118" lon="-123.068580"/>
<trkpt lat="49.035912" lon="-123.068578"/>
<trkpt lat="49.035278" lon="-123.068571"/>
</trkseg>
<trkseg>
<trkpt lat="49.035278" lon="-123.068571"/>
<trkpt lat="49.035279" lon="-123.068714"/>
</trkseg>
<trkseg>
<trkpt lat="49.035278" lon="-123.068571"/>
<trkpt lat="49.035275" lon="-123.067899"/>
<trkpt lat="49.035306" lon="-123.067325"/>
<trkpt lat="49.035060" lon="-123.067296"/>
<trkpt lat="49.034917" lon="-123.066203"/>
<trkpt lat="49.034754" lon="-123.065682"/>
<trkpt lat="49.034376" lon="-123.065809"/>
<trkpt lat="49.034294" lon="-123.065170"/>
<trkpt lat="49.034321" lon="-123.060522"/>
<trkpt lat="49.034677" lon="-123.060329"/>
<trkpt lat="49.034659" lon="-123.057451"/>
<trkpt lat="49.034638" lon="-123.054029"/>
</trkseg>
<trkseg>
<trkpt lat="49.034638" lon="-123.054029"/>
<trkpt lat="49.031930" lon="-123.055346"/>
<trkpt lat="49.026509" lon="-123.058084"/>
<trkpt lat="49.024548" lon="-123.058607"/>
</trkseg>
<trkseg>
<trkpt lat="49.024548" lon="-123.058607"/>
<trkpt lat="49.024616" lon="-123.060039"/>
<trkpt lat="49.024621" lon="-123.060625"/>
<trkpt lat="49.024622" lon="-123.060805"/>
<trkpt lat="49.024636" lon="-123.062470"/>
<trkpt lat="49.024641" lon="-123.062993"/>
<trkpt lat="49.024648" lon="-123.063501"/>
<trkpt lat="49.024684" lon="-123.067775"/>
<trkpt lat="49.024686" lon="-123.068519"/>
</trkseg>
<trkseg>
<trkpt lat="49.024686" lon="-123.068519"/>
<trkpt lat="49.024653" lon="-123.068641"/>
</trkseg>
<trkseg>
<trkpt lat="49.024653" lon="-123.068641"/>
<trkpt lat="49.024652" lon="-123.068738"/>
</trkseg>
<trkseg>
<trkpt lat="49.024652" lon="-123.068738"/>
<trkpt lat="49.024653" lon="-123.069594"/>
<trkpt lat="49.024700" lon="-123.071596"/>
</trkseg>
<trkseg>
<trkpt lat="49.024700" lon="-123.071596"/>
<trkpt lat="49.024694" lon="-123.072809"/>
<trkpt lat="49.024690" lon="-123.075464"/>
</trkseg>
<trkseg>
<trkpt lat="49.024690" lon="-123.075464"/>
<trkpt lat="49.024297" lon="-123.075467"/>
<trkpt lat="49.022004" lon="-123.075346"/>
<trkpt lat="49.019553" lon="-123.075351"/>
<trkpt lat="49.018074" lon="-123.076726"/>
</trkseg>
<trkseg>
<trkpt lat="49.018074" lon="-123.076726"/>
<trkpt lat="49.018069" lon="-123.079615"/>
<trkpt lat="49.018058" lon="-123.089509"/>
<trkpt lat="49.017888" lon="-123.090806"/>
</trkseg>
<trkseg>
<trkpt lat="49.013398" lon="-123.091552"/>
<trkpt lat="49.013556" lon="-123.085453"/>
<trkpt lat="49.013614" lon="-123.079683"/>
</trkseg>
<trkseg>
<trkpt lat="49.013614" lon="-123.079683"/>
<trkpt lat="49.012783" lon="-123.079658"/>
<trkpt lat="49.012325" lon="-123.080433"/>
<trkpt lat="49.011698" lon="-123.080600"/>
<trkpt lat="49.011582" lon="-123.081120"/>
<trkpt lat="49.010186" lon="-123.082472"/>
<trkpt lat="49.010167" lon="-123.082350"/>
<trkpt lat="49.010131" lon="-123.082384"/>
<trkpt lat="49.008538" lon="-123.082529"/>
<trkpt lat="49.008539" lon="-123.084019"/>
<trkpt lat="49.007801" lon="-123.084755"/>
<trkpt lat="49.006290" lon="-123.084762"/>
<trkpt lat="49.006321" lon="-123.089460"/>
</trkseg>
<trkseg>
<trkpt lat="49.013614" lon="-123.079683"/>
<trkpt lat="49.013674" lon="-123.074716"/>
<trkpt lat="49.013783" lon="-123.068562"/>
</trkseg>
<trkseg>
<trkpt lat="49.013203" lon="-123.068643"/>
<trkpt lat="49.010587" lon="-123.068635"/>
<trkpt lat="49.010486" lon="-123.068634"/>
<trkpt lat="49.010297" lon="-123.068634"/>
<trkpt lat="49.010128" lon="-123.068633"/>
<trkpt lat="49.004444" lon="-123.068670"/>
<trkpt lat="49.004454" lon="-123.080477"/>
<trkpt lat="49.004480" lon="-123.089367"/>
<trkpt lat="49.010357" lon="-123.089978"/>
<trkpt lat="49.013048" lon="-123.091430"/>
<trkpt lat="49.015424" lon="-123.092238"/>
<trkpt lat="49.016097" lon="-123.092010"/>
<trkpt lat="49.017428" lon="-123.090877"/>
<trkpt lat="49.019051" lon="-123.090835"/>
<trkpt lat="49.019401" lon="-123.090845"/>
<trkpt lat="49.021776" lon="-123.090851"/>
<trkpt lat="49.021975" lon="-123.090851"/>
<trkpt lat="49.024110" lon="-123.090849"/>
<trkpt lat="49.024419" lon="-123.090851"/>
<trkpt lat="49.024718" lon="-123.090834"/>
<trkpt lat="49.024716" lon="-123.090374"/>
<trkpt lat="49.024699" lon="-123.079774"/>
</trkseg>
<trkseg>
<trkpt lat="49.024700" lon="-123.071596"/>
<trkpt lat="49.024745" lon="-123.068737"/>
</trkseg>
<trkseg>
<trkpt lat="49.024745" lon="-123.068737"/>
<trkpt lat="49.024652" lon="-123.068738"/>
</trkseg>
<trkseg>
<trkpt lat="49.024652" lon="-123.068738"/>
<trkpt lat="49.013203" lon="-123.068643"/>
</trkseg>
<trkseg>
<trkpt lat="49.013203" lon="-123.068643"/>
<trkpt lat="49.018005" lon="-123.068578"/>
</trkseg>
<trkseg>
<trkpt lat="49.018005" lon="-123.068578"/>
<trkpt lat="49.017830" lon="-123.070098"/>
<trkpt lat="49.017924" lon="-123.073693"/>
<trkpt lat="49.018074" lon="-123.076726"/>
</trkseg>
<trkseg>
<trkpt lat="49.018074" lon="-123.076726"/>
<trkpt lat="49.013653" lon="-123.076926"/>
</trkseg>
<trkseg>
<trkpt lat="49.018005" lon="-123.068578"/>
<trkpt lat="49.024150" lon="-123.068641"/>
<trkpt lat="49.024653" lon="-123.068641"/>
</trkseg>
<trkseg>
<trkpt lat="49.024653" lon="-123.068641"/>
<trkpt lat="49.024745" lon="-123.068640"/>
</trkseg>
<trkseg>
<trkpt lat="49.024745" lon="-123.068640"/>
<trkpt lat="49.024745" lon="-123.068737"/>
</trkseg>
<trkseg>
<trkpt lat="49.024745" lon="-123.068640"/>
<trkpt lat="49.024686" lon="-123.068519"/>
</trkseg>
<trkseg>
<trkpt lat="49.024548" lon="-123.058607"/>
<trkpt lat="49.024591" lon="-123.058454"/>
</trkseg>
<trkseg>
<trkpt lat="49.024591" lon="-123.058454"/>
<trkpt lat="49.024628" lon="-123.058543"/>
</trkseg>
<trkseg>
<trkpt lat="49.024664" lon="-123.058516"/>
<trkpt lat="49.024554" lon="-123.057966"/>
<trkpt lat="49.024470" lon="-123.052952"/>
<trkpt lat="49.020694" lon="-123.044219"/>
<trkpt lat="49.018828" lon="-123.042033"/>
<trkpt lat="49.017550" lon="-123.042565"/>
<trkpt lat="49.016785" lon="-123.041124"/>
<trkpt lat="49.016360" lon="-123.041088"/>
<trkpt lat="49.015190" lon="-123.039920"/>
<trkpt lat="49.014215" lon="-123.040001"/>
<trkpt lat="49.013016" lon="-123.039107"/>
</trkseg>
<trkseg>
<trkpt lat="49.013003" lon="-123.039537"/>
<trkpt lat="49.013016" lon="-123.039107"/>
<trkpt lat="49.012681" lon="-123.038969"/>
<trkpt lat="49.009929" lon="-123.037666"/>
<trkpt lat="49.008418" lon="-123.037300"/>
<trkpt lat="49.008431" lon="-123.039019"/>
<trkpt lat="49.008432" lon="-123.040050"/>
<trkpt lat="49.008434" lon="-123.041753"/>
</trkseg>
<trkseg>
<trkpt lat="49.008434" lon="-123.041753"/>
<trkpt lat="49.008495" lon="-123.046422"/>
</trkseg>
<trkseg>
<trkpt lat="49.008495" lon="-123.046422"/>
<trkpt lat="49.008524" lon="-123.046478"/>
</trkseg>
<trkseg>
<trkpt lat="49.008524" lon="-123.046478"/>
<trkpt lat="49.008523" lon="-123.046593"/>
</trkseg>
<trkseg>
<trkpt lat="49.008523" lon="-123.046593"/>
<trkpt lat="49.008824" lon="-123.046568"/>
</trkseg>
<trkseg>
<trkpt lat="49.008824" lon="-123.046568"/>
<trkpt lat="49.011627" lon="-123.046559"/>
<trkpt lat="49.012422" lon="-123.046933"/>
<trkpt lat="49.012950" lon="-123.047729"/>
<trkpt lat="49.013886" lon="-123.050818"/>
<trkpt lat="49.015467" lon="-123.052832"/>
<trkpt lat="49.017109" lon="-123.056346"/>
<trkpt lat="49.018731" lon="-123.057588"/>
<trkpt lat="49.020427" lon="-123.058285"/>
<trkpt lat="49.022437" lon="-123.058437"/>
<trkpt lat="49.022922" lon="-123.058355"/>
</trkseg>
<trkseg>
<trkpt lat="49.022922" lon="-123.058355"/>
<trkpt lat="49.023705" lon="-123.058148"/>
<trkpt lat="49.023829" lon="-123.058127"/>
<trkpt lat="49.024591" lon="-123.058454"/>
</trkseg>
<trkseg>
<trkpt lat="49.024548" lon="-123.058607"/>
<trkpt lat="49.024466" lon="-123.058419"/>
</trkseg>
<trkseg>
<trkpt lat="49.024466" lon="-123.058419"/>
<trkpt lat="49.024548" lon="-123.058607"/>
</trkseg>
<trkseg>
<trkpt lat="49.024466" lon="-123.058419"/>
<trkpt lat="49.024138" lon="-123.058164"/>
<trkpt lat="49.022922" lon="-123.058355"/>
</trkseg>
<trkseg>
<trkpt lat="49.013233" lon="-123.048650"/>
<trkpt lat="49.013870" lon="-123.047660"/>
<trkpt lat="49.013704" lon="-123.045883"/>
<trkpt lat="49.014410" lon="-123.044003"/>
<trkpt lat="49.014547" lon="-123.042028"/>
<trkpt lat="49.014708" lon="-123.042046"/>
<trkpt lat="49.014700" lon="-123.041275"/>
<trkpt lat="49.014859" lon="-123.041122"/>
<trkpt lat="49.014861" lon="-123.041044"/>
<trkpt lat="49.014860" lon="-123.040952"/>
<trkpt lat="49.014859" lon="-123.039918"/>
</trkseg>
<trkseg>
<trkpt lat="49.014022" lon="-123.039897"/>
<trkpt lat="49.014573" lon="-123.040889"/>
<trkpt lat="49.014691" lon="-123.041171"/>
<trkpt lat="49.014711" lon="-123.041218"/>
</trkseg>
<trkseg>
<trkpt lat="49.008434" lon="-123.041753"/>
<trkpt lat="49.008408" lon="-123.043498"/>
<trkpt lat="49.008407" lon="-123.043967"/>
<trkpt lat="49.008401" lon="-123.046410"/>
</trkseg>
<trkseg>
<trkpt lat="49.008401" lon="-123.046410"/>
<trkpt lat="49.008523" lon="-123.046593"/>
</trkseg>
<trkseg>
<trkpt lat="49.008524" lon="-123.046478"/>
<trkpt lat="49.008824" lon="-123.046568"/>
</trkseg>
<trkseg>
<trkpt lat="49.008495" lon="-123.046422"/>
<trkpt lat="49.008474" lon="-123.046405"/>
<trkpt lat="49.008401" lon="-123.046410"/>
</trkseg>
<trkseg>
<trkpt lat="49.034638" lon="-123.054029"/>
<trkpt lat="49.034669" lon="-123.052802"/>
<trkpt lat="49.037263" lon="-123.051710"/>
<trkpt lat="49.042059" lon="-123.050672"/>
<trkpt lat="49.042597" lon="-123.050217"/>
<trkpt lat="49.043408" lon="-123.050222"/>
<trkpt lat="49.046330" lon="-123.049065"/>
<trkpt lat="49.046945" lon="-123.049483"/>
<trkpt lat="49.049157" lon="-123.047429"/>
<trkpt lat="49.049668" lon="-123.046402"/>
</trkseg>
<trkseg>
<trkpt lat="49.049668" lon="-123.046402"/>
<trkpt lat="49.049725" lon="-123.044807"/>
<trkpt lat="49.049245" lon="-123.039719"/>
<trkpt lat="49.050985" lon="-123.037439"/>
<trkpt lat="49.052901" lon="-123.035674"/>
<trkpt lat="49.054728" lon="-123.035778"/>
<trkpt lat="49.055225" lon="-123.035450"/>
<trkpt lat="49.055319" lon="-123.031220"/>
<trkpt lat="49.056971" lon="-123.029352"/>
<trkpt lat="49.059593" lon="-123.024049"/>
<trkpt lat="49.062184" lon="-123.016182"/>
<trkpt lat="49.064476" lon="-123.006330"/>
<trkpt lat="49.065502" lon="-122.996973"/>
<trkpt lat="49.068494" lon="-122.975730"/>
<trkpt lat="49.069241" lon="-122.971848"/>
<trkpt lat="49.071081" lon="-122.960627"/>
<trkpt lat="49.073351" lon="-122.948218"/>
<trkpt lat="49.075145" lon="-122.942314"/>
<trkpt lat="49.076929" lon="-122.934758"/>
<trkpt lat="49.079487" lon="-122.925912"/>
<trkpt lat="49.083157" lon="-122.916293"/>
<trkpt lat="49.083489" lon="-122.914235"/>
<trkpt lat="49.083943" lon="-122.913574"/>
<trkpt lat="49.083828" lon="-122.911820"/>
<trkpt lat="49.085309" lon="-122.906526"/>
<trkpt lat="49.085458" lon="-122.903671"/>
<trkpt lat="49.086918" lon="-122.902873"/>
<trkpt lat="49.087384" lon="-122.902109"/>
<trkpt lat="49.088101" lon="-122.900018"/>
<trkpt lat="49.089744" lon="-122.898490"/>
<trkpt lat="49.089931" lon="-122.894872"/>
<trkpt lat="49.090764" lon="-122.893002"/>
<trkpt lat="49.091684" lon="-122.892348"/>
<trkpt lat="49.091613" lon="-122.890399"/>
<trkpt lat="49.091490" lon="-122.889448"/>
<trkpt lat="49.091668" lon="-122.888615"/>
<trkpt lat="49.090768" lon="-122.874793"/>
<trkpt lat="49.089752" lon="-122.861167"/>
</trkseg>
<trkseg>
<trkpt lat="49.089669" lon="-122.861169"/>
<trkpt lat="49.090061" lon="-122.861135"/>
<trkpt lat="49.090682" lon="-122.861716"/>
<trkpt lat="49.092575" lon="-122.864678"/>
<trkpt lat="49.093601" lon="-122.867974"/>
<trkpt lat="49.093637" lon="-122.869623"/>
<trkpt lat="49.094439" lon="-122.869621"/>
<trkpt lat="49.094147" lon="-122.874647"/>
<trkpt lat="49.094379" lon="-122.874815"/>
<trkpt lat="49.093816" lon="-122.884737"/>
<trkpt lat="49.098372" lon="-122.884773"/>
<trkpt lat="49.099922" lon="-122.886677"/>
<trkpt lat="49.101876" lon="-122.891233"/>
<trkpt lat="49.102556" lon="-122.891901"/>
<trkpt lat="49.103312" lon="-122.893714"/>
<trkpt lat="49.104613" lon="-122.896511"/>
<trkpt lat="49.104815" lon="-122.896511"/>
<trkpt lat="49.105354" lon="-122.897935"/>
</trkseg>
<trkseg>
<trkpt lat="49.105354" lon="-122.897935"/>
<trkpt lat="49.104669" lon="-122.899516"/>
<trkpt lat="49.104681" lon="-122.900138"/>
<trkpt lat="49.105475" lon="-122.901582"/>
<trkpt lat="49.109436" lon="-122.904303"/>
<trkpt lat="49.112170" lon="-122.907145"/>
<trkpt lat="49.113084" lon="-122.909095"/>
<trkpt lat="49.114092" lon="-122.912185"/>
<trkpt lat="49.115730" lon="-122.919940"/>
<trkpt lat="49.116666" lon="-122.921880"/>
<trkpt lat="49.117460" lon="-122.922777"/>
<trkpt lat="49.117833" lon="-122.923877"/>
<trkpt lat="49.118293" lon="-122.924087"/>
<trkpt lat="49.118722" lon="-122.923854"/>
<trkpt lat="49.119006" lon="-122.925072"/>
<trkpt lat="49.118909" lon="-122.924610"/>
<trkpt lat="49.119022" lon="-122.924579"/>
<trkpt lat="49.118998" lon="-122.924125"/>
<trkpt lat="49.118996" lon="-122.924071"/>
<trkpt lat="49.118990" lon="-122.923385"/>
<trkpt lat="49.118990" lon="-122.922790"/>
<trkpt lat="49.119660" lon="-122.922793"/>
<trkpt lat="49.120939" lon="-122.923434"/>
<trkpt lat="49.122713" lon="-122.923438"/>
<trkpt lat="49.124641" lon="-122.922309"/>
<trkpt lat="49.125997" lon="-122.920311"/>
<trkpt lat="49.131075" lon="-122.918697"/>
<trkpt lat="49.132181" lon="-122.919131"/>
</trkseg>
<trkseg>
<trkpt lat="49.132181" lon="-122.919131"/>
<trkpt lat="49.132567" lon="-122.918994"/>
<trkpt lat="49.133339" lon="-122.918498"/>
<trkpt lat="49.133645" lon="-122.918347"/>
</trkseg>
<trkseg>
<trkpt lat="49.133924" lon="-122.918283"/>
<trkpt lat="49.133936" lon="-122.917370"/>
</trkseg>
<trkseg>
<trkpt lat="49.133936" lon="-122.917370"/>
<trkpt lat="49.134783" lon="-122.917571"/>
<trkpt lat="49.135596" lon="-122.918440"/>
</trkseg>
<trkseg>
<trkpt lat="49.135596" lon="-122.918440"/>
<trkpt lat="49.135694" lon="-122.918504"/>
</trkseg>
<trkseg>
<trkpt lat="49.135694" lon="-122.918504"/>
<trkpt lat="49.133694" lon="-122.918774"/>
<trkpt lat="49.132064" lon="-122.919406"/>
<trkpt lat="49.132181" lon="-122.919131"/>
</trkseg>
<trkseg>
<trkpt lat="49.134005" lon="-122.918339"/>
<trkpt lat="49.134811" lon="-122.918610"/>
</trkseg>
<trkseg>
<trkpt lat="49.135596" lon="-122.918440"/>
<trkpt lat="49.135694" lon="-122.918504"/>
</trkseg>
<trkseg>
<trkpt lat="49.135694" lon="-122.918504"/>
<trkpt lat="49.135774" lon="-122.918536"/>
<trkpt lat="49.135937" lon="-122.918577"/>
<trkpt lat="49.136651" lon="-122.918780"/>
<trkpt lat="49.136741" lon="-122.918803"/>
<trkpt lat="49.136903" lon="-122.918732"/>
</trkseg>
<trkseg>
<trkpt lat="49.136903" lon="-122.918732"/>
<trkpt lat="49.140410" lon="-122.921089"/>
<trkpt lat="49.143351" lon="-122.923975"/>
<trkpt lat="49.147581" lon="-122.930028"/>
<trkpt lat="49.150349" lon="-122.934472"/>
<trkpt lat="49.150790" lon="-122.934755"/>
</trkseg>
<trkseg>
<trkpt lat="49.150790" lon="-122.934755"/>
<trkpt lat="49.150601" lon="-122.934745"/>
<trkpt lat="49.149449" lon="-122.934689"/>
<trkpt lat="49.148842" lon="-122.934399"/>
<trkpt lat="49.149474" lon="-122.934622"/>
<trkpt lat="49.149748" lon="-122.935149"/>
<trkpt lat="49.149016" lon="-122.935198"/>
</trkseg>
<trkseg>
<trkpt lat="49.149016" lon="-122.935198"/>
<trkpt lat="49.148089" lon="-122.935105"/>
<trkpt lat="49.148175" lon="-122.937546"/>
</trkseg>
<trkseg>
<trkpt lat="49.148175" lon="-122.937546"/>
<trkpt lat="49.148696" lon="-122.937963"/>
<trkpt lat="49.166313" lon="-122.945314"/>
<trkpt lat="49.167827" lon="-122.946467"/>
<trkpt lat="49.169410" lon="-122.948454"/>
<trkpt lat="49.170026" lon="-122.948872"/>
<trkpt lat="49.171073" lon="-122.948593"/>
<trkpt lat="49.171786" lon="-122.948899"/>
<trkpt lat="49.171792" lon="-122.948915"/>
<trkpt lat="49.171816" lon="-122.948987"/>
<trkpt lat="49.171828" lon="-122.949028"/>
<trkpt lat="49.171786" lon="-122.949352"/>
<trkpt lat="49.171882" lon="-122.949742"/>
<trkpt lat="49.171985" lon="-122.949821"/>
<trkpt lat="49.172051" lon="-122.949826"/>
<trkpt lat="49.172179" lon="-122.952142"/>
<trkpt lat="49.172499" lon="-122.953184"/>
<trkpt lat="49.173481" lon="-122.954317"/>
<trkpt lat="49.174542" lon="-122.954711"/>
</trkseg>
<trkseg>
<trkpt lat="49.173707" lon="-122.956736"/>
<trkpt lat="49.172241" lon="-122.954472"/>
<trkpt lat="49.170002" lon="-122.954038"/>
<trkpt lat="49.169976" lon="-122.953964"/>
<trkpt lat="49.170008" lon="-122.953468"/>
<trkpt lat="49.169884" lon="-122.953208"/>
<trkpt lat="49.169825" lon="-122.953039"/>
<trkpt lat="49.169767" lon="-122.953026"/>
<trkpt lat="49.169961" lon="-122.950985"/>
<trkpt lat="49.169662" lon="-122.949917"/>
<trkpt lat="49.167881" lon="-122.947126"/>
<trkpt lat="49.166152" lon="-122.945655"/>
<trkpt lat="49.148609" lon="-122.938458"/>
<trkpt lat="49.148142" lon="-122.938449"/>
</trkseg>
<trkseg>
<trkpt lat="49.148142" lon="-122.938449"/>
<trkpt lat="49.147864" lon="-122.938756"/>
<trkpt lat="49.147861" lon="-122.940370"/>
<trkpt lat="49.147617" lon="-122.940518"/>
<trkpt lat="49.147614" lon="-122.943022"/>
</trkseg>
<trkseg>
<trkpt lat="49.147614" lon="-122.943022"/>
<trkpt lat="49.149062" lon="-122.943168"/>
<trkpt lat="49.149259" lon="-122.943175"/>
<trkpt lat="49.151373" lon="-122.943250"/>
<trkpt lat="49.151608" lon="-122.943250"/>
<trkpt lat="49.152475" lon="-122.943328"/>
<trkpt lat="49.153242" lon="-122.943537"/>
<trkpt lat="49.153471" lon="-122.943716"/>
<trkpt lat="49.154229" lon="-122.944585"/>
<trkpt lat="49.154231" lon="-122.944700"/>
<trkpt lat="49.154231" lon="-122.944723"/>
<trkpt lat="49.154250" lon="-122.944766"/>
<trkpt lat="49.154283" lon="-122.944803"/>
<trkpt lat="49.154443" lon="-122.944512"/>
<trkpt lat="49.154472" lon="-122.944460"/>
<trkpt lat="49.154930" lon="-122.943579"/>
</trkseg>
<trkseg>
<trkpt lat="49.154930" lon="-122.943579"/>
<trkpt lat="49.155019" lon="-122.943420"/>
<trkpt lat="49.155345" lon="-122.942897"/>
<trkpt lat="49.155579" lon="-122.942520"/>
<trkpt lat="49.155820" lon="-122.942135"/>
<trkpt lat="49.157611" lon="-122.939539"/>
</trkseg>
<trkseg>
<trkpt lat="49.157611" lon="-122.939539"/>
<trkpt lat="49.158575" lon="-122.938278"/>
<trkpt lat="49.158803" lon="-122.938032"/>
<trkpt lat="49.160460" lon="-122.935866"/>
<trkpt lat="49.160873" lon="-122.934676"/>
<trkpt lat="49.161054" lon="-122.934386"/>
<trkpt lat="49.162129" lon="-122.932713"/>
<trkpt lat="49.164792" lon="-122.928505"/>
<trkpt lat="49.165298" lon="-122.926412"/>
<trkpt lat="49.165402" lon="-122.925863"/>
<trkpt lat="49.165717" lon="-122.923895"/>
<trkpt lat="49.165753" lon="-122.923249"/>
<trkpt lat="49.165780" lon="-122.922756"/>
<trkpt lat="49.165972" lon="-122.919829"/>
<trkpt lat="49.166182" lon="-122.918680"/>
<trkpt lat="49.166795" lon="-122.917303"/>
<trkpt lat="49.168885" lon="-122.915076"/>
<trkpt lat="49.172378" lon="-122.915890"/>
<trkpt lat="49.173520" lon="-122.916043"/>
<trkpt lat="49.174228" lon="-122.915783"/>
<trkpt lat="49.177118" lon="-122.913116"/>
</trkseg>
<trkseg>
<trkpt lat="49.171785" lon="-122.912408"/>
<trkpt lat="49.171565" lon="-122.911046"/>
<trkpt lat="49.171532" lon="-122.910832"/>
<trkpt lat="49.171049" lon="-122.907693"/>
</trkseg>
<trkseg>
<trkpt lat="49.171049" lon="-122.907693"/>
<trkpt lat="49.170586" lon="-122.907815"/>
<trkpt lat="49.170563" lon="-122.907638"/>
<trkpt lat="49.170740" lon="-122.907573"/>
<trkpt lat="49.171015" lon="-122.907498"/>
<trkpt lat="49.171049" lon="-122.907693"/>
</trkseg>
<trkseg>
<trkpt lat="49.170655" lon="-122.907735"/>
<trkpt lat="49.170598" lon="-122.902526"/>
<trkpt lat="49.170555" lon="-122.898523"/>
<trkpt lat="49.170476" lon="-122.892078"/>
<trkpt lat="49.170461" lon="-122.890344"/>
</trkseg>
<trkseg>
<trkpt lat="49.177133" lon="-122.901185"/>
<trkpt lat="49.176552" lon="-122.901179"/>
<trkpt lat="49.168322" lon="-122.901305"/>
<trkpt lat="49.166264" lon="-122.902058"/>
<trkpt lat="49.163644" lon="-122.902124"/>
<trkpt lat="49.163278" lon="-122.902131"/>
<trkpt lat="49.162925" lon="-122.902136"/>
<trkpt lat="49.162532" lon="-122.902140"/>
<trkpt lat="49.162240" lon="-122.902149"/>
<trkpt lat="49.161713" lon="-122.902150"/>
<trkpt lat="49.161206" lon="-122.902152"/>
<trkpt lat="49.160152" lon="-122.902153"/>
<trkpt lat="49.159928" lon="-122.902155"/>
</trkseg>
<trkseg>
<trkpt lat="49.159928" lon="-122.902155"/>
<trkpt lat="49.159857" lon="-122.902155"/>
<trkpt lat="49.159612" lon="-122.902051"/>
<trkpt lat="49.159504" lon="-122.902052"/>
<trkpt lat="49.159142" lon="-122.902156"/>
</trkseg>
<trkseg>
<trkpt lat="49.159142" lon="-122.902156"/>
<trkpt lat="49.159273" lon="-122.902156"/>
<trkpt lat="49.159499" lon="-122.902285"/>
<trkpt lat="49.159622" lon="-122.902283"/>
<trkpt lat="49.159928" lon="-122.902155"/>
</trkseg>
<trkseg>
<trkpt lat="49.159142" lon="-122.902156"/>
<trkpt lat="49.158828" lon="-122.902156"/>
<trkpt lat="49.157004" lon="-122.901784"/>
</trkseg>
<trkseg>
<trkpt lat="49.157004" lon="-122.901784"/>
<trkpt lat="49.156646" lon="-122.901709"/>
<trkpt lat="49.156352" lon="-122.901639"/>
<trkpt lat="49.155905" lon="-122.901630"/>
<trkpt lat="49.154850" lon="-122.901568"/>
</trkseg>
<trkseg>
<trkpt lat="49.154850" lon="-122.901568"/>
<trkpt lat="49.155421" lon="-122.901520"/>
<trkpt lat="49.155906" lon="-122.901517"/>
<trkpt lat="49.156439" lon="-122.901544"/>
<trkpt lat="49.156653" lon="-122.901597"/>
<trkpt lat="49.157004" lon="-122.901784"/>
</trkseg>
<trkseg>
<trkpt lat="49.154850" lon="-122.901568"/>
<trkpt lat="49.154463" lon="-122.901560"/>
<trkpt lat="49.154389" lon="-122.901558"/>
</trkseg>
<trkseg>
<trkpt lat="49.154389" lon="-122.901558"/>
<trkpt lat="49.154176" lon="-122.901659"/>
<trkpt lat="49.154036" lon="-122.901652"/>
<trkpt lat="49.153492" lon="-122.901541"/>
<trkpt lat="49.153393" lon="-122.901542"/>
</trkseg>
<trkseg>
<trkpt lat="49.153393" lon="-122.901542"/>
<trkpt lat="49.154036" lon="-122.901453"/>
<trkpt lat="49.154175" lon="-122.901455"/>
<trkpt lat="49.154389" lon="-122.901558"/>
</trkseg>
<trkseg>
<trkpt lat="49.153393" lon="-122.901542"/>
<trkpt lat="49.153123" lon="-122.901533"/>
<trkpt lat="49.152995" lon="-122.901530"/>
<trkpt lat="49.152811" lon="-122.901533"/>
</trkseg>
<trkseg>
<trkpt lat="49.152811" lon="-122.901533"/>
<trkpt lat="49.152323" lon="-122.901672"/>
<trkpt lat="49.152224" lon="-122.902390"/>
</trkseg>
<trkseg>
<trkpt lat="49.152224" lon="-122.902390"/>
<trkpt lat="49.152222" lon="-122.902738"/>
</trkseg>
<trkseg>
<trkpt lat="49.152222" lon="-122.902738"/>
<trkpt lat="49.152214" lon="-122.906984"/>
<trkpt lat="49.152244" lon="-122.919206"/>
<trkpt lat="49.152249" lon="-122.923508"/>
</trkseg>
<trkseg>
<trkpt lat="49.152249" lon="-122.923508"/>
<trkpt lat="49.148458" lon="-122.923643"/>
</trkseg>
<trkseg>
<trkpt lat="49.148458" lon="-122.923643"/>
<trkpt lat="49.148359" lon="-122.925061"/>
</trkseg>
<trkseg>
<trkpt lat="49.148359" lon="-122.925061"/>
<trkpt lat="49.148947" lon="-122.925524"/>
<trkpt lat="49.151166" lon="-122.929622"/>
<trkpt lat="49.151361" lon="-122.933173"/>
</trkseg>
<trkseg>
<trkpt lat="49.151361" lon="-122.933173"/>
<trkpt lat="49.151309" lon="-122.934162"/>
<trkpt lat="49.150434" lon="-122.933887"/>
<trkpt lat="49.150321" lon="-122.933890"/>
<trkpt lat="49.150029" lon="-122.933899"/>
</trkseg>
<trkseg>
<trkpt lat="49.150790" lon="-122.934755"/>
<trkpt lat="49.152538" lon="-122.934519"/>
</trkseg>
<trkseg>
<trkpt lat="49.152538" lon="-122.934519"/>
<trkpt lat="49.152152" lon="-122.934504"/>
<trkpt lat="49.151896" lon="-122.934074"/>
<trkpt lat="49.151836" lon="-122.932179"/>
</trkseg>
<trkseg>
<trkpt lat="49.151836" lon="-122.932179"/>
<trkpt lat="49.151896" lon="-122.934074"/>
<trkpt lat="49.152152" lon="-122.934504"/>
<trkpt lat="49.152538" lon="-122.934519"/>
</trkseg>
<trkseg>
<trkpt lat="49.151361" lon="-122.933173"/>
<trkpt lat="49.149904" lon="-122.932409"/>
<trkpt lat="49.148407" lon="-122.929793"/>
<trkpt lat="49.148131" lon="-122.929708"/>
<trkpt lat="49.146306" lon="-122.926927"/>
<trkpt lat="49.145647" lon="-122.925680"/>
<trkpt lat="49.145571" lon="-122.925054"/>
</trkseg>
<trkseg>
<trkpt lat="49.145571" lon="-122.925054"/>
<trkpt lat="49.148359" lon="-122.925061"/>
</trkseg>
<trkseg>
<trkpt lat="49.148458" lon="-122.923643"/>
<trkpt lat="49.144426" lon="-122.923504"/>
<trkpt lat="49.142209" lon="-122.921511"/>
<trkpt lat="49.137665" lon="-122.918322"/>
<trkpt lat="49.136921" lon="-122.918647"/>
<trkpt lat="49.136903" lon="-122.918732"/>
</trkseg>
<trkseg>
<trkpt lat="49.135596" lon="-122.918440"/>
<trkpt lat="49.134783" lon="-122.917571"/>
<trkpt lat="49.133936" lon="-122.917370"/>
</trkseg>
<trkseg>
<trkpt lat="49.127421" lon="-122.914946"/>
<trkpt lat="49.129253" lon="-122.911931"/>
<trkpt lat="49.129436" lon="-122.909879"/>
<trkpt lat="49.128845" lon="-122.906156"/>
<trkpt lat="49.127236" lon="-122.901365"/>
<trkpt lat="49.126083" lon="-122.898951"/>
<trkpt lat="49.125731" lon="-122.897020"/>
<trkpt lat="49.125677" lon="-122.894900"/>
</trkseg>
<trkseg>
<trkpt lat="49.127256" lon="-122.897793"/>
<trkpt lat="49.127063" lon="-122.898612"/>
</trkseg>
<trkseg>
<trkpt lat="49.127018" lon="-122.898764"/>
<trkpt lat="49.126936" lon="-122.898979"/>
<trkpt lat="49.126517" lon="-122.899521"/>
<trkpt lat="49.126688" lon="-122.900063"/>
</trkseg>
<trkseg>
<trkpt lat="49.127256" lon="-122.897793"/>
<trkpt lat="49.128876" lon="-122.898008"/>
</trkseg>
<trkseg>
<trkpt lat="49.128876" lon="-122.898008"/>
<trkpt lat="49.128970" lon="-122.898126"/>
<trkpt lat="49.130230" lon="-122.898339"/>
</trkseg>
<trkseg>
<trkpt lat="49.130324" lon="-122.896989"/>
<trkpt lat="49.130217" lon="-122.898870"/>
<trkpt lat="49.130594" lon="-122.899636"/>
<trkpt lat="49.130792" lon="-122.900905"/>
<trkpt lat="49.132128" lon="-122.900915"/>
<trkpt lat="49.133507" lon="-122.901053"/>
<trkpt lat="49.133958" lon="-122.901279"/>
<trkpt lat="49.134598" lon="-122.901465"/>
<trkpt lat="49.134817" lon="-122.901471"/>
</trkseg>
<trkseg>
<trkpt lat="49.134817" lon="-122.901471"/>
<trkpt lat="49.136032" lon="-122.901478"/>
</trkseg>
<trkseg>
<trkpt lat="49.136032" lon="-122.901478"/>
<trkpt lat="49.136539" lon="-122.901478"/>
<trkpt lat="49.136827" lon="-122.901476"/>
<trkpt lat="49.139695" lon="-122.901458"/>
<trkpt lat="49.139960" lon="-122.901457"/>
<trkpt lat="49.151817" lon="-122.901518"/>
</trkseg>
<trkseg>
<trkpt lat="49.151817" lon="-122.901518"/>
<trkpt lat="49.151840" lon="-122.901519"/>
</trkseg>
<trkseg>
<trkpt lat="49.151840" lon="-122.901519"/>
<trkpt lat="49.152156" lon="-122.901709"/>
<trkpt lat="49.152222" lon="-122.902738"/>
</trkseg>
<trkseg>
<trkpt lat="49.152224" lon="-122.902390"/>
<trkpt lat="49.152227" lon="-122.901960"/>
</trkseg>
<trkseg>
<trkpt lat="49.152227" lon="-122.901960"/>
<trkpt lat="49.152271" lon="-122.901649"/>
</trkseg>
<trkseg>
<trkpt lat="49.152313" lon="-122.901588"/>
<trkpt lat="49.152314" lon="-122.901450"/>
</trkseg>
<trkseg>
<trkpt lat="49.152314" lon="-122.901450"/>
<trkpt lat="49.152518" lon="-122.901525"/>
</trkseg>
<trkseg>
<trkpt lat="49.152518" lon="-122.901525"/>
<trkpt lat="49.152313" lon="-122.901588"/>
</trkseg>
<trkseg>
<trkpt lat="49.152313" lon="-122.901588"/>
<trkpt lat="49.152143" lon="-122.901581"/>
</trkseg>
<trkseg>
<trkpt lat="49.152143" lon="-122.901581"/>
<trkpt lat="49.152146" lon="-122.901446"/>
</trkseg>
<trkseg>
<trkpt lat="49.152146" lon="-122.901446"/>
<trkpt lat="49.151949" lon="-122.901522"/>
</trkseg>
<trkseg>
<trkpt lat="49.151949" lon="-122.901522"/>
<trkpt lat="49.152143" lon="-122.901581"/>
</trkseg>
<trkseg>
<trkpt lat="49.152185" lon="-122.901647"/>
<trkpt lat="49.152227" lon="-122.901960"/>
</trkseg>
<trkseg>
<trkpt lat="49.152314" lon="-122.901450"/>
<trkpt lat="49.152146" lon="-122.901446"/>
</trkseg>
<trkseg>
<trkpt lat="49.152194" lon="-122.901382"/>
<trkpt lat="49.152229" lon="-122.901082"/>
</trkseg>
<trkseg>
<trkpt lat="49.152229" lon="-122.901082"/>
<trkpt lat="49.152276" lon="-122.901391"/>
</trkseg>
<trkseg>
<trkpt lat="49.152229" lon="-122.901082"/>
<trkpt lat="49.152229" lon="-122.900621"/>
</trkseg>
<trkseg>
<trkpt lat="49.152229" lon="-122.900621"/>
<trkpt lat="49.152308" lon="-122.901346"/>
<trkpt lat="49.152641" lon="-122.901527"/>
</trkseg>
<trkseg>
<trkpt lat="49.152641" lon="-122.901527"/>
<trkpt lat="49.152811" lon="-122.901533"/>
</trkseg>
<trkseg>
<trkpt lat="49.152641" lon="-122.901527"/>
<trkpt lat="49.152518" lon="-122.901525"/>
</trkseg>
<trkseg>
<trkpt lat="49.151949" lon="-122.901522"/>
<trkpt lat="49.151840" lon="-122.901519"/>
</trkseg>
<trkseg>
<trkpt lat="49.151817" lon="-122.901518"/>
<trkpt lat="49.152135" lon="-122.901349"/>
<trkpt lat="49.152229" lon="-122.900621"/>
</trkseg>
<trkseg>
<trkpt lat="49.152229" lon="-122.900621"/>
<trkpt lat="49.152266" lon="-122.892700"/>
<trkpt lat="49.152266" lon="-122.891486"/>
<trkpt lat="49.152265" lon="-122.890432"/>
<trkpt lat="49.152267" lon="-122.890290"/>
</trkseg>
<trkseg>
<trkpt lat="49.148626" lon="-122.904202"/>
<trkpt lat="49.133960" lon="-122.904412"/>
</trkseg>
<trkseg>
<trkpt lat="49.134817" lon="-122.901471"/>
<trkpt lat="49.136032" lon="-122.901478"/>
</trkseg>
<trkseg>
<trkpt lat="49.136307" lon="-122.901481"/>
<trkpt lat="49.136379" lon="-122.893023"/>
<trkpt lat="49.136512" lon="-122.892881"/>
<trkpt lat="49.136957" lon="-122.892594"/>
<trkpt lat="49.137001" lon="-122.892542"/>
</trkseg>
<trkseg>
<trkpt lat="49.137003" lon="-122.892145"/>
<trkpt lat="49.137051" lon="-122.891985"/>
<trkpt lat="49.137052" lon="-122.891541"/>
<trkpt lat="49.137034" lon="-122.891298"/>
<trkpt lat="49.137078" lon="-122.890416"/>
</trkseg>
<trkseg>
<trkpt lat="49.130751" lon="-122.896556"/>
<trkpt lat="49.130324" lon="-122.896989"/>
</trkseg>
<trkseg>
<trkpt lat="49.130324" lon="-122.896989"/>
<trkpt lat="49.130299" lon="-122.896977"/>
<trkpt lat="49.130227" lon="-122.896942"/>
<trkpt lat="49.130139" lon="-122.896902"/>
<trkpt lat="49.129715" lon="-122.896557"/>
<trkpt lat="49.129611" lon="-122.895662"/>
<trkpt lat="49.128900" lon="-122.895645"/>
</trkseg>
<trkseg>
<trkpt lat="49.128900" lon="-122.895645"/>
<trkpt lat="49.128876" lon="-122.898008"/>
</trkseg>
<trkseg>
<trkpt lat="49.128900" lon="-122.895645"/>
<trkpt lat="49.128867" lon="-122.894479"/>
<trkpt lat="49.128294" lon="-122.893947"/>
</trkseg>
<trkseg>
<trkpt lat="49.128294" lon="-122.893947"/>
<trkpt lat="49.128801" lon="-122.893051"/>
<trkpt lat="49.128021" lon="-122.892083"/>
<trkpt lat="49.127401" lon="-122.891986"/>
<trkpt lat="49.127053" lon="-122.892280"/>
<trkpt lat="49.125956" lon="-122.894768"/>
<trkpt lat="49.124146" lon="-122.894910"/>
<trkpt lat="49.124039" lon="-122.895468"/>
<trkpt lat="49.123632" lon="-122.895954"/>
<trkpt lat="49.120930" lon="-122.896014"/>
<trkpt lat="49.120935" lon="-122.897116"/>
<trkpt lat="49.120193" lon="-122.897119"/>
<trkpt lat="49.120254" lon="-122.901505"/>
<trkpt lat="49.119033" lon="-122.901503"/>
</trkseg>
<trkseg>
<trkpt lat="49.119033" lon="-122.901503"/>
<trkpt lat="49.119036" lon="-122.901999"/>
<trkpt lat="49.119039" lon="-122.902476"/>
<trkpt lat="49.118795" lon="-122.915402"/>
</trkseg>
<trkseg>
<trkpt lat="49.118795" lon="-122.915402"/>
<trkpt lat="49.118832" lon="-122.915999"/>
</trkseg>
<trkseg>
<trkpt lat="49.118832" lon="-122.915999"/>
<trkpt lat="49.118952" lon="-122.916679"/>
<trkpt lat="49.119240" lon="-122.918521"/>
</trkseg>
<trkseg>
<trkpt lat="49.119150" lon="-122.917697"/>
<trkpt lat="49.118641" lon="-122.917582"/>
<trkpt lat="49.118333" lon="-122.917079"/>
<trkpt lat="49.117618" lon="-122.915125"/>
<trkpt lat="49.116790" lon="-122.913785"/>
<trkpt lat="49.115702" lon="-122.911011"/>
<trkpt lat="49.114398" lon="-122.908485"/>
<trkpt lat="49.114107" lon="-122.906908"/>
<trkpt lat="49.113449" lon="-122.905536"/>
<trkpt lat="49.111735" lon="-122.903548"/>
<trkpt lat="49.109582" lon="-122.900390"/>
<trkpt lat="49.108661" lon="-122.899551"/>
<trkpt lat="49.106416" lon="-122.898639"/>
<trkpt lat="49.105843" lon="-122.898087"/>
<trkpt lat="49.105354" lon="-122.897935"/>
</trkseg>
<trkseg>
<trkpt lat="49.106104" lon="-122.898346"/>
<trkpt lat="49.106467" lon="-122.898389"/>
<trkpt lat="49.106495" lon="-122.897901"/>
</trkseg>
<trkseg>
<trkpt lat="49.106495" lon="-122.897901"/>
<trkpt lat="49.107004" lon="-122.897728"/>
<trkpt lat="49.107323" lon="-122.898036"/>
<trkpt lat="49.108599" lon="-122.897423"/>
<trkpt lat="49.109016" lon="-122.897518"/>
<trkpt lat="49.109454" lon="-122.898905"/>
<trkpt lat="49.110732" lon="-122.899506"/>
<trkpt lat="49.111607" lon="-122.898064"/>
</trkseg>
<trkseg>
<trkpt lat="49.111607" lon="-122.898064"/>
<trkpt lat="49.112186" lon="-122.896720"/>
<trkpt lat="49.112262" lon="-122.896575"/>
</trkseg>
<trkseg>
<trkpt lat="49.111607" lon="-122.898064"/>
<trkpt lat="49.111582" lon="-122.898033"/>
<trkpt lat="49.111538" lon="-122.897952"/>
<trkpt lat="49.110801" lon="-122.896987"/>
<trkpt lat="49.110376" lon="-122.895527"/>
<trkpt lat="49.109731" lon="-122.895400"/>
<trkpt lat="49.109236" lon="-122.896347"/>
</trkseg>
<trkseg>
<trkpt lat="49.109236" lon="-122.896347"/>
<trkpt lat="49.108496" lon="-122.895679"/>
<trkpt lat="49.107762" lon="-122.896594"/>
<trkpt lat="49.106945" lon="-122.896748"/>
<trkpt lat="49.106400" lon="-122.897283"/>
<trkpt lat="49.106495" lon="-122.897901"/>
</trkseg>
<trkseg>
<trkpt lat="49.109216" lon="-122.897865"/>
<trkpt lat="49.109236" lon="-122.896347"/>
</trkseg>
<trkseg>
<trkpt lat="49.111014" lon="-122.898978"/>
<trkpt lat="49.111492" lon="-122.899702"/>
<trkpt lat="49.111510" lon="-122.900426"/>
</trkseg>
<trkseg>
<trkpt lat="49.112270" lon="-122.901037"/>
<trkpt lat="49.112130" lon="-122.900669"/>
<trkpt lat="49.111510" lon="-122.900426"/>
<trkpt lat="49.112036" lon="-122.901611"/>
</trkseg>
<trkseg>
<trkpt lat="49.112672" lon="-122.900310"/>
<trkpt lat="49.113163" lon="-122.901192"/>
<trkpt lat="49.114032" lon="-122.901856"/>
<trkpt lat="49.114186" lon="-122.902701"/>
<trkpt lat="49.113930" lon="-122.903223"/>
<trkpt lat="49.114705" lon="-122.904091"/>
<trkpt lat="49.114979" lon="-122.905248"/>
</trkseg>
<trkseg>
<trkpt lat="49.114625" lon="-122.905994"/>
<trkpt lat="49.115371" lon="-122.907252"/>
<trkpt lat="49.115451" lon="-122.908309"/>
<trkpt lat="49.115088" lon="-122.908546"/>
<trkpt lat="49.115107" lon="-122.909406"/>
<trkpt lat="49.116005" lon="-122.911552"/>
<trkpt lat="49.117451" lon="-122.914056"/>
<trkpt lat="49.118222" lon="-122.913583"/>
</trkseg>
<trkseg>
<trkpt lat="49.118795" lon="-122.915402"/>
<trkpt lat="49.118832" lon="-122.915999"/>
</trkseg>
<trkseg>
<trkpt lat="49.118695" lon="-122.915545"/>
<trkpt lat="49.117275" lon="-122.909127"/>
<trkpt lat="49.117059" lon="-122.907066"/>
<trkpt lat="49.116191" lon="-122.903434"/>
<trkpt lat="49.115218" lon="-122.897853"/>
</trkseg>
<trkseg>
<trkpt lat="49.115218" lon="-122.897853"/>
<trkpt lat="49.116910" lon="-122.897928"/>
<trkpt lat="49.116907" lon="-122.899158"/>
<trkpt lat="49.116608" lon="-122.900221"/>
<trkpt lat="49.116876" lon="-122.901504"/>
<trkpt lat="49.116705" lon="-122.902830"/>
<trkpt lat="49.116935" lon="-122.903767"/>
</trkseg>
<trkseg>
<trkpt lat="49.116935" lon="-122.903767"/>
<trkpt lat="49.114979" lon="-122.905248"/>
<trkpt lat="49.114181" lon="-122.907239"/>
<trkpt lat="49.113610" lon="-122.907972"/>
<trkpt lat="49.113664" lon="-122.908832"/>
<trkpt lat="49.116995" lon="-122.916620"/>
</trkseg>
<trkseg>
<trkpt lat="49.119236" lon="-122.919970"/>
<trkpt lat="49.124470" lon="-122.919925"/>
<trkpt lat="49.126693" lon="-122.915849"/>
<trkpt lat="49.127320" lon="-122.915117"/>
</trkseg>
<trkseg>
<trkpt lat="49.127297" lon="-122.915052"/>
<trkpt lat="49.127448" lon="-122.915027"/>
<trkpt lat="49.127297" lon="-122.915052"/>
</trkseg>
<trkseg>
<trkpt lat="49.129131" lon="-122.907960"/>
<trkpt lat="49.125139" lon="-122.909415"/>
<trkpt lat="49.123464" lon="-122.909462"/>
<trkpt lat="49.123229" lon="-122.912178"/>
<trkpt lat="49.121644" lon="-122.911684"/>
<trkpt lat="49.120039" lon="-122.910386"/>
<trkpt lat="49.118849" lon="-122.910349"/>
</trkseg>
<trkseg>
<trkpt lat="49.119016" lon="-122.904859"/>
<trkpt lat="49.118894" lon="-122.905453"/>
<trkpt lat="49.117884" lon="-122.904605"/>
<trkpt lat="49.117160" lon="-122.904557"/>
<trkpt lat="49.116935" lon="-122.903767"/>
</trkseg>
<trkseg>
<trkpt lat="49.119033" lon="-122.901503"/>
<trkpt lat="49.119322" lon="-122.898529"/>
<trkpt lat="49.119384" lon="-122.898153"/>
<trkpt lat="49.119371" lon="-122.893197"/>
</trkseg>
<trkseg>
<trkpt lat="49.119371" lon="-122.893197"/>
<trkpt lat="49.119735" lon="-122.893191"/>
<trkpt lat="49.120754" lon="-122.892788"/>
<trkpt lat="49.122347" lon="-122.892832"/>
<trkpt lat="49.122704" lon="-122.893718"/>
<trkpt lat="49.122713" lon="-122.896003"/>
</trkseg>
<trkseg>
<trkpt lat="49.119371" lon="-122.893197"/>
<trkpt lat="49.119406" lon="-122.892063"/>
<trkpt lat="49.119385" lon="-122.890470"/>
</trkseg>
<trkseg>
<trkpt lat="49.119283" lon="-122.890314"/>
<trkpt lat="49.119282" lon="-122.890472"/>
<trkpt lat="49.119297" lon="-122.891441"/>
<trkpt lat="49.119310" lon="-122.892068"/>
<trkpt lat="49.119333" lon="-122.892998"/>
<trkpt lat="49.119371" lon="-122.893197"/>
</trkseg>
<trkseg>
<trkpt lat="49.119371" lon="-122.893197"/>
<trkpt lat="49.118935" lon="-122.893223"/>
<trkpt lat="49.117298" lon="-122.893460"/>
<trkpt lat="49.115827" lon="-122.893175"/>
<trkpt lat="49.114032" lon="-122.894243"/>
<trkpt lat="49.113317" lon="-122.894063"/>
<trkpt lat="49.112920" lon="-122.893333"/>
<trkpt lat="49.112912" lon="-122.891023"/>
</trkseg>
<trkseg>
<trkpt lat="49.112912" lon="-122.891023"/>
<trkpt lat="49.112951" lon="-122.890536"/>
<trkpt lat="49.112952" lon="-122.890380"/>
</trkseg>
<trkseg>
<trkpt lat="49.112868" lon="-122.890380"/>
<trkpt lat="49.112869" lon="-122.890536"/>
<trkpt lat="49.112912" lon="-122.891023"/>
</trkseg>
<trkseg>
<trkpt lat="49.114507" lon="-122.897262"/>
<trkpt lat="49.115218" lon="-122.897853"/>
</trkseg>
<trkseg>
<trkpt lat="49.114915" lon="-122.897746"/>
<trkpt lat="49.114510" lon="-122.898563"/>
<trkpt lat="49.113210" lon="-122.898812"/>
<trkpt lat="49.112036" lon="-122.901611"/>
<trkpt lat="49.110396" lon="-122.901347"/>
</trkseg>
<trkseg>
<trkpt lat="49.127256" lon="-122.897793"/>
<trkpt lat="49.127044" lon="-122.897305"/>
<trkpt lat="49.127087" lon="-122.896114"/>
<trkpt lat="49.128294" lon="-122.893947"/>
</trkseg>
<trkseg>
<trkpt lat="49.143153" lon="-122.904310"/>
<trkpt lat="49.143100" lon="-122.909601"/>
<trkpt lat="49.145269" lon="-122.908246"/>
<trkpt lat="49.145333" lon="-122.912586"/>
</trkseg>
<trkseg>
<trkpt lat="49.144936" lon="-122.923658"/>
<trkpt lat="49.144960" lon="-122.923891"/>
<trkpt lat="49.145183" lon="-122.924747"/>
<trkpt lat="49.145571" lon="-122.925054"/>
</trkseg>
<trkseg>
<trkpt lat="49.151786" lon="-122.924288"/>
<trkpt lat="49.151808" lon="-122.925010"/>
</trkseg>
<trkseg>
<trkpt lat="49.151808" lon="-122.925010"/>
<trkpt lat="49.151836" lon="-122.932055"/>
</trkseg>
<trkseg>
<trkpt lat="49.151836" lon="-122.932055"/>
<trkpt lat="49.151836" lon="-122.932179"/>
</trkseg>
<trkseg>
<trkpt lat="49.151836" lon="-122.932179"/>
<trkpt lat="49.151836" lon="-122.932055"/>
</trkseg>
<trkseg>
<trkpt lat="49.151836" lon="-122.932055"/>
<trkpt lat="49.151808" lon="-122.925010"/>
</trkseg>
<trkseg>
<trkpt lat="49.151808" lon="-122.925010"/>
<trkpt lat="49.151703" lon="-122.924993"/>
<trkpt lat="49.151808" lon="-122.925010"/>
</trkseg>
<trkseg>
<trkpt lat="49.151808" lon="-122.925010"/>
<trkpt lat="49.151786" lon="-122.924288"/>
</trkseg>
<trkseg>
<trkpt lat="49.151786" lon="-122.924288"/>
<trkpt lat="49.151745" lon="-122.923630"/>
</trkseg>
<trkseg>
<trkpt lat="49.151745" lon="-122.923630"/>
<trkpt lat="49.151786" lon="-122.924288"/>
</trkseg>
<trkseg>
<trkpt lat="49.151745" lon="-122.923630"/>
<trkpt lat="49.151738" lon="-122.923419"/>
</trkseg>
<trkseg>
<trkpt lat="49.152249" lon="-122.923508"/>
<trkpt lat="49.155035" lon="-122.923306"/>
<trkpt lat="49.155136" lon="-122.923410"/>
<trkpt lat="49.155954" lon="-122.923448"/>
<trkpt lat="49.156207" lon="-122.923434"/>
<trkpt lat="49.156510" lon="-122.923568"/>
</trkseg>
<trkseg>
<trkpt lat="49.156510" lon="-122.923568"/>
<trkpt lat="49.156589" lon="-122.923450"/>
</trkseg>
<trkseg>
<trkpt lat="49.156510" lon="-122.923568"/>
<trkpt lat="49.156782" lon="-122.924052"/>
<trkpt lat="49.158631" lon="-122.924198"/>
<trkpt lat="49.156782" lon="-122.924052"/>
<trkpt lat="49.156510" lon="-122.923568"/>
</trkseg>
<trkseg>
<trkpt lat="49.158520" lon="-122.923430"/>
<trkpt lat="49.158735" lon="-122.924276"/>
<trkpt lat="49.159402" lon="-122.923757"/>
</trkseg>
<trkseg>
<trkpt lat="49.156058" lon="-122.918046"/>
<trkpt lat="49.152247" lon="-122.918136"/>
</trkseg>
<trkseg>
<trkpt lat="49.155164" lon="-122.928928"/>
<trkpt lat="49.155205" lon="-122.928944"/>
<trkpt lat="49.155935" lon="-122.929016"/>
<trkpt lat="49.155876" lon="-122.929610"/>
<trkpt lat="49.155919" lon="-122.930766"/>
<trkpt lat="49.155865" lon="-122.930646"/>
<trkpt lat="49.155853" lon="-122.931047"/>
<trkpt lat="49.155837" lon="-122.931174"/>
<trkpt lat="49.155858" lon="-122.932401"/>
<trkpt lat="49.155963" lon="-122.932640"/>
<trkpt lat="49.154376" lon="-122.934785"/>
<trkpt lat="49.157611" lon="-122.939539"/>
</trkseg>
<trkseg>
<trkpt lat="49.155087" lon="-122.943188"/>
<trkpt lat="49.154879" lon="-122.943549"/>
</trkseg>
<trkseg>
<trkpt lat="49.154879" lon="-122.943549"/>
<trkpt lat="49.154229" lon="-122.944570"/>
</trkseg>
<trkseg>
<trkpt lat="49.154879" lon="-122.943549"/>
<trkpt lat="49.154930" lon="-122.943579"/>
</trkseg>
<trkseg>
<trkpt lat="49.147672" lon="-122.943370"/>
<trkpt lat="49.147556" lon="-122.943430"/>
<trkpt lat="49.147481" lon="-122.943477"/>
<trkpt lat="49.147187" lon="-122.943687"/>
<trkpt lat="49.146941" lon="-122.944043"/>
<trkpt lat="49.146180" lon="-122.944823"/>
<trkpt lat="49.145972" lon="-122.945405"/>
<trkpt lat="49.145974" lon="-122.946011"/>
<trkpt lat="49.146000" lon="-122.946639"/>
<trkpt lat="49.146085" lon="-122.947209"/>
<trkpt lat="49.146351" lon="-122.947047"/>
<trkpt lat="49.146803" lon="-122.946832"/>
</trkseg>
<trkseg>
<trkpt lat="49.146803" lon="-122.946832"/>
<trkpt lat="49.147311" lon="-122.947330"/>
<trkpt lat="49.147812" lon="-122.948800"/>
<trkpt lat="49.148449" lon="-122.950579"/>
</trkseg>
<trkseg>
<trkpt lat="49.148449" lon="-122.950579"/>
<trkpt lat="49.148742" lon="-122.951925"/>
<trkpt lat="49.148299" lon="-122.955352"/>
<trkpt lat="49.148423" lon="-122.957770"/>
</trkseg>
<trkseg>
<trkpt lat="49.148423" lon="-122.957770"/>
<trkpt lat="49.148468" lon="-122.962963"/>
<trkpt lat="49.148383" lon="-122.968181"/>
<trkpt lat="49.147488" lon="-122.971941"/>
<trkpt lat="49.147352" lon="-122.973658"/>
<trkpt lat="49.147379" lon="-122.976240"/>
<trkpt lat="49.147346" lon="-122.982190"/>
<trkpt lat="49.147094" lon="-122.984329"/>
<trkpt lat="49.145747" lon="-122.988965"/>
<trkpt lat="49.145676" lon="-122.989210"/>
<trkpt lat="49.144590" lon="-122.991547"/>
<trkpt lat="49.142659" lon="-122.993262"/>
<trkpt lat="49.140748" lon="-122.995401"/>
<trkpt lat="49.140527" lon="-122.995830"/>
<trkpt lat="49.140471" lon="-122.995944"/>
<trkpt lat="49.140185" lon="-122.996485"/>
<trkpt lat="49.139582" lon="-122.998161"/>
<trkpt lat="49.138681" lon="-123.001057"/>
<trkpt lat="49.136308" lon="-123.005613"/>
<trkpt lat="49.135031" lon="-123.009821"/>
<trkpt lat="49.133866" lon="-123.011439"/>
<trkpt lat="49.132841" lon="-123.012225"/>
<trkpt lat="49.129774" lon="-123.012736"/>
<trkpt lat="49.128551" lon="-123.013555"/>
<trkpt lat="49.127755" lon="-123.014905"/>
<trkpt lat="49.126005" lon="-123.020752"/>
<trkpt lat="49.125115" lon="-123.022261"/>
<trkpt lat="49.124321" lon="-123.023061"/>
<trkpt lat="49.119077" lon="-123.026150"/>
<trkpt lat="49.116308" lon="-123.028733"/>
<trkpt lat="49.111932" lon="-123.028906"/>
<trkpt lat="49.111765" lon="-123.028906"/>
<trkpt lat="49.107539" lon="-123.028928"/>
<trkpt lat="49.103205" lon="-123.029550"/>
<trkpt lat="49.101404" lon="-123.029264"/>
<trkpt lat="49.099569" lon="-123.028538"/>
<trkpt lat="49.098159" lon="-123.027117"/>
</trkseg>
<trkseg>
<trkpt lat="49.098159" lon="-123.027117"/>
<trkpt lat="49.098109" lon="-123.028402"/>
<trkpt lat="49.097640" lon="-123.028950"/>
</trkseg>
<trkseg>
<trkpt lat="49.097640" lon="-123.028950"/>
<trkpt lat="49.097587" lon="-123.031477"/>
<trkpt lat="49.097795" lon="-123.032520"/>
<trkpt lat="49.099386" lon="-123.036496"/>
<trkpt lat="49.103799" lon="-123.046087"/>
</trkseg>
<trkseg>
<trkpt lat="49.103799" lon="-123.046087"/>
<trkpt lat="49.104343" lon="-123.047604"/>
<trkpt lat="49.104016" lon="-123.047949"/>
<trkpt lat="49.102990" lon="-123.046177"/>
<trkpt lat="49.094241" lon="-123.046258"/>
<trkpt lat="49.094100" lon="-123.046252"/>
<trkpt lat="49.093770" lon="-123.046246"/>
<trkpt lat="49.093068" lon="-123.046233"/>
<trkpt lat="49.090524" lon="-123.046247"/>
<trkpt lat="49.090150" lon="-123.046248"/>
</trkseg>
<trkseg>
<trkpt lat="49.090150" lon="-123.046248"/>
<trkpt lat="49.089791" lon="-123.046251"/>
<trkpt lat="49.065980" lon="-123.046384"/>
</trkseg>
<trkseg>
<trkpt lat="49.068322" lon="-123.046361"/>
<trkpt lat="49.068341" lon="-123.038399"/>
</trkseg>
<trkseg>
<trkpt lat="49.068341" lon="-123.038399"/>
<trkpt lat="49.068489" lon="-123.036343"/>
<trkpt lat="49.068498" lon="-123.035272"/>
<trkpt lat="49.068317" lon="-123.032773"/>
<trkpt lat="49.068237" lon="-123.024174"/>
</trkseg>
<trkseg>
<trkpt lat="49.068316" lon="-123.036077"/>
<trkpt lat="49.068311" lon="-123.036321"/>
<trkpt lat="49.068289" lon="-123.038036"/>
<trkpt lat="49.068341" lon="-123.038399"/>
</trkseg>
<trkseg>
<trkpt lat="49.061027" lon="-123.046416"/>
<trkpt lat="49.060958" lon="-123.046290"/>
<trkpt lat="49.059622" lon="-123.046149"/>
<trkpt lat="49.059526" lon="-123.046160"/>
</trkseg>
<trkseg>
<trkpt lat="49.053721" lon="-123.046399"/>
<trkpt lat="49.049668" lon="-123.046402"/>
</trkseg>
<trkseg>
<trkpt lat="49.053757" lon="-123.055970"/>
<trkpt lat="49.053805" lon="-123.056691"/>
<trkpt lat="49.053880" lon="-123.057111"/>
</trkseg>
<trkseg>
<trkpt lat="49.053880" lon="-123.057111"/>
<trkpt lat="49.057031" lon="-123.056346"/>
<trkpt lat="49.057529" lon="-123.056577"/>
<trkpt lat="49.058956" lon="-123.057222"/>
<trkpt lat="49.059610" lon="-123.057214"/>
<trkpt lat="49.065188" lon="-123.057169"/>
<trkpt lat="49.067915" lon="-123.057165"/>
<trkpt lat="49.082947" lon="-123.057085"/>
<trkpt lat="49.086148" lon="-123.057051"/>
<trkpt lat="49.087049" lon="-123.056966"/>
<trkpt lat="49.087556" lon="-123.056910"/>
<trkpt lat="49.088541" lon="-123.056840"/>
<trkpt lat="49.089813" lon="-123.056866"/>
</trkseg>
<trkseg>
<trkpt lat="49.089813" lon="-123.056866"/>
<trkpt lat="49.090112" lon="-123.056887"/>
</trkseg>
<trkseg>
<trkpt lat="49.090112" lon="-123.056887"/>
<trkpt lat="49.090233" lon="-123.056893"/>
</trkseg>
<trkseg>
<trkpt lat="49.090233" lon="-123.056893"/>
<trkpt lat="49.090234" lon="-123.057126"/>
</trkseg>
<trkseg>
<trkpt lat="49.090234" lon="-123.057126"/>
<trkpt lat="49.090237" lon="-123.057513"/>
</trkseg>
<trkseg>
<trkpt lat="49.090237" lon="-123.057513"/>
<trkpt lat="49.090242" lon="-123.062560"/>
<trkpt lat="49.090243" lon="-123.062904"/>
</trkseg>
<trkseg>
<trkpt lat="49.090243" lon="-123.062904"/>
<trkpt lat="49.090243" lon="-123.063069"/>
</trkseg>
<trkseg>
<trkpt lat="49.090243" lon="-123.063069"/>
<trkpt lat="49.090148" lon="-123.063070"/>
</trkseg>
<trkseg>
<trkpt lat="49.090148" lon="-123.063070"/>
<trkpt lat="49.087969" lon="-123.063089"/>
<trkpt lat="49.087751" lon="-123.063092"/>
<trkpt lat="49.087555" lon="-123.063094"/>
<trkpt lat="49.086488" lon="-123.064097"/>
<trkpt lat="49.084952" lon="-123.064299"/>
<trkpt lat="49.084877" lon="-123.064356"/>
<trkpt lat="49.084198" lon="-123.065359"/>
</trkseg>
<trkseg>
<trkpt lat="49.090148" lon="-123.063070"/>
<trkpt lat="49.090213" lon="-123.065281"/>
<trkpt lat="49.090243" lon="-123.063069"/>
</trkseg>
<trkseg>
<trkpt lat="49.090148" lon="-123.063070"/>
<trkpt lat="49.090142" lon="-123.062901"/>
</trkseg>
<trkseg>
<trkpt lat="49.090142" lon="-123.062901"/>
<trkpt lat="49.090243" lon="-123.062904"/>
</trkseg>
<trkseg>
<trkpt lat="49.090293" lon="-123.059409"/>
<trkpt lat="49.090314" lon="-123.057608"/>
<trkpt lat="49.090637" lon="-123.056717"/>
<trkpt lat="49.090611" lon="-123.056736"/>
<trkpt lat="49.090765" lon="-123.056295"/>
<trkpt lat="49.090719" lon="-123.056228"/>
<trkpt lat="49.090790" lon="-123.052757"/>
<trkpt lat="49.091201" lon="-123.051130"/>
</trkseg>
<trkseg>
<trkpt lat="49.091201" lon="-123.051130"/>
<trkpt lat="49.090158" lon="-123.051145"/>
</trkseg>
<trkseg>
<trkpt lat="49.091201" lon="-123.051130"/>
<trkpt lat="49.091120" lon="-123.046247"/>
</trkseg>
<trkseg>
<trkpt lat="49.090150" lon="-123.046248"/>
<trkpt lat="49.090089" lon="-123.045298"/>
<trkpt lat="49.090141" lon="-123.044126"/>
</trkseg>
<trkseg>
<trkpt lat="49.090164" lon="-123.053564"/>
<trkpt lat="49.090233" lon="-123.054277"/>
</trkseg>
<trkseg>
<trkpt lat="49.090233" lon="-123.054277"/>
<trkpt lat="49.090234" lon="-123.054656"/>
</trkseg>
<trkseg>
<trkpt lat="49.090234" lon="-123.054656"/>
<trkpt lat="49.090230" lon="-123.055642"/>
<trkpt lat="49.090230" lon="-123.056419"/>
</trkseg>
<trkseg>
<trkpt lat="49.090230" lon="-123.056419"/>
<trkpt lat="49.090475" lon="-123.056905"/>
</trkseg>
<trkseg>
<trkpt lat="49.090475" lon="-123.056905"/>
<trkpt lat="49.093761" lon="-123.057299"/>
<trkpt lat="49.102354" lon="-123.057361"/>
</trkseg>
<trkseg>
<trkpt lat="49.102354" lon="-123.057361"/>
<trkpt lat="49.105182" lon="-123.057383"/>
</trkseg>
<trkseg>
<trkpt lat="49.105182" lon="-123.057383"/>
<trkpt lat="49.105970" lon="-123.057201"/>
<trkpt lat="49.107502" lon="-123.055784"/>
<trkpt lat="49.107905" lon="-123.055363"/>
<trkpt lat="49.108466" lon="-123.054757"/>
<trkpt lat="49.108692" lon="-123.054311"/>
</trkseg>
<trkseg>
<trkpt lat="49.108743" lon="-123.054351"/>
<trkpt lat="49.109080" lon="-123.054157"/>
<trkpt lat="49.109149" lon="-123.054173"/>
<trkpt lat="49.109568" lon="-123.053817"/>
<trkpt lat="49.111351" lon="-123.051986"/>
<trkpt lat="49.112148" lon="-123.051253"/>
</trkseg>
<trkseg>
<trkpt lat="49.112148" lon="-123.051253"/>
<trkpt lat="49.112283" lon="-123.051704"/>
</trkseg>
<trkseg>
<trkpt lat="49.112283" lon="-123.051704"/>
<trkpt lat="49.112313" lon="-123.051843"/>
</trkseg>
<trkseg>
<trkpt lat="49.112313" lon="-123.051843"/>
<trkpt lat="49.112478" lon="-123.053438"/>
<trkpt lat="49.114735" lon="-123.061764"/>
</trkseg>
<trkseg>
<trkpt lat="49.114735" lon="-123.061764"/>
<trkpt lat="49.113232" lon="-123.063321"/>
<trkpt lat="49.112943" lon="-123.064072"/>
<trkpt lat="49.114690" lon="-123.066506"/>
<trkpt lat="49.114712" lon="-123.067027"/>
<trkpt lat="49.113907" lon="-123.066221"/>
<trkpt lat="49.113676" lon="-123.066638"/>
<trkpt lat="49.113331" lon="-123.066383"/>
<trkpt lat="49.111390" lon="-123.067512"/>
<trkpt lat="49.109905" lon="-123.068120"/>
<trkpt lat="49.106677" lon="-123.072377"/>
<trkpt lat="49.105740" lon="-123.072969"/>
<trkpt lat="49.105356" lon="-123.073968"/>
</trkseg>
<trkseg>
<trkpt lat="49.105356" lon="-123.073968"/>
<trkpt lat="49.106243" lon="-123.074378"/>
</trkseg>
<trkseg>
<trkpt lat="49.106243" lon="-123.074378"/>
<trkpt lat="49.105644" lon="-123.076301"/>
<trkpt lat="49.105775" lon="-123.079005"/>
</trkseg>
<trkseg>
<trkpt lat="49.105836" lon="-123.079086"/>
<trkpt lat="49.105909" lon="-123.079077"/>
<trkpt lat="49.106004" lon="-123.079066"/>
<trkpt lat="49.111700" lon="-123.078224"/>
</trkseg>
<trkseg>
<trkpt lat="49.111700" lon="-123.078224"/>
<trkpt lat="49.111781" lon="-123.078088"/>
<trkpt lat="49.111900" lon="-123.077691"/>
<trkpt lat="49.111936" lon="-123.077615"/>
</trkseg>
<trkseg>
<trkpt lat="49.112008" lon="-123.077565"/>
<trkpt lat="49.112041" lon="-123.077683"/>
<trkpt lat="49.112265" lon="-123.078036"/>
<trkpt lat="49.112368" lon="-123.078120"/>
</trkseg>
<trkseg>
<trkpt lat="49.112368" lon="-123.078120"/>
<trkpt lat="49.112255" lon="-123.078240"/>
<trkpt lat="49.111783" lon="-123.078301"/>
<trkpt lat="49.111700" lon="-123.078224"/>
</trkseg>
<trkseg>
<trkpt lat="49.111700" lon="-123.078224"/>
<trkpt lat="49.111930" lon="-123.078018"/>
</trkseg>
<trkseg>
<trkpt lat="49.111930" lon="-123.078018"/>
<trkpt lat="49.111967" lon="-123.078199"/>
</trkseg>
<trkseg>
<trkpt lat="49.111967" lon="-123.078199"/>
<trkpt lat="49.111700" lon="-123.078224"/>
</trkseg>
<trkseg>
<trkpt lat="49.111930" lon="-123.078018"/>
<trkpt lat="49.111967" lon="-123.077943"/>
</trkseg>
<trkseg>
<trkpt lat="49.111967" lon="-123.077943"/>
<trkpt lat="49.112030" lon="-123.075731"/>
</trkseg>
<trkseg>
<trkpt lat="49.112030" lon="-123.075731"/>
<trkpt lat="49.112071" lon="-123.075747"/>
</trkseg>
<trkseg>
<trkpt lat="49.112071" lon="-123.075747"/>
<trkpt lat="49.112034" lon="-123.077913"/>
</trkseg>
<trkseg>
<trkpt lat="49.112034" lon="-123.077913"/>
<trkpt lat="49.112124" lon="-123.078128"/>
<trkpt lat="49.111967" lon="-123.078199"/>
</trkseg>
<trkseg>
<trkpt lat="49.112097" lon="-123.078187"/>
<trkpt lat="49.112368" lon="-123.078120"/>
</trkseg>
<trkseg>
<trkpt lat="49.112368" lon="-123.078120"/>
<trkpt lat="49.112852" lon="-123.077950"/>
<trkpt lat="49.112853" lon="-123.077780"/>
<trkpt lat="49.112940" lon="-123.077392"/>
<trkpt lat="49.113206" lon="-123.077343"/>
<trkpt lat="49.113238" lon="-123.076620"/>
<trkpt lat="49.113557" lon="-123.076353"/>
<trkpt lat="49.113608" lon="-123.071059"/>
<trkpt lat="49.113971" lon="-123.067283"/>
<trkpt lat="49.113624" lon="-123.066737"/>
</trkseg>
<trkseg>
<trkpt lat="49.114735" lon="-123.061764"/>
<trkpt lat="49.114941" lon="-123.061792"/>
<trkpt lat="49.118836" lon="-123.058017"/>
<trkpt lat="49.121971" lon="-123.056028"/>
<trkpt lat="49.125533" lon="-123.053131"/>
<trkpt lat="49.127332" lon="-123.051273"/>
</trkseg>
<trkseg>
<trkpt lat="49.127332" lon="-123.051273"/>
<trkpt lat="49.127330" lon="-123.052754"/>
<trkpt lat="49.126656" lon="-123.057795"/>
<trkpt lat="49.125407" lon="-123.059627"/>
<trkpt lat="49.124240" lon="-123.060673"/>
<trkpt lat="49.123811" lon="-123.062397"/>
<trkpt lat="49.122182" lon="-123.064592"/>
</trkseg>
<trkseg>
<trkpt lat="49.116944" lon="-123.059892"/>
<trkpt lat="49.116946" lon="-123.059782"/>
</trkseg>
<trkseg>
<trkpt lat="49.112313" lon="-123.051843"/>
<trkpt lat="49.111949" lon="-123.051561"/>
</trkseg>
<trkseg>
<trkpt lat="49.111949" lon="-123.051561"/>
<trkpt lat="49.110370" lon="-123.053144"/>
<trkpt lat="49.109721" lon="-123.053801"/>
<trkpt lat="49.109581" lon="-123.054056"/>
<trkpt lat="49.109274" lon="-123.054382"/>
<trkpt lat="49.108781" lon="-123.055204"/>
<trkpt lat="49.108680" lon="-123.055002"/>
<trkpt lat="49.108630" lon="-123.055050"/>
<trkpt lat="49.108020" lon="-123.055595"/>
<trkpt lat="49.107609" lon="-123.056025"/>
<trkpt lat="49.107329" lon="-123.056431"/>
<trkpt lat="49.107224" lon="-123.056412"/>
</trkseg>
<trkseg>
<trkpt lat="49.105230" lon="-123.057554"/>
<trkpt lat="49.103147" lon="-123.057550"/>
<trkpt lat="49.092452" lon="-123.057382"/>
<trkpt lat="49.092061" lon="-123.057337"/>
<trkpt lat="49.090480" lon="-123.057147"/>
</trkseg>
<trkseg>
<trkpt lat="49.090480" lon="-123.057147"/>
<trkpt lat="49.090237" lon="-123.057513"/>
</trkseg>
<trkseg>
<trkpt lat="49.090126" lon="-123.057652"/>
<trkpt lat="49.089823" lon="-123.057105"/>
</trkseg>
<trkseg>
<trkpt lat="49.089823" lon="-123.057105"/>
<trkpt lat="49.086612" lon="-123.057182"/>
<trkpt lat="49.086150" lon="-123.057200"/>
<trkpt lat="49.082906" lon="-123.057216"/>
<trkpt lat="49.067074" lon="-123.057311"/>
<trkpt lat="49.064503" lon="-123.057325"/>
<trkpt lat="49.059612" lon="-123.057357"/>
<trkpt lat="49.058960" lon="-123.057360"/>
<trkpt lat="49.054699" lon="-123.057378"/>
</trkseg>
<trkseg>
<trkpt lat="49.053236" lon="-123.057251"/>
<trkpt lat="49.056413" lon="-123.056856"/>
<trkpt lat="49.057599" lon="-123.056122"/>
<trkpt lat="49.058789" lon="-123.054873"/>
<trkpt lat="49.059540" lon="-123.053370"/>
<trkpt lat="49.059809" lon="-123.051484"/>
<trkpt lat="49.059507" lon="-123.047847"/>
<trkpt lat="49.059493" lon="-123.043394"/>
<trkpt lat="49.059776" lon="-123.041131"/>
<trkpt lat="49.060815" lon="-123.038494"/>
<trkpt lat="49.062024" lon="-123.036995"/>
<trkpt lat="49.064298" lon="-123.035971"/>
<trkpt lat="49.077899" lon="-123.035887"/>
<trkpt lat="49.079456" lon="-123.035431"/>
<trkpt lat="49.081139" lon="-123.033973"/>
<trkpt lat="49.082425" lon="-123.031714"/>
<trkpt lat="49.082903" lon="-123.030008"/>
<trkpt lat="49.083272" lon="-123.027392"/>
<trkpt lat="49.083846" lon="-123.025944"/>
<trkpt lat="49.085105" lon="-123.024733"/>
<trkpt lat="49.086851" lon="-123.024495"/>
<trkpt lat="49.086853" lon="-123.024104"/>
</trkseg>
<trkseg>
<trkpt lat="49.086853" lon="-123.024104"/>
<trkpt lat="49.082401" lon="-123.024131"/>
</trkseg>
<trkseg>
<trkpt lat="49.082401" lon="-123.024131"/>
<trkpt lat="49.061503" lon="-123.024190"/>
<trkpt lat="49.059564" lon="-123.024209"/>
</trkseg>
<trkseg>
<trkpt lat="49.082401" lon="-123.024131"/>
<trkpt lat="49.082298" lon="-123.004581"/>
</trkseg>
<trkseg>
<trkpt lat="49.081734" lon="-123.003714"/>
<trkpt lat="49.081035" lon="-123.002903"/>
<trkpt lat="49.080830" lon="-123.001811"/>
<trkpt lat="49.081393" lon="-123.001798"/>
<trkpt lat="49.082776" lon="-123.001767"/>
<trkpt lat="49.083085" lon="-123.001768"/>
<trkpt lat="49.084421" lon="-123.001762"/>
<trkpt lat="49.088252" lon="-123.001739"/>
<trkpt lat="49.089102" lon="-123.002425"/>
<trkpt lat="49.089586" lon="-123.002865"/>
</trkseg>
<trkseg>
<trkpt lat="49.089586" lon="-123.002865"/>
<trkpt lat="49.089805" lon="-123.003839"/>
</trkseg>
<trkseg>
<trkpt lat="49.089805" lon="-123.003839"/>
<trkpt lat="49.089996" lon="-123.006387"/>
<trkpt lat="49.090055" lon="-123.021590"/>
<trkpt lat="49.090065" lon="-123.024090"/>
</trkseg>
<trkseg>
<trkpt lat="49.090065" lon="-123.024090"/>
<trkpt lat="49.091758" lon="-123.024102"/>
<trkpt lat="49.092432" lon="-123.023717"/>
<trkpt lat="49.092886" lon="-123.023182"/>
<trkpt lat="49.093614" lon="-123.021629"/>
<trkpt lat="49.093479" lon="-123.019492"/>
<trkpt lat="49.093652" lon="-123.019238"/>
<trkpt lat="49.094088" lon="-123.019040"/>
<trkpt lat="49.094372" lon="-123.018910"/>
<trkpt lat="49.095935" lon="-123.023733"/>
<trkpt lat="49.096409" lon="-123.024058"/>
<trkpt lat="49.097258" lon="-123.024064"/>
<trkpt lat="49.097261" lon="-123.025137"/>
<trkpt lat="49.097429" lon="-123.025994"/>
<trkpt lat="49.097872" lon="-123.026610"/>
<trkpt lat="49.098159" lon="-123.027117"/>
</trkseg>
<trkseg>
<trkpt lat="49.097640" lon="-123.028950"/>
<trkpt lat="49.097066" lon="-123.029334"/>
<trkpt lat="49.097091" lon="-123.028974"/>
<trkpt lat="49.098002" lon="-123.028254"/>
<trkpt lat="49.098203" lon="-123.028278"/>
<trkpt lat="49.099711" lon="-123.028752"/>
<trkpt lat="49.101373" lon="-123.029417"/>
<trkpt lat="49.103195" lon="-123.029690"/>
<trkpt lat="49.107528" lon="-123.029059"/>
<trkpt lat="49.111765" lon="-123.029068"/>
<trkpt lat="49.111930" lon="-123.029066"/>
<trkpt lat="49.114630" lon="-123.029051"/>
<trkpt lat="49.116742" lon="-123.028687"/>
<trkpt lat="49.119247" lon="-123.026204"/>
<trkpt lat="49.124594" lon="-123.023023"/>
<trkpt lat="49.126085" lon="-123.020826"/>
<trkpt lat="49.127774" lon="-123.015132"/>
<trkpt lat="49.128540" lon="-123.013800"/>
<trkpt lat="49.129810" lon="-123.012886"/>
<trkpt lat="49.132911" lon="-123.012374"/>
<trkpt lat="49.134464" lon="-123.011055"/>
<trkpt lat="49.135105" lon="-123.009922"/>
<trkpt lat="49.136401" lon="-123.005662"/>
<trkpt lat="49.138405" lon="-123.001938"/>
<trkpt lat="49.139687" lon="-122.998234"/>
<trkpt lat="49.140138" lon="-122.996904"/>
<trkpt lat="49.140560" lon="-122.996049"/>
<trkpt lat="49.140615" lon="-122.995935"/>
<trkpt lat="49.141013" lon="-122.995279"/>
<trkpt lat="49.141624" lon="-122.994464"/>
<trkpt lat="49.142703" lon="-122.993415"/>
<trkpt lat="49.144662" lon="-122.991658"/>
<trkpt lat="49.145762" lon="-122.989274"/>
<trkpt lat="49.145834" lon="-122.989030"/>
<trkpt lat="49.147317" lon="-122.983515"/>
<trkpt lat="49.147462" lon="-122.973154"/>
<trkpt lat="49.148182" lon="-122.969743"/>
<trkpt lat="49.148593" lon="-122.966670"/>
<trkpt lat="49.148543" lon="-122.962940"/>
<trkpt lat="49.148535" lon="-122.961723"/>
<trkpt lat="49.148512" lon="-122.958231"/>
</trkseg>
<trkseg>
<trkpt lat="49.148423" lon="-122.957770"/>
<trkpt lat="49.148553" lon="-122.954549"/>
<trkpt lat="49.148928" lon="-122.953371"/>
<trkpt lat="49.149674" lon="-122.952185"/>
</trkseg>
<trkseg>
<trkpt lat="49.150032" lon="-122.952047"/>
<trkpt lat="49.149667" lon="-122.952382"/>
<trkpt lat="49.149120" lon="-122.953271"/>
<trkpt lat="49.148683" lon="-122.955346"/>
<trkpt lat="49.148937" lon="-122.955931"/>
<trkpt lat="49.149321" lon="-122.956052"/>
<trkpt lat="49.149734" lon="-122.955683"/>
<trkpt lat="49.149898" lon="-122.955108"/>
<trkpt lat="49.149633" lon="-122.952990"/>
<trkpt lat="49.149344" lon="-122.952313"/>
<trkpt lat="49.148449" lon="-122.950579"/>
</trkseg>
<trkseg>
<trkpt lat="49.149986" lon="-122.951723"/>
<trkpt lat="49.149350" lon="-122.951637"/>
<trkpt lat="49.148364" lon="-122.950102"/>
<trkpt lat="49.147754" lon="-122.948043"/>
<trkpt lat="49.147671" lon="-122.947318"/>
<trkpt lat="49.147989" lon="-122.946332"/>
<trkpt lat="49.148007" lon="-122.945186"/>
<trkpt lat="49.147776" lon="-122.944001"/>
<trkpt lat="49.147789" lon="-122.943588"/>
<trkpt lat="49.147736" lon="-122.943547"/>
<trkpt lat="49.147625" lon="-122.943244"/>
</trkseg>
<trkseg>
<trkpt lat="49.147625" lon="-122.943244"/>
<trkpt lat="49.147399" lon="-122.943388"/>
<trkpt lat="49.147385" lon="-122.943390"/>
<trkpt lat="49.147287" lon="-122.943337"/>
<trkpt lat="49.145969" lon="-122.944904"/>
<trkpt lat="49.145784" lon="-122.946659"/>
<trkpt lat="49.145823" lon="-122.947171"/>
<trkpt lat="49.146178" lon="-122.947309"/>
<trkpt lat="49.146753" lon="-122.946935"/>
<trkpt lat="49.146803" lon="-122.946832"/>
</trkseg>
<trkseg>
<trkpt lat="49.147625" lon="-122.943244"/>
<trkpt lat="49.147620" lon="-122.943151"/>
<trkpt lat="49.147614" lon="-122.943022"/>
</trkseg>
<trkseg>
<trkpt lat="49.148142" lon="-122.938449"/>
<trkpt lat="49.148648" lon="-122.938573"/>
<trkpt lat="49.148764" lon="-122.937856"/>
<trkpt lat="49.148719" lon="-122.937770"/>
<trkpt lat="49.148175" lon="-122.937546"/>
</trkseg>
<trkseg>
<trkpt lat="49.149002" lon="-122.935351"/>
<trkpt lat="49.149016" lon="-122.935198"/>
</trkseg>
<trkseg>
<trkpt lat="49.095782" lon="-122.935038"/>
<trkpt lat="49.096006" lon="-122.934086"/>
<trkpt lat="49.098236" lon="-122.912695"/>
<trkpt lat="49.091706" lon="-122.912612"/>
<trkpt lat="49.091194" lon="-122.912608"/>
<trkpt lat="49.084070" lon="-122.912582"/>
</trkseg>
<trkseg>
<trkpt lat="49.090076" lon="-122.912618"/>
<trkpt lat="49.090059" lon="-122.918939"/>
<trkpt lat="49.090722" lon="-122.921794"/>
<trkpt lat="49.090583" lon="-122.923830"/>
<trkpt lat="49.090077" lon="-122.926409"/>
<trkpt lat="49.090052" lon="-122.957132"/>
<trkpt lat="49.089011" lon="-122.959985"/>
<trkpt lat="49.089041" lon="-122.962637"/>
<trkpt lat="49.089552" lon="-122.962928"/>
<trkpt lat="49.089790" lon="-122.964996"/>
<trkpt lat="49.089959" lon="-122.967263"/>
<trkpt lat="49.089961" lon="-122.998655"/>
<trkpt lat="49.089973" lon="-123.000781"/>
<trkpt lat="49.089868" lon="-123.001676"/>
</trkseg>
<trkseg>
<trkpt lat="49.089868" lon="-123.001676"/>
<trkpt lat="49.089890" lon="-123.002358"/>
</trkseg>
<trkseg>
<trkpt lat="49.089890" lon="-123.002358"/>
<trkpt lat="49.089874" lon="-123.002883"/>
<trkpt lat="49.089586" lon="-123.002865"/>
</trkseg>
<trkseg>
<trkpt lat="49.089586" lon="-123.002865"/>
<trkpt lat="49.089571" lon="-123.002379"/>
<trkpt lat="49.089890" lon="-123.002358"/>
</trkseg>
<trkseg>
<trkpt lat="49.089627" lon="-123.002312"/>
<trkpt lat="49.089868" lon="-123.001676"/>
</trkseg>
<trkseg>
<trkpt lat="49.089927" lon="-123.002796"/>
<trkpt lat="49.089805" lon="-123.003839"/>
</trkseg>
<trkseg>
<trkpt lat="49.090065" lon="-123.024090"/>
<trkpt lat="49.090072" lon="-123.025084"/>
</trkseg>
<trkseg>
<trkpt lat="49.090065" lon="-123.024090"/>
<trkpt lat="49.086853" lon="-123.024104"/>
</trkseg>
<trkseg>
<trkpt lat="49.090233" lon="-123.054277"/>
<trkpt lat="49.090437" lon="-123.054427"/>
</trkseg>
<trkseg>
<trkpt lat="49.090437" lon="-123.054427"/>
<trkpt lat="49.090234" lon="-123.054656"/>
</trkseg>
<trkseg>
<trkpt lat="49.090437" lon="-123.054427"/>
<trkpt lat="49.090700" lon="-123.054419"/>
</trkseg>
<trkseg>
<trkpt lat="49.090230" lon="-123.056419"/>
<trkpt lat="49.090233" lon="-123.056893"/>
</trkseg>
<trkseg>
<trkpt lat="49.090233" lon="-123.056893"/>
<trkpt lat="49.090475" lon="-123.056905"/>
</trkseg>
<trkseg>
<trkpt lat="49.090480" lon="-123.057147"/>
<trkpt lat="49.090234" lon="-123.057126"/>
</trkseg>
<trkseg>
<trkpt lat="49.090234" lon="-123.057126"/>
<trkpt lat="49.090119" lon="-123.057118"/>
</trkseg>
<trkseg>
<trkpt lat="49.090119" lon="-123.057118"/>
<trkpt lat="49.089823" lon="-123.057105"/>
</trkseg>
<trkseg>
<trkpt lat="49.089813" lon="-123.056866"/>
<trkpt lat="49.090104" lon="-123.056452"/>
</trkseg>
<trkseg>
<trkpt lat="49.090238" lon="-123.059403"/>
<trkpt lat="49.090768" lon="-123.059416"/>
<trkpt lat="49.090715" lon="-123.063618"/>
<trkpt lat="49.091385" lon="-123.063737"/>
<trkpt lat="49.095052" lon="-123.063671"/>
<trkpt lat="49.097727" lon="-123.063636"/>
<trkpt lat="49.097730" lon="-123.065187"/>
<trkpt lat="49.097736" lon="-123.066004"/>
<trkpt lat="49.101826" lon="-123.071879"/>
<trkpt lat="49.101985" lon="-123.072042"/>
</trkseg>
<trkseg>
<trkpt lat="49.101985" lon="-123.072042"/>
<trkpt lat="49.101912" lon="-123.072088"/>
<trkpt lat="49.102027" lon="-123.072279"/>
</trkseg>
<trkseg>
<trkpt lat="49.102027" lon="-123.072279"/>
<trkpt lat="49.102062" lon="-123.072143"/>
</trkseg>
<trkseg>
<trkpt lat="49.102062" lon="-123.072143"/>
<trkpt lat="49.102309" lon="-123.072267"/>
</trkseg>
<trkseg>
<trkpt lat="49.102309" lon="-123.072267"/>
<trkpt lat="49.104214" lon="-123.072385"/>
</trkseg>
<trkseg>
<trkpt lat="49.104214" lon="-123.072385"/>
<trkpt lat="49.103690" lon="-123.072873"/>
<trkpt lat="49.098890" lon="-123.079083"/>
<trkpt lat="49.098763" lon="-123.079241"/>
<trkpt lat="49.098548" lon="-123.079505"/>
</trkseg>
<trkseg>
<trkpt lat="49.098548" lon="-123.079505"/>
<trkpt lat="49.098043" lon="-123.080041"/>
<trkpt lat="49.096934" lon="-123.080801"/>
<trkpt lat="49.094630" lon="-123.083534"/>
<trkpt lat="49.093066" lon="-123.084888"/>
<trkpt lat="49.092781" lon="-123.085136"/>
<trkpt lat="49.092621" lon="-123.085275"/>
<trkpt lat="49.090542" lon="-123.082628"/>
<trkpt lat="49.090210" lon="-123.082236"/>
<trkpt lat="49.090015" lon="-123.082010"/>
</trkseg>
<trkseg>
<trkpt lat="49.090015" lon="-123.082010"/>
<trkpt lat="49.089942" lon="-123.081916"/>
</trkseg>
<trkseg>
<trkpt lat="49.089942" lon="-123.081916"/>
<trkpt lat="49.088861" lon="-123.080598"/>
</trkseg>
<trkseg>
<trkpt lat="49.088861" lon="-123.080598"/>
<trkpt lat="49.089491" lon="-123.081273"/>
<trkpt lat="49.089942" lon="-123.081916"/>
</trkseg>
<trkseg>
<trkpt lat="49.088861" lon="-123.080598"/>
<trkpt lat="49.088300" lon="-123.080093"/>
<trkpt lat="49.087138" lon="-123.079221"/>
<trkpt lat="49.085136" lon="-123.079074"/>
</trkseg>
<trkseg>
<trkpt lat="49.085136" lon="-123.079074"/>
<trkpt lat="49.085150" lon="-123.082617"/>
<trkpt lat="49.085166" lon="-123.087101"/>
<trkpt lat="49.085216" lon="-123.095132"/>
</trkseg>
<trkseg>
<trkpt lat="49.085136" lon="-123.079074"/>
<trkpt lat="49.083081" lon="-123.077961"/>
<trkpt lat="49.083061" lon="-123.075159"/>
</trkseg>
<trkseg>
<trkpt lat="49.095879" lon="-123.079741"/>
<trkpt lat="49.097035" lon="-123.078424"/>
</trkseg>
<trkseg>
<trkpt lat="49.097035" lon="-123.078424"/>
<trkpt lat="49.098548" lon="-123.079505"/>
</trkseg>
<trkseg>
<trkpt lat="49.098548" lon="-123.079505"/>
<trkpt lat="49.100180" lon="-123.079891"/>
<trkpt lat="49.105716" lon="-123.079105"/>
</trkseg>
<trkseg>
<trkpt lat="49.106243" lon="-123.074378"/>
<trkpt lat="49.106668" lon="-123.074409"/>
<trkpt lat="49.109118" lon="-123.073047"/>
</trkseg>
<trkseg>
<trkpt lat="49.109118" lon="-123.073047"/>
<trkpt lat="49.109174" lon="-123.073061"/>
<trkpt lat="49.109211" lon="-123.072987"/>
</trkseg>
<trkseg>
<trkpt lat="49.109211" lon="-123.072987"/>
<trkpt lat="49.110493" lon="-123.072194"/>
</trkseg>
<trkseg>
<trkpt lat="49.110493" lon="-123.072194"/>
<trkpt lat="49.110542" lon="-123.072245"/>
<trkpt lat="49.110600" lon="-123.072197"/>
</trkseg>
<trkseg>
<trkpt lat="49.110600" lon="-123.072197"/>
<trkpt lat="49.112515" lon="-123.073003"/>
</trkseg>
<trkseg>
<trkpt lat="49.112515" lon="-123.073003"/>
<trkpt lat="49.112058" lon="-123.075581"/>
</trkseg>
<trkseg>
<trkpt lat="49.112058" lon="-123.075581"/>
<trkpt lat="49.112030" lon="-123.075731"/>
</trkseg>
<trkseg>
<trkpt lat="49.112071" lon="-123.075747"/>
<trkpt lat="49.112099" lon="-123.075601"/>
</trkseg>
<trkseg>
<trkpt lat="49.112099" lon="-123.075601"/>
<trkpt lat="49.112606" lon="-123.072914"/>
<trkpt lat="49.110602" lon="-123.072117"/>
</trkseg>
<trkseg>
<trkpt lat="49.110602" lon="-123.072117"/>
<trkpt lat="49.110600" lon="-123.072197"/>
</trkseg>
<trkseg>
<trkpt lat="49.110602" lon="-123.072117"/>
<trkpt lat="49.110545" lon="-123.072063"/>
<trkpt lat="49.110492" lon="-123.072117"/>
</trkseg>
<trkseg>
<trkpt lat="49.110492" lon="-123.072117"/>
<trkpt lat="49.109896" lon="-123.072257"/>
<trkpt lat="49.109189" lon="-123.072909"/>
</trkseg>
<trkseg>
<trkpt lat="49.109189" lon="-123.072909"/>
<trkpt lat="49.109211" lon="-123.072987"/>
</trkseg>
<trkseg>
<trkpt lat="49.109189" lon="-123.072909"/>
<trkpt lat="49.109123" lon="-123.072904"/>
<trkpt lat="49.109097" lon="-123.072972"/>
</trkseg>
<trkseg>
<trkpt lat="49.109097" lon="-123.072972"/>
<trkpt lat="49.109118" lon="-123.073047"/>
</trkseg>
<trkseg>
<trkpt lat="49.109097" lon="-123.072972"/>
<trkpt lat="49.106980" lon="-123.074186"/>
<trkpt lat="49.106250" lon="-123.074269"/>
<trkpt lat="49.105390" lon="-123.073862"/>
<trkpt lat="49.105198" lon="-123.073697"/>
<trkpt lat="49.105088" lon="-123.073592"/>
<trkpt lat="49.104214" lon="-123.072385"/>
</trkseg>
<trkseg>
<trkpt lat="49.104214" lon="-123.072385"/>
<trkpt lat="49.105049" lon="-123.073696"/>
<trkpt lat="49.105156" lon="-123.073802"/>
<trkpt lat="49.105356" lon="-123.073968"/>
</trkseg>
<trkseg>
<trkpt lat="49.102309" lon="-123.072267"/>
<trkpt lat="49.102027" lon="-123.072279"/>
</trkseg>
<trkseg>
<trkpt lat="49.102062" lon="-123.072143"/>
<trkpt lat="49.101985" lon="-123.072042"/>
</trkseg>
<trkseg>
<trkpt lat="49.101892" lon="-123.072171"/>
<trkpt lat="49.101631" lon="-123.072572"/>
</trkseg>
<trkseg>
<trkpt lat="49.101631" lon="-123.072572"/>
<trkpt lat="49.097035" lon="-123.078424"/>
</trkseg>
<trkseg>
<trkpt lat="49.101631" lon="-123.072572"/>
<trkpt lat="49.101929" lon="-123.072282"/>
</trkseg>
<trkseg>
<trkpt lat="49.110492" lon="-123.072117"/>
<trkpt lat="49.110493" lon="-123.072194"/>
</trkseg>
<trkseg>
<trkpt lat="49.112515" lon="-123.073003"/>
<trkpt lat="49.112585" lon="-123.073032"/>
</trkseg>
<trkseg>
<trkpt lat="49.112515" lon="-123.073003"/>
<trkpt lat="49.112539" lon="-123.072885"/>
</trkseg>
<trkseg>
<trkpt lat="49.112167" lon="-123.075277"/>
<trkpt lat="49.112180" lon="-123.075488"/>
<trkpt lat="49.112162" lon="-123.075614"/>
<trkpt lat="49.112107" lon="-123.075886"/>
<trkpt lat="49.112014" lon="-123.076094"/>
</trkseg>
<trkseg>
<trkpt lat="49.111970" lon="-123.075955"/>
<trkpt lat="49.111961" lon="-123.075815"/>
<trkpt lat="49.111957" lon="-123.075713"/>
<trkpt lat="49.111998" lon="-123.075526"/>
<trkpt lat="49.112040" lon="-123.075413"/>
<trkpt lat="49.112102" lon="-123.075274"/>
</trkseg>
<trkseg>
<trkpt lat="49.112058" lon="-123.075581"/>
<trkpt lat="49.112099" lon="-123.075601"/>
</trkseg>
<trkseg>
<trkpt lat="49.112034" lon="-123.077913"/>
<trkpt lat="49.111967" lon="-123.077943"/>
</trkseg>
<trkseg>
<trkpt lat="49.112117" lon="-123.077993"/>
<trkpt lat="49.112368" lon="-123.078120"/>
</trkseg>
<trkseg>
<trkpt lat="49.105182" lon="-123.057383"/>
<trkpt lat="49.102354" lon="-123.057361"/>
</trkseg>
<trkseg>
<trkpt lat="49.103799" lon="-123.046087"/>
<trkpt lat="49.103845" lon="-123.046116"/>
<trkpt lat="49.111963" lon="-123.046105"/>
</trkseg>
<trkseg>
<trkpt lat="49.111963" lon="-123.046105"/>
<trkpt lat="49.112088" lon="-123.048339"/>
<trkpt lat="49.111865" lon="-123.050055"/>
</trkseg>
<trkseg>
<trkpt lat="49.111865" lon="-123.050055"/>
<trkpt lat="49.111704" lon="-123.051128"/>
<trkpt lat="49.111285" lon="-123.052054"/>
</trkseg>
<trkseg>
<trkpt lat="49.111949" lon="-123.051561"/>
<trkpt lat="49.112148" lon="-123.051253"/>
</trkseg>
<trkseg>
<trkpt lat="49.112148" lon="-123.051253"/>
<trkpt lat="49.112379" lon="-123.051005"/>
</trkseg>
<trkseg>
<trkpt lat="49.112379" lon="-123.051005"/>
<trkpt lat="49.112283" lon="-123.051704"/>
</trkseg>
<trkseg>
<trkpt lat="49.112148" lon="-123.051253"/>
<trkpt lat="49.111987" lon="-123.050777"/>
</trkseg>
<trkseg>
<trkpt lat="49.111987" lon="-123.050777"/>
<trkpt lat="49.112503" lon="-123.050867"/>
</trkseg>
<trkseg>
<trkpt lat="49.112503" lon="-123.050867"/>
<trkpt lat="49.112379" lon="-123.051005"/>
</trkseg>
<trkseg>
<trkpt lat="49.112503" lon="-123.050867"/>
<trkpt lat="49.112662" lon="-123.050704"/>
<trkpt lat="49.112941" lon="-123.050438"/>
<trkpt lat="49.113622" lon="-123.049988"/>
<trkpt lat="49.122446" lon="-123.049648"/>
<trkpt lat="49.124477" lon="-123.049615"/>
<trkpt lat="49.126227" lon="-123.049581"/>
</trkseg>
<trkseg>
<trkpt lat="49.126227" lon="-123.049581"/>
<trkpt lat="49.127024" lon="-123.049642"/>
</trkseg>
<trkseg>
<trkpt lat="49.127024" lon="-123.049642"/>
<trkpt lat="49.127263" lon="-123.049943"/>
</trkseg>
<trkseg>
<trkpt lat="49.127263" lon="-123.049943"/>
<trkpt lat="49.127332" lon="-123.051273"/>
</trkseg>
<trkseg>
<trkpt lat="49.127263" lon="-123.049943"/>
<trkpt lat="49.127245" lon="-123.049574"/>
</trkseg>
<trkseg>
<trkpt lat="49.127245" lon="-123.049574"/>
<trkpt lat="49.127024" lon="-123.049642"/>
</trkseg>
<trkseg>
<trkpt lat="49.127245" lon="-123.049574"/>
<trkpt lat="49.127871" lon="-123.049084"/>
</trkseg>
<trkseg>
<trkpt lat="49.127871" lon="-123.049084"/>
<trkpt lat="49.127221" lon="-123.049381"/>
<trkpt lat="49.126227" lon="-123.049581"/>
</trkseg>
<trkseg>
<trkpt lat="49.126578" lon="-123.049496"/>
<trkpt lat="49.127245" lon="-123.049574"/>
</trkseg>
<trkseg>
<trkpt lat="49.127245" lon="-123.049574"/>
<trkpt lat="49.128049" lon="-123.049491"/>
<trkpt lat="49.128751" lon="-123.049258"/>
<trkpt lat="49.129576" lon="-123.048411"/>
<trkpt lat="49.131005" lon="-123.045849"/>
</trkseg>
<trkseg>
<trkpt lat="49.131005" lon="-123.045849"/>
<trkpt lat="49.130074" lon="-123.047302"/>
<trkpt lat="49.127871" lon="-123.049084"/>
</trkseg>
<trkseg>
<trkpt lat="49.131005" lon="-123.045849"/>
<trkpt lat="49.134734" lon="-123.036230"/>
<trkpt lat="49.134969" lon="-123.035484"/>
<trkpt lat="49.135270" lon="-123.034438"/>
</trkseg>
<trkseg>
<trkpt lat="49.135121" lon="-123.034057"/>
<trkpt lat="49.126789" lon="-123.034357"/>
<trkpt lat="49.125421" lon="-123.034946"/>
<trkpt lat="49.112059" lon="-123.035085"/>
<trkpt lat="49.111963" lon="-123.046105"/>
</trkseg>
<trkseg>
<trkpt lat="49.111865" lon="-123.050055"/>
<trkpt lat="49.111987" lon="-123.050777"/>
</trkseg>
<trkseg>
<trkpt lat="49.089944" lon="-122.979773"/>
<trkpt lat="49.089889" lon="-122.979620"/>
<trkpt lat="49.089867" lon="-122.979573"/>
<trkpt lat="49.089864" lon="-122.979408"/>
<trkpt lat="49.089896" lon="-122.979302"/>
<trkpt lat="49.089944" lon="-122.979141"/>
</trkseg>
<trkseg>
<trkpt lat="49.090825" lon="-122.966505"/>
<trkpt lat="49.090721" lon="-122.965065"/>
<trkpt lat="49.090722" lon="-122.964763"/>
<trkpt lat="49.090908" lon="-122.961810"/>
<trkpt lat="49.092248" lon="-122.958575"/>
<trkpt lat="49.092331" lon="-122.957195"/>
<trkpt lat="49.091920" lon="-122.957183"/>
<trkpt lat="49.091619" lon="-122.957147"/>
<trkpt lat="49.092011" lon="-122.954742"/>
</trkseg>
<trkseg>
<trkpt lat="49.063349" lon="-123.109607"/>
<trkpt lat="49.063972" lon="-123.130559"/>
<trkpt lat="49.074628" lon="-123.130400"/>
</trkseg>
<trkseg>
<trkpt lat="49.013961" lon="-123.119481"/>
<trkpt lat="49.013320" lon="-123.120550"/>
<trkpt lat="49.011720" lon="-123.122845"/>
<trkpt lat="49.011418" lon="-123.123277"/>
<trkpt lat="49.011724" lon="-123.122553"/>
<trkpt lat="49.012319" lon="-123.121724"/>
<trkpt lat="49.012755" lon="-123.121098"/>
<trkpt lat="49.013961" lon="-123.119481"/>
</trkseg>
</trk>
</gpx>