<?xml version="1.0" encoding="UTF-8"?>
<gpx version="1.1" creator="BC Bike Stops (bccycletourism.ca)" xmlns="http://www.topografix.com/GPX/1/1">
<metadata>
<name>Burrard Bikeway</name>
<link href="https://bccycletourism.ca/trail/burrard-bikeway/"><text>BC Bike Stops</text></link>
</metadata>
<wpt lat="49.277971" lon="-123.131223">
<name>Bee's Knees eBike Tours and Rentals</name>
<cmt>bike_shop</cmt>
<desc>Rentals</desc>
<sym>Dot</sym>
<type>gear</type>
</wpt>
<wpt lat="49.265884" lon="-123.145903">
<name>Gateau de Henry</name>
<cmt>coffee</cmt>
<desc>Café / Coffee</desc>
<sym>Dot</sym>
<type>food</type>
</wpt>
<wpt lat="49.277633" lon="-123.131088">
<name>Place2be Cafe</name>
<cmt>coffee</cmt>
<desc>Café / Coffee</desc>
<sym>Dot</sym>
<type>food</type>
</wpt>
<wpt lat="49.277710" lon="-123.130968">
<name>Number e Food</name>
<cmt>coffee</cmt>
<desc>Café / Coffee</desc>
<sym>Dot</sym>
<type>food</type>
</wpt>
<wpt lat="49.267801" lon="-123.145886">
<name>Mi Casa Mexicana</name>
<cmt>food</cmt>
<desc>Restaurant</desc>
<sym>Dot</sym>
<type>food</type>
</wpt>
<wpt lat="49.277890" lon="-123.131368">
<name>Maxine's Cafe &amp; Bar</name>
<cmt>food</cmt>
<desc>Restaurant</desc>
<sym>Dot</sym>
<type>food</type>
</wpt>
<wpt lat="49.277454" lon="-123.131337">
<name>Daikichi Sushi</name>
<cmt>food</cmt>
<desc>Restaurant</desc>
<sym>Dot</sym>
<type>food</type>
</wpt>
<wpt lat="49.287422" lon="-123.116942">
<name>JJ Bean</name>
<cmt>coffee</cmt>
<desc>Café / Coffee</desc>
<sym>Dot</sym>
<type>food</type>
</wpt>
<wpt lat="49.287311" lon="-123.117128">
<name>Brass Fish</name>
<cmt>food</cmt>
<desc>Restaurant</desc>
<sym>Dot</sym>
<type>food</type>
</wpt>
<wpt lat="49.277574" lon="-123.131850">
<name>Osaka Sushi</name>
<cmt>food</cmt>
<desc>Restaurant</desc>
<sym>Dot</sym>
<type>food</type>
</wpt>
<wpt lat="49.287581" lon="-123.116761">
<name>Tractor</name>
<cmt>food</cmt>
<desc>Restaurant</desc>
<sym>Dot</sym>
<type>food</type>
</wpt>
<wpt lat="49.284232" lon="-123.121111">
<name>Fairmont Hotel Vancouver</name>
<cmt>lodging</cmt>
<desc>Hotel / Motel</desc>
<sym>Dot</sym>
<type>shelter</type>
</wpt>
<wpt lat="49.279783" lon="-123.127844">
<name>The Burrard</name>
<cmt>lodging</cmt>
<desc>Hotel / Motel</desc>
<sym>Dot</sym>
<type>shelter</type>
</wpt>
<wpt lat="49.282223" lon="-123.124119">
<name>Ballyhoo Public House</name>
<cmt>bar</cmt>
<desc>Brewery / Pub</desc>
<sym>Dot</sym>
<type>food</type>
</wpt>
<wpt lat="49.280108" lon="-123.127327">
<name>Sheraton Vancouver Wall Centre Hotel</name>
<cmt>lodging</cmt>
<desc>Hotel / Motel</desc>
<sym>Dot</sym>
<type>shelter</type>
</wpt>
<wpt lat="49.279865" lon="-123.127675">
<name>Elysian Coffee Roasters</name>
<cmt>coffee</cmt>
<desc>Café / Coffee</desc>
<sym>Dot</sym>
<type>food</type>
</wpt>
<wpt lat="49.265019" lon="-123.145884">
<name>Unchai Thai Restaurant</name>
<cmt>food</cmt>
<desc>Restaurant</desc>
<sym>Dot</sym>
<type>food</type>
</wpt>
<wpt lat="49.287873" lon="-123.116343">
<name>Motoretta Gelato</name>
<cmt>food</cmt>
<desc>Ice Cream</desc>
<sym>Dot</sym>
<type>food</type>
</wpt>
<wpt lat="49.280139" lon="-123.127256">
<name>Starbucks</name>
<cmt>food</cmt>
<desc>Fast Food / Chain</desc>
<sym>Dot</sym>
<type>food</type>
</wpt>
<wpt lat="49.279930" lon="-123.127571">
<name>Burgoo</name>
<cmt>food</cmt>
<desc>Restaurant</desc>
<sym>Dot</sym>
<type>food</type>
</wpt>
<wpt lat="49.276927" lon="-123.131903">
<name>Bicycle Sports Pacific</name>
<cmt>bike_shop</cmt>
<desc>Repair Shop</desc>
<sym>Dot</sym>
<type>gear</type>
</wpt>
<wpt lat="49.266623" lon="-123.145409">
<name>Novo Pizzeria &amp; Winery</name>
<cmt>food</cmt>
<desc>Fast Food / Chain</desc>
<sym>Dot</sym>
<type>food</type>
</wpt>
<wpt lat="49.269248" lon="-123.145988">
<name>Sushi Flamingo</name>
<cmt>food</cmt>
<desc>Restaurant</desc>
<sym>Dot</sym>
<type>food</type>
</wpt>
<wpt lat="49.269674" lon="-123.145961">
<name>Subway</name>
<cmt>food</cmt>
<desc>Fast Food / Chain</desc>
<sym>Dot</sym>
<type>food</type>
</wpt>
<wpt lat="49.283683" lon="-123.122623">
<name>Nespresso</name>
<cmt>coffee</cmt>
<desc>Café / Coffee</desc>
<sym>Dot</sym>
<type>food</type>
</wpt>
<wpt lat="49.278756" lon="-123.130101">
<name>Caffe Mira</name>
<cmt>coffee</cmt>
<desc>Café / Coffee</desc>
<sym>Dot</sym>
<type>food</type>
</wpt>
<wpt lat="49.285202" lon="-123.120343">
<name>Grain Tasting Bar</name>
<cmt>bar</cmt>
<desc>Brewery / Pub</desc>
<sym>Dot</sym>
<type>food</type>
</wpt>
<wpt lat="49.282484" lon="-123.123624">
<name>Italian Kitchen</name>
<cmt>food</cmt>
<desc>Restaurant</desc>
<sym>Dot</sym>
<type>food</type>
</wpt>
<wpt lat="49.285035" lon="-123.120612">
<name>Starbucks</name>
<cmt>food</cmt>
<desc>Fast Food / Chain</desc>
<sym>Dot</sym>
<type>food</type>
</wpt>
<wpt lat="49.278703" lon="-123.130204">
<name>Maple Leaf Delicatessen Coffe Shop</name>
<cmt>coffee</cmt>
<desc>Café / Coffee</desc>
<sym>Dot</sym>
<type>food</type>
</wpt>
<wpt lat="49.281880" lon="-123.124522">
<name>Trees Organic Coffee</name>
<cmt>coffee</cmt>
<desc>Café / Coffee</desc>
<sym>Dot</sym>
<type>food</type>
</wpt>
<wpt lat="49.283269" lon="-123.122416">
<name>Adidas</name>
<cmt>convenience_store</cmt>
<desc>Outdoor Gear</desc>
<sym>Dot</sym>
<type>store</type>
</wpt>
<wpt lat="49.282927" lon="-123.123798">
<name>Boulevard Kitchen &amp; Oyster Bar</name>
<cmt>food</cmt>
<desc>Restaurant</desc>
<sym>Dot</sym>
<type>food</type>
</wpt>
<wpt lat="49.282548" lon="-123.124372">
<name>Sutton Place Wine Merchant</name>
<cmt>convenience_store</cmt>
<desc>Liquor Store</desc>
<sym>Dot</sym>
<type>store</type>
</wpt>
<wpt lat="49.284768" lon="-123.121069">
<name>McDonald's</name>
<cmt>food</cmt>
<desc>Fast Food / Chain</desc>
<sym>Dot</sym>
<type>food</type>
</wpt>
<wpt lat="49.284041" lon="-123.122160">
<name>Salam Bombay</name>
<cmt>food</cmt>
<desc>Restaurant</desc>
<sym>Dot</sym>
<type>food</type>
</wpt>
<wpt lat="49.282757" lon="-123.123139">
<name>JOEY Burrard</name>
<cmt>food</cmt>
<desc>Restaurant</desc>
<sym>Dot</sym>
<type>food</type>
</wpt>
<wpt lat="49.284848" lon="-123.120957">
<name>Tim Hortons</name>
<cmt>food</cmt>
<desc>Fast Food / Chain</desc>
<sym>Dot</sym>
<type>food</type>
</wpt>
<wpt lat="49.282214" lon="-123.124929">
<name>IGA</name>
<cmt>convenience_store</cmt>
<desc>Grocery Store</desc>
<sym>Dot</sym>
<type>store</type>
</wpt>
<wpt lat="49.268209" lon="-123.145272">
<name>Comor Sports Outlet Store</name>
<cmt>bike_shop</cmt>
<desc>Repair Shop</desc>
<sym>Dot</sym>
<type>gear</type>
</wpt>
<wpt lat="49.280833" lon="-123.127052">
<name>Century Plaza Hotel and Spa</name>
<cmt>lodging</cmt>
<desc>Hotel / Motel</desc>
<sym>Dot</sym>
<type>shelter</type>
</wpt>
<wpt lat="49.283934" lon="-123.122349">
<name>Shabusen</name>
<cmt>food</cmt>
<desc>Restaurant</desc>
<sym>Dot</sym>
<type>food</type>
</wpt>
<wpt lat="49.281907" lon="-123.125413">
<name>C4U Cafe</name>
<cmt>coffee</cmt>
<desc>Café / Coffee</desc>
<sym>Dot</sym>
<type>food</type>
</wpt>
<wpt lat="49.280941" lon="-123.126909">
<name>Beyond Coffee</name>
<cmt>coffee</cmt>
<desc>Café / Coffee</desc>
<sym>Dot</sym>
<type>food</type>
</wpt>
<wpt lat="49.285930" lon="-123.118281">
<name>Blenz Coffee</name>
<cmt>coffee</cmt>
<desc>Café / Coffee</desc>
<sym>Dot</sym>
<type>food</type>
</wpt>
<wpt lat="49.270546" lon="-123.146073">
<name>Bento Cafe</name>
<cmt>food</cmt>
<desc>Restaurant</desc>
<sym>Dot</sym>
<type>food</type>
</wpt>
<wpt lat="49.275634" lon="-123.135287">
<name>Hoshi</name>
<cmt>food</cmt>
<desc>Restaurant</desc>
<sym>Dot</sym>
<type>food</type>
</wpt>
<wpt lat="49.275544" lon="-123.135539">
<name>Beach Ave Bar &amp; Grill</name>
<cmt>food</cmt>
<desc>Restaurant</desc>
<sym>Dot</sym>
<type>food</type>
</wpt>
<wpt lat="49.286665" lon="-123.118340">
<name>JOEY Bentall One</name>
<cmt>food</cmt>
<desc>Restaurant</desc>
<sym>Dot</sym>
<type>food</type>
</wpt>
<wpt lat="49.268772" lon="-123.145147">
<name>TV Dinner Market &amp; Café</name>
<cmt>coffee</cmt>
<desc>Café / Coffee</desc>
<sym>Dot</sym>
<type>food</type>
</wpt>
<wpt lat="49.285504" lon="-123.118815">
<name>Cactus Club Cafe</name>
<cmt>food</cmt>
<desc>Restaurant</desc>
<sym>Dot</sym>
<type>food</type>
</wpt>
<wpt lat="49.285185" lon="-123.120638">
<name>Hyatt Regency Vancouver</name>
<cmt>lodging</cmt>
<desc>Hotel / Motel</desc>
<sym>Dot</sym>
<type>shelter</type>
</wpt>
<wpt lat="49.267876" lon="-123.146273">
<name>Ajiya Sushi</name>
<cmt>food</cmt>
<desc>Restaurant</desc>
<sym>Dot</sym>
<type>food</type>
</wpt>
<wpt lat="49.268203" lon="-123.146300">
<name>Pizza Hut</name>
<cmt>food</cmt>
<desc>Fast Food / Chain</desc>
<sym>Dot</sym>
<type>food</type>
</wpt>
<wpt lat="49.265296" lon="-123.144931">
<name>Delhi 6</name>
<cmt>food</cmt>
<desc>Restaurant</desc>
<sym>Dot</sym>
<type>food</type>
</wpt>
<wpt lat="49.267022" lon="-123.145120">
<name>Elysian Coffee Roasters</name>
<cmt>coffee</cmt>
<desc>Café / Coffee</desc>
<sym>Dot</sym>
<type>food</type>
</wpt>
<wpt lat="49.287806" lon="-123.115344">
<name>Riley's Fish &amp; Steak</name>
<cmt>food</cmt>
<desc>Restaurant</desc>
<sym>Dot</sym>
<type>food</type>
</wpt>
<wpt lat="49.275892" lon="-123.134216">
<name>The Grind</name>
<cmt>coffee</cmt>
<desc>Café / Coffee</desc>
<sym>Dot</sym>
<type>food</type>
</wpt>
<wpt lat="49.288484" lon="-123.115395">
<name>Starbucks</name>
<cmt>food</cmt>
<desc>Fast Food / Chain</desc>
<sym>Dot</sym>
<type>food</type>
</wpt>
<wpt lat="49.281897" lon="-123.124145">
<name>Taylight Kitchen</name>
<cmt>food</cmt>
<desc>Restaurant</desc>
<sym>Dot</sym>
<type>food</type>
</wpt>
<wpt lat="49.284055" lon="-123.122434">
<name>Gyu King Teppanyaki</name>
<cmt>food</cmt>
<desc>Restaurant</desc>
<sym>Dot</sym>
<type>food</type>
</wpt>
<wpt lat="49.287930" lon="-123.115163">
<name>Vancouver Tourism Visitor Centre</name>
<cmt>generic</cmt>
<desc>Visitor Centre</desc>
<sym>Dot</sym>
<type>generic</type>
</wpt>
<wpt lat="49.278707" lon="-123.128947">
<name>Yolks</name>
<cmt>food</cmt>
<desc>Restaurant</desc>
<sym>Dot</sym>
<type>food</type>
</wpt>
<wpt lat="49.267793" lon="-123.146373">
<name>More Bikes</name>
<cmt>bike_shop</cmt>
<desc>Repair Shop</desc>
<sym>Dot</sym>
<type>gear</type>
</wpt>
<wpt lat="49.287431" lon="-123.117594">
<name>Nightingale</name>
<cmt>food</cmt>
<desc>Restaurant</desc>
<sym>Dot</sym>
<type>food</type>
</wpt>
<wpt lat="49.285086" lon="-123.119251">
<name>WA-BAGEL</name>
<cmt>food</cmt>
<desc>Bakery / Donuts</desc>
<sym>Dot</sym>
<type>food</type>
</wpt>
<wpt lat="49.280895" lon="-123.127338">
<name>C Prime Modern Italian Steak &amp; Wine</name>
<cmt>food</cmt>
<desc>Restaurant</desc>
<sym>Dot</sym>
<type>food</type>
</wpt>
<wpt lat="49.287038" lon="-123.118101">
<name>Freshii</name>
<cmt>food</cmt>
<desc>Restaurant</desc>
<sym>Dot</sym>
<type>food</type>
</wpt>
<wpt lat="49.268147" lon="-123.146459">
<name>Ramen Danbo</name>
<cmt>food</cmt>
<desc>Restaurant</desc>
<sym>Dot</sym>
<type>food</type>
</wpt>
<wpt lat="49.282958" lon="-123.124276">
<name>The Sutton Place Hotel</name>
<cmt>lodging</cmt>
<desc>Hotel / Motel</desc>
<sym>Dot</sym>
<type>shelter</type>
</wpt>
<wpt lat="49.268173" lon="-123.146494">
<name>The Hungry Duck Grill Kitchen</name>
<cmt>food</cmt>
<desc>Restaurant</desc>
<sym>Dot</sym>
<type>food</type>
</wpt>
<wpt lat="49.281833" lon="-123.124023">
<name>Pacifico Pizzeria &amp; Ristorante</name>
<cmt>food</cmt>
<desc>Restaurant</desc>
<sym>Dot</sym>
<type>food</type>
</wpt>
<wpt lat="49.267879" lon="-123.146533">
<name>Oakberry Açaí bowls</name>
<cmt>food</cmt>
<desc>Fast Food / Chain</desc>
<sym>Dot</sym>
<type>food</type>
</wpt>
<wpt lat="49.285347" lon="-123.118600">
<name>Le Soleil Hotel and Suites</name>
<cmt>lodging</cmt>
<desc>Hotel / Motel</desc>
<sym>Dot</sym>
<type>shelter</type>
</wpt>
<wpt lat="49.284795" lon="-123.119431">
<name>HY's Steakhouse</name>
<cmt>food</cmt>
<desc>Restaurant</desc>
<sym>Dot</sym>
<type>food</type>
</wpt>
<wpt lat="49.283799" lon="-123.120910">
<name>Notch8</name>
<cmt>food</cmt>
<desc>Restaurant</desc>
<sym>Dot</sym>
<type>food</type>
</wpt>
<wpt lat="49.288033" lon="-123.116945">
<name>Giovane Caffè</name>
<cmt>coffee</cmt>
<desc>Café / Coffee</desc>
<sym>Dot</sym>
<type>food</type>
</wpt>
<wpt lat="49.284695" lon="-123.121891">
<name>Cafe Club</name>
<cmt>coffee</cmt>
<desc>Café / Coffee</desc>
<sym>Dot</sym>
<type>food</type>
</wpt>
<wpt lat="49.286163" lon="-123.119694">
<name>Taco Nori</name>
<cmt>food</cmt>
<desc>Fast Food / Chain</desc>
<sym>Dot</sym>
<type>food</type>
</wpt>
<wpt lat="49.288099" lon="-123.116883">
<name>Fairmont Pacific Rim</name>
<cmt>lodging</cmt>
<desc>Hotel / Motel</desc>
<sym>Dot</sym>
<type>shelter</type>
</wpt>
<wpt lat="49.286498" lon="-123.116764">
<name>Days Inn</name>
<cmt>lodging</cmt>
<desc>Hotel / Motel</desc>
<sym>Dot</sym>
<type>shelter</type>
</wpt>
<wpt lat="49.288664" lon="-123.115181">
<name>Chop Steakhouse &amp; Bar</name>
<cmt>food</cmt>
<desc>Restaurant</desc>
<sym>Dot</sym>
<type>food</type>
</wpt>
<wpt lat="49.286071" lon="-123.119875">
<name>The Bagel Stop</name>
<cmt>food</cmt>
<desc>Bakery / Donuts</desc>
<sym>Dot</sym>
<type>food</type>
</wpt>
<wpt lat="49.267910" lon="-123.146698">
<name>Ocean Goose</name>
<cmt>food</cmt>
<desc>Restaurant</desc>
<sym>Dot</sym>
<type>food</type>
</wpt>
<wpt lat="49.288286" lon="-123.116669">
<name>Botanist</name>
<cmt>food</cmt>
<desc>Restaurant</desc>
<sym>Dot</sym>
<type>food</type>
</wpt>
<wpt lat="49.278776" lon="-123.128352">
<name>El Paisano</name>
<cmt>convenience_store</cmt>
<desc>Grocery Store</desc>
<sym>Dot</sym>
<type>store</type>
</wpt>
<wpt lat="49.279808" lon="-123.126766">
<name>Fat Mao</name>
<cmt>food</cmt>
<desc>Restaurant</desc>
<sym>Dot</sym>
<type>food</type>
</wpt>
<wpt lat="49.284395" lon="-123.119803">
<name>Bread x Butter</name>
<cmt>coffee</cmt>
<desc>Café / Coffee</desc>
<sym>Dot</sym>
<type>food</type>
</wpt>
<wpt lat="49.282617" lon="-123.125193">
<name>Le Crocodile by Rob Feenie</name>
<cmt>food</cmt>
<desc>Restaurant</desc>
<sym>Dot</sym>
<type>food</type>
</wpt>
<wpt lat="49.278781" lon="-123.128286">
<name>Twins Chinese Kitchen</name>
<cmt>food</cmt>
<desc>Restaurant</desc>
<sym>Dot</sym>
<type>food</type>
</wpt>
<wpt lat="49.279654" lon="-123.129730">
<name>The Fountainhead Pub</name>
<cmt>bar</cmt>
<desc>Brewery / Pub</desc>
<sym>Dot</sym>
<type>food</type>
</wpt>
<wpt lat="49.281877" lon="-123.123509">
<name>Zubu</name>
<cmt>food</cmt>
<desc>Restaurant</desc>
<sym>Dot</sym>
<type>food</type>
</wpt>
<wpt lat="49.276914" lon="-123.130785">
<name>Desi Indian Lounge</name>
<cmt>food</cmt>
<desc>Restaurant</desc>
<sym>Dot</sym>
<type>food</type>
</wpt>
<wpt lat="49.278669" lon="-123.128290">
<name>Sushi Mugen</name>
<cmt>food</cmt>
<desc>Restaurant</desc>
<sym>Dot</sym>
<type>food</type>
</wpt>
<wpt lat="49.279737" lon="-123.126662">
<name>Tokyo Joe's</name>
<cmt>food</cmt>
<desc>Restaurant</desc>
<sym>Dot</sym>
<type>food</type>
</wpt>
<wpt lat="49.264421" lon="-123.145942">
<name>Burrard Liquor Store</name>
<cmt>convenience_store</cmt>
<desc>Liquor Store</desc>
<sym>Dot</sym>
<type>store</type>
</wpt>
<wpt lat="49.270826" lon="-123.146765">
<name>Annalena</name>
<cmt>food</cmt>
<desc>Restaurant</desc>
<sym>Dot</sym>
<type>food</type>
</wpt>
<wpt lat="49.279519" lon="-123.130102">
<name>Vera's Burger Shack</name>
<cmt>food</cmt>
<desc>Fast Food / Chain</desc>
<sym>Dot</sym>
<type>food</type>
</wpt>
<wpt lat="49.281594" lon="-123.123754">
<name>Earls</name>
<cmt>food</cmt>
<desc>Restaurant</desc>
<sym>Dot</sym>
<type>food</type>
</wpt>
<wpt lat="49.280508" lon="-123.125404">
<name>Embarc Vancouver</name>
<cmt>lodging</cmt>
<desc>Hotel / Motel</desc>
<sym>Dot</sym>
<type>shelter</type>
</wpt>
<wpt lat="49.287299" lon="-123.118403">
<name>Kamei Royale</name>
<cmt>food</cmt>
<desc>Restaurant</desc>
<sym>Dot</sym>
<type>food</type>
</wpt>
<wpt lat="49.283029" lon="-123.121574">
<name>Bellaggio Café</name>
<cmt>coffee</cmt>
<desc>Café / Coffee</desc>
<sym>Dot</sym>
<type>food</type>
</wpt>
<wpt lat="49.288837" lon="-123.114996">
<name>Quesada</name>
<cmt>food</cmt>
<desc>Fast Food / Chain</desc>
<sym>Dot</sym>
<type>food</type>
</wpt>
<wpt lat="49.284863" lon="-123.118782">
<name>JJ Bean</name>
<cmt>coffee</cmt>
<desc>Café / Coffee</desc>
<sym>Dot</sym>
<type>food</type>
</wpt>
<wpt lat="49.283065" lon="-123.121477">
<name>Faubourg Paris</name>
<cmt>coffee</cmt>
<desc>Café / Coffee</desc>
<sym>Dot</sym>
<type>food</type>
</wpt>
<wpt lat="49.270827" lon="-123.146857">
<name>Okanagan Estate Wine Cellars</name>
<cmt>winery</cmt>
<desc>Winery / Cidery</desc>
<sym>Dot</sym>
<type>food</type>
</wpt>
<wpt lat="49.285625" lon="-123.121026">
<name>Cookies by George</name>
<cmt>food</cmt>
<desc>Bakery / Donuts</desc>
<sym>Dot</sym>
<type>food</type>
</wpt>
<wpt lat="49.287660" lon="-123.118113">
<name>Aidan's Coffee &amp; Food</name>
<cmt>coffee</cmt>
<desc>Café / Coffee</desc>
<sym>Dot</sym>
<type>food</type>
</wpt>
<wpt lat="49.284458" lon="-123.119332">
<name>Bill Reid Gallery of Northwest Coast Art</name>
<cmt>monument</cmt>
<desc>Museum / Gallery</desc>
<sym>Dot</sym>
<type>info</type>
</wpt>
<wpt lat="49.280033" lon="-123.126018">
<name>Wall Centre Fine Spirits</name>
<cmt>convenience_store</cmt>
<desc>Liquor Store</desc>
<sym>Dot</sym>
<type>store</type>
</wpt>
<wpt lat="49.279753" lon="-123.126437">
<name>Caspian Castle Food</name>
<cmt>food</cmt>
<desc>Restaurant</desc>
<sym>Dot</sym>
<type>food</type>
</wpt>
<wpt lat="49.288004" lon="-123.114392">
<name>Canada Place</name>
<cmt>viewpoint</cmt>
<desc>Activity / Experience</desc>
<sym>Dot</sym>
<type>overlook</type>
</wpt>
<wpt lat="49.280707" lon="-123.124984">
<name>Poke Okey</name>
<cmt>food</cmt>
<desc>Fast Food / Chain</desc>
<sym>Dot</sym>
<type>food</type>
</wpt>
<wpt lat="49.280940" lon="-123.124627">
<name>Shizen Ya</name>
<cmt>food</cmt>
<desc>Restaurant</desc>
<sym>Dot</sym>
<type>food</type>
</wpt>
<wpt lat="49.280735" lon="-123.124938">
<name>Pokérrito</name>
<cmt>food</cmt>
<desc>Fast Food / Chain</desc>
<sym>Dot</sym>
<type>food</type>
</wpt>
<wpt lat="49.279682" lon="-123.126535">
<name>Subway</name>
<cmt>food</cmt>
<desc>Fast Food / Chain</desc>
<sym>Dot</sym>
<type>food</type>
</wpt>
<wpt lat="49.280767" lon="-123.124888">
<name>Sushi Today</name>
<cmt>food</cmt>
<desc>Restaurant</desc>
<sym>Dot</sym>
<type>food</type>
</wpt>
<wpt lat="49.280780" lon="-123.124866">
<name>The Alley</name>
<cmt>coffee</cmt>
<desc>Café / Coffee</desc>
<sym>Dot</sym>
<type>food</type>
</wpt>
<wpt lat="49.280823" lon="-123.124797">
<name>One Saigon</name>
<cmt>food</cmt>
<desc>Fast Food / Chain</desc>
<sym>Dot</sym>
<type>food</type>
</wpt>
<wpt lat="49.280806" lon="-123.124820">
<name>Trish Juice</name>
<cmt>food</cmt>
<desc>Fast Food / Chain</desc>
<sym>Dot</sym>
<type>food</type>
</wpt>
<wpt lat="49.282016" lon="-123.122982">
<name>Olivier's Cafe et Viennoiseries</name>
<cmt>coffee</cmt>
<desc>Café / Coffee</desc>
<sym>Dot</sym>
<type>food</type>
</wpt>
<wpt lat="49.282308" lon="-123.122543">
<name>Bacchus</name>
<cmt>food</cmt>
<desc>Restaurant</desc>
<sym>Dot</sym>
<type>food</type>
</wpt>
<wpt lat="49.285170" lon="-123.118226">
<name>Alouette</name>
<cmt>food</cmt>
<desc>Restaurant</desc>
<sym>Dot</sym>
<type>food</type>
</wpt>
<wpt lat="49.268215" lon="-123.147041">
<name>Best Falafel</name>
<cmt>food</cmt>
<desc>Fast Food / Chain</desc>
<sym>Dot</sym>
<type>food</type>
</wpt>
<wpt lat="49.279771" lon="-123.129926">
<name>The Basic</name>
<cmt>food</cmt>
<desc>Restaurant</desc>
<sym>Dot</sym>
<type>food</type>
</wpt>
<wpt lat="49.280391" lon="-123.125430">
<name>Wall Flowers</name>
<cmt>coffee</cmt>
<desc>Café / Coffee</desc>
<sym>Dot</sym>
<type>food</type>
</wpt>
<wpt lat="49.282327" lon="-123.122482">
<name>Wedgewood Hotel &amp; Spa</name>
<cmt>lodging</cmt>
<desc>Hotel / Motel</desc>
<sym>Dot</sym>
<type>shelter</type>
</wpt>
<wpt lat="49.268158" lon="-123.147082">
<name>Noodle Box</name>
<cmt>food</cmt>
<desc>Fast Food / Chain</desc>
<sym>Dot</sym>
<type>food</type>
</wpt>
<wpt lat="49.284040" lon="-123.123561">
<name>Good Earth Coffeehouse</name>
<cmt>coffee</cmt>
<desc>Café / Coffee</desc>
<sym>Dot</sym>
<type>food</type>
</wpt>
<wpt lat="49.279619" lon="-123.130273">
<name>Marquis Wine Cellars</name>
<cmt>convenience_store</cmt>
<desc>Liquor Store</desc>
<sym>Dot</sym>
<type>store</type>
</wpt>
<wpt lat="49.270829" lon="-123.147043">
<name>New Fuji</name>
<cmt>food</cmt>
<desc>Restaurant</desc>
<sym>Dot</sym>
<type>food</type>
</wpt>
<wpt lat="49.284544" lon="-123.122899">
<name>Black &amp; Blue</name>
<cmt>food</cmt>
<desc>Restaurant</desc>
<sym>Dot</sym>
<type>food</type>
</wpt>
<wpt lat="49.288958" lon="-123.114858">
<name>Steve's Poke Bar</name>
<cmt>food</cmt>
<desc>Restaurant</desc>
<sym>Dot</sym>
<type>food</type>
</wpt>
<wpt lat="49.275768" lon="-123.132430">
<name>Long Table Distillery</name>
<cmt>bar</cmt>
<desc>Brewery / Pub</desc>
<sym>Dot</sym>
<type>food</type>
</wpt>
<wpt lat="49.268180" lon="-123.147259">
<name>Fred's</name>
<cmt>food</cmt>
<desc>Restaurant</desc>
<sym>Dot</sym>
<type>food</type>
</wpt>
<wpt lat="49.279841" lon="-123.130120">
<name>Chipotle</name>
<cmt>food</cmt>
<desc>Fast Food / Chain</desc>
<sym>Dot</sym>
<type>food</type>
</wpt>
<wpt lat="49.287247" lon="-123.118925">
<name>Meat &amp; Bread</name>
<cmt>food</cmt>
<desc>Restaurant</desc>
<sym>Dot</sym>
<type>food</type>
</wpt>
<wpt lat="49.277800" lon="-123.128890">
<name>Residence Inn Vancouver Downtown</name>
<cmt>lodging</cmt>
<desc>Hotel / Motel</desc>
<sym>Dot</sym>
<type>shelter</type>
</wpt>
<wpt lat="49.284632" lon="-123.122892">
<name>Kobe</name>
<cmt>food</cmt>
<desc>Restaurant</desc>
<sym>Dot</sym>
<type>food</type>
</wpt>
<wpt lat="49.264158" lon="-123.145958">
<name>Papaya Hut Restaurant</name>
<cmt>food</cmt>
<desc>Restaurant</desc>
<sym>Dot</sym>
<type>food</type>
</wpt>
<wpt lat="49.287939" lon="-123.114141">
<name>Canada Place Welcome Centre</name>
<cmt>generic</cmt>
<desc>Visitor Centre</desc>
<sym>Dot</sym>
<type>generic</type>
</wpt>
<wpt lat="49.279699" lon="-123.130399">
<name>Numbers Cabaret</name>
<cmt>bar</cmt>
<desc>Brewery / Pub</desc>
<sym>Dot</sym>
<type>food</type>
</wpt>
<wpt lat="49.276741" lon="-123.130413">
<name>Sashimiya</name>
<cmt>convenience_store</cmt>
<desc>Grocery Store</desc>
<sym>Dot</sym>
<type>store</type>
</wpt>
<wpt lat="49.276950" lon="-123.130068">
<name>Giardino Restaurant</name>
<cmt>food</cmt>
<desc>Restaurant</desc>
<sym>Dot</sym>
<type>food</type>
</wpt>
<wpt lat="49.284810" lon="-123.122730">
<name>Thierry</name>
<cmt>coffee</cmt>
<desc>Café / Coffee</desc>
<sym>Dot</sym>
<type>food</type>
</wpt>
<wpt lat="49.269644" lon="-123.143976">
<name>Pâtisserie Lebeau</name>
<cmt>food</cmt>
<desc>Bakery / Donuts</desc>
<sym>Dot</sym>
<type>food</type>
</wpt>
<wpt lat="49.270570" lon="-123.147257">
<name>Radish</name>
<cmt>food</cmt>
<desc>Restaurant</desc>
<sym>Dot</sym>
<type>food</type>
</wpt>
<wpt lat="49.278281" lon="-123.128161">
<name>The Landis Hotel &amp; Suites</name>
<cmt>lodging</cmt>
<desc>Hotel / Motel</desc>
<sym>Dot</sym>
<type>shelter</type>
</wpt>
<wpt lat="49.286089" lon="-123.116336">
<name>Tim Hortons</name>
<cmt>food</cmt>
<desc>Fast Food / Chain</desc>
<sym>Dot</sym>
<type>food</type>
</wpt>
<wpt lat="49.287353" lon="-123.114499">
<name>Tim Hortons</name>
<cmt>food</cmt>
<desc>Fast Food / Chain</desc>
<sym>Dot</sym>
<type>food</type>
</wpt>
<wpt lat="49.277133" lon="-123.129676">
<name>Starbucks</name>
<cmt>food</cmt>
<desc>Fast Food / Chain</desc>
<sym>Dot</sym>
<type>food</type>
</wpt>
<wpt lat="49.264069" lon="-123.145959">
<name>DS Indian Kitchen</name>
<cmt>food</cmt>
<desc>Restaurant</desc>
<sym>Dot</sym>
<type>food</type>
</wpt>
<wpt lat="49.286343" lon="-123.120525">
<name>FUNK coffee bar</name>
<cmt>bar</cmt>
<desc>Brewery / Pub</desc>
<sym>Dot</sym>
<type>food</type>
</wpt>
<wpt lat="49.278414" lon="-123.127896">
<name>Breka Bakery &amp; Café</name>
<cmt>food</cmt>
<desc>Bakery / Donuts</desc>
<sym>Dot</sym>
<type>food</type>
</wpt>
<wpt lat="49.285013" lon="-123.117913">
<name>Toloache Mexican Kitchen</name>
<cmt>food</cmt>
<desc>Restaurant</desc>
<sym>Dot</sym>
<type>food</type>
</wpt>
<wpt lat="49.284271" lon="-123.119025">
<name>Cycle City</name>
<cmt>bike_shop</cmt>
<desc>Repair Shop</desc>
<sym>Dot</sym>
<type>gear</type>
</wpt>
<wpt lat="49.279767" lon="-123.130488">
<name>Subway</name>
<cmt>food</cmt>
<desc>Fast Food / Chain</desc>
<sym>Dot</sym>
<type>food</type>
</wpt>
<wpt lat="49.279933" lon="-123.130252">
<name>Banana Leaf</name>
<cmt>food</cmt>
<desc>Restaurant</desc>
<sym>Dot</sym>
<type>food</type>
</wpt>
<wpt lat="49.284888" lon="-123.118063">
<name>Starbucks</name>
<cmt>food</cmt>
<desc>Fast Food / Chain</desc>
<sym>Dot</sym>
<type>food</type>
</wpt>
<wpt lat="49.289088" lon="-123.114688">
<name>Subway</name>
<cmt>food</cmt>
<desc>Fast Food / Chain</desc>
<sym>Dot</sym>
<type>food</type>
</wpt>
<wpt lat="49.282572" lon="-123.121529">
<name>Mr. Shawarma</name>
<cmt>food</cmt>
<desc>Fast Food / Chain</desc>
<sym>Dot</sym>
<type>food</type>
</wpt>
<wpt lat="49.280241" lon="-123.125061">
<name>Relish</name>
<cmt>bar</cmt>
<desc>Brewery / Pub</desc>
<sym>Dot</sym>
<type>food</type>
</wpt>
<wpt lat="49.287198" lon="-123.114600">
<name>Fatburger</name>
<cmt>food</cmt>
<desc>Fast Food / Chain</desc>
<sym>Dot</sym>
<type>food</type>
</wpt>
<wpt lat="49.279752" lon="-123.125740">
<name>WorldMark Vancouver - The Canadian</name>
<cmt>lodging</cmt>
<desc>Hotel / Motel</desc>
<sym>Dot</sym>
<type>shelter</type>
</wpt>
<wpt lat="49.284716" lon="-123.123117">
<name>Coast Restaurant</name>
<cmt>food</cmt>
<desc>Restaurant</desc>
<sym>Dot</sym>
<type>food</type>
</wpt>
<wpt lat="49.287171" lon="-123.114532">
<name>My Toan</name>
<cmt>food</cmt>
<desc>Restaurant</desc>
<sym>Dot</sym>
<type>food</type>
</wpt>
<wpt lat="49.284657" lon="-123.123248">
<name>Eh! Restaurant</name>
<cmt>food</cmt>
<desc>Restaurant</desc>
<sym>Dot</sym>
<type>food</type>
</wpt>
<wpt lat="49.286061" lon="-123.116143">
<name>Azur Legacy Collection Hotel</name>
<cmt>lodging</cmt>
<desc>Hotel / Motel</desc>
<sym>Dot</sym>
<type>shelter</type>
</wpt>
<wpt lat="49.270818" lon="-123.147438">
<name>Superbolt Lab</name>
<cmt>coffee</cmt>
<desc>Café / Coffee</desc>
<sym>Dot</sym>
<type>food</type>
</wpt>
<wpt lat="49.279986" lon="-123.130351">
<name>Bonta Italian Ristorante</name>
<cmt>food</cmt>
<desc>Restaurant</desc>
<sym>Dot</sym>
<type>food</type>
</wpt>
<wpt lat="49.280108" lon="-123.125117">
<name>Gyu-Kaku</name>
<cmt>food</cmt>
<desc>Restaurant</desc>
<sym>Dot</sym>
<type>food</type>
</wpt>
<wpt lat="49.287413" lon="-123.114221">
<name>Subway</name>
<cmt>food</cmt>
<desc>Fast Food / Chain</desc>
<sym>Dot</sym>
<type>food</type>
</wpt>
<wpt lat="49.272644" lon="-123.147279">
<name>Triple-O's</name>
<cmt>food</cmt>
<desc>Restaurant</desc>
<sym>Dot</sym>
<type>food</type>
</wpt>
<wpt lat="49.272699" lon="-123.147278">
<name>Siegel's Bagels</name>
<cmt>food</cmt>
<desc>Bakery / Donuts</desc>
<sym>Dot</sym>
<type>food</type>
</wpt>
<wpt lat="49.286941" lon="-123.114836">
<name>Lions Pub</name>
<cmt>bar</cmt>
<desc>Brewery / Pub</desc>
<sym>Dot</sym>
<type>food</type>
</wpt>
<wpt lat="49.286623" lon="-123.115322">
<name>Mink</name>
<cmt>coffee</cmt>
<desc>Café / Coffee</desc>
<sym>Dot</sym>
<type>food</type>
</wpt>
<wpt lat="49.279996" lon="-123.125224">
<name>Eat Bar &amp; Patio Haraheri</name>
<cmt>food</cmt>
<desc>Restaurant</desc>
<sym>Dot</sym>
<type>food</type>
</wpt>
<wpt lat="49.287145" lon="-123.114463">
<name>Kinton Ramen</name>
<cmt>coffee</cmt>
<desc>Café / Coffee</desc>
<sym>Dot</sym>
<type>food</type>
</wpt>
<wpt lat="49.267783" lon="-123.147632">
<name>Petro-Canada</name>
<cmt>convenience_store</cmt>
<desc>Convenience Store</desc>
<sym>Dot</sym>
<type>store</type>
</wpt>
<wpt lat="49.287044" lon="-123.119786">
<name>Fujiya</name>
<cmt>convenience_store</cmt>
<desc>Grocery Store</desc>
<sym>Dot</sym>
<type>store</type>
</wpt>
<wpt lat="49.287387" lon="-123.114120">
<name>Hula</name>
<cmt>food</cmt>
<desc>Restaurant</desc>
<sym>Dot</sym>
<type>food</type>
</wpt>
<wpt lat="49.286264" lon="-123.115668">
<name>Palate Kitchen</name>
<cmt>food</cmt>
<desc>Restaurant</desc>
<sym>Dot</sym>
<type>food</type>
</wpt>
<wpt lat="49.278283" lon="-123.127696">
<name>Canadian Music Centre in BC</name>
<cmt>monument</cmt>
<desc>Museum / Gallery</desc>
<sym>Dot</sym>
<type>info</type>
</wpt>
<wpt lat="49.287119" lon="-123.114393">
<name>Umi Sushi Express</name>
<cmt>food</cmt>
<desc>Restaurant</desc>
<sym>Dot</sym>
<type>food</type>
</wpt>
<wpt lat="49.286569" lon="-123.115258">
<name>Auberge Hotel Vancouver</name>
<cmt>lodging</cmt>
<desc>Hotel / Motel</desc>
<sym>Dot</sym>
<type>shelter</type>
</wpt>
<wpt lat="49.287164" lon="-123.119709">
<name>Quiznos</name>
<cmt>food</cmt>
<desc>Fast Food / Chain</desc>
<sym>Dot</sym>
<type>food</type>
</wpt>
<wpt lat="49.275078" lon="-123.133506">
<name>inBtwn Cafe</name>
<cmt>coffee</cmt>
<desc>Café / Coffee</desc>
<sym>Dot</sym>
<type>food</type>
</wpt>
<wpt lat="49.287505" lon="-123.113923">
<name>Arc</name>
<cmt>food</cmt>
<desc>Restaurant</desc>
<sym>Dot</sym>
<type>food</type>
</wpt>
<wpt lat="49.284554" lon="-123.118158">
<name>Freshslice Pizza</name>
<cmt>food</cmt>
<desc>Fast Food / Chain</desc>
<sym>Dot</sym>
<type>food</type>
</wpt>
<wpt lat="49.289232" lon="-123.114491">
<name>Uno Gelato</name>
<cmt>food</cmt>
<desc>Ice Cream</desc>
<sym>Dot</sym>
<type>food</type>
</wpt>
<wpt lat="49.287578" lon="-123.119152">
<name>Neate Donuts</name>
<cmt>food</cmt>
<desc>Bakery / Donuts</desc>
<sym>Dot</sym>
<type>food</type>
</wpt>
<wpt lat="49.287361" lon="-123.114029">
<name>Jugo Juice</name>
<cmt>food</cmt>
<desc>Fast Food / Chain</desc>
<sym>Dot</sym>
<type>food</type>
</wpt>
<wpt lat="49.270906" lon="-123.147654">
<name>Pane From Heaven</name>
<cmt>coffee</cmt>
<desc>Café / Coffee</desc>
<sym>Dot</sym>
<type>food</type>
</wpt>
<wpt lat="49.270822" lon="-123.147657">
<name>Oddfish Restaurant</name>
<cmt>food</cmt>
<desc>Restaurant</desc>
<sym>Dot</sym>
<type>food</type>
</wpt>
<wpt lat="49.285567" lon="-123.116561">
<name>Moose's Down Under</name>
<cmt>bar</cmt>
<desc>Brewery / Pub</desc>
<sym>Dot</sym>
<type>food</type>
</wpt>
<wpt lat="49.289394" lon="-123.114881">
<name>The Golden Horn Turkish Bakery &amp; Cafe</name>
<cmt>food</cmt>
<desc>Bakery / Donuts</desc>
<sym>Dot</sym>
<type>food</type>
</wpt>
<wpt lat="49.287080" lon="-123.114320">
<name>Starbucks</name>
<cmt>food</cmt>
<desc>Fast Food / Chain</desc>
<sym>Dot</sym>
<type>food</type>
</wpt>
<wpt lat="49.270572" lon="-123.147691">
<name>Toyokan Bowl</name>
<cmt>food</cmt>
<desc>Restaurant</desc>
<sym>Dot</sym>
<type>food</type>
</wpt>
<wpt lat="49.282849" lon="-123.120625">
<name>Vancouver Art Gallery</name>
<cmt>monument</cmt>
<desc>Museum / Gallery</desc>
<sym>Dot</sym>
<type>info</type>
</wpt>
<wpt lat="49.287165" lon="-123.114168">
<name>McDonald's</name>
<cmt>food</cmt>
<desc>Fast Food / Chain</desc>
<sym>Dot</sym>
<type>food</type>
</wpt>
<wpt lat="49.279912" lon="-123.125050">
<name>Honolulu Coffee</name>
<cmt>coffee</cmt>
<desc>Café / Coffee</desc>
<sym>Dot</sym>
<type>food</type>
</wpt>
<wpt lat="49.287210" lon="-123.114074">
<name>Thaï Express</name>
<cmt>food</cmt>
<desc>Fast Food / Chain</desc>
<sym>Dot</sym>
<type>food</type>
</wpt>
<wpt lat="49.263908" lon="-123.144769">
<name>Denny's</name>
<cmt>food</cmt>
<desc>Restaurant</desc>
<sym>Dot</sym>
<type>food</type>
</wpt>
<wpt lat="49.272812" lon="-123.147494">
<name>Pizza Pizza</name>
<cmt>food</cmt>
<desc>Fast Food / Chain</desc>
<sym>Dot</sym>
<type>food</type>
</wpt>
<wpt lat="49.287030" lon="-123.114245">
<name>Chatime</name>
<cmt>coffee</cmt>
<desc>Café / Coffee</desc>
<sym>Dot</sym>
<type>food</type>
</wpt>
<wpt lat="49.282700" lon="-123.120700">
<name>velofix</name>
<cmt>bike_shop</cmt>
<desc>Repair Shop</desc>
<sym>Dot</sym>
<type>gear</type>
</wpt>
<wpt lat="49.285707" lon="-123.116160">
<name>Hydra Estiatorio Mediterranean</name>
<cmt>food</cmt>
<desc>Restaurant</desc>
<sym>Dot</sym>
<type>food</type>
</wpt>
<wpt lat="49.286836" lon="-123.114555">
<name>Spokes Bicycle Rentals</name>
<cmt>bike_shop</cmt>
<desc>Rentals</desc>
<sym>Dot</sym>
<type>gear</type>
</wpt>
<wpt lat="49.283512" lon="-123.119432">
<name>Rosewood Hotel Georgia</name>
<cmt>lodging</cmt>
<desc>Hotel / Motel</desc>
<sym>Dot</sym>
<type>shelter</type>
</wpt>
<wpt lat="49.289362" lon="-123.114427">
<name>Mahony's Tavern</name>
<cmt>food</cmt>
<desc>Restaurant</desc>
<sym>Dot</sym>
<type>food</type>
</wpt>
<wpt lat="49.272813" lon="-123.147603">
<name>Starbucks</name>
<cmt>food</cmt>
<desc>Fast Food / Chain</desc>
<sym>Dot</sym>
<type>food</type>
</wpt>
<wpt lat="49.284016" lon="-123.118624">
<name>Metropolitan Hotel Vancouver</name>
<cmt>lodging</cmt>
<desc>Hotel / Motel</desc>
<sym>Dot</sym>
<type>shelter</type>
</wpt>
<wpt lat="49.280202" lon="-123.130670">
<name>Kadoya</name>
<cmt>food</cmt>
<desc>Restaurant</desc>
<sym>Dot</sym>
<type>food</type>
</wpt>
<wpt lat="49.280044" lon="-123.130923">
<name>Pokébar</name>
<cmt>food</cmt>
<desc>Fast Food / Chain</desc>
<sym>Dot</sym>
<type>food</type>
</wpt>
<wpt lat="49.287165" lon="-123.113899">
<name>Basha</name>
<cmt>food</cmt>
<desc>Restaurant</desc>
<sym>Dot</sym>
<type>food</type>
</wpt>
<wpt lat="49.282680" lon="-123.120550">
<name>1931 Gallery Bistro</name>
<cmt>food</cmt>
<desc>Restaurant</desc>
<sym>Dot</sym>
<type>food</type>
</wpt>
<wpt lat="49.283487" lon="-123.119333">
<name>Hawksworth Restaurant</name>
<cmt>food</cmt>
<desc>Restaurant</desc>
<sym>Dot</sym>
<type>food</type>
</wpt>
<wpt lat="49.287214" lon="-123.113820">
<name>Famous Wok</name>
<cmt>food</cmt>
<desc>Restaurant</desc>
<sym>Dot</sym>
<type>food</type>
</wpt>
<wpt lat="49.277908" lon="-123.127732">
<name>Subway</name>
<cmt>food</cmt>
<desc>Fast Food / Chain</desc>
<sym>Dot</sym>
<type>food</type>
</wpt>
<wpt lat="49.280226" lon="-123.130709">
<name>Fatburger</name>
<cmt>food</cmt>
<desc>Fast Food / Chain</desc>
<sym>Dot</sym>
<type>food</type>
</wpt>
<wpt lat="49.280256" lon="-123.130747">
<name>Amoka</name>
<cmt>coffee</cmt>
<desc>Café / Coffee</desc>
<sym>Dot</sym>
<type>food</type>
</wpt>
<wpt lat="49.268178" lon="-123.148186">
<name>Tractor</name>
<cmt>food</cmt>
<desc>Restaurant</desc>
<sym>Dot</sym>
<type>food</type>
</wpt>
<wpt lat="49.287270" lon="-123.113634">
<name>Fairmont Waterfront</name>
<cmt>lodging</cmt>
<desc>Hotel / Motel</desc>
<sym>Dot</sym>
<type>shelter</type>
</wpt>
<wpt lat="49.284639" lon="-123.124156">
<name>Il Nido Italian Restaurant</name>
<cmt>food</cmt>
<desc>Restaurant</desc>
<sym>Dot</sym>
<type>food</type>
</wpt>
<wpt lat="49.285571" lon="-123.115990">
<name>Open Outcry</name>
<cmt>food</cmt>
<desc>Restaurant</desc>
<sym>Dot</sym>
<type>food</type>
</wpt>
<wpt lat="49.277845" lon="-123.127630">
<name>Nando's</name>
<cmt>food</cmt>
<desc>Restaurant</desc>
<sym>Dot</sym>
<type>food</type>
</wpt>
<wpt lat="49.263542" lon="-123.145334">
<name>Osaka Steak &amp; Seafood</name>
<cmt>food</cmt>
<desc>Restaurant</desc>
<sym>Dot</sym>
<type>food</type>
</wpt>
<wpt lat="49.284329" lon="-123.117811">
<name>Pho Quynh Express</name>
<cmt>food</cmt>
<desc>Restaurant</desc>
<sym>Dot</sym>
<type>food</type>
</wpt>
<wpt lat="49.277075" lon="-123.128590">
<name>Freshii</name>
<cmt>food</cmt>
<desc>Restaurant</desc>
<sym>Dot</sym>
<type>food</type>
</wpt>
<wpt lat="49.275946" lon="-123.130239">
<name>The Parker Hotel Vancouver</name>
<cmt>lodging</cmt>
<desc>Hotel / Motel</desc>
<sym>Dot</sym>
<type>shelter</type>
</wpt>
<wpt lat="49.263541" lon="-123.145100">
<name>Happy Lamb Hot Pot</name>
<cmt>food</cmt>
<desc>Restaurant</desc>
<sym>Dot</sym>
<type>food</type>
</wpt>
<wpt lat="49.263544" lon="-123.146368">
<name>Viet Flavour Restaurant</name>
<cmt>food</cmt>
<desc>Restaurant</desc>
<sym>Dot</sym>
<type>food</type>
</wpt>
<wpt lat="49.270621" lon="-123.148192">
<name>Be Fresh Market</name>
<cmt>coffee</cmt>
<desc>Café / Coffee</desc>
<sym>Dot</sym>
<type>food</type>
</wpt>
<wpt lat="49.285959" lon="-123.115236">
<name>Caffè Artigiano</name>
<cmt>coffee</cmt>
<desc>Café / Coffee</desc>
<sym>Dot</sym>
<type>food</type>
</wpt>
<wpt lat="49.285615" lon="-123.115708">
<name>Exchange Hotel Vancouver</name>
<cmt>lodging</cmt>
<desc>Hotel / Motel</desc>
<sym>Dot</sym>
<type>shelter</type>
</wpt>
<wpt lat="49.284166" lon="-123.117894">
<name>Bella Gelateria</name>
<cmt>food</cmt>
<desc>Ice Cream</desc>
<sym>Dot</sym>
<type>food</type>
</wpt>
<wpt lat="49.287553" lon="-123.120002">
<name>Starbucks</name>
<cmt>food</cmt>
<desc>Fast Food / Chain</desc>
<sym>Dot</sym>
<type>food</type>
</wpt>
<wpt lat="49.267919" lon="-123.148362">
<name>Circle K</name>
<cmt>convenience_store</cmt>
<desc>Convenience Store</desc>
<sym>Dot</sym>
<type>store</type>
</wpt>
<wpt lat="49.283499" lon="-123.118883">
<name>Prophecy Cocktail Bar</name>
<cmt>bar</cmt>
<desc>Brewery / Pub</desc>
<sym>Dot</sym>
<type>food</type>
</wpt>
<wpt lat="49.287897" lon="-123.113048">
<name>Pan Pacific Vancouver</name>
<cmt>lodging</cmt>
<desc>Hotel / Motel</desc>
<sym>Dot</sym>
<type>shelter</type>
</wpt>
<wpt lat="49.277774" lon="-123.127520">
<name>Firecrust Neopolitan Pizzeria</name>
<cmt>food</cmt>
<desc>Restaurant</desc>
<sym>Dot</sym>
<type>food</type>
</wpt>
<wpt lat="49.283339" lon="-123.119085">
<name>Cafe Bel</name>
<cmt>coffee</cmt>
<desc>Café / Coffee</desc>
<sym>Dot</sym>
<type>food</type>
</wpt>
<wpt lat="49.268247" lon="-123.148392">
<name>Tacofino</name>
<cmt>food</cmt>
<desc>Restaurant</desc>
<sym>Dot</sym>
<type>food</type>
</wpt>
<wpt lat="49.285799" lon="-123.115359">
<name>Curry Hut Indian Bistro</name>
<cmt>food</cmt>
<desc>Restaurant</desc>
<sym>Dot</sym>
<type>food</type>
</wpt>
<wpt lat="49.284835" lon="-123.116804">
<name>Chali Rosso</name>
<cmt>monument</cmt>
<desc>Museum / Gallery</desc>
<sym>Dot</sym>
<type>info</type>
</wpt>
<wpt lat="49.284777" lon="-123.116885">
<name>Joyeaux Café and Restaurant</name>
<cmt>food</cmt>
<desc>Restaurant</desc>
<sym>Dot</sym>
<type>food</type>
</wpt>
<wpt lat="49.284615" lon="-123.117121">
<name>Mario's Coffee Express Ltd</name>
<cmt>coffee</cmt>
<desc>Café / Coffee</desc>
<sym>Dot</sym>
<type>food</type>
</wpt>
<wpt lat="49.280210" lon="-123.131197">
<name>Denny's</name>
<cmt>food</cmt>
<desc>Restaurant</desc>
<sym>Dot</sym>
<type>food</type>
</wpt>
<wpt lat="49.280385" lon="-123.130937">
<name>Starbucks</name>
<cmt>food</cmt>
<desc>Fast Food / Chain</desc>
<sym>Dot</sym>
<type>food</type>
</wpt>
<wpt lat="49.284003" lon="-123.125448">
<name>Guu Original Thurlow</name>
<cmt>food</cmt>
<desc>Restaurant</desc>
<sym>Dot</sym>
<type>food</type>
</wpt>
<wpt lat="49.284604" lon="-123.124593">
<name>Starbucks</name>
<cmt>food</cmt>
<desc>Fast Food / Chain</desc>
<sym>Dot</sym>
<type>food</type>
</wpt>
<wpt lat="49.286572" lon="-123.114180">
<name>Awesome Bagel &amp; More</name>
<cmt>food</cmt>
<desc>Bakery / Donuts</desc>
<sym>Dot</sym>
<type>food</type>
</wpt>
<wpt lat="49.272614" lon="-123.148291">
<name>Vera's Burger Shack</name>
<cmt>food</cmt>
<desc>Fast Food / Chain</desc>
<sym>Dot</sym>
<type>food</type>
</wpt>
<wpt lat="49.267802" lon="-123.142857">
<name>No Frills</name>
<cmt>convenience_store</cmt>
<desc>Grocery Store</desc>
<sym>Dot</sym>
<type>store</type>
</wpt>
<wpt lat="49.289800" lon="-123.116892">
<name>Tap &amp; Barrel</name>
<cmt>bar</cmt>
<desc>Brewery / Pub</desc>
<sym>Dot</sym>
<type>food</type>
</wpt>
<wpt lat="49.268252" lon="-123.148613">
<name>cowdog</name>
<cmt>coffee</cmt>
<desc>Café / Coffee</desc>
<sym>Dot</sym>
<type>food</type>
</wpt>
<wpt lat="49.267924" lon="-123.148654">
<name>Rain or Shine Ice Cream</name>
<cmt>food</cmt>
<desc>Ice Cream</desc>
<sym>Dot</sym>
<type>food</type>
</wpt>
<wpt lat="49.277285" lon="-123.127686">
<name>4 Brothers Pizza</name>
<cmt>food</cmt>
<desc>Fast Food / Chain</desc>
<sym>Dot</sym>
<type>food</type>
</wpt>
<wpt lat="49.275371" lon="-123.130507">
<name>Fresh Street Market</name>
<cmt>convenience_store</cmt>
<desc>Grocery Store</desc>
<sym>Dot</sym>
<type>store</type>
</wpt>
<wpt lat="49.272625" lon="-123.148484">
<name>Cockney Kings</name>
<cmt>food</cmt>
<desc>Fast Food / Chain</desc>
<sym>Dot</sym>
<type>food</type>
</wpt>
<wpt lat="49.281164" lon="-123.121854">
<name>Pane E Formaggio</name>
<cmt>food</cmt>
<desc>Bakery / Donuts</desc>
<sym>Dot</sym>
<type>food</type>
</wpt>
<wpt lat="49.280238" lon="-123.123258">
<name>Railtown Cafe</name>
<cmt>coffee</cmt>
<desc>Café / Coffee</desc>
<sym>Dot</sym>
<type>food</type>
</wpt>
<wpt lat="49.280724" lon="-123.122489">
<name>Waves Coffee House</name>
<cmt>coffee</cmt>
<desc>Café / Coffee</desc>
<sym>Dot</sym>
<type>food</type>
</wpt>
<wpt lat="49.281103" lon="-123.121914">
<name>Poke Time</name>
<cmt>food</cmt>
<desc>Restaurant</desc>
<sym>Dot</sym>
<type>food</type>
</wpt>
<wpt lat="49.280291" lon="-123.131574">
<name>Thai Basil</name>
<cmt>food</cmt>
<desc>Restaurant</desc>
<sym>Dot</sym>
<type>food</type>
</wpt>
<wpt lat="49.280964" lon="-123.122118">
<name>Tendon Kohaku</name>
<cmt>food</cmt>
<desc>Restaurant</desc>
<sym>Dot</sym>
<type>food</type>
</wpt>
<wpt lat="49.272627" lon="-123.148532">
<name>Al Basha</name>
<cmt>food</cmt>
<desc>Fast Food / Chain</desc>
<sym>Dot</sym>
<type>food</type>
</wpt>
<wpt lat="49.277602" lon="-123.127219">
<name>Tim Hortons</name>
<cmt>food</cmt>
<desc>Fast Food / Chain</desc>
<sym>Dot</sym>
<type>food</type>
</wpt>
<wpt lat="49.279603" lon="-123.124166">
<name>Indian Burger Joint</name>
<cmt>food</cmt>
<desc>Restaurant</desc>
<sym>Dot</sym>
<type>food</type>
</wpt>
<wpt lat="49.280638" lon="-123.131087">
<name>Cazba</name>
<cmt>food</cmt>
<desc>Restaurant</desc>
<sym>Dot</sym>
<type>food</type>
</wpt>
<wpt lat="49.284838" lon="-123.124723">
<name>Ricardo's</name>
<cmt>food</cmt>
<desc>Ice Cream</desc>
<sym>Dot</sym>
<type>food</type>
</wpt>
<wpt lat="49.284431" lon="-123.125345">
<name>Dank Mart</name>
<cmt>convenience_store</cmt>
<desc>Convenience Store</desc>
<sym>Dot</sym>
<type>store</type>
</wpt>
<wpt lat="49.284927" lon="-123.124611">
<name>Joe Fortes</name>
<cmt>food</cmt>
<desc>Restaurant</desc>
<sym>Dot</sym>
<type>food</type>
</wpt>
<wpt lat="49.281542" lon="-123.121179">
<name>Chipotle</name>
<cmt>food</cmt>
<desc>Fast Food / Chain</desc>
<sym>Dot</sym>
<type>food</type>
</wpt>
<wpt lat="49.268209" lon="-123.148844">
<name>GlassHouse</name>
<cmt>food</cmt>
<desc>Restaurant</desc>
<sym>Dot</sym>
<type>food</type>
</wpt>
<wpt lat="49.284529" lon="-123.125253">
<name>Red Robin</name>
<cmt>food</cmt>
<desc>Restaurant</desc>
<sym>Dot</sym>
<type>food</type>
</wpt>
<wpt lat="49.278138" lon="-123.126317">
<name>Mangos Kitchen Bar</name>
<cmt>food</cmt>
<desc>Restaurant</desc>
<sym>Dot</sym>
<type>food</type>
</wpt>
<wpt lat="49.272629" lon="-123.148604">
<name>Panne Rizo</name>
<cmt>coffee</cmt>
<desc>Café / Coffee</desc>
<sym>Dot</sym>
<type>food</type>
</wpt>
<wpt lat="49.277783" lon="-123.126841">
<name>Honeybrew Strudel Bar</name>
<cmt>coffee</cmt>
<desc>Café / Coffee</desc>
<sym>Dot</sym>
<type>food</type>
</wpt>
<wpt lat="49.287685" lon="-123.120502">
<name>Caffè Artigiano</name>
<cmt>coffee</cmt>
<desc>Café / Coffee</desc>
<sym>Dot</sym>
<type>food</type>
</wpt>
<wpt lat="49.279879" lon="-123.123637">
<name>Pallet Coffee Roasters</name>
<cmt>coffee</cmt>
<desc>Café / Coffee</desc>
<sym>Dot</sym>
<type>food</type>
</wpt>
<wpt lat="49.286036" lon="-123.123030">
<name>49th Parallel Café &amp; Lucky's Doughnuts</name>
<cmt>food</cmt>
<desc>Bakery / Donuts</desc>
<sym>Dot</sym>
<type>food</type>
</wpt>
<wpt lat="49.287898" lon="-123.120258">
<name>Showcase Restaurant &amp; Bar</name>
<cmt>food</cmt>
<desc>Restaurant</desc>
<sym>Dot</sym>
<type>food</type>
</wpt>
<wpt lat="49.263552" lon="-123.147729">
<name>Le Coq Frit</name>
<cmt>food</cmt>
<desc>Restaurant</desc>
<sym>Dot</sym>
<type>food</type>
</wpt>
<wpt lat="49.263946" lon="-123.148331">
<name>Akbar's Own</name>
<cmt>food</cmt>
<desc>Restaurant</desc>
<sym>Dot</sym>
<type>food</type>
</wpt>
<wpt lat="49.280667" lon="-123.131210">
<name>Latin Square</name>
<cmt>coffee</cmt>
<desc>Café / Coffee</desc>
<sym>Dot</sym>
<type>food</type>
</wpt>
<wpt lat="49.272630" lon="-123.148677">
<name>Moltan</name>
<cmt>food</cmt>
<desc>Restaurant</desc>
<sym>Dot</sym>
<type>food</type>
</wpt>
<wpt lat="49.284841" lon="-123.124899">
<name>Jugo Juice</name>
<cmt>food</cmt>
<desc>Fast Food / Chain</desc>
<sym>Dot</sym>
<type>food</type>
</wpt>
<wpt lat="49.279815" lon="-123.123638">
<name>Wela</name>
<cmt>food</cmt>
<desc>Restaurant</desc>
<sym>Dot</sym>
<type>food</type>
</wpt>
<wpt lat="49.279613" lon="-123.123935">
<name>Donair Drive</name>
<cmt>food</cmt>
<desc>Restaurant</desc>
<sym>Dot</sym>
<type>food</type>
</wpt>
<wpt lat="49.285586" lon="-123.123807">
<name>Carlino Restaurant</name>
<cmt>food</cmt>
<desc>Restaurant</desc>
<sym>Dot</sym>
<type>food</type>
</wpt>
<wpt lat="49.290046" lon="-123.116951">
<name>De Dutch</name>
<cmt>food</cmt>
<desc>Restaurant</desc>
<sym>Dot</sym>
<type>food</type>
</wpt>
<wpt lat="49.286813" lon="-123.113169">
<name>Blenz Coffee</name>
<cmt>coffee</cmt>
<desc>Café / Coffee</desc>
<sym>Dot</sym>
<type>food</type>
</wpt>
<wpt lat="49.267964" lon="-123.148959">
<name>Maenam</name>
<cmt>food</cmt>
<desc>Restaurant</desc>
<sym>Dot</sym>
<type>food</type>
</wpt>
<wpt lat="49.280622" lon="-123.131343">
<name>Transylvanian Traditions Bakery</name>
<cmt>food</cmt>
<desc>Bakery / Donuts</desc>
<sym>Dot</sym>
<type>food</type>
</wpt>
<wpt lat="49.277516" lon="-123.127083">
<name>Sushi Howe</name>
<cmt>food</cmt>
<desc>Fast Food / Chain</desc>
<sym>Dot</sym>
<type>food</type>
</wpt>
<wpt lat="49.278404" lon="-123.125731">
<name>Unwind</name>
<cmt>food</cmt>
<desc>Fast Food / Chain</desc>
<sym>Dot</sym>
<type>food</type>
</wpt>
<wpt lat="49.278519" lon="-123.125548">
<name>Holiday Inn and Suites Downtown</name>
<cmt>lodging</cmt>
<desc>Hotel / Motel</desc>
<sym>Dot</sym>
<type>shelter</type>
</wpt>
<wpt lat="49.263532" lon="-123.143643">
<name>La Win Supermarket</name>
<cmt>convenience_store</cmt>
<desc>Grocery Store</desc>
<sym>Dot</sym>
<type>store</type>
</wpt>
<wpt lat="49.280477" lon="-123.131611">
<name>Mi Tierra Latina</name>
<cmt>convenience_store</cmt>
<desc>Grocery Store</desc>
<sym>Dot</sym>
<type>store</type>
</wpt>
<wpt lat="49.285654" lon="-123.114727">
<name>Breka Bakery &amp; Cafe</name>
<cmt>food</cmt>
<desc>Bakery / Donuts</desc>
<sym>Dot</sym>
<type>food</type>
</wpt>
<wpt lat="49.286386" lon="-123.122710">
<name>Mangez Mangez</name>
<cmt>food</cmt>
<desc>Restaurant</desc>
<sym>Dot</sym>
<type>food</type>
</wpt>
<wpt lat="49.285377" lon="-123.124222">
<name>Deville Coffee</name>
<cmt>coffee</cmt>
<desc>Café / Coffee</desc>
<sym>Dot</sym>
<type>food</type>
</wpt>
<wpt lat="49.287065" lon="-123.112828">
<name>Miku</name>
<cmt>food</cmt>
<desc>Restaurant</desc>
<sym>Dot</sym>
<type>food</type>
</wpt>
<wpt lat="49.272633" lon="-123.148822">
<name>Kits Beach Coffee</name>
<cmt>coffee</cmt>
<desc>Café / Coffee</desc>
<sym>Dot</sym>
<type>food</type>
</wpt>
<wpt lat="49.280511" lon="-123.131653">
<name>Takis' Taverna</name>
<cmt>food</cmt>
<desc>Restaurant</desc>
<sym>Dot</sym>
<type>food</type>
</wpt>
<wpt lat="49.267966" lon="-123.149066">
<name>Fable</name>
<cmt>food</cmt>
<desc>Restaurant</desc>
<sym>Dot</sym>
<type>food</type>
</wpt>
<wpt lat="49.279751" lon="-123.123526">
<name>Burger Crush</name>
<cmt>food</cmt>
<desc>Restaurant</desc>
<sym>Dot</sym>
<type>food</type>
</wpt>
<wpt lat="49.287548" lon="-123.121038">
<name>Heritage Asian Eatery</name>
<cmt>food</cmt>
<desc>Restaurant</desc>
<sym>Dot</sym>
<type>food</type>
</wpt>
<wpt lat="49.277668" lon="-123.126685">
<name>Freshslice Pizza</name>
<cmt>food</cmt>
<desc>Fast Food / Chain</desc>
<sym>Dot</sym>
<type>food</type>
</wpt>
<wpt lat="49.284933" lon="-123.115686">
<name>Tim Hortons</name>
<cmt>food</cmt>
<desc>Fast Food / Chain</desc>
<sym>Dot</sym>
<type>food</type>
</wpt>
<wpt lat="49.279859" lon="-123.132891">
<name>Hostelling International</name>
<cmt>lodging</cmt>
<desc>Hostel</desc>
<sym>Dot</sym>
<type>shelter</type>
</wpt>
<wpt lat="49.281657" lon="-123.120597">
<name>Freshslice Pizza</name>
<cmt>food</cmt>
<desc>Fast Food / Chain</desc>
<sym>Dot</sym>
<type>food</type>
</wpt>
<wpt lat="49.280538" lon="-123.131698">
<name>Samurai Japanese Restaurant</name>
<cmt>food</cmt>
<desc>Restaurant</desc>
<sym>Dot</sym>
<type>food</type>
</wpt>
<wpt lat="49.277439" lon="-123.126960">
<name>Urban Choice Market</name>
<cmt>convenience_store</cmt>
<desc>Convenience Store</desc>
<sym>Dot</sym>
<type>store</type>
</wpt>
<wpt lat="49.280188" lon="-123.132411">
<name>The Sunset Hotel West End</name>
<cmt>lodging</cmt>
<desc>Hotel / Motel</desc>
<sym>Dot</sym>
<type>shelter</type>
</wpt>
<wpt lat="49.287571" lon="-123.121131">
<name>Captain's Oven Pizza</name>
<cmt>food</cmt>
<desc>Fast Food / Chain</desc>
<sym>Dot</sym>
<type>food</type>
</wpt>
<wpt lat="49.280579" lon="-123.131764">
<name>Hellcrust Pizza</name>
<cmt>food</cmt>
<desc>Fast Food / Chain</desc>
<sym>Dot</sym>
<type>food</type>
</wpt>
<wpt lat="49.286852" lon="-123.122304">
<name>Pallet Coffee Roasters</name>
<cmt>coffee</cmt>
<desc>Café / Coffee</desc>
<sym>Dot</sym>
<type>food</type>
</wpt>
<wpt lat="49.267943" lon="-123.149274">
<name>Döner Kebab</name>
<cmt>food</cmt>
<desc>Fast Food / Chain</desc>
<sym>Dot</sym>
<type>food</type>
</wpt>
<wpt lat="49.283337" lon="-123.127672">
<name>O Canada House Bed &amp; Breakfast</name>
<cmt>lodging</cmt>
<desc>B&amp;B / Inn</desc>
<sym>Dot</sym>
<type>shelter</type>
</wpt>
<wpt lat="49.280624" lon="-123.131832">
<name>theVenti Coffee</name>
<cmt>coffee</cmt>
<desc>Café / Coffee</desc>
<sym>Dot</sym>
<type>food</type>
</wpt>
<wpt lat="49.267943" lon="-123.149326">
<name>NUTTEA</name>
<cmt>coffee</cmt>
<desc>Café / Coffee</desc>
<sym>Dot</sym>
<type>food</type>
</wpt>
<wpt lat="49.274471" lon="-123.131707">
<name>Tartine Bread &amp; Pies</name>
<cmt>food</cmt>
<desc>Bakery / Donuts</desc>
<sym>Dot</sym>
<type>food</type>
</wpt>
<wpt lat="49.286575" lon="-123.122858">
<name>Sushi California</name>
<cmt>food</cmt>
<desc>Restaurant</desc>
<sym>Dot</sym>
<type>food</type>
</wpt>
<wpt lat="49.287363" lon="-123.121674">
<name>Indian Delicacy</name>
<cmt>food</cmt>
<desc>Restaurant</desc>
<sym>Dot</sym>
<type>food</type>
</wpt>
<wpt lat="49.289593" lon="-123.118431">
<name>Cactus Club Cafe</name>
<cmt>food</cmt>
<desc>Restaurant</desc>
<sym>Dot</sym>
<type>food</type>
</wpt>
<wpt lat="49.279432" lon="-123.123588">
<name>The Moose</name>
<cmt>bar</cmt>
<desc>Brewery / Pub</desc>
<sym>Dot</sym>
<type>food</type>
</wpt>
<wpt lat="49.280495" lon="-123.121965">
<name>Subway</name>
<cmt>food</cmt>
<desc>Fast Food / Chain</desc>
<sym>Dot</sym>
<type>food</type>
</wpt>
<wpt lat="49.284728" lon="-123.115555">
<name>Tractor</name>
<cmt>coffee</cmt>
<desc>Café / Coffee</desc>
<sym>Dot</sym>
<type>food</type>
</wpt>
<wpt lat="49.272640" lon="-123.149178">
<name>Charqui Grill</name>
<cmt>food</cmt>
<desc>Restaurant</desc>
<sym>Dot</sym>
<type>food</type>
</wpt>
<wpt lat="49.268196" lon="-123.149439">
<name>Lavidas Restaurant</name>
<cmt>food</cmt>
<desc>Restaurant</desc>
<sym>Dot</sym>
<type>food</type>
</wpt>
<wpt lat="49.276112" lon="-123.128360">
<name>Grand Park Hotel &amp; Suites</name>
<cmt>lodging</cmt>
<desc>Hotel / Motel</desc>
<sym>Dot</sym>
<type>shelter</type>
</wpt>
<wpt lat="49.267945" lon="-123.149450">
<name>Lokal Sekondo</name>
<cmt>coffee</cmt>
<desc>Café / Coffee</desc>
<sym>Dot</sym>
<type>food</type>
</wpt>
<wpt lat="49.286000" lon="-123.123892">
<name>Hyatt Vancouver Downtown Alberni</name>
<cmt>lodging</cmt>
<desc>Hotel / Motel</desc>
<sym>Dot</sym>
<type>shelter</type>
</wpt>
<wpt lat="49.284878" lon="-123.125619">
<name>Spicy 6</name>
<cmt>food</cmt>
<desc>Restaurant</desc>
<sym>Dot</sym>
<type>food</type>
</wpt>
<wpt lat="49.279394" lon="-123.123503">
<name>Lucha Libre Taqueria</name>
<cmt>food</cmt>
<desc>Restaurant</desc>
<sym>Dot</sym>
<type>food</type>
</wpt>
<wpt lat="49.280702" lon="-123.131961">
<name>Stepho's Greek Restaurant</name>
<cmt>food</cmt>
<desc>Restaurant</desc>
<sym>Dot</sym>
<type>food</type>
</wpt>
<wpt lat="49.285100" lon="-123.125302">
<name>Muji</name>
<cmt>convenience_store</cmt>
<desc>Grocery Store</desc>
<sym>Dot</sym>
<type>store</type>
</wpt>
<wpt lat="49.277295" lon="-123.126667">
<name>Fritz's European Fry House/Poutine</name>
<cmt>food</cmt>
<desc>Fast Food / Chain</desc>
<sym>Dot</sym>
<type>food</type>
</wpt>
<wpt lat="49.274599" lon="-123.130842">
<name>Ça Marche</name>
<cmt>food</cmt>
<desc>Fast Food / Chain</desc>
<sym>Dot</sym>
<type>food</type>
</wpt>
<wpt lat="49.276156" lon="-123.128164">
<name>White Spot</name>
<cmt>food</cmt>
<desc>Fast Food / Chain</desc>
<sym>Dot</sym>
<type>food</type>
</wpt>
<wpt lat="49.283222" lon="-123.117663">
<name>A&amp;W</name>
<cmt>food</cmt>
<desc>Fast Food / Chain</desc>
<sym>Dot</sym>
<type>food</type>
</wpt>
<wpt lat="49.287588" lon="-123.121619">
<name>Tim Hortons</name>
<cmt>food</cmt>
<desc>Fast Food / Chain</desc>
<sym>Dot</sym>
<type>food</type>
</wpt>
<wpt lat="49.276646" lon="-123.142158">
<name>Bard on the Beach Shakespeare Festival</name>
<cmt>monument</cmt>
<desc>Museum / Gallery</desc>
<sym>Dot</sym>
<type>info</type>
</wpt>
<wpt lat="49.279356" lon="-123.123413">
<name>Mean Poutine</name>
<cmt>food</cmt>
<desc>Fast Food / Chain</desc>
<sym>Dot</sym>
<type>food</type>
</wpt>
<wpt lat="49.285697" lon="-123.124554">
<name>Carmana Hotel</name>
<cmt>lodging</cmt>
<desc>Hotel / Motel</desc>
<sym>Dot</sym>
<type>shelter</type>
</wpt>
<wpt lat="49.274989" lon="-123.129841">
<name>Monzo Burger</name>
<cmt>food</cmt>
<desc>Restaurant</desc>
<sym>Dot</sym>
<type>food</type>
</wpt>
<wpt lat="49.283188" lon="-123.117592">
<name>OPA! of Greece</name>
<cmt>food</cmt>
<desc>Restaurant</desc>
<sym>Dot</sym>
<type>food</type>
</wpt>
<wpt lat="49.285866" lon="-123.124319">
<name>Starbucks</name>
<cmt>food</cmt>
<desc>Fast Food / Chain</desc>
<sym>Dot</sym>
<type>food</type>
</wpt>
<wpt lat="49.276377" lon="-123.127668">
<name>Spirit Of Howe</name>
<cmt>convenience_store</cmt>
<desc>Liquor Store</desc>
<sym>Dot</sym>
<type>store</type>
</wpt>
<wpt lat="49.276519" lon="-123.127442">
<name>Sake Dining HASHIGO by Zakkushi</name>
<cmt>food</cmt>
<desc>Restaurant</desc>
<sym>Dot</sym>
<type>food</type>
</wpt>
<wpt lat="49.276670" lon="-123.127211">
<name>Subway</name>
<cmt>food</cmt>
<desc>Fast Food / Chain</desc>
<sym>Dot</sym>
<type>food</type>
</wpt>
<wpt lat="49.282920" lon="-123.117907">
<name>La Prep</name>
<cmt>food</cmt>
<desc>Fast Food / Chain</desc>
<sym>Dot</sym>
<type>food</type>
</wpt>
<wpt lat="49.284654" lon="-123.115283">
<name>Starbucks</name>
<cmt>food</cmt>
<desc>Fast Food / Chain</desc>
<sym>Dot</sym>
<type>food</type>
</wpt>
<wpt lat="49.273893" lon="-123.132775">
<name>Ancora</name>
<cmt>food</cmt>
<desc>Restaurant</desc>
<sym>Dot</sym>
<type>food</type>
</wpt>
<wpt lat="49.288435" lon="-123.120537">
<name>P2B Restaurant + Bar</name>
<cmt>food</cmt>
<desc>Restaurant</desc>
<sym>Dot</sym>
<type>food</type>
</wpt>
<wpt lat="49.280525" lon="-123.121488">
<name>Popeyes</name>
<cmt>food</cmt>
<desc>Fast Food / Chain</desc>
<sym>Dot</sym>
<type>food</type>
</wpt>
<wpt lat="49.277206" lon="-123.126521">
<name>Numero Uno Pizza</name>
<cmt>food</cmt>
<desc>Fast Food / Chain</desc>
<sym>Dot</sym>
<type>food</type>
</wpt>
<wpt lat="49.283032" lon="-123.117697">
<name>Orange Julius</name>
<cmt>food</cmt>
<desc>Fast Food / Chain</desc>
<sym>Dot</sym>
<type>food</type>
</wpt>
<wpt lat="49.270477" lon="-123.141429">
<name>That's It Cafe</name>
<cmt>coffee</cmt>
<desc>Café / Coffee</desc>
<sym>Dot</sym>
<type>food</type>
</wpt>
<wpt lat="49.272663" lon="-123.136526">
<name>Tap &amp; Barrel Bridges</name>
<cmt>food</cmt>
<desc>Restaurant</desc>
<sym>Dot</sym>
<type>food</type>
</wpt>
<wpt lat="49.279275" lon="-123.123342">
<name>Megabite</name>
<cmt>food</cmt>
<desc>Fast Food / Chain</desc>
<sym>Dot</sym>
<type>food</type>
</wpt>
<wpt lat="49.285250" lon="-123.125406">
<name>Fantacity Karaoke</name>
<cmt>food</cmt>
<desc>Restaurant</desc>
<sym>Dot</sym>
<type>food</type>
</wpt>
<wpt lat="49.283592" lon="-123.116828">
<name>ABURI Market</name>
<cmt>convenience_store</cmt>
<desc>Grocery Store</desc>
<sym>Dot</sym>
<type>store</type>
</wpt>
<wpt lat="49.283390" lon="-123.117124">
<name>Slo Coffee</name>
<cmt>coffee</cmt>
<desc>Café / Coffee</desc>
<sym>Dot</sym>
<type>food</type>
</wpt>
<wpt lat="49.280228" lon="-123.121882">
<name>Cavo Bar+Kitchen</name>
<cmt>food</cmt>
<desc>Restaurant</desc>
<sym>Dot</sym>
<type>food</type>
</wpt>
<wpt lat="49.290453" lon="-123.117454">
<name>Gulf Island Seaplanes</name>
<cmt>viewpoint</cmt>
<desc>Activity / Experience</desc>
<sym>Dot</sym>
<type>overlook</type>
</wpt>
<wpt lat="49.285145" lon="-123.114470">
<name>Hungrey Zus</name>
<cmt>food</cmt>
<desc>Restaurant</desc>
<sym>Dot</sym>
<type>food</type>
</wpt>
<wpt lat="49.274389" lon="-123.130987">
<name>Auto Strada</name>
<cmt>food</cmt>
<desc>Restaurant</desc>
<sym>Dot</sym>
<type>food</type>
</wpt>
<wpt lat="49.280093" lon="-123.122076">
<name>Cheese Slap</name>
<cmt>food</cmt>
<desc>Restaurant</desc>
<sym>Dot</sym>
<type>food</type>
</wpt>
<wpt lat="49.284407" lon="-123.115560">
<name>Zaatar w Zeit</name>
<cmt>food</cmt>
<desc>Restaurant</desc>
<sym>Dot</sym>
<type>food</type>
</wpt>
<wpt lat="49.285025" lon="-123.125777">
<name>Le Belisse Cafe</name>
<cmt>coffee</cmt>
<desc>Café / Coffee</desc>
<sym>Dot</sym>
<type>food</type>
</wpt>
<wpt lat="49.285733" lon="-123.124702">
<name>Din Tai Fung</name>
<cmt>food</cmt>
<desc>Restaurant</desc>
<sym>Dot</sym>
<type>food</type>
</wpt>
<wpt lat="49.279811" lon="-123.122490">
<name>Chit Chat Burger Bar</name>
<cmt>food</cmt>
<desc>Restaurant</desc>
<sym>Dot</sym>
<type>food</type>
</wpt>
<wpt lat="49.281166" lon="-123.120444">
<name>Gong Cha</name>
<cmt>coffee</cmt>
<desc>Café / Coffee</desc>
<sym>Dot</sym>
<type>food</type>
</wpt>
<wpt lat="49.284291" lon="-123.115724">
<name>Subway</name>
<cmt>food</cmt>
<desc>Fast Food / Chain</desc>
<sym>Dot</sym>
<type>food</type>
</wpt>
<wpt lat="49.280548" lon="-123.121366">
<name>McDonald's</name>
<cmt>food</cmt>
<desc>Fast Food / Chain</desc>
<sym>Dot</sym>
<type>food</type>
</wpt>
<wpt lat="49.279484" lon="-123.122985">
<name>Romano's Pizza</name>
<cmt>food</cmt>
<desc>Restaurant</desc>
<sym>Dot</sym>
<type>food</type>
</wpt>
<wpt lat="49.279676" lon="-123.122690">
<name>Good Co. Granville</name>
<cmt>bar</cmt>
<desc>Brewery / Pub</desc>
<sym>Dot</sym>
<type>food</type>
</wpt>
<wpt lat="49.279782" lon="-123.122528">
<name>Granville Room</name>
<cmt>bar</cmt>
<desc>Brewery / Pub</desc>
<sym>Dot</sym>
<type>food</type>
</wpt>
<wpt lat="49.285231" lon="-123.114311">
<name>Railtown</name>
<cmt>coffee</cmt>
<desc>Café / Coffee</desc>
<sym>Dot</sym>
<type>food</type>
</wpt>
<wpt lat="49.284203" lon="-123.115849">
<name>Hungry Guys Kitchen</name>
<cmt>food</cmt>
<desc>Restaurant</desc>
<sym>Dot</sym>
<type>food</type>
</wpt>
<wpt lat="49.281070" lon="-123.120576">
<name>Jollibee</name>
<cmt>food</cmt>
<desc>Fast Food / Chain</desc>
<sym>Dot</sym>
<type>food</type>
</wpt>
<wpt lat="49.281118" lon="-123.120500">
<name>Taf's Cafe</name>
<cmt>coffee</cmt>
<desc>Café / Coffee</desc>
<sym>Dot</sym>
<type>food</type>
</wpt>
<wpt lat="49.279577" lon="-123.122825">
<name>El Furniture Warehouse - Granville</name>
<cmt>food</cmt>
<desc>Restaurant</desc>
<sym>Dot</sym>
<type>food</type>
</wpt>
<wpt lat="49.277160" lon="-123.126493">
<name>Blenz Coffee</name>
<cmt>coffee</cmt>
<desc>Café / Coffee</desc>
<sym>Dot</sym>
<type>food</type>
</wpt>
<wpt lat="49.281171" lon="-123.120411">
<name>Burger King</name>
<cmt>food</cmt>
<desc>Fast Food / Chain</desc>
<sym>Dot</sym>
<type>food</type>
</wpt>
<wpt lat="49.278438" lon="-123.124545">
<name>The Templeton</name>
<cmt>food</cmt>
<desc>Restaurant</desc>
<sym>Dot</sym>
<type>food</type>
</wpt>
<wpt lat="49.278797" lon="-123.124006">
<name>The Mexican Antojitos y Cantina</name>
<cmt>food</cmt>
<desc>Restaurant</desc>
<sym>Dot</sym>
<type>food</type>
</wpt>
<wpt lat="49.279175" lon="-123.123424">
<name>Granville Kebab &amp; Poutine</name>
<cmt>food</cmt>
<desc>Restaurant</desc>
<sym>Dot</sym>
<type>food</type>
</wpt>
<wpt lat="49.279198" lon="-123.123389">
<name>Fresh Donair</name>
<cmt>food</cmt>
<desc>Restaurant</desc>
<sym>Dot</sym>
<type>food</type>
</wpt>
<wpt lat="49.279109" lon="-123.123521">
<name>Crave India</name>
<cmt>food</cmt>
<desc>Restaurant</desc>
<sym>Dot</sym>
<type>food</type>
</wpt>
<wpt lat="49.279130" lon="-123.123485">
<name>The Dime</name>
<cmt>food</cmt>
<desc>Restaurant</desc>
<sym>Dot</sym>
<type>food</type>
</wpt>
<wpt lat="49.277074" lon="-123.126565">
<name>Quality Inn &amp; Suites Downtown Vancouver</name>
<cmt>lodging</cmt>
<desc>Hotel / Motel</desc>
<sym>Dot</sym>
<type>shelter</type>
</wpt>
<wpt lat="49.278491" lon="-123.124450">
<name>Thai Away Home</name>
<cmt>food</cmt>
<desc>Restaurant</desc>
<sym>Dot</sym>
<type>food</type>
</wpt>
<wpt lat="49.280729" lon="-123.132345">
<name>The Junction</name>
<cmt>bar</cmt>
<desc>Brewery / Pub</desc>
<sym>Dot</sym>
<type>food</type>
</wpt>
<wpt lat="49.278956" lon="-123.123739">
<name>bb.q Chicken</name>
<cmt>food</cmt>
<desc>Restaurant</desc>
<sym>Dot</sym>
<type>food</type>
</wpt>
<wpt lat="49.278641" lon="-123.124214">
<name>Thai Town Restaurant</name>
<cmt>food</cmt>
<desc>Restaurant</desc>
<sym>Dot</sym>
<type>food</type>
</wpt>
<wpt lat="49.285051" lon="-123.125811">
<name>Kosoo</name>
<cmt>food</cmt>
<desc>Restaurant</desc>
<sym>Dot</sym>
<type>food</type>
</wpt>
<wpt lat="49.277831" lon="-123.125433">
<name>Donair Dude</name>
<cmt>food</cmt>
<desc>Fast Food / Chain</desc>
<sym>Dot</sym>
<type>food</type>
</wpt>
<wpt lat="49.277503" lon="-123.125931">
<name>Mr. Greek</name>
<cmt>food</cmt>
<desc>Restaurant</desc>
<sym>Dot</sym>
<type>food</type>
</wpt>
<wpt lat="49.277764" lon="-123.125533">
<name>Union Latino's</name>
<cmt>food</cmt>
<desc>Restaurant</desc>
<sym>Dot</sym>
<type>food</type>
</wpt>
<wpt lat="49.277701" lon="-123.125626">
<name>Pho Mimosa</name>
<cmt>food</cmt>
<desc>Restaurant</desc>
<sym>Dot</sym>
<type>food</type>
</wpt>
<wpt lat="49.277800" lon="-123.125475">
<name>Brunch</name>
<cmt>food</cmt>
<desc>Restaurant</desc>
<sym>Dot</sym>
<type>food</type>
</wpt>
<wpt lat="49.277348" lon="-123.126158">
<name>Andonis</name>
<cmt>food</cmt>
<desc>Restaurant</desc>
<sym>Dot</sym>
<type>food</type>
</wpt>
<wpt lat="49.287968" lon="-123.121420">
<name>The Bee's Knees</name>
<cmt>coffee</cmt>
<desc>Café / Coffee</desc>
<sym>Dot</sym>
<type>food</type>
</wpt>
<wpt lat="49.278033" lon="-123.125112">
<name>The Pawn Shop</name>
<cmt>food</cmt>
<desc>Restaurant</desc>
<sym>Dot</sym>
<type>food</type>
</wpt>
<wpt lat="49.290443" lon="-123.117659">
<name>The Cockpit</name>
<cmt>coffee</cmt>
<desc>Café / Coffee</desc>
<sym>Dot</sym>
<type>food</type>
</wpt>
<wpt lat="49.278062" lon="-123.125029">
<name>The Refinery</name>
<cmt>bar</cmt>
<desc>Brewery / Pub</desc>
<sym>Dot</sym>
<type>food</type>
</wpt>
<wpt lat="49.272888" lon="-123.135541">
<name>Popina</name>
<cmt>food</cmt>
<desc>Restaurant</desc>
<sym>Dot</sym>
<type>food</type>
</wpt>
<wpt lat="49.286161" lon="-123.124206">
<name>The Keg</name>
<cmt>food</cmt>
<desc>Restaurant</desc>
<sym>Dot</sym>
<type>food</type>
</wpt>
<wpt lat="49.285985" lon="-123.124493">
<name>Urban Fare</name>
<cmt>convenience_store</cmt>
<desc>Grocery Store</desc>
<sym>Dot</sym>
<type>store</type>
</wpt>
<wpt lat="49.282198" lon="-123.118697">
<name>Jugo Juice</name>
<cmt>food</cmt>
<desc>Fast Food / Chain</desc>
<sym>Dot</sym>
<type>food</type>
</wpt>
<wpt lat="49.287974" lon="-123.121545">
<name>Marriott Pinnacle Downtown</name>
<cmt>lodging</cmt>
<desc>Hotel / Motel</desc>
<sym>Dot</sym>
<type>shelter</type>
</wpt>
<wpt lat="49.268207" lon="-123.149982">
<name>Las Margaritas</name>
<cmt>food</cmt>
<desc>Restaurant</desc>
<sym>Dot</sym>
<type>food</type>
</wpt>
<wpt lat="49.280931" lon="-123.132305">
<name>Pho Goodness</name>
<cmt>food</cmt>
<desc>Fast Food / Chain</desc>
<sym>Dot</sym>
<type>food</type>
</wpt>
<wpt lat="49.285330" lon="-123.125638">
<name>Ladurée</name>
<cmt>food</cmt>
<desc>Bakery / Donuts</desc>
<sym>Dot</sym>
<type>food</type>
</wpt>
<wpt lat="49.272965" lon="-123.134873">
<name>The Blue Parrot Coffee</name>
<cmt>coffee</cmt>
<desc>Café / Coffee</desc>
<sym>Dot</sym>
<type>food</type>
</wpt>
<wpt lat="49.281209" lon="-123.131973">
<name>Gurkha Himalayan Kitchen</name>
<cmt>food</cmt>
<desc>Restaurant</desc>
<sym>Dot</sym>
<type>food</type>
</wpt>
<wpt lat="49.282147" lon="-123.118554">
<name>Tim Hortons</name>
<cmt>food</cmt>
<desc>Fast Food / Chain</desc>
<sym>Dot</sym>
<type>food</type>
</wpt>
<wpt lat="49.268687" lon="-123.141358">
<name>Brewing August</name>
<cmt>bar</cmt>
<desc>Brewery / Pub</desc>
<sym>Dot</sym>
<type>food</type>
</wpt>
<wpt lat="49.272641" lon="-123.149817">
<name>Octopus Garden</name>
<cmt>food</cmt>
<desc>Restaurant</desc>
<sym>Dot</sym>
<type>food</type>
</wpt>
<wpt lat="49.283101" lon="-123.117103">
<name>Mr Shawarma</name>
<cmt>food</cmt>
<desc>Fast Food / Chain</desc>
<sym>Dot</sym>
<type>food</type>
</wpt>
<wpt lat="49.272764" lon="-123.135426">
<name>La Tortilleria</name>
<cmt>food</cmt>
<desc>Fast Food / Chain</desc>
<sym>Dot</sym>
<type>food</type>
</wpt>
<wpt lat="49.276095" lon="-123.127478">
<name>7-Eleven</name>
<cmt>convenience_store</cmt>
<desc>Convenience Store</desc>
<sym>Dot</sym>
<type>store</type>
</wpt>
<wpt lat="49.272729" lon="-123.135493">
<name>Terra Breads</name>
<cmt>food</cmt>
<desc>Bakery / Donuts</desc>
<sym>Dot</sym>
<type>food</type>
</wpt>
<wpt lat="49.285183" lon="-123.126020">
<name>Oomomo Japan Living</name>
<cmt>convenience_store</cmt>
<desc>Grocery Store</desc>
<sym>Dot</sym>
<type>store</type>
</wpt>
<wpt lat="49.276914" lon="-123.126335">
<name>Ambassador Hotel</name>
<cmt>lodging</cmt>
<desc>Hotel / Motel</desc>
<sym>Dot</sym>
<type>shelter</type>
</wpt>
<wpt lat="49.285901" lon="-123.124970">
<name>Paris Baguette</name>
<cmt>coffee</cmt>
<desc>Café / Coffee</desc>
<sym>Dot</sym>
<type>food</type>
</wpt>
<wpt lat="49.263508" lon="-123.142138">
<name>Obanhmi</name>
<cmt>food</cmt>
<desc>Restaurant</desc>
<sym>Dot</sym>
<type>food</type>
</wpt>
<wpt lat="49.276776" lon="-123.126463">
<name>Tequila Cocina</name>
<cmt>food</cmt>
<desc>Restaurant</desc>
<sym>Dot</sym>
<type>food</type>
</wpt>
<wpt lat="49.279564" lon="-123.122330">
<name>KFC</name>
<cmt>food</cmt>
<desc>Fast Food / Chain</desc>
<sym>Dot</sym>
<type>food</type>
</wpt>
<wpt lat="49.279528" lon="-123.122381">
<name>Taco Bell</name>
<cmt>food</cmt>
<desc>Fast Food / Chain</desc>
<sym>Dot</sym>
<type>food</type>
</wpt>
<wpt lat="49.284745" lon="-123.114506">
<name>One Under Vancouver</name>
<cmt>food</cmt>
<desc>Restaurant</desc>
<sym>Dot</sym>
<type>food</type>
</wpt>
<wpt lat="49.281998" lon="-123.118635">
<name>Fatburger</name>
<cmt>food</cmt>
<desc>Fast Food / Chain</desc>
<sym>Dot</sym>
<type>food</type>
</wpt>
<wpt lat="49.281898" lon="-123.118783">
<name>O Sushi</name>
<cmt>food</cmt>
<desc>Restaurant</desc>
<sym>Dot</sym>
<type>food</type>
</wpt>
<wpt lat="49.281907" lon="-123.118763">
<name>Trees Organic Coffee</name>
<cmt>coffee</cmt>
<desc>Café / Coffee</desc>
<sym>Dot</sym>
<type>food</type>
</wpt>
<wpt lat="49.284859" lon="-123.114309">
<name>Trees Organic Coffee</name>
<cmt>coffee</cmt>
<desc>Café / Coffee</desc>
<sym>Dot</sym>
<type>food</type>
</wpt>
<wpt lat="49.274675" lon="-123.129537">
<name>Linh Café</name>
<cmt>food</cmt>
<desc>Restaurant</desc>
<sym>Dot</sym>
<type>food</type>
</wpt>
<wpt lat="49.278797" lon="-123.123458">
<name>A&amp;W</name>
<cmt>food</cmt>
<desc>Fast Food / Chain</desc>
<sym>Dot</sym>
<type>food</type>
</wpt>
<wpt lat="49.277654" lon="-123.125186">
<name>Domino's</name>
<cmt>food</cmt>
<desc>Fast Food / Chain</desc>
<sym>Dot</sym>
<type>food</type>
</wpt>
<wpt lat="49.280743" lon="-123.120491">
<name>Ricardo's</name>
<cmt>food</cmt>
<desc>Ice Cream</desc>
<sym>Dot</sym>
<type>food</type>
</wpt>
<wpt lat="49.281415" lon="-123.119467">
<name>Café Crêpe</name>
<cmt>coffee</cmt>
<desc>Café / Coffee</desc>
<sym>Dot</sym>
<type>food</type>
</wpt>
<wpt lat="49.283869" lon="-123.115767">
<name>Mo-Ment Crispy Burger</name>
<cmt>food</cmt>
<desc>Fast Food / Chain</desc>
<sym>Dot</sym>
<type>food</type>
</wpt>
<wpt lat="49.279978" lon="-123.121632">
<name>Roxy Burger</name>
<cmt>food</cmt>
<desc>Restaurant</desc>
<sym>Dot</sym>
<type>food</type>
</wpt>
<wpt lat="49.280097" lon="-123.121444">
<name>Dublin Calling</name>
<cmt>bar</cmt>
<desc>Brewery / Pub</desc>
<sym>Dot</sym>
<type>food</type>
</wpt>
<wpt lat="49.278291" lon="-123.124191">
<name>Donnellan's Irish Pub</name>
<cmt>bar</cmt>
<desc>Brewery / Pub</desc>
<sym>Dot</sym>
<type>food</type>
</wpt>
<wpt lat="49.288453" lon="-123.121225">
<name>Pinnacle Hotel Harbourfront</name>
<cmt>lodging</cmt>
<desc>Hotel / Motel</desc>
<sym>Dot</sym>
<type>shelter</type>
</wpt>
<wpt lat="49.282049" lon="-123.118486">
<name>Starbucks</name>
<cmt>food</cmt>
<desc>Fast Food / Chain</desc>
<sym>Dot</sym>
<type>food</type>
</wpt>
<wpt lat="49.279288" lon="-123.122665">
<name>Hungry Guys Kitchen</name>
<cmt>food</cmt>
<desc>Fast Food / Chain</desc>
<sym>Dot</sym>
<type>food</type>
</wpt>
<wpt lat="49.279067" lon="-123.123001">
<name>Shamrock Storehouse</name>
<cmt>bar</cmt>
<desc>Brewery / Pub</desc>
<sym>Dot</sym>
<type>food</type>
</wpt>
<wpt lat="49.278522" lon="-123.123834">
<name>Vogue Hotel</name>
<cmt>lodging</cmt>
<desc>Hotel / Motel</desc>
<sym>Dot</sym>
<type>shelter</type>
</wpt>
<wpt lat="49.281185" lon="-123.132227">
<name>Momo Factory Davie</name>
<cmt>food</cmt>
<desc>Restaurant</desc>
<sym>Dot</sym>
<type>food</type>
</wpt>
<wpt lat="49.272636" lon="-123.135525">
<name>Organic Acres Market</name>
<cmt>convenience_store</cmt>
<desc>Grocery Store</desc>
<sym>Dot</sym>
<type>store</type>
</wpt>
<wpt lat="49.279235" lon="-123.122725">
<name>Moulin Rouge</name>
<cmt>food</cmt>
<desc>Restaurant</desc>
<sym>Dot</sym>
<type>food</type>
</wpt>
<wpt lat="49.272646" lon="-123.149985">
<name>Circle K</name>
<cmt>convenience_store</cmt>
<desc>Convenience Store</desc>
<sym>Dot</sym>
<type>store</type>
</wpt>
<wpt lat="49.287098" lon="-123.123312">
<name>Time Out Cafe &amp; Market</name>
<cmt>coffee</cmt>
<desc>Café / Coffee</desc>
<sym>Dot</sym>
<type>food</type>
</wpt>
<wpt lat="49.277847" lon="-123.124816">
<name>The Edge</name>
<cmt>food</cmt>
<desc>Restaurant</desc>
<sym>Dot</sym>
<type>food</type>
</wpt>
<wpt lat="49.281145" lon="-123.119819">
<name>Lennox Pub</name>
<cmt>bar</cmt>
<desc>Brewery / Pub</desc>
<sym>Dot</sym>
<type>food</type>
</wpt>
<wpt lat="49.276951" lon="-123.126160">
<name>Two Parrots</name>
<cmt>bar</cmt>
<desc>Brewery / Pub</desc>
<sym>Dot</sym>
<type>food</type>
</wpt>
<wpt lat="49.285957" lon="-123.125060">
<name>TOUK</name>
<cmt>food</cmt>
<desc>Restaurant</desc>
<sym>Dot</sym>
<type>food</type>
</wpt>
<wpt lat="49.263829" lon="-123.141676">
<name>Leopold's Tavern</name>
<cmt>food</cmt>
<desc>Restaurant</desc>
<sym>Dot</sym>
<type>food</type>
</wpt>
<wpt lat="49.283056" lon="-123.116898">
<name>Winners</name>
<cmt>convenience_store</cmt>
<desc>Grocery Store</desc>
<sym>Dot</sym>
<type>store</type>
</wpt>
<wpt lat="49.283380" lon="-123.116411">
<name>The Keg</name>
<cmt>food</cmt>
<desc>Restaurant</desc>
<sym>Dot</sym>
<type>food</type>
</wpt>
<wpt lat="49.272661" lon="-123.135316">
<name>Pizza Pzazz</name>
<cmt>food</cmt>
<desc>Fast Food / Chain</desc>
<sym>Dot</sym>
<type>food</type>
</wpt>
<wpt lat="49.272636" lon="-123.135371">
<name>Chau Veggie Express</name>
<cmt>food</cmt>
<desc>Fast Food / Chain</desc>
<sym>Dot</sym>
<type>food</type>
</wpt>
<wpt lat="49.272608" lon="-123.135430">
<name>Fraser Valley Juice</name>
<cmt>food</cmt>
<desc>Fast Food / Chain</desc>
<sym>Dot</sym>
<type>food</type>
</wpt>
<wpt lat="49.286003" lon="-123.112456">
<name>Chronic Tacos</name>
<cmt>food</cmt>
<desc>Fast Food / Chain</desc>
<sym>Dot</sym>
<type>food</type>
</wpt>
<wpt lat="49.272582" lon="-123.135486">
<name>Petit Ami Coffee</name>
<cmt>coffee</cmt>
<desc>Café / Coffee</desc>
<sym>Dot</sym>
<type>food</type>
</wpt>
<wpt lat="49.281233" lon="-123.132309">
<name>KFC</name>
<cmt>food</cmt>
<desc>Fast Food / Chain</desc>
<sym>Dot</sym>
<type>food</type>
</wpt>
<wpt lat="49.272436" lon="-123.135847">
<name>A Bread Affair</name>
<cmt>food</cmt>
<desc>Bakery / Donuts</desc>
<sym>Dot</sym>
<type>food</type>
</wpt>
<wpt lat="49.285488" lon="-123.125890">
<name>Uncle Tetsu's Cheesecake</name>
<cmt>food</cmt>
<desc>Bakery / Donuts</desc>
<sym>Dot</sym>
<type>food</type>
</wpt>
<wpt lat="49.286013" lon="-123.125149">
<name>A&amp;W</name>
<cmt>food</cmt>
<desc>Fast Food / Chain</desc>
<sym>Dot</sym>
<type>food</type>
</wpt>
<wpt lat="49.285297" lon="-123.126260">
<name>CinCin Ristorante + Bar</name>
<cmt>food</cmt>
<desc>Restaurant</desc>
<sym>Dot</sym>
<type>food</type>
</wpt>
<wpt lat="49.269394" lon="-123.140980">
<name>Café Prado</name>
<cmt>coffee</cmt>
<desc>Café / Coffee</desc>
<sym>Dot</sym>
<type>food</type>
</wpt>
<wpt lat="49.283247" lon="-123.116401">
<name>Xing Fu Tang</name>
<cmt>coffee</cmt>
<desc>Café / Coffee</desc>
<sym>Dot</sym>
<type>food</type>
</wpt>
<wpt lat="49.287381" lon="-123.123162">
<name>Nook</name>
<cmt>food</cmt>
<desc>Restaurant</desc>
<sym>Dot</sym>
<type>food</type>
</wpt>
<wpt lat="49.276350" lon="-123.144981">
<name>H. R. MacMillan Space Centre</name>
<cmt>monument</cmt>
<desc>Museum / Gallery</desc>
<sym>Dot</sym>
<type>info</type>
</wpt>
<wpt lat="49.288129" lon="-123.122048">
<name>Coast Coal Harbour Hotel by APA</name>
<cmt>lodging</cmt>
<desc>Hotel / Motel</desc>
<sym>Dot</sym>
<type>shelter</type>
</wpt>
<wpt lat="49.273358" lon="-123.132748">
<name>Chang'an</name>
<cmt>food</cmt>
<desc>Restaurant</desc>
<sym>Dot</sym>
<type>food</type>
</wpt>
<wpt lat="49.284513" lon="-123.114372">
<name>CoCo Fresh Tea &amp; Juice</name>
<cmt>coffee</cmt>
<desc>Café / Coffee</desc>
<sym>Dot</sym>
<type>food</type>
</wpt>
<wpt lat="49.280155" lon="-123.120930">
<name>Pizza Garden</name>
<cmt>food</cmt>
<desc>Fast Food / Chain</desc>
<sym>Dot</sym>
<type>food</type>
</wpt>
<wpt lat="49.286069" lon="-123.125238">
<name>Subway</name>
<cmt>food</cmt>
<desc>Fast Food / Chain</desc>
<sym>Dot</sym>
<type>food</type>
</wpt>
<wpt lat="49.263828" lon="-123.141378">
<name>Earls</name>
<cmt>food</cmt>
<desc>Restaurant</desc>
<sym>Dot</sym>
<type>food</type>
</wpt>
<wpt lat="49.280967" lon="-123.133016">
<name>Sandman Suites Vancouver on Davie</name>
<cmt>lodging</cmt>
<desc>Hotel / Motel</desc>
<sym>Dot</sym>
<type>shelter</type>
</wpt>
<wpt lat="49.278916" lon="-123.122788">
<name>Hotel Belmont Vancouver</name>
<cmt>lodging</cmt>
<desc>Hotel / Motel</desc>
<sym>Dot</sym>
<type>shelter</type>
</wpt>
<wpt lat="49.285899" lon="-123.112287">
<name>A&amp;W</name>
<cmt>food</cmt>
<desc>Fast Food / Chain</desc>
<sym>Dot</sym>
<type>food</type>
</wpt>
<wpt lat="49.283031" lon="-123.116545">
<name>St. Regis Fine Wines &amp; Spirits</name>
<cmt>convenience_store</cmt>
<desc>Liquor Store</desc>
<sym>Dot</sym>
<type>store</type>
</wpt>
<wpt lat="49.276812" lon="-123.125931">
<name>Kinkura Sushi + Sake</name>
<cmt>food</cmt>
<desc>Restaurant</desc>
<sym>Dot</sym>
<type>food</type>
</wpt>
<wpt lat="49.276369" lon="-123.145204">
<name>Museum of Vancouver</name>
<cmt>monument</cmt>
<desc>Museum / Gallery</desc>
<sym>Dot</sym>
<type>info</type>
</wpt>
<wpt lat="49.272420" lon="-123.135407">
<name>Oyama Sausage</name>
<cmt>convenience_store</cmt>
<desc>Specialty / Health Food</desc>
<sym>Dot</sym>
<type>store</type>
</wpt>
<wpt lat="49.263616" lon="-123.149952">
<name>Greens Organic and Natural Market</name>
<cmt>convenience_store</cmt>
<desc>Grocery Store</desc>
<sym>Dot</sym>
<type>store</type>
</wpt>
<wpt lat="49.286925" lon="-123.124051">
<name>Paradox Hotel Vancouver</name>
<cmt>lodging</cmt>
<desc>Hotel / Motel</desc>
<sym>Dot</sym>
<type>shelter</type>
</wpt>
<wpt lat="49.283066" lon="-123.116454">
<name>Tim Hortons</name>
<cmt>food</cmt>
<desc>Fast Food / Chain</desc>
<sym>Dot</sym>
<type>food</type>
</wpt>
<wpt lat="49.276973" lon="-123.125665">
<name>The Dance Centre</name>
<cmt>monument</cmt>
<desc>Museum / Gallery</desc>
<sym>Dot</sym>
<type>info</type>
</wpt>
<wpt lat="49.287655" lon="-123.122965">
<name>Loden Hotel</name>
<cmt>lodging</cmt>
<desc>Hotel / Motel</desc>
<sym>Dot</sym>
<type>shelter</type>
</wpt>
<wpt lat="49.267923" lon="-123.150566">
<name>La Routa Pizzeria</name>
<cmt>food</cmt>
<desc>Restaurant</desc>
<sym>Dot</sym>
<type>food</type>
</wpt>
<wpt lat="49.277574" lon="-123.124730">
<name>Best Western Premier Chateau Granville Hotel &amp; Suites &amp; Conference Centre</name>
<cmt>lodging</cmt>
<desc>Hotel / Motel</desc>
<sym>Dot</sym>
<type>shelter</type>
</wpt>
<wpt lat="49.281359" lon="-123.132504">
<name>Davie's The Best</name>
<cmt>food</cmt>
<desc>Restaurant</desc>
<sym>Dot</sym>
<type>food</type>
</wpt>
<wpt lat="49.278767" lon="-123.137862">
<name>Sunset Beach Consession Stand</name>
<cmt>coffee</cmt>
<desc>Café / Coffee</desc>
<sym>Dot</sym>
<type>food</type>
</wpt>
<wpt lat="49.276787" lon="-123.125879">
<name>Basil Pasta Bar</name>
<cmt>food</cmt>
<desc>Restaurant</desc>
<sym>Dot</sym>
<type>food</type>
</wpt>
<wpt lat="49.280083" lon="-123.120863">
<name>Smoke &amp; Food Market</name>
<cmt>convenience_store</cmt>
<desc>Convenience Store</desc>
<sym>Dot</sym>
<type>store</type>
</wpt>
<wpt lat="49.272022" lon="-123.150471">
<name>Maple Beach Bed and Breakfast</name>
<cmt>lodging</cmt>
<desc>B&amp;B / Inn</desc>
<sym>Dot</sym>
<type>shelter</type>
</wpt>
<wpt lat="49.285623" lon="-123.126101">
<name>Hello Nori</name>
<cmt>food</cmt>
<desc>Restaurant</desc>
<sym>Dot</sym>
<type>food</type>
</wpt>
<wpt lat="49.287499" lon="-123.123306">
<name>Tableau</name>
<cmt>food</cmt>
<desc>Restaurant</desc>
<sym>Dot</sym>
<type>food</type>
</wpt>
<wpt lat="49.267925" lon="-123.150640">
<name>La Ruota</name>
<cmt>food</cmt>
<desc>Restaurant</desc>
<sym>Dot</sym>
<type>food</type>
</wpt>
<wpt lat="49.272363" lon="-123.135337">
<name>Duso's Italia</name>
<cmt>convenience_store</cmt>
<desc>Specialty / Health Food</desc>
<sym>Dot</sym>
<type>store</type>
</wpt>
<wpt lat="49.286785" lon="-123.124396">
<name>Karma Lounge</name>
<cmt>food</cmt>
<desc>Restaurant</desc>
<sym>Dot</sym>
<type>food</type>
</wpt>
<wpt lat="49.272382" lon="-123.135272">
<name>Siegel's Bagels</name>
<cmt>food</cmt>
<desc>Bakery / Donuts</desc>
<sym>Dot</sym>
<type>food</type>
</wpt>
<wpt lat="49.285939" lon="-123.112050">
<name>Body Energy Club</name>
<cmt>convenience_store</cmt>
<desc>Specialty / Health Food</desc>
<sym>Dot</sym>
<type>store</type>
</wpt>
<wpt lat="49.272400" lon="-123.135200">
<name>Granville Island Public Market</name>
<cmt>viewpoint</cmt>
<desc>Activity / Experience</desc>
<sym>Dot</sym>
<type>overlook</type>
</wpt>
<wpt lat="49.272518" lon="-123.134791">
<name>The Market Grill</name>
<cmt>food</cmt>
<desc>Fast Food / Chain</desc>
<sym>Dot</sym>
<type>food</type>
</wpt>
<wpt lat="49.281259" lon="-123.132813">
<name>COBS Bread</name>
<cmt>food</cmt>
<desc>Bakery / Donuts</desc>
<sym>Dot</sym>
<type>food</type>
</wpt>
<wpt lat="49.266490" lon="-123.140722">
<name>Beaucoup Bakery &amp; Cafe</name>
<cmt>food</cmt>
<desc>Bakery / Donuts</desc>
<sym>Dot</sym>
<type>food</type>
</wpt>
<wpt lat="49.287349" lon="-123.123630">
<name>Domo Sushi</name>
<cmt>food</cmt>
<desc>Restaurant</desc>
<sym>Dot</sym>
<type>food</type>
</wpt>
<wpt lat="49.280030" lon="-123.120802">
<name>Orpheum</name>
<cmt>monument</cmt>
<desc>Museum / Gallery</desc>
<sym>Dot</sym>
<type>info</type>
</wpt>
<wpt lat="49.288220" lon="-123.122313">
<name>Prestons Restaurant + Lounge</name>
<cmt>food</cmt>
<desc>Restaurant</desc>
<sym>Dot</sym>
<type>food</type>
</wpt>
<wpt lat="49.267926" lon="-123.150714">
<name>Indian Oven</name>
<cmt>food</cmt>
<desc>Restaurant</desc>
<sym>Dot</sym>
<type>food</type>
</wpt>
<wpt lat="49.276743" lon="-123.125785">
<name>Happy Noodle House</name>
<cmt>food</cmt>
<desc>Restaurant</desc>
<sym>Dot</sym>
<type>food</type>
</wpt>
<wpt lat="49.272325" lon="-123.135301">
<name>Four Season Farm</name>
<cmt>convenience_store</cmt>
<desc>Farmers' Market</desc>
<sym>Dot</sym>
<type>store</type>
</wpt>
<wpt lat="49.272458" lon="-123.134856">
<name>Laurelle's Fine Foods</name>
<cmt>convenience_store</cmt>
<desc>Specialty / Health Food</desc>
<sym>Dot</sym>
<type>store</type>
</wpt>
<wpt lat="49.286181" lon="-123.125417">
<name>Dragon Bowl</name>
<cmt>food</cmt>
<desc>Fast Food / Chain</desc>
<sym>Dot</sym>
<type>food</type>
</wpt>
<wpt lat="49.269511" lon="-123.140619">
<name>Reckless Bike Stores - Kitsilano</name>
<cmt>bike_shop</cmt>
<desc>Repair Shop</desc>
<sym>Dot</sym>
<type>gear</type>
</wpt>
<wpt lat="49.269379" lon="-123.140625">
<name>Apollinia</name>
<cmt>food</cmt>
<desc>Restaurant</desc>
<sym>Dot</sym>
<type>food</type>
</wpt>
<wpt lat="49.281433" lon="-123.132631">
<name>The Hestia Veggie</name>
<cmt>food</cmt>
<desc>Restaurant</desc>
<sym>Dot</sym>
<type>food</type>
</wpt>
<wpt lat="49.285909" lon="-123.111966">
<name>Subway</name>
<cmt>food</cmt>
<desc>Fast Food / Chain</desc>
<sym>Dot</sym>
<type>food</type>
</wpt>
<wpt lat="49.283207" lon="-123.115964">
<name>St. Regis Hotel</name>
<cmt>lodging</cmt>
<desc>Hotel / Motel</desc>
<sym>Dot</sym>
<type>shelter</type>
</wpt>
<wpt lat="49.281285" lon="-123.132874">
<name>Kin's Farm Market</name>
<cmt>convenience_store</cmt>
<desc>Farmers' Market</desc>
<sym>Dot</sym>
<type>store</type>
</wpt>
<wpt lat="49.285493" lon="-123.126501">
<name>Paul Bakery, Café &amp; Restaurant</name>
<cmt>food</cmt>
<desc>Bakery / Donuts</desc>
<sym>Dot</sym>
<type>food</type>
</wpt>
<wpt lat="49.281090" lon="-123.119096">
<name>Five Guys</name>
<cmt>food</cmt>
<desc>Fast Food / Chain</desc>
<sym>Dot</sym>
<type>food</type>
</wpt>
<wpt lat="49.286924" lon="-123.124392">
<name>Mansion Nightclub</name>
<cmt>bar</cmt>
<desc>Brewery / Pub</desc>
<sym>Dot</sym>
<type>food</type>
</wpt>
<wpt lat="49.263621" lon="-123.150288">
<name>Blenz Coffee</name>
<cmt>coffee</cmt>
<desc>Café / Coffee</desc>
<sym>Dot</sym>
<type>food</type>
</wpt>
<wpt lat="49.272418" lon="-123.134744">
<name>The Stock Market</name>
<cmt>convenience_store</cmt>
<desc>Specialty / Health Food</desc>
<sym>Dot</sym>
<type>store</type>
</wpt>
<wpt lat="49.284181" lon="-123.114361">
<name>Himalayan Momo Restaurant and Bar</name>
<cmt>food</cmt>
<desc>Restaurant</desc>
<sym>Dot</sym>
<type>food</type>
</wpt>
<wpt lat="49.272254" lon="-123.135250">
<name>Lee's Donuts</name>
<cmt>food</cmt>
<desc>Bakery / Donuts</desc>
<sym>Dot</sym>
<type>food</type>
</wpt>
<wpt lat="49.272363" lon="-123.134879">
<name>Zara's Italian Deli &amp; Fresh Pasta</name>
<cmt>convenience_store</cmt>
<desc>Specialty / Health Food</desc>
<sym>Dot</sym>
<type>store</type>
</wpt>
<wpt lat="49.286237" lon="-123.125507">
<name>Red Burrito</name>
<cmt>food</cmt>
<desc>Restaurant</desc>
<sym>Dot</sym>
<type>food</type>
</wpt>
<wpt lat="49.286895" lon="-123.124521">
<name>Mott 32</name>
<cmt>food</cmt>
<desc>Restaurant</desc>
<sym>Dot</sym>
<type>food</type>
</wpt>
<wpt lat="49.276660" lon="-123.125687">
<name>Manoush'eh</name>
<cmt>food</cmt>
<desc>Restaurant</desc>
<sym>Dot</sym>
<type>food</type>
</wpt>
<wpt lat="49.281341" lon="-123.132939">
<name>Yummy Slice Pizza</name>
<cmt>food</cmt>
<desc>Fast Food / Chain</desc>
<sym>Dot</sym>
<type>food</type>
</wpt>
<wpt lat="49.268220" lon="-123.150879">
<name>Goldie's Donuts &amp; Bakery</name>
<cmt>food</cmt>
<desc>Bakery / Donuts</desc>
<sym>Dot</sym>
<type>food</type>
</wpt>
<wpt lat="49.285858" lon="-123.111859">
<name>Real Fruit Bubble Tea</name>
<cmt>coffee</cmt>
<desc>Café / Coffee</desc>
<sym>Dot</sym>
<type>food</type>
</wpt>
<wpt lat="49.272419" lon="-123.134633">
<name>A la Mode</name>
<cmt>coffee</cmt>
<desc>Café / Coffee</desc>
<sym>Dot</sym>
<type>food</type>
</wpt>
<wpt lat="49.281495" lon="-123.132742">
<name>Pumpjack</name>
<cmt>bar</cmt>
<desc>Brewery / Pub</desc>
<sym>Dot</sym>
<type>food</type>
</wpt>
<wpt lat="49.272154" lon="-123.135434">
<name>Liberty Wines</name>
<cmt>convenience_store</cmt>
<desc>Liquor Store</desc>
<sym>Dot</sym>
<type>store</type>
</wpt>
<wpt lat="49.281022" lon="-123.118995">
<name>Meat &amp; Bread</name>
<cmt>food</cmt>
<desc>Restaurant</desc>
<sym>Dot</sym>
<type>food</type>
</wpt>
<wpt lat="49.276629" lon="-123.125638">
<name>Sushi Yamato</name>
<cmt>food</cmt>
<desc>Restaurant</desc>
<sym>Dot</sym>
<type>food</type>
</wpt>
<wpt lat="49.281369" lon="-123.132992">
<name>Donair Dude</name>
<cmt>food</cmt>
<desc>Fast Food / Chain</desc>
<sym>Dot</sym>
<type>food</type>
</wpt>
<wpt lat="49.278907" lon="-123.122176">
<name>Uncle Fatih's Pizza</name>
<cmt>food</cmt>
<desc>Fast Food / Chain</desc>
<sym>Dot</sym>
<type>food</type>
</wpt>
<wpt lat="49.267996" lon="-123.150958">
<name>The Bimini</name>
<cmt>food</cmt>
<desc>Restaurant</desc>
<sym>Dot</sym>
<type>food</type>
</wpt>
<wpt lat="49.284127" lon="-123.114276">
<name>Burger King</name>
<cmt>food</cmt>
<desc>Fast Food / Chain</desc>
<sym>Dot</sym>
<type>food</type>
</wpt>
<wpt lat="49.272220" lon="-123.135064">
<name>Stuarts Quality Baked Goods</name>
<cmt>food</cmt>
<desc>Bakery / Donuts</desc>
<sym>Dot</sym>
<type>food</type>
</wpt>
<wpt lat="49.286293" lon="-123.125596">
<name>Kirin Restaurant</name>
<cmt>food</cmt>
<desc>Restaurant</desc>
<sym>Dot</sym>
<type>food</type>
</wpt>
<wpt lat="49.281540" lon="-123.132811">
<name>Tom Sushi</name>
<cmt>food</cmt>
<desc>Restaurant</desc>
<sym>Dot</sym>
<type>food</type>
</wpt>
<wpt lat="49.272173" lon="-123.135145">
<name>JJ Bean</name>
<cmt>coffee</cmt>
<desc>Café / Coffee</desc>
<sym>Dot</sym>
<type>food</type>
</wpt>
<wpt lat="49.282540" lon="-123.116622">
<name>Starbucks</name>
<cmt>food</cmt>
<desc>Fast Food / Chain</desc>
<sym>Dot</sym>
<type>food</type>
</wpt>
<wpt lat="49.286932" lon="-123.124661">
<name>Freshii</name>
<cmt>food</cmt>
<desc>Restaurant</desc>
<sym>Dot</sym>
<type>food</type>
</wpt>
<wpt lat="49.263834" lon="-123.140784">
<name>Tim Hortons</name>
<cmt>food</cmt>
<desc>Fast Food / Chain</desc>
<sym>Dot</sym>
<type>food</type>
</wpt>
<wpt lat="49.287486" lon="-123.123855">
<name>Melville Café</name>
<cmt>coffee</cmt>
<desc>Café / Coffee</desc>
<sym>Dot</sym>
<type>food</type>
</wpt>
<wpt lat="49.288332" lon="-123.122596">
<name>Panago</name>
<cmt>food</cmt>
<desc>Fast Food / Chain</desc>
<sym>Dot</sym>
<type>food</type>
</wpt>
<wpt lat="49.281388" lon="-123.118298">
<name>PAUL Le Café</name>
<cmt>coffee</cmt>
<desc>Café / Coffee</desc>
<sym>Dot</sym>
<type>food</type>
</wpt>
<wpt lat="49.285623" lon="-123.126701">
<name>Cafe W</name>
<cmt>coffee</cmt>
<desc>Café / Coffee</desc>
<sym>Dot</sym>
<type>food</type>
</wpt>
<wpt lat="49.280963" lon="-123.118915">
<name>Aladdin Cafe</name>
<cmt>food</cmt>
<desc>Restaurant</desc>
<sym>Dot</sym>
<type>food</type>
</wpt>
<wpt lat="49.280341" lon="-123.119813">
<name>Cafe Tica</name>
<cmt>food</cmt>
<desc>Restaurant</desc>
<sym>Dot</sym>
<type>food</type>
</wpt>
<wpt lat="49.278829" lon="-123.122077">
<name>No Bad Days Cafe</name>
<cmt>coffee</cmt>
<desc>Café / Coffee</desc>
<sym>Dot</sym>
<type>food</type>
</wpt>
<wpt lat="49.276739" lon="-123.125234">
<name>Perfecto Cafe</name>
<cmt>coffee</cmt>
<desc>Café / Coffee</desc>
<sym>Dot</sym>
<type>food</type>
</wpt>
<wpt lat="49.281603" lon="-123.132897">
<name>1181 Lounge</name>
<cmt>bar</cmt>
<desc>Brewery / Pub</desc>
<sym>Dot</sym>
<type>food</type>
</wpt>
<wpt lat="49.267965" lon="-123.151128">
<name>Bimini's Private Liquor Store</name>
<cmt>convenience_store</cmt>
<desc>Liquor Store</desc>
<sym>Dot</sym>
<type>store</type>
</wpt>
<wpt lat="49.285758" lon="-123.111669">
<name>Starbucks</name>
<cmt>food</cmt>
<desc>Fast Food / Chain</desc>
<sym>Dot</sym>
<type>food</type>
</wpt>
<wpt lat="49.269559" lon="-123.140211">
<name>Oidé Coffee</name>
<cmt>coffee</cmt>
<desc>Café / Coffee</desc>
<sym>Dot</sym>
<type>food</type>
</wpt>
<wpt lat="49.265488" lon="-123.140006">
<name>Centre culturel francophone</name>
<cmt>monument</cmt>
<desc>Museum / Gallery</desc>
<sym>Dot</sym>
<type>info</type>
</wpt>
<wpt lat="49.277763" lon="-123.123614">
<name>Gathering Place</name>
<cmt>rest_stop</cmt>
<desc>Community Centre</desc>
<sym>Dot</sym>
<type>rest_area</type>
</wpt>
<wpt lat="49.283975" lon="-123.114217">
<name>Seymour Hostel</name>
<cmt>lodging</cmt>
<desc>Hostel</desc>
<sym>Dot</sym>
<type>shelter</type>
</wpt>
<wpt lat="49.281073" lon="-123.118583">
<name>Guu Toramasa</name>
<cmt>food</cmt>
<desc>Restaurant</desc>
<sym>Dot</sym>
<type>food</type>
</wpt>
<wpt lat="49.285334" lon="-123.112222">
<name>Deville Coffee</name>
<cmt>coffee</cmt>
<desc>Café / Coffee</desc>
<sym>Dot</sym>
<type>food</type>
</wpt>
<wpt lat="49.281493" lon="-123.133151">
<name>House of Dosas</name>
<cmt>food</cmt>
<desc>Restaurant</desc>
<sym>Dot</sym>
<type>food</type>
</wpt>
<wpt lat="49.281632" lon="-123.132944">
<name>Disco Cheetah</name>
<cmt>food</cmt>
<desc>Fast Food / Chain</desc>
<sym>Dot</sym>
<type>food</type>
</wpt>
<wpt lat="49.282979" lon="-123.115706">
<name>Beaucoup Bakery</name>
<cmt>food</cmt>
<desc>Bakery / Donuts</desc>
<sym>Dot</sym>
<type>food</type>
</wpt>
<wpt lat="49.263820" lon="-123.140592">
<name>Subway</name>
<cmt>food</cmt>
<desc>Fast Food / Chain</desc>
<sym>Dot</sym>
<type>food</type>
</wpt>
<wpt lat="49.283841" lon="-123.114381">
<name>The 515 Bar</name>
<cmt>bar</cmt>
<desc>Brewery / Pub</desc>
<sym>Dot</sym>
<type>food</type>
</wpt>
<wpt lat="49.284022" lon="-123.114107">
<name>Malone's Social Lounge &amp; Taphouse</name>
<cmt>bar</cmt>
<desc>Brewery / Pub</desc>
<sym>Dot</sym>
<type>food</type>
</wpt>
<wpt lat="49.283402" lon="-123.115045">
<name>Kokoro Tokyo Mazesoba</name>
<cmt>food</cmt>
<desc>Restaurant</desc>
<sym>Dot</sym>
<type>food</type>
</wpt>
<wpt lat="49.283152" lon="-123.115418">
<name>A&amp;W</name>
<cmt>food</cmt>
<desc>Fast Food / Chain</desc>
<sym>Dot</sym>
<type>food</type>
</wpt>
<wpt lat="49.285953" lon="-123.126418">
<name>Earls</name>
<cmt>food</cmt>
<desc>Restaurant</desc>
<sym>Dot</sym>
<type>food</type>
</wpt>
<wpt lat="49.284463" lon="-123.113434">
<name>HellCrust Pizza</name>
<cmt>food</cmt>
<desc>Fast Food / Chain</desc>
<sym>Dot</sym>
<type>food</type>
</wpt>
<wpt lat="49.282849" lon="-123.115863">
<name>Gotham Steakhouse &amp; Bar</name>
<cmt>food</cmt>
<desc>Restaurant</desc>
<sym>Dot</sym>
<type>food</type>
</wpt>
<wpt lat="49.284544" lon="-123.113301">
<name>Kita no Donburi</name>
<cmt>food</cmt>
<desc>Fast Food / Chain</desc>
<sym>Dot</sym>
<type>food</type>
</wpt>
<wpt lat="49.285058" lon="-123.112589">
<name>Pinche Taco Shop</name>
<cmt>food</cmt>
<desc>Restaurant</desc>
<sym>Dot</sym>
<type>food</type>
</wpt>
<wpt lat="49.265489" lon="-123.139888">
<name>Café salade de fruits</name>
<cmt>coffee</cmt>
<desc>Café / Coffee</desc>
<sym>Dot</sym>
<type>food</type>
</wpt>
<wpt lat="49.271851" lon="-123.135476">
<name>Popina Cantina</name>
<cmt>food</cmt>
<desc>Restaurant</desc>
<sym>Dot</sym>
<type>food</type>
</wpt>
<wpt lat="49.267968" lon="-123.151311">
<name>Kagura Hand Roll Bar</name>
<cmt>food</cmt>
<desc>Restaurant</desc>
<sym>Dot</sym>
<type>food</type>
</wpt>
<wpt lat="49.285752" lon="-123.126884">
<name>Happy Lemon</name>
<cmt>coffee</cmt>
<desc>Café / Coffee</desc>
<sym>Dot</sym>
<type>food</type>
</wpt>
<wpt lat="49.272048" lon="-123.134772">
<name>Granville Island Stage</name>
<cmt>monument</cmt>
<desc>Museum / Gallery</desc>
<sym>Dot</sym>
<type>info</type>
</wpt>
<wpt lat="49.263603" lon="-123.150833">
<name>Pallet Coffee Roasters</name>
<cmt>coffee</cmt>
<desc>Café / Coffee</desc>
<sym>Dot</sym>
<type>food</type>
</wpt>
<wpt lat="49.285708" lon="-123.126991">
<name>Jang Mo Jib</name>
<cmt>food</cmt>
<desc>Restaurant</desc>
<sym>Dot</sym>
<type>food</type>
</wpt>
<wpt lat="49.286462" lon="-123.125865">
<name>JJ Bean</name>
<cmt>coffee</cmt>
<desc>Café / Coffee</desc>
<sym>Dot</sym>
<type>food</type>
</wpt>
<wpt lat="49.281717" lon="-123.133062">
<name>BangKoK Bistro</name>
<cmt>food</cmt>
<desc>Restaurant</desc>
<sym>Dot</sym>
<type>food</type>
</wpt>
<wpt lat="49.269556" lon="-123.139985">
<name>Sushi Hanabi</name>
<cmt>food</cmt>
<desc>Restaurant</desc>
<sym>Dot</sym>
<type>food</type>
</wpt>
<wpt lat="49.285985" lon="-123.126640">
<name>Mister Artisan Ice Cream</name>
<cmt>food</cmt>
<desc>Ice Cream</desc>
<sym>Dot</sym>
<type>food</type>
</wpt>
<wpt lat="49.287845" lon="-123.123865">
<name>Starbucks</name>
<cmt>food</cmt>
<desc>Fast Food / Chain</desc>
<sym>Dot</sym>
<type>food</type>
</wpt>
<wpt lat="49.287970" lon="-123.123681">
<name>Green Leaf Salad Bar</name>
<cmt>food</cmt>
<desc>Restaurant</desc>
<sym>Dot</sym>
<type>food</type>
</wpt>
<wpt lat="49.287917" lon="-123.123768">
<name>Express Pho</name>
<cmt>food</cmt>
<desc>Restaurant</desc>
<sym>Dot</sym>
<type>food</type>
</wpt>
<wpt lat="49.267970" lon="-123.151428">
<name>Their There</name>
<cmt>food</cmt>
<desc>Restaurant</desc>
<sym>Dot</sym>
<type>food</type>
</wpt>
<wpt lat="49.288438" lon="-123.122991">
<name>7-Eleven</name>
<cmt>convenience_store</cmt>
<desc>Convenience Store</desc>
<sym>Dot</sym>
<type>store</type>
</wpt>
<wpt lat="49.281396" lon="-123.133708">
<name>Okami Sushi</name>
<cmt>food</cmt>
<desc>Restaurant</desc>
<sym>Dot</sym>
<type>food</type>
</wpt>
<wpt lat="49.288033" lon="-123.123617">
<name>A&amp;W</name>
<cmt>food</cmt>
<desc>Fast Food / Chain</desc>
<sym>Dot</sym>
<type>food</type>
</wpt>
<wpt lat="49.285814" lon="-123.126964">
<name>Freshslice Pizza</name>
<cmt>food</cmt>
<desc>Fast Food / Chain</desc>
<sym>Dot</sym>
<type>food</type>
</wpt>
<wpt lat="49.281596" lon="-123.133376">
<name>Circle K</name>
<cmt>convenience_store</cmt>
<desc>Convenience Store</desc>
<sym>Dot</sym>
<type>store</type>
</wpt>
<wpt lat="49.289062" lon="-123.122093">
<name>JOS</name>
<cmt>food</cmt>
<desc>Restaurant</desc>
<sym>Dot</sym>
<type>food</type>
</wpt>
<wpt lat="49.286150" lon="-123.126496">
<name>Beest</name>
<cmt>food</cmt>
<desc>Restaurant</desc>
<sym>Dot</sym>
<type>food</type>
</wpt>
<wpt lat="49.281478" lon="-123.133602">
<name>The Italians</name>
<cmt>food</cmt>
<desc>Restaurant</desc>
<sym>Dot</sym>
<type>food</type>
</wpt>
<wpt lat="49.281926" lon="-123.132907">
<name>Fresco Foods</name>
<cmt>convenience_store</cmt>
<desc>Grocery Store</desc>
<sym>Dot</sym>
<type>store</type>
</wpt>
<wpt lat="49.285850" lon="-123.127000">
<name>Eggette</name>
<cmt>food</cmt>
<desc>Restaurant</desc>
<sym>Dot</sym>
<type>food</type>
</wpt>
<wpt lat="49.285665" lon="-123.127280">
<name>Breka Bakery &amp; Café</name>
<cmt>food</cmt>
<desc>Bakery / Donuts</desc>
<sym>Dot</sym>
<type>food</type>
</wpt>
<wpt lat="49.279418" lon="-123.120598">
<name>Cibo Trattoria</name>
<cmt>food</cmt>
<desc>Restaurant</desc>
<sym>Dot</sym>
<type>food</type>
</wpt>
<wpt lat="49.279519" lon="-123.120443">
<name>Uva</name>
<cmt>bar</cmt>
<desc>Brewery / Pub</desc>
<sym>Dot</sym>
<type>food</type>
</wpt>
<wpt lat="49.279362" lon="-123.120665">
<name>Viti Wine and Lager</name>
<cmt>convenience_store</cmt>
<desc>Liquor Store</desc>
<sym>Dot</sym>
<type>store</type>
</wpt>
<wpt lat="49.282040" lon="-123.116621">
<name>Pistachio Sweetery Cafe</name>
<cmt>coffee</cmt>
<desc>Café / Coffee</desc>
<sym>Dot</sym>
<type>food</type>
</wpt>
<wpt lat="49.282087" lon="-123.116542">
<name>Dingding Restaurant</name>
<cmt>food</cmt>
<desc>Restaurant</desc>
<sym>Dot</sym>
<type>food</type>
</wpt>
<wpt lat="49.280726" lon="-123.118578">
<name>Bahar Bakery &amp; Cafe</name>
<cmt>food</cmt>
<desc>Bakery / Donuts</desc>
<sym>Dot</sym>
<type>food</type>
</wpt>
<wpt lat="49.289179" lon="-123.110053">
<name>The Flying Whale</name>
<cmt>coffee</cmt>
<desc>Café / Coffee</desc>
<sym>Dot</sym>
<type>food</type>
</wpt>
<wpt lat="49.283434" lon="-123.114484">
<name>Homa Grill &amp; Donair</name>
<cmt>food</cmt>
<desc>Restaurant</desc>
<sym>Dot</sym>
<type>food</type>
</wpt>
<wpt lat="49.283388" lon="-123.114554">
<name>Peqish</name>
<cmt>food</cmt>
<desc>Fast Food / Chain</desc>
<sym>Dot</sym>
<type>food</type>
</wpt>
<wpt lat="49.282984" lon="-123.115166">
<name>7-Eleven</name>
<cmt>convenience_store</cmt>
<desc>Convenience Store</desc>
<sym>Dot</sym>
<type>store</type>
</wpt>
<wpt lat="49.283838" lon="-123.113860">
<name>WINGS Tap &amp; Social</name>
<cmt>bar</cmt>
<desc>Brewery / Pub</desc>
<sym>Dot</sym>
<type>food</type>
</wpt>
<wpt lat="49.280523" lon="-123.118864">
<name>H Mart</name>
<cmt>convenience_store</cmt>
<desc>Grocery Store</desc>
<sym>Dot</sym>
<type>store</type>
</wpt>
<wpt lat="49.278959" lon="-123.121225">
<name>Starbucks</name>
<cmt>food</cmt>
<desc>Fast Food / Chain</desc>
<sym>Dot</sym>
<type>food</type>
</wpt>
<wpt lat="49.268233" lon="-123.151579">
<name>TurF</name>
<cmt>food</cmt>
<desc>Restaurant</desc>
<sym>Dot</sym>
<type>food</type>
</wpt>
<wpt lat="49.266348" lon="-123.139745">
<name>Atomic Bike Shop</name>
<cmt>bike_shop</cmt>
<desc>Repair Shop</desc>
<sym>Dot</sym>
<type>gear</type>
</wpt>
<wpt lat="49.278642" lon="-123.121690">
<name>Nesters Market</name>
<cmt>convenience_store</cmt>
<desc>Grocery Store</desc>
<sym>Dot</sym>
<type>store</type>
</wpt>
<wpt lat="49.284010" lon="-123.113579">
<name>Pizza 2001</name>
<cmt>food</cmt>
<desc>Fast Food / Chain</desc>
<sym>Dot</sym>
<type>food</type>
</wpt>
<wpt lat="49.284068" lon="-123.113486">
<name>Seymour Mini Mart</name>
<cmt>convenience_store</cmt>
<desc>Convenience Store</desc>
<sym>Dot</sym>
<type>store</type>
</wpt>
<wpt lat="49.278385" lon="-123.122044">
<name>Nero Belgian Waffle Bar</name>
<cmt>coffee</cmt>
<desc>Café / Coffee</desc>
<sym>Dot</sym>
<type>food</type>
</wpt>
<wpt lat="49.278155" lon="-123.122394">
<name>Level</name>
<cmt>lodging</cmt>
<desc>Hotel / Motel</desc>
<sym>Dot</sym>
<type>shelter</type>
</wpt>
<wpt lat="49.272189" lon="-123.133701">
<name>The Relief</name>
<cmt>viewpoint</cmt>
<desc>Activity / Experience</desc>
<sym>Dot</sym>
<type>overlook</type>
</wpt>
<wpt lat="49.285047" lon="-123.112065">
<name>Tim Hortons</name>
<cmt>food</cmt>
<desc>Fast Food / Chain</desc>
<sym>Dot</sym>
<type>food</type>
</wpt>
<wpt lat="49.281849" lon="-123.116762">
<name>Circle K</name>
<cmt>convenience_store</cmt>
<desc>Convenience Store</desc>
<sym>Dot</sym>
<type>store</type>
</wpt>
<wpt lat="49.266347" lon="-123.139679">
<name>Grapes and Soda</name>
<cmt>food</cmt>
<desc>Restaurant</desc>
<sym>Dot</sym>
<type>food</type>
</wpt>
<wpt lat="49.263812" lon="-123.140063">
<name>Chatime</name>
<cmt>coffee</cmt>
<desc>Café / Coffee</desc>
<sym>Dot</sym>
<type>food</type>
</wpt>
<wpt lat="49.281799" lon="-123.133380">
<name>Davie Village</name>
<cmt>viewpoint</cmt>
<desc>Activity / Experience</desc>
<sym>Dot</sym>
<type>overlook</type>
</wpt>
<wpt lat="49.285394" lon="-123.111402">
<name>Rogue Kitchen &amp; Wetbar</name>
<cmt>food</cmt>
<desc>Restaurant</desc>
<sym>Dot</sym>
<type>food</type>
</wpt>
<wpt lat="49.271734" lon="-123.134927">
<name>Alimentaria Mexicana</name>
<cmt>food</cmt>
<desc>Restaurant</desc>
<sym>Dot</sym>
<type>food</type>
</wpt>
<wpt lat="49.281468" lon="-123.117244">
<name>Glowbal</name>
<cmt>food</cmt>
<desc>Restaurant</desc>
<sym>Dot</sym>
<type>food</type>
</wpt>
<wpt lat="49.280430" lon="-123.118767">
<name>Zac-Zac Japanese Curry House</name>
<cmt>food</cmt>
<desc>Restaurant</desc>
<sym>Dot</sym>
<type>food</type>
</wpt>
<wpt lat="49.263811" lon="-123.139984">
<name>Freshii</name>
<cmt>food</cmt>
<desc>Restaurant</desc>
<sym>Dot</sym>
<type>food</type>
</wpt>
<wpt lat="49.268231" lon="-123.151742">
<name>Sushi Nova</name>
<cmt>food</cmt>
<desc>Restaurant</desc>
<sym>Dot</sym>
<type>food</type>
</wpt>
<wpt lat="49.284596" lon="-123.112490">
<name>My Toan Vietnamese Gourmet</name>
<cmt>food</cmt>
<desc>Fast Food / Chain</desc>
<sym>Dot</sym>
<type>food</type>
</wpt>
<wpt lat="49.280641" lon="-123.118407">
<name>Vitasave</name>
<cmt>convenience_store</cmt>
<desc>Specialty / Health Food</desc>
<sym>Dot</sym>
<type>store</type>
</wpt>
<wpt lat="49.271981" lon="-123.134014">
<name>The Sandbar</name>
<cmt>food</cmt>
<desc>Restaurant</desc>
<sym>Dot</sym>
<type>food</type>
</wpt>
<wpt lat="49.266346" lon="-123.139546">
<name>Farmer's Apprentice</name>
<cmt>food</cmt>
<desc>Restaurant</desc>
<sym>Dot</sym>
<type>food</type>
</wpt>
<wpt lat="49.285008" lon="-123.111867">
<name>BC Liquor Store</name>
<cmt>convenience_store</cmt>
<desc>Liquor Store</desc>
<sym>Dot</sym>
<type>store</type>
</wpt>
<wpt lat="49.271666" lon="-123.134915">
<name>El Cafecito</name>
<cmt>coffee</cmt>
<desc>Café / Coffee</desc>
<sym>Dot</sym>
<type>food</type>
</wpt>
<wpt lat="49.284911" lon="-123.111984">
<name>Top of Vancouver</name>
<cmt>food</cmt>
<desc>Restaurant</desc>
<sym>Dot</sym>
<type>food</type>
</wpt>
<wpt lat="49.279379" lon="-123.120222">
<name>Red Card Sports Bar + Eatery</name>
<cmt>bar</cmt>
<desc>Brewery / Pub</desc>
<sym>Dot</sym>
<type>food</type>
</wpt>
<wpt lat="49.282853" lon="-123.114984">
<name>Did's Pizza</name>
<cmt>food</cmt>
<desc>Fast Food / Chain</desc>
<sym>Dot</sym>
<type>food</type>
</wpt>
<wpt lat="49.284552" lon="-123.112411">
<name>Harbour Spoon</name>
<cmt>food</cmt>
<desc>Fast Food / Chain</desc>
<sym>Dot</sym>
<type>food</type>
</wpt>
<wpt lat="49.281964" lon="-123.133384">
<name>Blenz Coffee</name>
<cmt>coffee</cmt>
<desc>Café / Coffee</desc>
<sym>Dot</sym>
<type>food</type>
</wpt>
<wpt lat="49.284611" lon="-123.112316">
<name>Vancouver Lookout (Harbour Centre)</name>
<cmt>park</cmt>
<desc>Park / Nature</desc>
<sym>Dot</sym>
<type>rest_area</type>
</wpt>
<wpt lat="49.280400" lon="-123.118634">
<name>Cafe Monet Bread &amp; Coffee</name>
<cmt>coffee</cmt>
<desc>Café / Coffee</desc>
<sym>Dot</sym>
<type>food</type>
</wpt>
<wpt lat="49.284696" lon="-123.112184">
<name>Teppan Kitchen</name>
<cmt>food</cmt>
<desc>Fast Food / Chain</desc>
<sym>Dot</sym>
<type>food</type>
</wpt>
<wpt lat="49.284732" lon="-123.112130">
<name>Rice 'N Spice</name>
<cmt>food</cmt>
<desc>Fast Food / Chain</desc>
<sym>Dot</sym>
<type>food</type>
</wpt>
<wpt lat="49.285925" lon="-123.127451">
<name>Banju</name>
<cmt>food</cmt>
<desc>Restaurant</desc>
<sym>Dot</sym>
<type>food</type>
</wpt>
<wpt lat="49.278253" lon="-123.121816">
<name>24 Train Express Noodle House</name>
<cmt>food</cmt>
<desc>Restaurant</desc>
<sym>Dot</sym>
<type>food</type>
</wpt>
<wpt lat="49.263808" lon="-123.139791">
<name>La Pache Pizza</name>
<cmt>food</cmt>
<desc>Fast Food / Chain</desc>
<sym>Dot</sym>
<type>food</type>
</wpt>
<wpt lat="49.280376" lon="-123.118593">
<name>Jerusalem Shwarma</name>
<cmt>food</cmt>
<desc>Restaurant</desc>
<sym>Dot</sym>
<type>food</type>
</wpt>
<wpt lat="49.284345" lon="-123.112610">
<name>Delta Hotels Vancouver Downtown Suites</name>
<cmt>lodging</cmt>
<desc>Hotel / Motel</desc>
<sym>Dot</sym>
<type>shelter</type>
</wpt>
<wpt lat="49.281997" lon="-123.133455">
<name>Akihana Sushi</name>
<cmt>food</cmt>
<desc>Restaurant</desc>
<sym>Dot</sym>
<type>food</type>
</wpt>
<wpt lat="49.284515" lon="-123.112333">
<name>Thaï Express</name>
<cmt>food</cmt>
<desc>Fast Food / Chain</desc>
<sym>Dot</sym>
<type>food</type>
</wpt>
<wpt lat="49.289204" lon="-123.122552">
<name>Urban Fare</name>
<cmt>convenience_store</cmt>
<desc>Grocery Store</desc>
<sym>Dot</sym>
<type>store</type>
</wpt>
<wpt lat="49.286062" lon="-123.127358">
<name>Napoletana Pizza</name>
<cmt>food</cmt>
<desc>Restaurant</desc>
<sym>Dot</sym>
<type>food</type>
</wpt>
<wpt lat="49.279319" lon="-123.120080">
<name>Moda Hotel</name>
<cmt>lodging</cmt>
<desc>Hotel / Motel</desc>
<sym>Dot</sym>
<type>shelter</type>
</wpt>
<wpt lat="49.282617" lon="-123.115118">
<name>Pokérrito</name>
<cmt>food</cmt>
<desc>Fast Food / Chain</desc>
<sym>Dot</sym>
<type>food</type>
</wpt>
<wpt lat="49.283818" lon="-123.113280">
<name>Freshslice Pizza</name>
<cmt>food</cmt>
<desc>Fast Food / Chain</desc>
<sym>Dot</sym>
<type>food</type>
</wpt>
<wpt lat="49.263806" lon="-123.139683">
<name>Lin Chinese Cuisine And Tea House</name>
<cmt>food</cmt>
<desc>Restaurant</desc>
<sym>Dot</sym>
<type>food</type>
</wpt>
<wpt lat="49.284480" lon="-123.112275">
<name>Fatburger</name>
<cmt>food</cmt>
<desc>Fast Food / Chain</desc>
<sym>Dot</sym>
<type>food</type>
</wpt>
<wpt lat="49.284278" lon="-123.130161">
<name>Ashby House Bed &amp; Breakfast</name>
<cmt>lodging</cmt>
<desc>B&amp;B / Inn</desc>
<sym>Dot</sym>
<type>shelter</type>
</wpt>
<wpt lat="49.280868" lon="-123.117621">
<name>Kingston Hotel</name>
<cmt>lodging</cmt>
<desc>Hotel / Motel</desc>
<sym>Dot</sym>
<type>shelter</type>
</wpt>
<wpt lat="49.282055" lon="-123.133565">
<name>La Belle Patate/Poutine</name>
<cmt>food</cmt>
<desc>Fast Food / Chain</desc>
<sym>Dot</sym>
<type>food</type>
</wpt>
<wpt lat="49.271156" lon="-123.135808">
<name>The Keg</name>
<cmt>food</cmt>
<desc>Restaurant</desc>
<sym>Dot</sym>
<type>food</type>
</wpt>
<wpt lat="49.284528" lon="-123.112054">
<name>Osaka Sushi &amp; Oshi</name>
<cmt>food</cmt>
<desc>Fast Food / Chain</desc>
<sym>Dot</sym>
<type>food</type>
</wpt>
<wpt lat="49.281929" lon="-123.133842">
<name>Davie Village Bakery &amp; Gelato</name>
<cmt>food</cmt>
<desc>Ice Cream</desc>
<sym>Dot</sym>
<type>food</type>
</wpt>
<wpt lat="49.284827" lon="-123.111642">
<name>Booster Juice</name>
<cmt>food</cmt>
<desc>Fast Food / Chain</desc>
<sym>Dot</sym>
<type>food</type>
</wpt>
<wpt lat="49.284215" lon="-123.112463">
<name>Pholicious</name>
<cmt>food</cmt>
<desc>Restaurant</desc>
<sym>Dot</sym>
<type>food</type>
</wpt>
<wpt lat="49.283739" lon="-123.113167">
<name>Spin Roll</name>
<cmt>food</cmt>
<desc>Restaurant</desc>
<sym>Dot</sym>
<type>food</type>
</wpt>
<wpt lat="49.270966" lon="-123.136217">
<name>Ukama Gallery</name>
<cmt>monument</cmt>
<desc>Museum / Gallery</desc>
<sym>Dot</sym>
<type>info</type>
</wpt>
<wpt lat="49.281321" lon="-123.116785">
<name>Artigiano</name>
<cmt>coffee</cmt>
<desc>Café / Coffee</desc>
<sym>Dot</sym>
<type>food</type>
</wpt>
<wpt lat="49.286159" lon="-123.127500">
<name>D'oro Gelato e Caffè</name>
<cmt>food</cmt>
<desc>Ice Cream</desc>
<sym>Dot</sym>
<type>food</type>
</wpt>
<wpt lat="49.280438" lon="-123.118103">
<name>Tractor</name>
<cmt>food</cmt>
<desc>Restaurant</desc>
<sym>Dot</sym>
<type>food</type>
</wpt>
<wpt lat="49.284398" lon="-123.112144">
<name>Bubble Waffle Cafe</name>
<cmt>coffee</cmt>
<desc>Café / Coffee</desc>
<sym>Dot</sym>
<type>food</type>
</wpt>
<wpt lat="49.282119" lon="-123.133662">
<name>NeNe Chicken</name>
<cmt>food</cmt>
<desc>Restaurant</desc>
<sym>Dot</sym>
<type>food</type>
</wpt>
<wpt lat="49.280240" lon="-123.118333">
<name>Rollzzy</name>
<cmt>food</cmt>
<desc>Fast Food / Chain</desc>
<sym>Dot</sym>
<type>food</type>
</wpt>
<wpt lat="49.286385" lon="-123.127239">
<name>Abode</name>
<cmt>coffee</cmt>
<desc>Café / Coffee</desc>
<sym>Dot</sym>
<type>food</type>
</wpt>
<wpt lat="49.286191" lon="-123.127545">
<name>Horin Ramen + Sake</name>
<cmt>food</cmt>
<desc>Restaurant</desc>
<sym>Dot</sym>
<type>food</type>
</wpt>
<wpt lat="49.263674" lon="-123.151882">
<name>BC Liquor</name>
<cmt>convenience_store</cmt>
<desc>Liquor Store</desc>
<sym>Dot</sym>
<type>store</type>
</wpt>
<wpt lat="49.282145" lon="-123.133706">
<name>Sainam</name>
<cmt>food</cmt>
<desc>Restaurant</desc>
<sym>Dot</sym>
<type>food</type>
</wpt>
<wpt lat="49.282009" lon="-123.133947">
<name>Vancouver European Deli</name>
<cmt>convenience_store</cmt>
<desc>Specialty / Health Food</desc>
<sym>Dot</sym>
<type>store</type>
</wpt>
<wpt lat="49.275962" lon="-123.124659">
<name>Craffles</name>
<cmt>coffee</cmt>
<desc>Café / Coffee</desc>
<sym>Dot</sym>
<type>food</type>
</wpt>
<wpt lat="49.278280" lon="-123.121185">
<name>Contemporary Art Gallery</name>
<cmt>monument</cmt>
<desc>Museum / Gallery</desc>
<sym>Dot</sym>
<type>info</type>
</wpt>
<wpt lat="49.280200" lon="-123.118271">
<name>Japadog</name>
<cmt>food</cmt>
<desc>Fast Food / Chain</desc>
<sym>Dot</sym>
<type>food</type>
</wpt>
<wpt lat="49.263418" lon="-123.139620">
<name>Cactus Club Cafe</name>
<cmt>food</cmt>
<desc>Restaurant</desc>
<sym>Dot</sym>
<type>food</type>
</wpt>
<wpt lat="49.263801" lon="-123.139333">
<name>Caspian Flame</name>
<cmt>food</cmt>
<desc>Restaurant</desc>
<sym>Dot</sym>
<type>food</type>
</wpt>
<wpt lat="49.282611" lon="-123.114622">
<name>theVenti Coffee</name>
<cmt>coffee</cmt>
<desc>Café / Coffee</desc>
<sym>Dot</sym>
<type>food</type>
</wpt>
<wpt lat="49.286464" lon="-123.127255">
<name>Blue Horizon Hotel</name>
<cmt>lodging</cmt>
<desc>Hotel / Motel</desc>
<sym>Dot</sym>
<type>shelter</type>
</wpt>
<wpt lat="49.274322" lon="-123.126942">
<name>Kaide Sushi Bar</name>
<cmt>food</cmt>
<desc>Restaurant</desc>
<sym>Dot</sym>
<type>food</type>
</wpt>
<wpt lat="49.269419" lon="-123.139002">
<name>The Corner Store Cafe</name>
<cmt>coffee</cmt>
<desc>Café / Coffee</desc>
<sym>Dot</sym>
<type>food</type>
</wpt>
<wpt lat="49.265936" lon="-123.138837">
<name>Paul's Omelettery</name>
<cmt>coffee</cmt>
<desc>Café / Coffee</desc>
<sym>Dot</sym>
<type>food</type>
</wpt>
<wpt lat="49.270797" lon="-123.136297">
<name>The Improv Centre</name>
<cmt>monument</cmt>
<desc>Museum / Gallery</desc>
<sym>Dot</sym>
<type>info</type>
</wpt>
<wpt lat="49.286253" lon="-123.127635">
<name>Momo Sushi</name>
<cmt>food</cmt>
<desc>Restaurant</desc>
<sym>Dot</sym>
<type>food</type>
</wpt>
<wpt lat="49.270744" lon="-123.136378">
<name>Tony's Fish and Oyster Café</name>
<cmt>food</cmt>
<desc>Restaurant</desc>
<sym>Dot</sym>
<type>food</type>
</wpt>
<wpt lat="49.280162" lon="-123.118212">
<name>Viet Sub</name>
<cmt>food</cmt>
<desc>Fast Food / Chain</desc>
<sym>Dot</sym>
<type>food</type>
</wpt>
<wpt lat="49.270636" lon="-123.136651">
<name>The Vancouver Fish Company</name>
<cmt>food</cmt>
<desc>Restaurant</desc>
<sym>Dot</sym>
<type>food</type>
</wpt>
<wpt lat="49.282567" lon="-123.114555">
<name>Wow Full Noodle House</name>
<cmt>food</cmt>
<desc>Restaurant</desc>
<sym>Dot</sym>
<type>food</type>
</wpt>
<wpt lat="49.275920" lon="-123.124555">
<name>Nuba</name>
<cmt>food</cmt>
<desc>Restaurant</desc>
<sym>Dot</sym>
<type>food</type>
</wpt>
<wpt lat="49.282263" lon="-123.133768">
<name>Guu Davie</name>
<cmt>bar</cmt>
<desc>Brewery / Pub</desc>
<sym>Dot</sym>
<type>food</type>
</wpt>
<wpt lat="49.286283" lon="-123.127685">
<name>Raclette Steaks</name>
<cmt>food</cmt>
<desc>Restaurant</desc>
<sym>Dot</sym>
<type>food</type>
</wpt>
<wpt lat="49.280308" lon="-123.117925">
<name>JINYA Ramen Bar</name>
<cmt>food</cmt>
<desc>Restaurant</desc>
<sym>Dot</sym>
<type>food</type>
</wpt>
<wpt lat="49.282079" lon="-123.134071">
<name>Ho Ho's Yummy Food</name>
<cmt>coffee</cmt>
<desc>Café / Coffee</desc>
<sym>Dot</sym>
<type>food</type>
</wpt>
<wpt lat="49.280134" lon="-123.118169">
<name>Falafel King</name>
<cmt>food</cmt>
<desc>Fast Food / Chain</desc>
<sym>Dot</sym>
<type>food</type>
</wpt>
<wpt lat="49.263799" lon="-123.139178">
<name>Dose Espresso Bar</name>
<cmt>coffee</cmt>
<desc>Café / Coffee</desc>
<sym>Dot</sym>
<type>food</type>
</wpt>
<wpt lat="49.284027" lon="-123.112269">
<name>Blenz Coffee</name>
<cmt>coffee</cmt>
<desc>Café / Coffee</desc>
<sym>Dot</sym>
<type>food</type>
</wpt>
<wpt lat="49.280752" lon="-123.117186">
<name>Fable Diner &amp; Bar</name>
<cmt>food</cmt>
<desc>Restaurant</desc>
<sym>Dot</sym>
<type>food</type>
</wpt>
<wpt lat="49.286316" lon="-123.127733">
<name>Chicko Chicken</name>
<cmt>food</cmt>
<desc>Fast Food / Chain</desc>
<sym>Dot</sym>
<type>food</type>
</wpt>
<wpt lat="49.284238" lon="-123.111908">
<name>Samuel and Frances Belzberg Library</name>
<cmt>library</cmt>
<desc>Library</desc>
<sym>Dot</sym>
<type>info</type>
</wpt>
<wpt lat="49.269351" lon="-123.138826">
<name>Cofu Pressed Sushi</name>
<cmt>food</cmt>
<desc>Restaurant</desc>
<sym>Dot</sym>
<type>food</type>
</wpt>
<wpt lat="49.282691" lon="-123.114223">
<name>St Clair Hotel-Hostel</name>
<cmt>lodging</cmt>
<desc>Hostel</desc>
<sym>Dot</sym>
<type>shelter</type>
</wpt>
<wpt lat="49.280103" lon="-123.118121">
<name>Crave Cheesesteaks</name>
<cmt>food</cmt>
<desc>Fast Food / Chain</desc>
<sym>Dot</sym>
<type>food</type>
</wpt>
<wpt lat="49.284869" lon="-123.110987">
<name>Steamworks</name>
<cmt>bar</cmt>
<desc>Brewery / Pub</desc>
<sym>Dot</sym>
<type>food</type>
</wpt>
<wpt lat="49.268247" lon="-123.152555">
<name>Sophies Cosmic Cafe</name>
<cmt>food</cmt>
<desc>Restaurant</desc>
<sym>Dot</sym>
<type>food</type>
</wpt>
<wpt lat="49.282524" lon="-123.114459">
<name>Ramen Gojiro</name>
<cmt>food</cmt>
<desc>Restaurant</desc>
<sym>Dot</sym>
<type>food</type>
</wpt>
<wpt lat="49.283392" lon="-123.113138">
<name>Al-Madina General Store</name>
<cmt>convenience_store</cmt>
<desc>Convenience Store</desc>
<sym>Dot</sym>
<type>store</type>
</wpt>
<wpt lat="49.283914" lon="-123.112357">
<name>Subway</name>
<cmt>food</cmt>
<desc>Fast Food / Chain</desc>
<sym>Dot</sym>
<type>food</type>
</wpt>
<wpt lat="49.282131" lon="-123.134155">
<name>Master Donair</name>
<cmt>food</cmt>
<desc>Restaurant</desc>
<sym>Dot</sym>
<type>food</type>
</wpt>
<wpt lat="49.269316" lon="-123.138783">
<name>Afghan Horsemen Restaurant</name>
<cmt>food</cmt>
<desc>Restaurant</desc>
<sym>Dot</sym>
<type>food</type>
</wpt>
<wpt lat="49.288544" lon="-123.124478">
<name>Coal Harbour Liquor Store</name>
<cmt>convenience_store</cmt>
<desc>Liquor Store</desc>
<sym>Dot</sym>
<type>store</type>
</wpt>
<wpt lat="49.286343" lon="-123.127790">
<name>Rice &amp; Noodle</name>
<cmt>food</cmt>
<desc>Restaurant</desc>
<sym>Dot</sym>
<type>food</type>
</wpt>
<wpt lat="49.284691" lon="-123.111183">
<name>Ignite Pizzeria Express</name>
<cmt>food</cmt>
<desc>Fast Food / Chain</desc>
<sym>Dot</sym>
<type>food</type>
</wpt>
<wpt lat="49.263797" lon="-123.139047">
<name>Sushi Master</name>
<cmt>food</cmt>
<desc>Restaurant</desc>
<sym>Dot</sym>
<type>food</type>
</wpt>
<wpt lat="49.263415" lon="-123.139273">
<name>JINYA Ramen Bar</name>
<cmt>food</cmt>
<desc>Restaurant</desc>
<sym>Dot</sym>
<type>food</type>
</wpt>
<trk><name>Burrard Bikeway</name>
<trkseg>
<trkpt lat="49.265128" lon="-123.145706"/>
<trkpt lat="49.265393" lon="-123.145828"/>
<trkpt lat="49.265555" lon="-123.145817"/>
<trkpt lat="49.266240" lon="-123.145792"/>
<trkpt lat="49.266367" lon="-123.145782"/>
<trkpt lat="49.267085" lon="-123.145764"/>
<trkpt lat="49.267243" lon="-123.145772"/>
<trkpt lat="49.267565" lon="-123.145779"/>
<trkpt lat="49.267641" lon="-123.145781"/>
<trkpt lat="49.267924" lon="-123.145785"/>
<trkpt lat="49.268133" lon="-123.145792"/>
<trkpt lat="49.268434" lon="-123.145776"/>
<trkpt lat="49.268502" lon="-123.145773"/>
<trkpt lat="49.268870" lon="-123.145761"/>
<trkpt lat="49.268956" lon="-123.145756"/>
<trkpt lat="49.269303" lon="-123.145724"/>
<trkpt lat="49.269392" lon="-123.145716"/>
<trkpt lat="49.269745" lon="-123.145686"/>
<trkpt lat="49.269836" lon="-123.145681"/>
<trkpt lat="49.269909" lon="-123.145678"/>
<trkpt lat="49.270003" lon="-123.145676"/>
<trkpt lat="49.270082" lon="-123.145673"/>
<trkpt lat="49.270166" lon="-123.145671"/>
<trkpt lat="49.270192" lon="-123.145670"/>
<trkpt lat="49.270280" lon="-123.145667"/>
<trkpt lat="49.270589" lon="-123.145662"/>
<trkpt lat="49.270751" lon="-123.145662"/>
<trkpt lat="49.271745" lon="-123.145652"/>
<trkpt lat="49.272347" lon="-123.145530"/>
<trkpt lat="49.272532" lon="-123.145409"/>
<trkpt lat="49.272605" lon="-123.145374"/>
<trkpt lat="49.273308" lon="-123.143918"/>
<trkpt lat="49.276777" lon="-123.133260"/>
<trkpt lat="49.276924" lon="-123.132903"/>
<trkpt lat="49.276968" lon="-123.132753"/>
<trkpt lat="49.277091" lon="-123.132441"/>
<trkpt lat="49.277342" lon="-123.132002"/>
<trkpt lat="49.277423" lon="-123.131881"/>
<trkpt lat="49.277718" lon="-123.131456"/>
<trkpt lat="49.277773" lon="-123.131385"/>
<trkpt lat="49.278061" lon="-123.130954"/>
<trkpt lat="49.278123" lon="-123.130864"/>
<trkpt lat="49.278392" lon="-123.130414"/>
<trkpt lat="49.278389" lon="-123.130270"/>
<trkpt lat="49.278607" lon="-123.129925"/>
</trkseg>
<trkseg>
<trkpt lat="49.278607" lon="-123.129925"/>
<trkpt lat="49.278013" lon="-123.130639"/>
<trkpt lat="49.277954" lon="-123.130708"/>
<trkpt lat="49.277931" lon="-123.130736"/>
<trkpt lat="49.276974" lon="-123.132179"/>
<trkpt lat="49.276792" lon="-123.132493"/>
<trkpt lat="49.276602" lon="-123.133129"/>
<trkpt lat="49.273182" lon="-123.143822"/>
<trkpt lat="49.272355" lon="-123.145000"/>
</trkseg>
<trkseg>
<trkpt lat="49.272355" lon="-123.145000"/>
<trkpt lat="49.271574" lon="-123.145303"/>
<trkpt lat="49.271540" lon="-123.145304"/>
<trkpt lat="49.270745" lon="-123.145336"/>
<trkpt lat="49.270662" lon="-123.145493"/>
<trkpt lat="49.270309" lon="-123.145522"/>
<trkpt lat="49.270221" lon="-123.145529"/>
<trkpt lat="49.270122" lon="-123.145537"/>
<trkpt lat="49.269961" lon="-123.145544"/>
<trkpt lat="49.269787" lon="-123.145556"/>
<trkpt lat="49.269418" lon="-123.145584"/>
<trkpt lat="49.269238" lon="-123.145592"/>
<trkpt lat="49.268911" lon="-123.145609"/>
<trkpt lat="49.268687" lon="-123.145618"/>
<trkpt lat="49.268464" lon="-123.145621"/>
<trkpt lat="49.268022" lon="-123.145632"/>
<trkpt lat="49.267600" lon="-123.145634"/>
<trkpt lat="49.267163" lon="-123.145636"/>
<trkpt lat="49.265553" lon="-123.145702"/>
</trkseg>
<trkseg>
<trkpt lat="49.265553" lon="-123.145702"/>
<trkpt lat="49.265470" lon="-123.145703"/>
</trkseg>
<trkseg>
<trkpt lat="49.265553" lon="-123.145702"/>
<trkpt lat="49.265464" lon="-123.145375"/>
</trkseg>
<trkseg>
<trkpt lat="49.272246" lon="-123.145073"/>
<trkpt lat="49.272312" lon="-123.145076"/>
</trkseg>
<trkseg>
<trkpt lat="49.272312" lon="-123.145076"/>
<trkpt lat="49.272312" lon="-123.145105"/>
<trkpt lat="49.272307" lon="-123.145466"/>
<trkpt lat="49.272303" lon="-123.145556"/>
</trkseg>
<trkseg>
<trkpt lat="49.272312" lon="-123.145076"/>
<trkpt lat="49.272355" lon="-123.145000"/>
</trkseg>
<trkseg>
<trkpt lat="49.278607" lon="-123.129925"/>
<trkpt lat="49.278736" lon="-123.129724"/>
<trkpt lat="49.279088" lon="-123.129189"/>
<trkpt lat="49.279439" lon="-123.128656"/>
<trkpt lat="49.279825" lon="-123.128070"/>
<trkpt lat="49.280140" lon="-123.127590"/>
<trkpt lat="49.280268" lon="-123.127396"/>
<trkpt lat="49.280461" lon="-123.127114"/>
<trkpt lat="49.281539" lon="-123.125465"/>
<trkpt lat="49.281892" lon="-123.124928"/>
<trkpt lat="49.281949" lon="-123.124842"/>
<trkpt lat="49.282231" lon="-123.124411"/>
<trkpt lat="49.282548" lon="-123.123932"/>
<trkpt lat="49.283294" lon="-123.122807"/>
<trkpt lat="49.283659" lon="-123.122264"/>
<trkpt lat="49.284004" lon="-123.121737"/>
<trkpt lat="49.284425" lon="-123.121103"/>
<trkpt lat="49.285147" lon="-123.120026"/>
<trkpt lat="49.285556" lon="-123.119413"/>
<trkpt lat="49.286589" lon="-123.117839"/>
<trkpt lat="49.287125" lon="-123.117045"/>
</trkseg>
<trkseg>
<trkpt lat="49.287125" lon="-123.117045"/>
<trkpt lat="49.287183" lon="-123.116952"/>
</trkseg>
<trkseg>
<trkpt lat="49.287125" lon="-123.117045"/>
<trkpt lat="49.287219" lon="-123.117088"/>
<trkpt lat="49.287610" lon="-123.116427"/>
<trkpt lat="49.287780" lon="-123.116144"/>
<trkpt lat="49.287986" lon="-123.115791"/>
<trkpt lat="49.288092" lon="-123.115693"/>
<trkpt lat="49.288165" lon="-123.115605"/>
</trkseg>
</trk>
</gpx>