<?xml version="1.0" encoding="UTF-8"?>
<gpx version="1.1" creator="BC Bike Stops (bccycletourism.ca)" xmlns="http://www.topografix.com/GPX/1/1">
<metadata>
<name>Seaside Loop — cycling stops</name>
<link href="https://bccycletourism.ca/route/isl-5/"><text>BC Bike Stops</text></link>
</metadata>
<wpt lat="48.634860" lon="-123.406944">
<name>Salish Sea Beach House</name>
<cmt>lodging</cmt>
<desc>B&amp;B / Inn</desc>
<sym>Dot</sym>
<type>shelter</type>
</wpt>
<wpt lat="48.675134" lon="-123.424637">
<name>Smonećten (McDonald) Campground</name>
<cmt>camping</cmt>
<desc>Public Campground</desc>
<sym>Dot</sym>
<type>campsite</type>
</wpt>
<wpt lat="48.663885" lon="-123.417504">
<name>Co-op</name>
<cmt>convenience_store</cmt>
<desc>Convenience Store</desc>
<sym>Dot</sym>
<type>store</type>
</wpt>
<wpt lat="48.661674" lon="-123.417225">
<name>Firehouse Subs</name>
<cmt>food</cmt>
<desc>Fast Food / Chain</desc>
<sym>Dot</sym>
<type>food</type>
</wpt>
<wpt lat="48.661565" lon="-123.417235">
<name>Noodlebox</name>
<cmt>food</cmt>
<desc>Fast Food / Chain</desc>
<sym>Dot</sym>
<type>food</type>
</wpt>
<wpt lat="48.661586" lon="-123.417966">
<name>Red Barn Market</name>
<cmt>convenience_store</cmt>
<desc>Grocery Store</desc>
<sym>Dot</sym>
<type>store</type>
</wpt>
<wpt lat="48.662391" lon="-123.418633">
<name>Popeyes Louisiana Chicken</name>
<cmt>food</cmt>
<desc>Fast Food / Chain</desc>
<sym>Dot</sym>
<type>food</type>
</wpt>
<wpt lat="48.662314" lon="-123.418629">
<name>Domino's</name>
<cmt>food</cmt>
<desc>Fast Food / Chain</desc>
<sym>Dot</sym>
<type>food</type>
</wpt>
<wpt lat="48.662138" lon="-123.418629">
<name>barBURRITO</name>
<cmt>food</cmt>
<desc>Fast Food / Chain</desc>
<sym>Dot</sym>
<type>food</type>
</wpt>
<wpt lat="48.661941" lon="-123.418619">
<name>Sandown Liquor Store</name>
<cmt>convenience_store</cmt>
<desc>Liquor Store</desc>
<sym>Dot</sym>
<type>store</type>
</wpt>
<wpt lat="48.687032" lon="-123.409736">
<name>Lands End Café</name>
<cmt>coffee</cmt>
<desc>Café / Coffee</desc>
<sym>Dot</sym>
<type>food</type>
</wpt>
<wpt lat="48.661229" lon="-123.418752">
<name>Canadian Tire</name>
<cmt>convenience_store</cmt>
<desc>General merchandise</desc>
<sym>Dot</sym>
<type>store</type>
</wpt>
<wpt lat="48.664465" lon="-123.419821">
<name>Patricia Bay Visitor Centre</name>
<cmt>generic</cmt>
<desc>Visitor Centre</desc>
<sym>Dot</sym>
<type>generic</type>
</wpt>
<wpt lat="48.682643" lon="-123.406965">
<name>Stonehouse Pub</name>
<cmt>bar</cmt>
<desc>Brewery / Pub</desc>
<sym>Dot</sym>
<type>food</type>
</wpt>
<wpt lat="48.414533" lon="-123.382409">
<name>Surf Motel</name>
<cmt>lodging</cmt>
<desc>Hotel / Motel</desc>
<sym>Dot</sym>
<type>shelter</type>
</wpt>
<wpt lat="48.423001" lon="-123.368906">
<name>Songhees Tours</name>
<cmt>viewpoint</cmt>
<desc>Activity / Experience</desc>
<sym>Dot</sym>
<type>overlook</type>
</wpt>
<wpt lat="48.421410" lon="-123.383472">
<name>Finest At Sea</name>
<cmt>food</cmt>
<desc>Fast Food / Chain</desc>
<sym>Dot</sym>
<type>food</type>
</wpt>
<wpt lat="48.422925" lon="-123.368942">
<name>Tourism Victoria Visitor Centre</name>
<cmt>generic</cmt>
<desc>Visitor Centre</desc>
<sym>Dot</sym>
<type>generic</type>
</wpt>
<wpt lat="48.421043" lon="-123.371335">
<name>Steamship Grill &amp; Bar</name>
<cmt>food</cmt>
<desc>Restaurant</desc>
<sym>Dot</sym>
<type>food</type>
</wpt>
<wpt lat="48.420787" lon="-123.368561">
<name>Emily Carr Statue</name>
<cmt>viewpoint</cmt>
<desc>Activity / Experience</desc>
<sym>Dot</sym>
<type>overlook</type>
</wpt>
<wpt lat="48.423046" lon="-123.368112">
<name>Tractor</name>
<cmt>food</cmt>
<desc>Restaurant</desc>
<sym>Dot</sym>
<type>food</type>
</wpt>
<wpt lat="48.421667" lon="-123.376769">
<name>Nourish Kitchen &amp; Cafe</name>
<cmt>coffee</cmt>
<desc>Café / Coffee</desc>
<sym>Dot</sym>
<type>food</type>
</wpt>
<wpt lat="48.422728" lon="-123.368837">
<name>Milestones</name>
<cmt>food</cmt>
<desc>Restaurant</desc>
<sym>Dot</sym>
<type>food</type>
</wpt>
<wpt lat="48.421764" lon="-123.375643">
<name>Huntingdon Manor</name>
<cmt>lodging</cmt>
<desc>Hotel / Motel</desc>
<sym>Dot</sym>
<type>shelter</type>
</wpt>
<wpt lat="48.421865" lon="-123.375256">
<name>Pendray Inn</name>
<cmt>lodging</cmt>
<desc>Hotel / Motel</desc>
<sym>Dot</sym>
<type>shelter</type>
</wpt>
<wpt lat="48.432229" lon="-123.378327">
<name>Caffe Fantastico</name>
<cmt>coffee</cmt>
<desc>Café / Coffee</desc>
<sym>Dot</sym>
<type>food</type>
</wpt>
<wpt lat="48.422342" lon="-123.375564">
<name>Admiral Inn &amp; Suites</name>
<cmt>lodging</cmt>
<desc>Hotel / Motel</desc>
<sym>Dot</sym>
<type>shelter</type>
</wpt>
<wpt lat="48.421804" lon="-123.375264">
<name>Pendray Tea House</name>
<cmt>food</cmt>
<desc>Restaurant</desc>
<sym>Dot</sym>
<type>food</type>
</wpt>
<wpt lat="48.423253" lon="-123.368463">
<name>Cold Cones</name>
<cmt>food</cmt>
<desc>Ice Cream</desc>
<sym>Dot</sym>
<type>food</type>
</wpt>
<wpt lat="48.437659" lon="-123.307679">
<name>Nohra Thai Kitchen</name>
<cmt>food</cmt>
<desc>Restaurant</desc>
<sym>Dot</sym>
<type>food</type>
</wpt>
<wpt lat="48.432162" lon="-123.378428">
<name>Fol Épi Bakery</name>
<cmt>food</cmt>
<desc>Bakery / Donuts</desc>
<sym>Dot</sym>
<type>food</type>
</wpt>
<wpt lat="48.421873" lon="-123.380729">
<name>Il Covo Trattoria</name>
<cmt>food</cmt>
<desc>Restaurant</desc>
<sym>Dot</sym>
<type>food</type>
</wpt>
<wpt lat="48.415365" lon="-123.384685">
<name>Breakwater Bistro &amp; Bar</name>
<cmt>food</cmt>
<desc>Restaurant</desc>
<sym>Dot</sym>
<type>food</type>
</wpt>
<wpt lat="48.423324" lon="-123.368993">
<name>KINTON RAMEN</name>
<cmt>food</cmt>
<desc>Restaurant</desc>
<sym>Dot</sym>
<type>food</type>
</wpt>
<wpt lat="48.422876" lon="-123.367746">
<name>10 Acres Commons</name>
<cmt>food</cmt>
<desc>Restaurant</desc>
<sym>Dot</sym>
<type>food</type>
</wpt>
<wpt lat="48.423336" lon="-123.368456">
<name>Kebab On Fire</name>
<cmt>food</cmt>
<desc>Restaurant</desc>
<sym>Dot</sym>
<type>food</type>
</wpt>
<wpt lat="48.421422" lon="-123.368078">
<name>The Fairmont Empress Hotel</name>
<cmt>lodging</cmt>
<desc>Hotel / Motel</desc>
<sym>Dot</sym>
<type>shelter</type>
</wpt>
<wpt lat="48.421625" lon="-123.368002">
<name>Veranda</name>
<cmt>bar</cmt>
<desc>Brewery / Pub</desc>
<sym>Dot</sym>
<type>food</type>
</wpt>
<wpt lat="48.423341" lon="-123.369056">
<name>Starbucks</name>
<cmt>food</cmt>
<desc>Fast Food / Chain</desc>
<sym>Dot</sym>
<type>food</type>
</wpt>
<wpt lat="48.455665" lon="-123.378420">
<name>Recyclistas Bike Collective</name>
<cmt>bike_shop</cmt>
<desc>Repair Shop</desc>
<sym>Dot</sym>
<type>gear</type>
</wpt>
<wpt lat="48.422347" lon="-123.379477">
<name>Blue Crab Seafood House</name>
<cmt>food</cmt>
<desc>Restaurant</desc>
<sym>Dot</sym>
<type>food</type>
</wpt>
<wpt lat="48.442904" lon="-123.378791">
<name>Howard Johnson by Wyndham Victoria</name>
<cmt>lodging</cmt>
<desc>Hotel / Motel</desc>
<sym>Dot</sym>
<type>shelter</type>
</wpt>
<wpt lat="48.421511" lon="-123.374752">
<name>The Pedaler</name>
<cmt>bike_shop</cmt>
<desc>Rentals</desc>
<sym>Dot</sym>
<type>gear</type>
</wpt>
<wpt lat="48.423399" lon="-123.368072">
<name>Milano</name>
<cmt>coffee</cmt>
<desc>Café / Coffee</desc>
<sym>Dot</sym>
<type>food</type>
</wpt>
<wpt lat="48.421028" lon="-123.372775">
<name>Hotel Grand Pacific</name>
<cmt>lodging</cmt>
<desc>Hotel / Motel</desc>
<sym>Dot</sym>
<type>shelter</type>
</wpt>
<wpt lat="48.421617" lon="-123.367860">
<name>Tea at the Empress</name>
<cmt>coffee</cmt>
<desc>Café / Coffee</desc>
<sym>Dot</sym>
<type>food</type>
</wpt>
<wpt lat="48.421107" lon="-123.373139">
<name>Belleville's</name>
<cmt>food</cmt>
<desc>Restaurant</desc>
<sym>Dot</sym>
<type>food</type>
</wpt>
<wpt lat="48.444289" lon="-123.378385">
<name>Burnside / Gorge Community Centre</name>
<cmt>rest_stop</cmt>
<desc>Community Centre</desc>
<sym>Dot</sym>
<type>rest_area</type>
</wpt>
<wpt lat="48.423477" lon="-123.368449">
<name>Pizza Garden</name>
<cmt>food</cmt>
<desc>Restaurant</desc>
<sym>Dot</sym>
<type>food</type>
</wpt>
<wpt lat="48.420941" lon="-123.372597">
<name>Courtyard Café</name>
<cmt>coffee</cmt>
<desc>Café / Coffee</desc>
<sym>Dot</sym>
<type>food</type>
</wpt>
<wpt lat="48.422377" lon="-123.379961">
<name>The Coast Victoria Harbourside Hotel</name>
<cmt>lodging</cmt>
<desc>Hotel / Motel</desc>
<sym>Dot</sym>
<type>shelter</type>
</wpt>
<wpt lat="48.423363" lon="-123.367572">
<name>10 Acres Bistro</name>
<cmt>food</cmt>
<desc>Restaurant</desc>
<sym>Dot</sym>
<type>food</type>
</wpt>
<wpt lat="48.421216" lon="-123.374398">
<name>Harbour House Restaurant</name>
<cmt>food</cmt>
<desc>Restaurant</desc>
<sym>Dot</sym>
<type>food</type>
</wpt>
<wpt lat="48.422912" lon="-123.367264">
<name>The Inn at the Union Club</name>
<cmt>lodging</cmt>
<desc>Hotel / Motel</desc>
<sym>Dot</sym>
<type>shelter</type>
</wpt>
<wpt lat="48.420994" lon="-123.373540">
<name>Days Inn - Victoria On The Harbour</name>
<cmt>lodging</cmt>
<desc>Hotel / Motel</desc>
<sym>Dot</sym>
<type>shelter</type>
</wpt>
<wpt lat="48.423665" lon="-123.368521">
<name>Frankie's Modern Diner</name>
<cmt>food</cmt>
<desc>Restaurant</desc>
<sym>Dot</sym>
<type>food</type>
</wpt>
<wpt lat="48.422624" lon="-123.384735">
<name>Coffeehouse at Shoal Point</name>
<cmt>coffee</cmt>
<desc>Café / Coffee</desc>
<sym>Dot</sym>
<type>food</type>
</wpt>
<wpt lat="48.421747" lon="-123.367477">
<name>Q at the Empress</name>
<cmt>food</cmt>
<desc>Restaurant</desc>
<sym>Dot</sym>
<type>food</type>
</wpt>
<wpt lat="48.423681" lon="-123.368403">
<name>Burger King</name>
<cmt>food</cmt>
<desc>Fast Food / Chain</desc>
<sym>Dot</sym>
<type>food</type>
</wpt>
<wpt lat="48.421077" lon="-123.374199">
<name>Best Western Plus Inner Harbour</name>
<cmt>lodging</cmt>
<desc>Hotel / Motel</desc>
<sym>Dot</sym>
<type>shelter</type>
</wpt>
<wpt lat="48.423752" lon="-123.368470">
<name>Axe &amp; Grind</name>
<cmt>rest_stop</cmt>
<desc>Community Centre</desc>
<sym>Dot</sym>
<type>rest_area</type>
</wpt>
<wpt lat="48.423347" lon="-123.367248">
<name>The Magnolia Hotel &amp; Spa</name>
<cmt>lodging</cmt>
<desc>Hotel / Motel</desc>
<sym>Dot</sym>
<type>shelter</type>
</wpt>
<wpt lat="48.423317" lon="-123.367220">
<name>The Courtney Room</name>
<cmt>food</cmt>
<desc>Restaurant</desc>
<sym>Dot</sym>
<type>food</type>
</wpt>
<wpt lat="48.415849" lon="-123.387874">
<name>Victoria Bike Rentals</name>
<cmt>bike_shop</cmt>
<desc>Rentals</desc>
<sym>Dot</sym>
<type>gear</type>
</wpt>
<wpt lat="48.433534" lon="-123.380752">
<name>Browns Crafthouse</name>
<cmt>food</cmt>
<desc>Restaurant</desc>
<sym>Dot</sym>
<type>food</type>
</wpt>
<wpt lat="48.422514" lon="-123.380718">
<name>WorldMark Victoria</name>
<cmt>lodging</cmt>
<desc>Hotel / Motel</desc>
<sym>Dot</sym>
<type>shelter</type>
</wpt>
<wpt lat="48.403491" lon="-123.349162">
<name>Clover Point</name>
<cmt>viewpoint</cmt>
<desc>Activity / Experience</desc>
<sym>Dot</sym>
<type>overlook</type>
</wpt>
<wpt lat="48.422370" lon="-123.366946">
<name>Miniature World</name>
<cmt>monument</cmt>
<desc>Museum / Gallery</desc>
<sym>Dot</sym>
<type>info</type>
</wpt>
<wpt lat="48.419634" lon="-123.368625">
<name>Royal BC Museum</name>
<cmt>monument</cmt>
<desc>Museum / Gallery</desc>
<sym>Dot</sym>
<type>info</type>
</wpt>
<wpt lat="48.420815" lon="-123.376005">
<name>The Oswego Hotel</name>
<cmt>lodging</cmt>
<desc>Hotel / Motel</desc>
<sym>Dot</sym>
<type>shelter</type>
</wpt>
<wpt lat="48.422733" lon="-123.383357">
<name>The Fish Store</name>
<cmt>food</cmt>
<desc>Restaurant</desc>
<sym>Dot</sym>
<type>food</type>
</wpt>
<wpt lat="48.432646" lon="-123.380311">
<name>Save-On-Foods</name>
<cmt>convenience_store</cmt>
<desc>Grocery Store</desc>
<sym>Dot</sym>
<type>store</type>
</wpt>
<wpt lat="48.422613" lon="-123.382835">
<name>Barb's Fish &amp; Chips</name>
<cmt>food</cmt>
<desc>Restaurant</desc>
<sym>Dot</sym>
<type>food</type>
</wpt>
<wpt lat="48.429354" lon="-123.371073">
<name>Cafe Malabar</name>
<cmt>food</cmt>
<desc>Restaurant</desc>
<sym>Dot</sym>
<type>food</type>
</wpt>
<wpt lat="48.422549" lon="-123.382587">
<name>Coco Grill</name>
<cmt>food</cmt>
<desc>Restaurant</desc>
<sym>Dot</sym>
<type>food</type>
</wpt>
<wpt lat="48.420434" lon="-123.373801">
<name>Royal Scot Hotel &amp; Suites</name>
<cmt>lodging</cmt>
<desc>Hotel / Motel</desc>
<sym>Dot</sym>
<type>shelter</type>
</wpt>
<wpt lat="48.428726" lon="-123.370113">
<name>Bray's</name>
<cmt>food</cmt>
<desc>Restaurant</desc>
<sym>Dot</sym>
<type>food</type>
</wpt>
<wpt lat="48.423614" lon="-123.370532">
<name>Flying Otter Grill</name>
<cmt>food</cmt>
<desc>Restaurant</desc>
<sym>Dot</sym>
<type>food</type>
</wpt>
<wpt lat="48.433285" lon="-123.381230">
<name>Pita Land</name>
<cmt>food</cmt>
<desc>Restaurant</desc>
<sym>Dot</sym>
<type>food</type>
</wpt>
<wpt lat="48.422762" lon="-123.382725">
<name>Pirate Pizza Company</name>
<cmt>food</cmt>
<desc>Restaurant</desc>
<sym>Dot</sym>
<type>food</type>
</wpt>
<wpt lat="48.422685" lon="-123.382472">
<name>Jackson's Ice Cream Float</name>
<cmt>food</cmt>
<desc>Ice Cream</desc>
<sym>Dot</sym>
<type>food</type>
</wpt>
<wpt lat="48.426786" lon="-123.374949">
<name>LURE Restaurant &amp; Bar</name>
<cmt>bar</cmt>
<desc>Brewery / Pub</desc>
<sym>Dot</sym>
<type>food</type>
</wpt>
<wpt lat="48.420524" lon="-123.375717">
<name>Aegir Room</name>
<cmt>food</cmt>
<desc>Restaurant</desc>
<sym>Dot</sym>
<type>food</type>
</wpt>
<wpt lat="48.422850" lon="-123.382804">
<name>Puerto Vallarta Amigos</name>
<cmt>food</cmt>
<desc>Restaurant</desc>
<sym>Dot</sym>
<type>food</type>
</wpt>
<wpt lat="48.422136" lon="-123.366379">
<name>Cycle BC Rentals</name>
<cmt>bike_shop</cmt>
<desc>Rentals</desc>
<sym>Dot</sym>
<type>gear</type>
</wpt>
<wpt lat="48.424271" lon="-123.367644">
<name>BeaverTails</name>
<cmt>food</cmt>
<desc>Fast Food / Chain</desc>
<sym>Dot</sym>
<type>food</type>
</wpt>
<wpt lat="48.419438" lon="-123.370310">
<name>British Columbia Parliament Buildings</name>
<cmt>viewpoint</cmt>
<desc>Activity / Experience</desc>
<sym>Dot</sym>
<type>overlook</type>
</wpt>
<wpt lat="48.422768" lon="-123.366126">
<name>Noodle Box</name>
<cmt>food</cmt>
<desc>Restaurant</desc>
<sym>Dot</sym>
<type>food</type>
</wpt>
<wpt lat="48.422871" lon="-123.366105">
<name>Cora</name>
<cmt>food</cmt>
<desc>Restaurant</desc>
<sym>Dot</sym>
<type>food</type>
</wpt>
<wpt lat="48.421767" lon="-123.366351">
<name>Maritime Museum of British Columbia</name>
<cmt>monument</cmt>
<desc>Museum / Gallery</desc>
<sym>Dot</sym>
<type>info</type>
</wpt>
<wpt lat="48.424275" lon="-123.367378">
<name>Xing Fu Tang</name>
<cmt>coffee</cmt>
<desc>Café / Coffee</desc>
<sym>Dot</sym>
<type>food</type>
</wpt>
<wpt lat="48.429665" lon="-123.370908">
<name>Swift Brewing &amp; Good Time Tasting Room</name>
<cmt>bar</cmt>
<desc>Brewery / Pub</desc>
<sym>Dot</sym>
<type>food</type>
</wpt>
<wpt lat="48.426907" lon="-123.376019">
<name>Delta Victoria Ocean Pointe Resort and Spa</name>
<cmt>lodging</cmt>
<desc>Hotel / Motel</desc>
<sym>Dot</sym>
<type>shelter</type>
</wpt>
<wpt lat="48.424455" lon="-123.369405">
<name>Nautical Nellies Steak &amp; Seafood House</name>
<cmt>food</cmt>
<desc>Restaurant</desc>
<sym>Dot</sym>
<type>food</type>
</wpt>
<wpt lat="48.428767" lon="-123.369748">
<name>Nubo Kitchen + Bar</name>
<cmt>food</cmt>
<desc>Restaurant</desc>
<sym>Dot</sym>
<type>food</type>
</wpt>
<wpt lat="48.432868" lon="-123.381281">
<name>Booster Juice</name>
<cmt>food</cmt>
<desc>Fast Food / Chain</desc>
<sym>Dot</sym>
<type>food</type>
</wpt>
<wpt lat="48.432732" lon="-123.381161">
<name>La Taquisa</name>
<cmt>food</cmt>
<desc>Fast Food / Chain</desc>
<sym>Dot</sym>
<type>food</type>
</wpt>
<wpt lat="48.429677" lon="-123.370708">
<name>CRAFT Beer Market</name>
<cmt>bar</cmt>
<desc>Brewery / Pub</desc>
<sym>Dot</sym>
<type>food</type>
</wpt>
<wpt lat="48.432401" lon="-123.380854">
<name>Big Wheel Burger</name>
<cmt>food</cmt>
<desc>Fast Food / Chain</desc>
<sym>Dot</sym>
<type>food</type>
</wpt>
<wpt lat="48.415545" lon="-123.380482">
<name>Gingerbread Cottage Bed and Breakfast</name>
<cmt>lodging</cmt>
<desc>B&amp;B / Inn</desc>
<sym>Dot</sym>
<type>shelter</type>
</wpt>
<wpt lat="48.432662" lon="-123.381112">
<name>Spinnakers Gastro Brewpub</name>
<cmt>convenience_store</cmt>
<desc>Liquor Store</desc>
<sym>Dot</sym>
<type>store</type>
</wpt>
<wpt lat="48.419605" lon="-123.366985">
<name>Helmcken House</name>
<cmt>monument</cmt>
<desc>Museum / Gallery</desc>
<sym>Dot</sym>
<type>info</type>
</wpt>
<wpt lat="48.424555" lon="-123.368126">
<name>Chocolats Favoris</name>
<cmt>food</cmt>
<desc>Ice Cream</desc>
<sym>Dot</sym>
<type>food</type>
</wpt>
<wpt lat="48.432538" lon="-123.381059">
<name>Starbucks</name>
<cmt>food</cmt>
<desc>Fast Food / Chain</desc>
<sym>Dot</sym>
<type>food</type>
</wpt>
<wpt lat="48.419615" lon="-123.371857">
<name>Embassy Inn</name>
<cmt>lodging</cmt>
<desc>Hotel / Motel</desc>
<sym>Dot</sym>
<type>shelter</type>
</wpt>
<wpt lat="48.428969" lon="-123.377666">
<name>Shell Select</name>
<cmt>convenience_store</cmt>
<desc>Convenience Store</desc>
<sym>Dot</sym>
<type>store</type>
</wpt>
<wpt lat="48.424618" lon="-123.368844">
<name>Le Petit Saigon</name>
<cmt>food</cmt>
<desc>Restaurant</desc>
<sym>Dot</sym>
<type>food</type>
</wpt>
<wpt lat="48.440245" lon="-123.378832">
<name>Selkirk Cafe</name>
<cmt>coffee</cmt>
<desc>Café / Coffee</desc>
<sym>Dot</sym>
<type>food</type>
</wpt>
<wpt lat="48.442767" lon="-123.382379">
<name>The Loft Pub</name>
<cmt>bar</cmt>
<desc>Brewery / Pub</desc>
<sym>Dot</sym>
<type>food</type>
</wpt>
<wpt lat="48.433000" lon="-123.381572">
<name>Hot House Pizza</name>
<cmt>food</cmt>
<desc>Fast Food / Chain</desc>
<sym>Dot</sym>
<type>food</type>
</wpt>
<wpt lat="48.428645" lon="-123.369479">
<name>Swans</name>
<cmt>bar</cmt>
<desc>Brewery / Pub</desc>
<sym>Dot</sym>
<type>food</type>
</wpt>
<wpt lat="48.424267" lon="-123.366707">
<name>Macchiato Caffe</name>
<cmt>coffee</cmt>
<desc>Café / Coffee</desc>
<sym>Dot</sym>
<type>food</type>
</wpt>
<wpt lat="48.428170" lon="-123.369400">
<name>Fuego</name>
<cmt>food</cmt>
<desc>Restaurant</desc>
<sym>Dot</sym>
<type>food</type>
</wpt>
<wpt lat="48.428092" lon="-123.369396">
<name>Artemis Whiskey Bar</name>
<cmt>bar</cmt>
<desc>Brewery / Pub</desc>
<sym>Dot</sym>
<type>food</type>
</wpt>
<wpt lat="48.428795" lon="-123.369453">
<name>Mentora Ramen</name>
<cmt>food</cmt>
<desc>Restaurant</desc>
<sym>Dot</sym>
<type>food</type>
</wpt>
<wpt lat="48.428930" lon="-123.369510">
<name>Swans Hotel &amp; Brewpub</name>
<cmt>lodging</cmt>
<desc>Hotel / Motel</desc>
<sym>Dot</sym>
<type>shelter</type>
</wpt>
<wpt lat="48.428022" lon="-123.369385">
<name>Cafe Mexico</name>
<cmt>food</cmt>
<desc>Restaurant</desc>
<sym>Dot</sym>
<type>food</type>
</wpt>
<wpt lat="48.424360" lon="-123.370432">
<name>Red Fish Blue Fish</name>
<cmt>food</cmt>
<desc>Fast Food / Chain</desc>
<sym>Dot</sym>
<type>food</type>
</wpt>
<wpt lat="48.432706" lon="-123.381471">
<name>Victoria Sushi</name>
<cmt>food</cmt>
<desc>Restaurant</desc>
<sym>Dot</sym>
<type>food</type>
</wpt>
<wpt lat="48.428996" lon="-123.369459">
<name>Chubby Dumpling</name>
<cmt>food</cmt>
<desc>Restaurant</desc>
<sym>Dot</sym>
<type>food</type>
</wpt>
<wpt lat="48.442143" lon="-123.383180">
<name>Days Inn by Wyndham Victoria Uptown</name>
<cmt>lodging</cmt>
<desc>Hotel / Motel</desc>
<sym>Dot</sym>
<type>shelter</type>
</wpt>
<wpt lat="48.424713" lon="-123.367755">
<name>Olympus Ice Cream &amp; Bubble Tea</name>
<cmt>food</cmt>
<desc>Ice Cream</desc>
<sym>Dot</sym>
<type>food</type>
</wpt>
<wpt lat="48.422443" lon="-123.365665">
<name>7-Eleven</name>
<cmt>convenience_store</cmt>
<desc>Convenience Store</desc>
<sym>Dot</sym>
<type>store</type>
</wpt>
<wpt lat="48.429072" lon="-123.369466">
<name>The Sour Pickle Cafe</name>
<cmt>food</cmt>
<desc>Restaurant</desc>
<sym>Dot</sym>
<type>food</type>
</wpt>
<wpt lat="48.422294" lon="-123.365678">
<name>Browns Social House</name>
<cmt>food</cmt>
<desc>Restaurant</desc>
<sym>Dot</sym>
<type>food</type>
</wpt>
<wpt lat="48.424099" lon="-123.377032">
<name>Inn at Laurel Point</name>
<cmt>lodging</cmt>
<desc>Hotel / Motel</desc>
<sym>Dot</sym>
<type>shelter</type>
</wpt>
<wpt lat="48.423067" lon="-123.365511">
<name>The Sticky Wicket</name>
<cmt>bar</cmt>
<desc>Brewery / Pub</desc>
<sym>Dot</sym>
<type>food</type>
</wpt>
<wpt lat="48.424780" lon="-123.367739">
<name>A&amp;W</name>
<cmt>food</cmt>
<desc>Fast Food / Chain</desc>
<sym>Dot</sym>
<type>food</type>
</wpt>
<wpt lat="48.428381" lon="-123.369133">
<name>Drake Eatery</name>
<cmt>bar</cmt>
<desc>Brewery / Pub</desc>
<sym>Dot</sym>
<type>food</type>
</wpt>
<wpt lat="48.427046" lon="-123.369876">
<name>Chimac</name>
<cmt>food</cmt>
<desc>Restaurant</desc>
<sym>Dot</sym>
<type>food</type>
</wpt>
<wpt lat="48.428639" lon="-123.369149">
<name>Swans Liquor Store</name>
<cmt>convenience_store</cmt>
<desc>Liquor Store</desc>
<sym>Dot</sym>
<type>store</type>
</wpt>
<wpt lat="48.424866" lon="-123.368428">
<name>The Bard and the Banker</name>
<cmt>bar</cmt>
<desc>Brewery / Pub</desc>
<sym>Dot</sym>
<type>food</type>
</wpt>
<wpt lat="48.427819" lon="-123.369174">
<name>Hey Happy</name>
<cmt>coffee</cmt>
<desc>Café / Coffee</desc>
<sym>Dot</sym>
<type>food</type>
</wpt>
<wpt lat="48.423333" lon="-123.365472">
<name>The Clubhouse</name>
<cmt>bar</cmt>
<desc>Brewery / Pub</desc>
<sym>Dot</sym>
<type>food</type>
</wpt>
<wpt lat="48.420385" lon="-123.365962">
<name>The Old Spaghetti Factory</name>
<cmt>food</cmt>
<desc>Restaurant</desc>
<sym>Dot</sym>
<type>food</type>
</wpt>
<wpt lat="48.427062" lon="-123.369729">
<name>HI Victoria</name>
<cmt>lodging</cmt>
<desc>Hostel</desc>
<sym>Dot</sym>
<type>shelter</type>
</wpt>
<wpt lat="48.423410" lon="-123.365455">
<name>Big Bad John's</name>
<cmt>bar</cmt>
<desc>Brewery / Pub</desc>
<sym>Dot</sym>
<type>food</type>
</wpt>
<wpt lat="48.427577" lon="-123.369236">
<name>Friends of Dorothy</name>
<cmt>food</cmt>
<desc>Restaurant</desc>
<sym>Dot</sym>
<type>food</type>
</wpt>
<wpt lat="48.423050" lon="-123.365343">
<name>Rooftop Surfclub</name>
<cmt>bar</cmt>
<desc>Brewery / Pub</desc>
<sym>Dot</sym>
<type>food</type>
</wpt>
<wpt lat="48.429191" lon="-123.369265">
<name>Eva Schnitzelhous</name>
<cmt>food</cmt>
<desc>Restaurant</desc>
<sym>Dot</sym>
<type>food</type>
</wpt>
<wpt lat="48.424477" lon="-123.366408">
<name>Pagliacci's</name>
<cmt>food</cmt>
<desc>Restaurant</desc>
<sym>Dot</sym>
<type>food</type>
</wpt>
<wpt lat="48.423476" lon="-123.365417">
<name>The Strath</name>
<cmt>convenience_store</cmt>
<desc>Liquor Store</desc>
<sym>Dot</sym>
<type>store</type>
</wpt>
<wpt lat="48.412194" lon="-123.372534">
<name>For Good Measure</name>
<cmt>convenience_store</cmt>
<desc>Convenience Store</desc>
<sym>Dot</sym>
<type>store</type>
</wpt>
<wpt lat="48.421979" lon="-123.365454">
<name>Starbucks</name>
<cmt>food</cmt>
<desc>Fast Food / Chain</desc>
<sym>Dot</sym>
<type>food</type>
</wpt>
<wpt lat="48.426699" lon="-123.370075">
<name>Uni Modern Japanese</name>
<cmt>food</cmt>
<desc>Restaurant</desc>
<sym>Dot</sym>
<type>food</type>
</wpt>
<wpt lat="48.424087" lon="-123.365742">
<name>Freshii</name>
<cmt>food</cmt>
<desc>Restaurant</desc>
<sym>Dot</sym>
<type>food</type>
</wpt>
<wpt lat="48.426749" lon="-123.369926">
<name>Fiamo Pizza &amp; Wine Bar</name>
<cmt>food</cmt>
<desc>Fast Food / Chain</desc>
<sym>Dot</sym>
<type>food</type>
</wpt>
<wpt lat="48.423035" lon="-123.365192">
<name>The Games Room</name>
<cmt>bar</cmt>
<desc>Brewery / Pub</desc>
<sym>Dot</sym>
<type>food</type>
</wpt>
<wpt lat="48.426390" lon="-123.370798">
<name>Victoria Regent Waterfront Hotel &amp; Suites</name>
<cmt>lodging</cmt>
<desc>Hotel / Motel</desc>
<sym>Dot</sym>
<type>shelter</type>
</wpt>
<wpt lat="48.421811" lon="-123.365399">
<name>Bartholomew's Pub</name>
<cmt>bar</cmt>
<desc>Brewery / Pub</desc>
<sym>Dot</sym>
<type>food</type>
</wpt>
<wpt lat="48.423445" lon="-123.365250">
<name>Strathcona Hotel</name>
<cmt>lodging</cmt>
<desc>Hotel / Motel</desc>
<sym>Dot</sym>
<type>shelter</type>
</wpt>
<wpt lat="48.421774" lon="-123.365360">
<name>The Humboldt</name>
<cmt>bar</cmt>
<desc>Brewery / Pub</desc>
<sym>Dot</sym>
<type>food</type>
</wpt>
<wpt lat="48.429222" lon="-123.369053">
<name>Ohana Poke</name>
<cmt>food</cmt>
<desc>Restaurant</desc>
<sym>Dot</sym>
<type>food</type>
</wpt>
<wpt lat="48.446965" lon="-123.372350">
<name>Starbucks</name>
<cmt>food</cmt>
<desc>Fast Food / Chain</desc>
<sym>Dot</sym>
<type>food</type>
</wpt>
<wpt lat="48.425118" lon="-123.369012">
<name>Siam Thai Cuisine</name>
<cmt>food</cmt>
<desc>Restaurant</desc>
<sym>Dot</sym>
<type>food</type>
</wpt>
<wpt lat="48.426595" lon="-123.370039">
<name>The Joint Pizzeria</name>
<cmt>food</cmt>
<desc>Fast Food / Chain</desc>
<sym>Dot</sym>
<type>food</type>
</wpt>
<wpt lat="48.426734" lon="-123.369766">
<name>Lucky Bar</name>
<cmt>bar</cmt>
<desc>Brewery / Pub</desc>
<sym>Dot</sym>
<type>food</type>
</wpt>
<wpt lat="48.421986" lon="-123.365245">
<name>DoubleTree by Hilton Hotel &amp; Suites Victoria</name>
<cmt>lodging</cmt>
<desc>Hotel / Motel</desc>
<sym>Dot</sym>
<type>shelter</type>
</wpt>
<wpt lat="48.426432" lon="-123.370289">
<name>Dosa Paragon</name>
<cmt>food</cmt>
<desc>Restaurant</desc>
<sym>Dot</sym>
<type>food</type>
</wpt>
<wpt lat="48.424613" lon="-123.366179">
<name>Flourish BeauTea</name>
<cmt>coffee</cmt>
<desc>Café / Coffee</desc>
<sym>Dot</sym>
<type>food</type>
</wpt>
<wpt lat="48.424280" lon="-123.365687">
<name>Chipotle</name>
<cmt>food</cmt>
<desc>Restaurant</desc>
<sym>Dot</sym>
<type>food</type>
</wpt>
<wpt lat="48.412539" lon="-123.339082">
<name>Ross Bay Pub</name>
<cmt>bar</cmt>
<desc>Brewery / Pub</desc>
<sym>Dot</sym>
<type>food</type>
</wpt>
<wpt lat="48.427932" lon="-123.368651">
<name>Green Cuisine</name>
<cmt>food</cmt>
<desc>Restaurant</desc>
<sym>Dot</sym>
<type>food</type>
</wpt>
<wpt lat="48.423958" lon="-123.365302">
<name>Blenz Coffee</name>
<cmt>coffee</cmt>
<desc>Café / Coffee</desc>
<sym>Dot</sym>
<type>food</type>
</wpt>
<wpt lat="48.418946" lon="-123.366585">
<name>Helm's Inn</name>
<cmt>lodging</cmt>
<desc>Hotel / Motel</desc>
<sym>Dot</sym>
<type>shelter</type>
</wpt>
<wpt lat="48.423867" lon="-123.365190">
<name>Smile Chicken</name>
<cmt>food</cmt>
<desc>Restaurant</desc>
<sym>Dot</sym>
<type>food</type>
</wpt>
<wpt lat="48.427536" lon="-123.368751">
<name>Il Terrazzo</name>
<cmt>food</cmt>
<desc>Restaurant</desc>
<sym>Dot</sym>
<type>food</type>
</wpt>
<wpt lat="48.425185" lon="-123.369662">
<name>The Keg</name>
<cmt>food</cmt>
<desc>Restaurant</desc>
<sym>Dot</sym>
<type>food</type>
</wpt>
<wpt lat="48.428115" lon="-123.368525">
<name>Whistle Buoy Brewing Company</name>
<cmt>bar</cmt>
<desc>Brewery / Pub</desc>
<sym>Dot</sym>
<type>food</type>
</wpt>
<wpt lat="48.424968" lon="-123.366643">
<name>Good Earth</name>
<cmt>coffee</cmt>
<desc>Café / Coffee</desc>
<sym>Dot</sym>
<type>food</type>
</wpt>
<wpt lat="48.424099" lon="-123.365282">
<name>Hanks</name>
<cmt>food</cmt>
<desc>Restaurant</desc>
<sym>Dot</sym>
<type>food</type>
</wpt>
<wpt lat="48.429456" lon="-123.368900">
<name>Pinhalla</name>
<cmt>food</cmt>
<desc>Restaurant</desc>
<sym>Dot</sym>
<type>food</type>
</wpt>
<wpt lat="48.412681" lon="-123.337688">
<name>Sushi Field</name>
<cmt>food</cmt>
<desc>Restaurant</desc>
<sym>Dot</sym>
<type>food</type>
</wpt>
<wpt lat="48.438804" lon="-123.378909">
<name>Glo Restaurant &amp; Lounge</name>
<cmt>food</cmt>
<desc>Restaurant</desc>
<sym>Dot</sym>
<type>food</type>
</wpt>
<wpt lat="48.428399" lon="-123.368422">
<name>Shanzee's Biscuit Café</name>
<cmt>coffee</cmt>
<desc>Café / Coffee</desc>
<sym>Dot</sym>
<type>food</type>
</wpt>
<wpt lat="48.426940" lon="-123.369081">
<name>Ferris'</name>
<cmt>food</cmt>
<desc>Restaurant</desc>
<sym>Dot</sym>
<type>food</type>
</wpt>
<wpt lat="48.426718" lon="-123.369271">
<name>El Furniture Warehouse</name>
<cmt>food</cmt>
<desc>Restaurant</desc>
<sym>Dot</sym>
<type>food</type>
</wpt>
<wpt lat="48.425349" lon="-123.367980">
<name>Murchie's Cafe</name>
<cmt>coffee</cmt>
<desc>Café / Coffee</desc>
<sym>Dot</sym>
<type>food</type>
</wpt>
<wpt lat="48.425394" lon="-123.369011">
<name>Koto Japanese Restaurant</name>
<cmt>food</cmt>
<desc>Restaurant</desc>
<sym>Dot</sym>
<type>food</type>
</wpt>
<wpt lat="48.426108" lon="-123.370473">
<name>L'Authentique Poutine &amp; Burgers</name>
<cmt>food</cmt>
<desc>Fast Food / Chain</desc>
<sym>Dot</sym>
<type>food</type>
</wpt>
<wpt lat="48.424812" lon="-123.365993">
<name>Bento</name>
<cmt>food</cmt>
<desc>Restaurant</desc>
<sym>Dot</sym>
<type>food</type>
</wpt>
<wpt lat="48.422148" lon="-123.364776">
<name>Ithaka Greek Restaurant</name>
<cmt>food</cmt>
<desc>Restaurant</desc>
<sym>Dot</sym>
<type>food</type>
</wpt>
<wpt lat="48.426685" lon="-123.369178">
<name>Saint Cecilia</name>
<cmt>coffee</cmt>
<desc>Café / Coffee</desc>
<sym>Dot</sym>
<type>food</type>
</wpt>
<wpt lat="48.424129" lon="-123.365039">
<name>Unicorn Sparkles</name>
<cmt>food</cmt>
<desc>Restaurant</desc>
<sym>Dot</sym>
<type>food</type>
</wpt>
<wpt lat="48.426914" lon="-123.368884">
<name>Block Victoria</name>
<cmt>food</cmt>
<desc>Restaurant</desc>
<sym>Dot</sym>
<type>food</type>
</wpt>
<wpt lat="48.426113" lon="-123.370225">
<name>Finn's Seafood Chops Cocktails</name>
<cmt>food</cmt>
<desc>Restaurant</desc>
<sym>Dot</sym>
<type>food</type>
</wpt>
<wpt lat="48.429237" lon="-123.368469">
<name>Bean Around The World</name>
<cmt>coffee</cmt>
<desc>Café / Coffee</desc>
<sym>Dot</sym>
<type>food</type>
</wpt>
<wpt lat="48.412855" lon="-123.337763">
<name>Thrifty Foods</name>
<cmt>convenience_store</cmt>
<desc>Grocery Store</desc>
<sym>Dot</sym>
<type>store</type>
</wpt>
<wpt lat="48.439177" lon="-123.378293">
<name>Sol Fine Foods</name>
<cmt>food</cmt>
<desc>Restaurant</desc>
<sym>Dot</sym>
<type>food</type>
</wpt>
<wpt lat="48.421390" lon="-123.364850">
<name>Fire+ Water Restaurant</name>
<cmt>food</cmt>
<desc>Restaurant</desc>
<sym>Dot</sym>
<type>food</type>
</wpt>
<wpt lat="48.426633" lon="-123.369148">
<name>Saint Cecilia Coffee, Ice Cream &amp; Goods</name>
<cmt>food</cmt>
<desc>Ice Cream</desc>
<sym>Dot</sym>
<type>food</type>
</wpt>
<wpt lat="48.445912" lon="-123.372576">
<name>Hotel Zed Victoria</name>
<cmt>lodging</cmt>
<desc>Hotel / Motel</desc>
<sym>Dot</sym>
<type>shelter</type>
</wpt>
<wpt lat="48.426677" lon="-123.369076">
<name>Cinnaholic</name>
<cmt>food</cmt>
<desc>Bakery / Donuts</desc>
<sym>Dot</sym>
<type>food</type>
</wpt>
<wpt lat="48.424929" lon="-123.365915">
<name>Opa! of Greece</name>
<cmt>food</cmt>
<desc>Fast Food / Chain</desc>
<sym>Dot</sym>
<type>food</type>
</wpt>
<wpt lat="48.430295" lon="-123.369510">
<name>Grindstone Cafe</name>
<cmt>coffee</cmt>
<desc>Café / Coffee</desc>
<sym>Dot</sym>
<type>food</type>
</wpt>
<wpt lat="48.425482" lon="-123.367935">
<name>The Churchill</name>
<cmt>bar</cmt>
<desc>Brewery / Pub</desc>
<sym>Dot</sym>
<type>food</type>
</wpt>
<wpt lat="48.412938" lon="-123.338923">
<name>BC Liquor Store</name>
<cmt>convenience_store</cmt>
<desc>Liquor Store</desc>
<sym>Dot</sym>
<type>store</type>
</wpt>
<wpt lat="48.422353" lon="-123.364536">
<name>Chateau Victoria Hotel &amp; Suites</name>
<cmt>lodging</cmt>
<desc>Hotel / Motel</desc>
<sym>Dot</sym>
<type>shelter</type>
</wpt>
<wpt lat="48.425513" lon="-123.367947">
<name>Bedford Regency Hotel</name>
<cmt>lodging</cmt>
<desc>Hotel / Motel</desc>
<sym>Dot</sym>
<type>shelter</type>
</wpt>
<wpt lat="48.424990" lon="-123.365929">
<name>A&amp;W</name>
<cmt>food</cmt>
<desc>Fast Food / Chain</desc>
<sym>Dot</sym>
<type>food</type>
</wpt>
<wpt lat="48.446417" lon="-123.372031">
<name>KFC</name>
<cmt>food</cmt>
<desc>Fast Food / Chain</desc>
<sym>Dot</sym>
<type>food</type>
</wpt>
<wpt lat="48.425448" lon="-123.367265">
<name>Booster Juice</name>
<cmt>food</cmt>
<desc>Fast Food / Chain</desc>
<sym>Dot</sym>
<type>food</type>
</wpt>
<wpt lat="48.425419" lon="-123.367100">
<name>Mr. Pretzels</name>
<cmt>food</cmt>
<desc>Fast Food / Chain</desc>
<sym>Dot</sym>
<type>food</type>
</wpt>
<wpt lat="48.430298" lon="-123.369351">
<name>Herald Street Brew Works</name>
<cmt>bar</cmt>
<desc>Brewery / Pub</desc>
<sym>Dot</sym>
<type>food</type>
</wpt>
<wpt lat="48.424974" lon="-123.365826">
<name>Big Orange</name>
<cmt>coffee</cmt>
<desc>Café / Coffee</desc>
<sym>Dot</sym>
<type>food</type>
</wpt>
<wpt lat="48.426106" lon="-123.369847">
<name>The Local</name>
<cmt>food</cmt>
<desc>Restaurant</desc>
<sym>Dot</sym>
<type>food</type>
</wpt>
<wpt lat="48.426560" lon="-123.314366">
<name>The Oaks Restaurant</name>
<cmt>food</cmt>
<desc>Restaurant</desc>
<sym>Dot</sym>
<type>food</type>
</wpt>
<wpt lat="48.424990" lon="-123.365729">
<name>Umi Sushi Express</name>
<cmt>food</cmt>
<desc>Fast Food / Chain</desc>
<sym>Dot</sym>
<type>food</type>
</wpt>
<wpt lat="48.428635" lon="-123.367964">
<name>Just Matcha Tea Shop</name>
<cmt>coffee</cmt>
<desc>Café / Coffee</desc>
<sym>Dot</sym>
<type>food</type>
</wpt>
<wpt lat="48.425571" lon="-123.367493">
<name>Earls</name>
<cmt>food</cmt>
<desc>Restaurant</desc>
<sym>Dot</sym>
<type>food</type>
</wpt>
<wpt lat="48.425612" lon="-123.369696">
<name>SpringTide Whale Tours &amp; Charters</name>
<cmt>viewpoint</cmt>
<desc>Activity / Experience</desc>
<sym>Dot</sym>
<type>overlook</type>
</wpt>
<wpt lat="48.425680" lon="-123.368615">
<name>Wind Cries Mary</name>
<cmt>coffee</cmt>
<desc>Café / Coffee</desc>
<sym>Dot</sym>
<type>food</type>
</wpt>
<wpt lat="48.421572" lon="-123.364518">
<name>Victoria Marriott Inner Harbour</name>
<cmt>lodging</cmt>
<desc>Hotel / Motel</desc>
<sym>Dot</sym>
<type>shelter</type>
</wpt>
<wpt lat="48.425655" lon="-123.368153">
<name>Garrick's Head</name>
<cmt>bar</cmt>
<desc>Brewery / Pub</desc>
<sym>Dot</sym>
<type>food</type>
</wpt>
<wpt lat="48.424998" lon="-123.365656">
<name>New York Fries</name>
<cmt>food</cmt>
<desc>Fast Food / Chain</desc>
<sym>Dot</sym>
<type>food</type>
</wpt>
<wpt lat="48.422480" lon="-123.364291">
<name>Clive's Classic Lounge</name>
<cmt>bar</cmt>
<desc>Brewery / Pub</desc>
<sym>Dot</sym>
<type>food</type>
</wpt>
<wpt lat="48.425681" lon="-123.368418">
<name>Garrick's Head Pub</name>
<cmt>bar</cmt>
<desc>Brewery / Pub</desc>
<sym>Dot</sym>
<type>food</type>
</wpt>
<wpt lat="48.428849" lon="-123.367958">
<name>Victoria Chinatown Museum</name>
<cmt>monument</cmt>
<desc>Museum / Gallery</desc>
<sym>Dot</sym>
<type>info</type>
</wpt>
<wpt lat="48.428624" lon="-123.367874">
<name>Friends &amp; Family Bake</name>
<cmt>food</cmt>
<desc>Bakery / Donuts</desc>
<sym>Dot</sym>
<type>food</type>
</wpt>
<wpt lat="48.429468" lon="-123.368213">
<name>Don Mee Seafood Restaurant</name>
<cmt>food</cmt>
<desc>Restaurant</desc>
<sym>Dot</sym>
<type>food</type>
</wpt>
<wpt lat="48.425465" lon="-123.366677">
<name>Marble Slab Creamery</name>
<cmt>food</cmt>
<desc>Ice Cream</desc>
<sym>Dot</sym>
<type>food</type>
</wpt>
<wpt lat="48.423047" lon="-123.364187">
<name>Central Library Branch</name>
<cmt>library</cmt>
<desc>Library</desc>
<sym>Dot</sym>
<type>info</type>
</wpt>
<wpt lat="48.429248" lon="-123.368058">
<name>Ugly Duckling Dining &amp; Provisions</name>
<cmt>food</cmt>
<desc>Restaurant</desc>
<sym>Dot</sym>
<type>food</type>
</wpt>
<wpt lat="48.425714" lon="-123.368133">
<name>Irish Times</name>
<cmt>bar</cmt>
<desc>Brewery / Pub</desc>
<sym>Dot</sym>
<type>food</type>
</wpt>
<wpt lat="48.425553" lon="-123.366907">
<name>Sabayons</name>
<cmt>convenience_store</cmt>
<desc>Grocery Store</desc>
<sym>Dot</sym>
<type>store</type>
</wpt>
<wpt lat="48.425487" lon="-123.366639">
<name>New Owly Cade</name>
<cmt>coffee</cmt>
<desc>Café / Coffee</desc>
<sym>Dot</sym>
<type>food</type>
</wpt>
<wpt lat="48.425682" lon="-123.369767">
<name>Darcy's Pub</name>
<cmt>bar</cmt>
<desc>Brewery / Pub</desc>
<sym>Dot</sym>
<type>food</type>
</wpt>
<wpt lat="48.411576" lon="-123.368863">
<name>Beacon Drive In</name>
<cmt>food</cmt>
<desc>Restaurant</desc>
<sym>Dot</sym>
<type>food</type>
</wpt>
<wpt lat="48.422471" lon="-123.364184">
<name>Vista 18</name>
<cmt>food</cmt>
<desc>Restaurant</desc>
<sym>Dot</sym>
<type>food</type>
</wpt>
<wpt lat="48.429469" lon="-123.368133">
<name>MAiiZ Tortilleria &amp; Eatery</name>
<cmt>food</cmt>
<desc>Restaurant</desc>
<sym>Dot</sym>
<type>food</type>
</wpt>
<wpt lat="48.428631" lon="-123.367672">
<name>Habit Coffee</name>
<cmt>coffee</cmt>
<desc>Café / Coffee</desc>
<sym>Dot</sym>
<type>food</type>
</wpt>
<wpt lat="48.424824" lon="-123.365048">
<name>Cactus Club Cafe</name>
<cmt>food</cmt>
<desc>Restaurant</desc>
<sym>Dot</sym>
<type>food</type>
</wpt>
<wpt lat="48.429253" lon="-123.367863">
<name>The Fan Tan Café</name>
<cmt>food</cmt>
<desc>Restaurant</desc>
<sym>Dot</sym>
<type>food</type>
</wpt>
<wpt lat="48.427440" lon="-123.367839">
<name>Oni-Oni</name>
<cmt>food</cmt>
<desc>Restaurant</desc>
<sym>Dot</sym>
<type>food</type>
</wpt>
<wpt lat="48.429471" lon="-123.367973">
<name>Little Yunnan Restaurant</name>
<cmt>food</cmt>
<desc>Restaurant</desc>
<sym>Dot</sym>
<type>food</type>
</wpt>
<wpt lat="48.424678" lon="-123.364829">
<name>Monkey C Interactive's Artcade</name>
<cmt>monument</cmt>
<desc>Museum / Gallery</desc>
<sym>Dot</sym>
<type>info</type>
</wpt>
<wpt lat="48.428631" lon="-123.367620">
<name>Momi Noodle</name>
<cmt>food</cmt>
<desc>Restaurant</desc>
<sym>Dot</sym>
<type>food</type>
</wpt>
<wpt lat="48.429471" lon="-123.367915">
<name>Kwong Tung Seafood Restaurant</name>
<cmt>food</cmt>
<desc>Restaurant</desc>
<sym>Dot</sym>
<type>food</type>
</wpt>
<wpt lat="48.446115" lon="-123.371709">
<name>The Ruby on Douglas</name>
<cmt>food</cmt>
<desc>Restaurant</desc>
<sym>Dot</sym>
<type>food</type>
</wpt>
<wpt lat="48.429449" lon="-123.367889">
<name>Fisgard Market</name>
<cmt>convenience_store</cmt>
<desc>Convenience Store</desc>
<sym>Dot</sym>
<type>store</type>
</wpt>
<wpt lat="48.423761" lon="-123.364078">
<name>Japanese Village Teppan Steak &amp; Seafood House</name>
<cmt>food</cmt>
<desc>Restaurant</desc>
<sym>Dot</sym>
<type>food</type>
</wpt>
<wpt lat="48.425902" lon="-123.368369">
<name>Re:Bar Modern Food</name>
<cmt>food</cmt>
<desc>Restaurant</desc>
<sym>Dot</sym>
<type>food</type>
</wpt>
<wpt lat="48.435207" lon="-123.375443">
<name>Brass Monkey Taproom</name>
<cmt>bar</cmt>
<desc>Brewery / Pub</desc>
<sym>Dot</sym>
<type>food</type>
</wpt>
<wpt lat="48.428631" lon="-123.367568">
<name>Dumpling Drop</name>
<cmt>food</cmt>
<desc>Restaurant</desc>
<sym>Dot</sym>
<type>food</type>
</wpt>
<wpt lat="48.430099" lon="-123.368385">
<name>Union Pacific Coffee</name>
<cmt>coffee</cmt>
<desc>Café / Coffee</desc>
<sym>Dot</sym>
<type>food</type>
</wpt>
<wpt lat="48.427616" lon="-123.367626">
<name>MEC Mountain Equipment Company</name>
<cmt>convenience_store</cmt>
<desc>Outdoor Gear</desc>
<sym>Dot</sym>
<type>store</type>
</wpt>
<wpt lat="48.425310" lon="-123.365548">
<name>Winners</name>
<cmt>convenience_store</cmt>
<desc>Grocery Store</desc>
<sym>Dot</sym>
<type>store</type>
</wpt>
<wpt lat="48.424681" lon="-123.364592">
<name>The Dutch Bakery &amp; Diner</name>
<cmt>food</cmt>
<desc>Bakery / Donuts</desc>
<sym>Dot</sym>
<type>food</type>
</wpt>
<wpt lat="48.422672" lon="-123.363763">
<name>Quality Inn Downtown Inner Harbour</name>
<cmt>lodging</cmt>
<desc>Hotel / Motel</desc>
<sym>Dot</sym>
<type>shelter</type>
</wpt>
<wpt lat="48.428250" lon="-123.367395">
<name>MEC Bike Shop</name>
<cmt>bike_shop</cmt>
<desc>Repair Shop</desc>
<sym>Dot</sym>
<type>gear</type>
</wpt>
<wpt lat="48.429259" lon="-123.367584">
<name>Matadora Taperia</name>
<cmt>food</cmt>
<desc>Restaurant</desc>
<sym>Dot</sym>
<type>food</type>
</wpt>
<wpt lat="48.426818" lon="-123.367912">
<name>Leopold's Tavern</name>
<cmt>bar</cmt>
<desc>Brewery / Pub</desc>
<sym>Dot</sym>
<type>food</type>
</wpt>
<wpt lat="48.428672" lon="-123.367325">
<name>Varsha Indian Kitchen</name>
<cmt>food</cmt>
<desc>Restaurant</desc>
<sym>Dot</sym>
<type>food</type>
</wpt>
<wpt lat="48.429475" lon="-123.367586">
<name>Wah Laiyuen</name>
<cmt>food</cmt>
<desc>Restaurant</desc>
<sym>Dot</sym>
<type>food</type>
</wpt>
<wpt lat="48.424620" lon="-123.364286">
<name>Crust Bakery</name>
<cmt>food</cmt>
<desc>Bakery / Donuts</desc>
<sym>Dot</sym>
<type>food</type>
</wpt>
<wpt lat="48.425907" lon="-123.366521">
<name>Bodega Wine &amp; Tapas Bar</name>
<cmt>bar</cmt>
<desc>Brewery / Pub</desc>
<sym>Dot</sym>
<type>food</type>
</wpt>
<wpt lat="48.425269" lon="-123.364890">
<name>James Joyce Bistro and Peacock Billiards</name>
<cmt>food</cmt>
<desc>Restaurant</desc>
<sym>Dot</sym>
<type>food</type>
</wpt>
<wpt lat="48.435388" lon="-123.374947">
<name>Salt Chuck Pie Company</name>
<cmt>food</cmt>
<desc>Fast Food / Chain</desc>
<sym>Dot</sym>
<type>food</type>
</wpt>
<wpt lat="48.436347" lon="-123.387488">
<name>Crown Palace</name>
<cmt>food</cmt>
<desc>Restaurant</desc>
<sym>Dot</sym>
<type>food</type>
</wpt>
<wpt lat="48.417314" lon="-123.368732">
<name>Bird Cages Confectionery</name>
<cmt>convenience_store</cmt>
<desc>Convenience Store</desc>
<sym>Dot</sym>
<type>store</type>
</wpt>
<wpt lat="48.427722" lon="-123.367040">
<name>Camöflage</name>
<cmt>convenience_store</cmt>
<desc>Grocery Store</desc>
<sym>Dot</sym>
<type>store</type>
</wpt>
<wpt lat="48.427818" lon="-123.367002">
<name>Victorian Royal Suites</name>
<cmt>lodging</cmt>
<desc>Hotel / Motel</desc>
<sym>Dot</sym>
<type>shelter</type>
</wpt>
<wpt lat="48.425637" lon="-123.365305">
<name>McDonald's</name>
<cmt>food</cmt>
<desc>Fast Food / Chain</desc>
<sym>Dot</sym>
<type>food</type>
</wpt>
<wpt lat="48.417551" lon="-123.371019">
<name>Good Earth Coffeehouse</name>
<cmt>coffee</cmt>
<desc>Café / Coffee</desc>
<sym>Dot</sym>
<type>food</type>
</wpt>
<wpt lat="48.434032" lon="-123.384936">
<name>The Market Garden</name>
<cmt>convenience_store</cmt>
<desc>Grocery Store</desc>
<sym>Dot</sym>
<type>store</type>
</wpt>
<wpt lat="48.417961" lon="-123.372820">
<name>Murder Burger</name>
<cmt>food</cmt>
<desc>Restaurant</desc>
<sym>Dot</sym>
<type>food</type>
</wpt>
<wpt lat="48.417827" lon="-123.372300">
<name>sxʷeŋxʷəŋ təŋəxʷ James Bay Library Branch</name>
<cmt>library</cmt>
<desc>Library</desc>
<sym>Dot</sym>
<type>info</type>
</wpt>
<wpt lat="48.424578" lon="-123.363780">
<name>Tim Hortons</name>
<cmt>food</cmt>
<desc>Fast Food / Chain</desc>
<sym>Dot</sym>
<type>food</type>
</wpt>
<wpt lat="48.443425" lon="-123.384918">
<name>Robin Hood Inn &amp; Suites</name>
<cmt>lodging</cmt>
<desc>Hotel / Motel</desc>
<sym>Dot</sym>
<type>shelter</type>
</wpt>
<wpt lat="48.430337" lon="-123.367732">
<name>Jam Cafe</name>
<cmt>food</cmt>
<desc>Restaurant</desc>
<sym>Dot</sym>
<type>food</type>
</wpt>
<wpt lat="48.446496" lon="-123.370473">
<name>Nespresso</name>
<cmt>coffee</cmt>
<desc>Café / Coffee</desc>
<sym>Dot</sym>
<type>food</type>
</wpt>
<wpt lat="48.415157" lon="-123.375350">
<name>Thrifty Foods James Bay</name>
<cmt>convenience_store</cmt>
<desc>Grocery Store</desc>
<sym>Dot</sym>
<type>store</type>
</wpt>
<wpt lat="48.423287" lon="-123.363039">
<name>Taste of Village Indian Kitchen &amp; Bar</name>
<cmt>food</cmt>
<desc>Restaurant</desc>
<sym>Dot</sym>
<type>food</type>
</wpt>
<wpt lat="48.424292" lon="-123.363397">
<name>Beijing Bistro</name>
<cmt>food</cmt>
<desc>Restaurant</desc>
<sym>Dot</sym>
<type>food</type>
</wpt>
<wpt lat="48.426672" lon="-123.367249">
<name>Starbucks</name>
<cmt>food</cmt>
<desc>Fast Food / Chain</desc>
<sym>Dot</sym>
<type>food</type>
</wpt>
<wpt lat="48.423411" lon="-123.363007">
<name>Kanpai Asian Eatery &amp; Bar</name>
<cmt>food</cmt>
<desc>Restaurant</desc>
<sym>Dot</sym>
<type>food</type>
</wpt>
<wpt lat="48.425508" lon="-123.364558">
<name>Toro</name>
<cmt>food</cmt>
<desc>Restaurant</desc>
<sym>Dot</sym>
<type>food</type>
</wpt>
<wpt lat="48.426306" lon="-123.366407">
<name>Rise n Grind</name>
<cmt>food</cmt>
<desc>Restaurant</desc>
<sym>Dot</sym>
<type>food</type>
</wpt>
<wpt lat="48.417035" lon="-123.369217">
<name>Rosewood Victoria Inn</name>
<cmt>lodging</cmt>
<desc>Hotel / Motel</desc>
<sym>Dot</sym>
<type>shelter</type>
</wpt>
<wpt lat="48.426459" lon="-123.367101">
<name>Frank's Honeybun Café</name>
<cmt>food</cmt>
<desc>Restaurant</desc>
<sym>Dot</sym>
<type>food</type>
</wpt>
<wpt lat="48.424279" lon="-123.363276">
<name>Ali Baba Pizza</name>
<cmt>food</cmt>
<desc>Restaurant</desc>
<sym>Dot</sym>
<type>food</type>
</wpt>
<wpt lat="48.425707" lon="-123.364786">
<name>Fatburger</name>
<cmt>food</cmt>
<desc>Fast Food / Chain</desc>
<sym>Dot</sym>
<type>food</type>
</wpt>
<wpt lat="48.436554" lon="-123.388203">
<name>Fry's Red Wheat Bread Bakery</name>
<cmt>food</cmt>
<desc>Bakery / Donuts</desc>
<sym>Dot</sym>
<type>food</type>
</wpt>
<wpt lat="48.436601" lon="-123.388252">
<name>Spiral Cafe</name>
<cmt>coffee</cmt>
<desc>Café / Coffee</desc>
<sym>Dot</sym>
<type>food</type>
</wpt>
<wpt lat="48.424538" lon="-123.363389">
<name>Serena's Pizzeria and Hoagies</name>
<cmt>food</cmt>
<desc>Restaurant</desc>
<sym>Dot</sym>
<type>food</type>
</wpt>
<wpt lat="48.430320" lon="-123.367358">
<name>End Dive</name>
<cmt>food</cmt>
<desc>Restaurant</desc>
<sym>Dot</sym>
<type>food</type>
</wpt>
<wpt lat="48.442680" lon="-123.385962">
<name>Floyd's Diner</name>
<cmt>food</cmt>
<desc>Restaurant</desc>
<sym>Dot</sym>
<type>food</type>
</wpt>
<wpt lat="48.429228" lon="-123.366605">
<name>Starbucks</name>
<cmt>food</cmt>
<desc>Fast Food / Chain</desc>
<sym>Dot</sym>
<type>food</type>
</wpt>
<wpt lat="48.425774" lon="-123.364774">
<name>Cat's Coffee &amp; Cake</name>
<cmt>coffee</cmt>
<desc>Café / Coffee</desc>
<sym>Dot</sym>
<type>food</type>
</wpt>
<wpt lat="48.429503" lon="-123.366712">
<name>QV Cafe</name>
<cmt>coffee</cmt>
<desc>Café / Coffee</desc>
<sym>Dot</sym>
<type>food</type>
</wpt>
<wpt lat="48.426315" lon="-123.366050">
<name>Giant Bicycles</name>
<cmt>bike_shop</cmt>
<desc>Repair Shop</desc>
<sym>Dot</sym>
<type>gear</type>
</wpt>
<wpt lat="48.429819" lon="-123.366884">
<name>Brasserie L'école</name>
<cmt>food</cmt>
<desc>Restaurant</desc>
<sym>Dot</sym>
<type>food</type>
</wpt>
<wpt lat="48.423781" lon="-123.362904">
<name>Bond Bond's Bakery</name>
<cmt>food</cmt>
<desc>Bakery / Donuts</desc>
<sym>Dot</sym>
<type>food</type>
</wpt>
<wpt lat="48.415575" lon="-123.375650">
<name>Heron Rock Bistro</name>
<cmt>food</cmt>
<desc>Restaurant</desc>
<sym>Dot</sym>
<type>food</type>
</wpt>
<wpt lat="48.423834" lon="-123.362888">
<name>Pho Tru</name>
<cmt>food</cmt>
<desc>Restaurant</desc>
<sym>Dot</sym>
<type>food</type>
</wpt>
<wpt lat="48.424523" lon="-123.363237">
<name>Pho Vy</name>
<cmt>food</cmt>
<desc>Restaurant</desc>
<sym>Dot</sym>
<type>food</type>
</wpt>
<wpt lat="48.423900" lon="-123.362874">
<name>Menbow Ramen Bar</name>
<cmt>food</cmt>
<desc>Restaurant</desc>
<sym>Dot</sym>
<type>food</type>
</wpt>
<wpt lat="48.424248" lon="-123.363037">
<name>Burger Crush</name>
<cmt>food</cmt>
<desc>Restaurant</desc>
<sym>Dot</sym>
<type>food</type>
</wpt>
<wpt lat="48.429485" lon="-123.366601">
<name>Indian Aroma Restaurant</name>
<cmt>food</cmt>
<desc>Restaurant</desc>
<sym>Dot</sym>
<type>food</type>
</wpt>
<wpt lat="48.424513" lon="-123.363142">
<name>Bale Banh Mi Sandwiches</name>
<cmt>convenience_store</cmt>
<desc>Specialty / Health Food</desc>
<sym>Dot</sym>
<type>store</type>
</wpt>
<wpt lat="48.424062" lon="-123.362827">
<name>L'Apéro</name>
<cmt>food</cmt>
<desc>Restaurant</desc>
<sym>Dot</sym>
<type>food</type>
</wpt>
<wpt lat="48.415715" lon="-123.326123">
<name>Abkhazi Garden</name>
<cmt>park</cmt>
<desc>Park / Nature</desc>
<sym>Dot</sym>
<type>rest_area</type>
</wpt>
<wpt lat="48.442534" lon="-123.386426">
<name>The Vic</name>
<cmt>lodging</cmt>
<desc>Hotel / Motel</desc>
<sym>Dot</sym>
<type>shelter</type>
</wpt>
<wpt lat="48.443140" lon="-123.385926">
<name>Hecklers Bar &amp; Grill</name>
<cmt>food</cmt>
<desc>Restaurant</desc>
<sym>Dot</sym>
<type>food</type>
</wpt>
<wpt lat="48.425440" lon="-123.363828">
<name>Empire Donuts</name>
<cmt>food</cmt>
<desc>Bakery / Donuts</desc>
<sym>Dot</sym>
<type>food</type>
</wpt>
<wpt lat="48.447614" lon="-123.369120">
<name>Manchu Wok</name>
<cmt>food</cmt>
<desc>Fast Food / Chain</desc>
<sym>Dot</sym>
<type>food</type>
</wpt>
<wpt lat="48.424222" lon="-123.362763">
<name>Good Ovening Korean Pub and Oven Roasted Chicken</name>
<cmt>food</cmt>
<desc>Restaurant</desc>
<sym>Dot</sym>
<type>food</type>
</wpt>
<wpt lat="48.447700" lon="-123.369066">
<name>KFC</name>
<cmt>food</cmt>
<desc>Fast Food / Chain</desc>
<sym>Dot</sym>
<type>food</type>
</wpt>
<wpt lat="48.415111" lon="-123.374084">
<name>Piggy &amp; Paisley</name>
<cmt>coffee</cmt>
<desc>Café / Coffee</desc>
<sym>Dot</sym>
<type>food</type>
</wpt>
<wpt lat="48.447547" lon="-123.369102">
<name>OPA! Of Greece</name>
<cmt>food</cmt>
<desc>Fast Food / Chain</desc>
<sym>Dot</sym>
<type>food</type>
</wpt>
<wpt lat="48.425504" lon="-123.363812">
<name>Soupa Cafe</name>
<cmt>coffee</cmt>
<desc>Café / Coffee</desc>
<sym>Dot</sym>
<type>food</type>
</wpt>
<wpt lat="48.443152" lon="-123.386035">
<name>Liquor Depot</name>
<cmt>convenience_store</cmt>
<desc>Liquor Store</desc>
<sym>Dot</sym>
<type>store</type>
</wpt>
<wpt lat="48.426589" lon="-123.365998">
<name>Wonderffle Cafe</name>
<cmt>coffee</cmt>
<desc>Café / Coffee</desc>
<sym>Dot</sym>
<type>food</type>
</wpt>
<wpt lat="48.447742" lon="-123.369013">
<name>A&amp;W</name>
<cmt>food</cmt>
<desc>Fast Food / Chain</desc>
<sym>Dot</sym>
<type>food</type>
</wpt>
<wpt lat="48.447483" lon="-123.369068">
<name>Pho Tru</name>
<cmt>food</cmt>
<desc>Fast Food / Chain</desc>
<sym>Dot</sym>
<type>food</type>
</wpt>
<wpt lat="48.423631" lon="-123.362429">
<name>Discovery Coffee</name>
<cmt>coffee</cmt>
<desc>Café / Coffee</desc>
<sym>Dot</sym>
<type>food</type>
</wpt>
<wpt lat="48.415515" lon="-123.374903">
<name>Superior Pizza</name>
<cmt>food</cmt>
<desc>Fast Food / Chain</desc>
<sym>Dot</sym>
<type>food</type>
</wpt>
<wpt lat="48.431983" lon="-123.369484">
<name>The Duke Saloon</name>
<cmt>bar</cmt>
<desc>Brewery / Pub</desc>
<sym>Dot</sym>
<type>food</type>
</wpt>
<wpt lat="48.447760" lon="-123.368932">
<name>Menbow Ramen Express</name>
<cmt>food</cmt>
<desc>Fast Food / Chain</desc>
<sym>Dot</sym>
<type>food</type>
</wpt>
<wpt lat="48.420071" lon="-123.362886">
<name>Tre Fantastico</name>
<cmt>food</cmt>
<desc>Restaurant</desc>
<sym>Dot</sym>
<type>food</type>
</wpt>
<wpt lat="48.447446" lon="-123.369002">
<name>Ono Poke</name>
<cmt>food</cmt>
<desc>Fast Food / Chain</desc>
<sym>Dot</sym>
<type>food</type>
</wpt>
<wpt lat="48.428319" lon="-123.365921">
<name>Victoria City Hall - siʔem tawen'ewtxw</name>
<cmt>rest_stop</cmt>
<desc>Community Centre</desc>
<sym>Dot</sym>
<type>rest_area</type>
</wpt>
<wpt lat="48.446148" lon="-123.369781">
<name>Mr. Pretzels</name>
<cmt>food</cmt>
<desc>Fast Food / Chain</desc>
<sym>Dot</sym>
<type>food</type>
</wpt>
<wpt lat="48.423861" lon="-123.362416">
<name>Yalla</name>
<cmt>food</cmt>
<desc>Restaurant</desc>
<sym>Dot</sym>
<type>food</type>
</wpt>
<wpt lat="48.415860" lon="-123.375367">
<name>Spinnakers Spirit Merchants</name>
<cmt>convenience_store</cmt>
<desc>Liquor Store</desc>
<sym>Dot</sym>
<type>store</type>
</wpt>
<wpt lat="48.447774" lon="-123.368870">
<name>New York Fries</name>
<cmt>food</cmt>
<desc>Fast Food / Chain</desc>
<sym>Dot</sym>
<type>food</type>
</wpt>
<wpt lat="48.420358" lon="-123.362760">
<name>The Parkside Hotel &amp; Spa</name>
<cmt>lodging</cmt>
<desc>Hotel / Motel</desc>
<sym>Dot</sym>
<type>shelter</type>
</wpt>
<wpt lat="48.423928" lon="-123.362400">
<name>La Taquisa</name>
<cmt>food</cmt>
<desc>Restaurant</desc>
<sym>Dot</sym>
<type>food</type>
</wpt>
<wpt lat="48.415664" lon="-123.374981">
<name>James Bay Coffee House</name>
<cmt>coffee</cmt>
<desc>Café / Coffee</desc>
<sym>Dot</sym>
<type>food</type>
</wpt>
<wpt lat="48.423975" lon="-123.362390">
<name>be love</name>
<cmt>food</cmt>
<desc>Restaurant</desc>
<sym>Dot</sym>
<type>food</type>
</wpt>
<wpt lat="48.417183" lon="-123.372668">
<name>Red Barn Market</name>
<cmt>convenience_store</cmt>
<desc>Grocery Store</desc>
<sym>Dot</sym>
<type>store</type>
</wpt>
<wpt lat="48.447864" lon="-123.368783">
<name>H Mart</name>
<cmt>convenience_store</cmt>
<desc>Grocery Store</desc>
<sym>Dot</sym>
<type>store</type>
</wpt>
<wpt lat="48.447382" lon="-123.368906">
<name>Freshly Squeezed</name>
<cmt>food</cmt>
<desc>Fast Food / Chain</desc>
<sym>Dot</sym>
<type>food</type>
</wpt>
<wpt lat="48.424635" lon="-123.362693">
<name>Bobadog Bubble Tea &amp; Hot Dogs</name>
<cmt>food</cmt>
<desc>Restaurant</desc>
<sym>Dot</sym>
<type>food</type>
</wpt>
<wpt lat="48.447751" lon="-123.368774">
<name>Subway</name>
<cmt>food</cmt>
<desc>Fast Food / Chain</desc>
<sym>Dot</sym>
<type>food</type>
</wpt>
<wpt lat="48.447685" lon="-123.368745">
<name>Taco Time</name>
<cmt>food</cmt>
<desc>Fast Food / Chain</desc>
<sym>Dot</sym>
<type>food</type>
</wpt>
<wpt lat="48.423706" lon="-123.362195">
<name>Superflux Cabana</name>
<cmt>bar</cmt>
<desc>Brewery / Pub</desc>
<sym>Dot</sym>
<type>food</type>
</wpt>
<wpt lat="48.426051" lon="-123.364187">
<name>Haunted Manor Mini-Golf &amp; Ping-Pong</name>
<cmt>bar</cmt>
<desc>Brewery / Pub</desc>
<sym>Dot</sym>
<type>food</type>
</wpt>
<wpt lat="48.426520" lon="-123.365111">
<name>Circle K</name>
<cmt>convenience_store</cmt>
<desc>Convenience Store</desc>
<sym>Dot</sym>
<type>store</type>
</wpt>
<wpt lat="48.429490" lon="-123.365954">
<name>Bao</name>
<cmt>food</cmt>
<desc>Restaurant</desc>
<sym>Dot</sym>
<type>food</type>
</wpt>
<wpt lat="48.425098" lon="-123.362960">
<name>The Coda</name>
<cmt>bar</cmt>
<desc>Brewery / Pub</desc>
<sym>Dot</sym>
<type>food</type>
</wpt>
<wpt lat="48.425787" lon="-123.363735">
<name>Dosa Paragon</name>
<cmt>food</cmt>
<desc>Restaurant</desc>
<sym>Dot</sym>
<type>food</type>
</wpt>
<wpt lat="48.445343" lon="-123.370214">
<name>Starbucks</name>
<cmt>food</cmt>
<desc>Fast Food / Chain</desc>
<sym>Dot</sym>
<type>food</type>
</wpt>
<wpt lat="48.424749" lon="-123.362640">
<name>Italian Food Imports</name>
<cmt>convenience_store</cmt>
<desc>Specialty / Health Food</desc>
<sym>Dot</sym>
<type>store</type>
</wpt>
<wpt lat="48.425824" lon="-123.363726">
<name>Sushi Time Express</name>
<cmt>food</cmt>
<desc>Fast Food / Chain</desc>
<sym>Dot</sym>
<type>food</type>
</wpt>
<wpt lat="48.441116" lon="-123.373705">
<name>Heavenly Desserts</name>
<cmt>coffee</cmt>
<desc>Café / Coffee</desc>
<sym>Dot</sym>
<type>food</type>
</wpt>
<wpt lat="48.431393" lon="-123.367596">
<name>Sports Rent</name>
<cmt>bike_shop</cmt>
<desc>Repair Shop</desc>
<sym>Dot</sym>
<type>gear</type>
</wpt>
<wpt lat="48.425089" lon="-123.362838">
<name>Hermann's Jazz Club</name>
<cmt>bar</cmt>
<desc>Brewery / Pub</desc>
<sym>Dot</sym>
<type>food</type>
</wpt>
<wpt lat="48.447407" lon="-123.368684">
<name>The Big Orange Juice Bar</name>
<cmt>food</cmt>
<desc>Fast Food / Chain</desc>
<sym>Dot</sym>
<type>food</type>
</wpt>
<wpt lat="48.428400" lon="-123.365600">
<name>velofix</name>
<cmt>bike_shop</cmt>
<desc>Repair Shop</desc>
<sym>Dot</sym>
<type>gear</type>
</wpt>
<wpt lat="48.427557" lon="-123.365701">
<name>Best Western Plus Carlton Plaza</name>
<cmt>lodging</cmt>
<desc>Hotel / Motel</desc>
<sym>Dot</sym>
<type>shelter</type>
</wpt>
<wpt lat="48.426029" lon="-123.363924">
<name>Interactivity Board Game Cafe</name>
<cmt>coffee</cmt>
<desc>Café / Coffee</desc>
<sym>Dot</sym>
<type>food</type>
</wpt>
<wpt lat="48.424167" lon="-123.362200">
<name>Fish Hook</name>
<cmt>food</cmt>
<desc>Restaurant</desc>
<sym>Dot</sym>
<type>food</type>
</wpt>
<wpt lat="48.416231" lon="-123.326382">
<name>The Teahouse at Abkhazi Garden</name>
<cmt>coffee</cmt>
<desc>Café / Coffee</desc>
<sym>Dot</sym>
<type>food</type>
</wpt>
<wpt lat="48.447285" lon="-123.368674">
<name>Starbucks</name>
<cmt>food</cmt>
<desc>Fast Food / Chain</desc>
<sym>Dot</sym>
<type>food</type>
</wpt>
<wpt lat="48.441096" lon="-123.373571">
<name>Subway</name>
<cmt>food</cmt>
<desc>Fast Food / Chain</desc>
<sym>Dot</sym>
<type>food</type>
</wpt>
<wpt lat="48.426015" lon="-123.363786">
<name>Saint Franks</name>
<cmt>food</cmt>
<desc>Restaurant</desc>
<sym>Dot</sym>
<type>food</type>
</wpt>
<wpt lat="48.424451" lon="-123.362260">
<name>Subway</name>
<cmt>food</cmt>
<desc>Fast Food / Chain</desc>
<sym>Dot</sym>
<type>food</type>
</wpt>
<wpt lat="48.415309" lon="-123.373482">
<name>The Bent Mast</name>
<cmt>bar</cmt>
<desc>Brewery / Pub</desc>
<sym>Dot</sym>
<type>food</type>
</wpt>
<wpt lat="48.435544" lon="-123.373350">
<name>Greek On the Street</name>
<cmt>food</cmt>
<desc>Restaurant</desc>
<sym>Dot</sym>
<type>food</type>
</wpt>
<wpt lat="48.424989" lon="-123.362610">
<name>Sarpino's Pizza</name>
<cmt>food</cmt>
<desc>Restaurant</desc>
<sym>Dot</sym>
<type>food</type>
</wpt>
<wpt lat="48.424153" lon="-123.362076">
<name>Original Pho</name>
<cmt>food</cmt>
<desc>Restaurant</desc>
<sym>Dot</sym>
<type>food</type>
</wpt>
<wpt lat="48.437104" lon="-123.373611">
<name>Hoyne Brewing Company</name>
<cmt>bar</cmt>
<desc>Brewery / Pub</desc>
<sym>Dot</sym>
<type>food</type>
</wpt>
<wpt lat="48.427702" lon="-123.365489">
<name>Broad Street Cycles</name>
<cmt>bike_shop</cmt>
<desc>Repair Shop</desc>
<sym>Dot</sym>
<type>gear</type>
</wpt>
<wpt lat="48.426422" lon="-123.364358">
<name>Bulk Barn</name>
<cmt>convenience_store</cmt>
<desc>Grocery Store</desc>
<sym>Dot</sym>
<type>store</type>
</wpt>
<wpt lat="48.436749" lon="-123.373430">
<name>Parachute</name>
<cmt>food</cmt>
<desc>Ice Cream</desc>
<sym>Dot</sym>
<type>food</type>
</wpt>
<wpt lat="48.413796" lon="-123.369672">
<name>Emily Carr House</name>
<cmt>monument</cmt>
<desc>Museum / Gallery</desc>
<sym>Dot</sym>
<type>info</type>
</wpt>
<wpt lat="48.424656" lon="-123.362210">
<name>Shiki Sushi</name>
<cmt>food</cmt>
<desc>Restaurant</desc>
<sym>Dot</sym>
<type>food</type>
</wpt>
<wpt lat="48.413808" lon="-123.356601">
<name>Thunderbird</name>
<cmt>food</cmt>
<desc>Restaurant</desc>
<sym>Dot</sym>
<type>food</type>
</wpt>
<wpt lat="48.436422" lon="-123.373231">
<name>Cit-E Cycles</name>
<cmt>bike_shop</cmt>
<desc>Repair Shop</desc>
<sym>Dot</sym>
<type>gear</type>
</wpt>
<wpt lat="48.424743" lon="-123.362200">
<name>Baan Thai</name>
<cmt>food</cmt>
<desc>Restaurant</desc>
<sym>Dot</sym>
<type>food</type>
</wpt>
<wpt lat="48.414106" lon="-123.356909">
<name>Pizzeria PrimaStrada</name>
<cmt>food</cmt>
<desc>Restaurant</desc>
<sym>Dot</sym>
<type>food</type>
</wpt>
<wpt lat="48.426700" lon="-123.364614">
<name>Hope Key</name>
<cmt>food</cmt>
<desc>Restaurant</desc>
<sym>Dot</sym>
<type>food</type>
</wpt>
<wpt lat="48.381049" lon="-123.723445">
<name>Sooke Library Branch</name>
<cmt>library</cmt>
<desc>Library</desc>
<sym>Dot</sym>
<type>info</type>
</wpt>
<wpt lat="48.381944" lon="-123.709418">
<name>Seascape</name>
<cmt>lodging</cmt>
<desc>Hotel / Motel</desc>
<sym>Dot</sym>
<type>shelter</type>
</wpt>
<wpt lat="48.389906" lon="-123.678754">
<name>Seek &amp; Surf</name>
<cmt>convenience_store</cmt>
<desc>Outdoor Gear</desc>
<sym>Dot</sym>
<type>store</type>
</wpt>
<wpt lat="48.385181" lon="-123.703091">
<name>Castle Liquor Store</name>
<cmt>convenience_store</cmt>
<desc>Liquor Store</desc>
<sym>Dot</sym>
<type>store</type>
</wpt>
<wpt lat="48.389793" lon="-123.678668">
<name>The Bike Shack</name>
<cmt>bike_shop</cmt>
<desc>Repair Shop</desc>
<sym>Dot</sym>
<type>gear</type>
</wpt>
<wpt lat="48.379134" lon="-123.719067">
<name>On The Run (Chevron)</name>
<cmt>convenience_store</cmt>
<desc>Convenience Store</desc>
<sym>Dot</sym>
<type>store</type>
</wpt>
<wpt lat="48.463032" lon="-123.740113">
<name>Spring Salmon Place Campground</name>
<cmt>camping</cmt>
<desc>Private Campground</desc>
<sym>Dot</sym>
<type>campsite</type>
</wpt>
<wpt lat="48.389705" lon="-123.678588">
<name>Sooke Oceanside Brewery</name>
<cmt>bar</cmt>
<desc>Brewery / Pub</desc>
<sym>Dot</sym>
<type>food</type>
</wpt>
<wpt lat="48.414483" lon="-123.706329">
<name>Charters River Salmon Interpretive Centre</name>
<cmt>generic</cmt>
<desc>Visitor Centre</desc>
<sym>Dot</sym>
<type>generic</type>
</wpt>
<wpt lat="48.384299" lon="-123.706410">
<name>Sooke Region Museum</name>
<cmt>monument</cmt>
<desc>Museum / Gallery</desc>
<sym>Dot</sym>
<type>info</type>
</wpt>
<wpt lat="48.394021" lon="-123.655720">
<name>Stickleback West Coast Eatery</name>
<cmt>food</cmt>
<desc>Restaurant</desc>
<sym>Dot</sym>
<type>food</type>
</wpt>
<wpt lat="48.390640" lon="-123.664360">
<name>Sunny Shores Resort &amp; Marina</name>
<cmt>lodging</cmt>
<desc>Hotel / Motel</desc>
<sym>Dot</sym>
<type>shelter</type>
</wpt>
<wpt lat="48.378238" lon="-123.719812">
<name>The Lazy Gecko</name>
<cmt>food</cmt>
<desc>Restaurant</desc>
<sym>Dot</sym>
<type>food</type>
</wpt>
<wpt lat="48.393222" lon="-123.659647">
<name>Daniel's Market</name>
<cmt>convenience_store</cmt>
<desc>Convenience Store</desc>
<sym>Dot</sym>
<type>store</type>
</wpt>
<wpt lat="48.394234" lon="-123.664694">
<name>Ayum Creek Regional Park Reserve</name>
<cmt>park</cmt>
<desc>Park / Nature</desc>
<sym>Dot</sym>
<type>rest_area</type>
</wpt>
<wpt lat="48.379955" lon="-123.721908">
<name>Western Foods</name>
<cmt>convenience_store</cmt>
<desc>Grocery Store</desc>
<sym>Dot</sym>
<type>store</type>
</wpt>
<wpt lat="48.379680" lon="-123.721196">
<name>Subway</name>
<cmt>food</cmt>
<desc>Fast Food / Chain</desc>
<sym>Dot</sym>
<type>food</type>
</wpt>
<wpt lat="48.379038" lon="-123.720780">
<name>Tim Hortons</name>
<cmt>food</cmt>
<desc>Fast Food / Chain</desc>
<sym>Dot</sym>
<type>food</type>
</wpt>
<wpt lat="48.379493" lon="-123.721153">
<name>Sooke 2-4-1 Pizza</name>
<cmt>food</cmt>
<desc>Restaurant</desc>
<sym>Dot</sym>
<type>food</type>
</wpt>
<wpt lat="48.379249" lon="-123.721294">
<name>BC Liquor</name>
<cmt>convenience_store</cmt>
<desc>Liquor Store</desc>
<sym>Dot</sym>
<type>store</type>
</wpt>
<wpt lat="48.378804" lon="-123.722347">
<name>A&amp;W</name>
<cmt>food</cmt>
<desc>Fast Food / Chain</desc>
<sym>Dot</sym>
<type>food</type>
</wpt>
<wpt lat="48.387761" lon="-123.705522">
<name>Sooke River Campground</name>
<cmt>camping</cmt>
<desc>Private Campground</desc>
<sym>Dot</sym>
<type>campsite</type>
</wpt>
<wpt lat="48.378398" lon="-123.722841">
<name>India Delight Bistro &amp; Bar</name>
<cmt>food</cmt>
<desc>Restaurant</desc>
<sym>Dot</sym>
<type>food</type>
</wpt>
<wpt lat="48.377791" lon="-123.721805">
<name>Village Food Markets</name>
<cmt>convenience_store</cmt>
<desc>Grocery Store</desc>
<sym>Dot</sym>
<type>store</type>
</wpt>
<wpt lat="48.377988" lon="-123.723448">
<name>Route 14</name>
<cmt>bar</cmt>
<desc>Brewery / Pub</desc>
<sym>Dot</sym>
<type>food</type>
</wpt>
<wpt lat="48.377729" lon="-123.722071">
<name>Serious Coffee</name>
<cmt>coffee</cmt>
<desc>Café / Coffee</desc>
<sym>Dot</sym>
<type>food</type>
</wpt>
<wpt lat="48.377612" lon="-123.724628">
<name>Cafe Vosino</name>
<cmt>coffee</cmt>
<desc>Café / Coffee</desc>
<sym>Dot</sym>
<type>food</type>
</wpt>
<wpt lat="48.377651" lon="-123.724424">
<name>Stick In The Mud Roastorium</name>
<cmt>coffee</cmt>
<desc>Café / Coffee</desc>
<sym>Dot</sym>
<type>food</type>
</wpt>
<wpt lat="48.377712" lon="-123.722135">
<name>Hara Sushi</name>
<cmt>food</cmt>
<desc>Restaurant</desc>
<sym>Dot</sym>
<type>food</type>
</wpt>
<wpt lat="48.377522" lon="-123.724167">
<name>South Shore Gallery</name>
<cmt>monument</cmt>
<desc>Museum / Gallery</desc>
<sym>Dot</sym>
<type>info</type>
</wpt>
<wpt lat="48.377644" lon="-123.722386">
<name>McDonald's</name>
<cmt>food</cmt>
<desc>Fast Food / Chain</desc>
<sym>Dot</sym>
<type>food</type>
</wpt>
<wpt lat="48.377164" lon="-123.725610">
<name>Mom's Cafe</name>
<cmt>food</cmt>
<desc>Restaurant</desc>
<sym>Dot</sym>
<type>food</type>
</wpt>
<wpt lat="48.377390" lon="-123.724076">
<name>Happy Village Restaurant</name>
<cmt>food</cmt>
<desc>Restaurant</desc>
<sym>Dot</sym>
<type>food</type>
</wpt>
<wpt lat="48.377165" lon="-123.724587">
<name>Kelz Sweet &amp; Savory Bake Shop</name>
<cmt>food</cmt>
<desc>Bakery / Donuts</desc>
<sym>Dot</sym>
<type>food</type>
</wpt>
<wpt lat="48.386332" lon="-123.709142">
<name>Seaparc Leisure Complex</name>
<cmt>rest_stop</cmt>
<desc>Community Centre</desc>
<sym>Dot</sym>
<type>rest_area</type>
</wpt>
<wpt lat="48.377065" lon="-123.724684">
<name>West Coast Natural Foods</name>
<cmt>convenience_store</cmt>
<desc>Specialty / Health Food</desc>
<sym>Dot</sym>
<type>store</type>
</wpt>
<wpt lat="48.377125" lon="-123.723406">
<name>Up Sooke Eatery</name>
<cmt>food</cmt>
<desc>Restaurant</desc>
<sym>Dot</sym>
<type>food</type>
</wpt>
<wpt lat="48.376929" lon="-123.723730">
<name>Pizzability</name>
<cmt>food</cmt>
<desc>Fast Food / Chain</desc>
<sym>Dot</sym>
<type>food</type>
</wpt>
<wpt lat="48.376209" lon="-123.725241">
<name>Little Vienna Bakery</name>
<cmt>food</cmt>
<desc>Bakery / Donuts</desc>
<sym>Dot</sym>
<type>food</type>
</wpt>
<wpt lat="48.579723" lon="-123.398764">
<name>Heritage Acres</name>
<cmt>monument</cmt>
<desc>Museum / Gallery</desc>
<sym>Dot</sym>
<type>info</type>
</wpt>
<wpt lat="48.593260" lon="-123.397712">
<name>McDonald's</name>
<cmt>food</cmt>
<desc>Fast Food / Chain</desc>
<sym>Dot</sym>
<type>food</type>
</wpt>
<wpt lat="48.597034" lon="-123.394904">
<name>Marigold Cafe</name>
<cmt>coffee</cmt>
<desc>Café / Coffee</desc>
<sym>Dot</sym>
<type>food</type>
</wpt>
<wpt lat="48.593732" lon="-123.397034">
<name>Tim Hortons</name>
<cmt>food</cmt>
<desc>Fast Food / Chain</desc>
<sym>Dot</sym>
<type>food</type>
</wpt>
<wpt lat="48.571838" lon="-123.396201">
<name>Harvest Rd.</name>
<cmt>food</cmt>
<desc>Restaurant</desc>
<sym>Dot</sym>
<type>food</type>
</wpt>
<wpt lat="48.572113" lon="-123.396613">
<name>Michell's Farm Market</name>
<cmt>convenience_store</cmt>
<desc>Farmers' Market</desc>
<sym>Dot</sym>
<type>store</type>
</wpt>
<wpt lat="48.594710" lon="-123.396736">
<name>Quality Inn Waddling Dog</name>
<cmt>lodging</cmt>
<desc>Hotel / Motel</desc>
<sym>Dot</sym>
<type>shelter</type>
</wpt>
<wpt lat="48.592888" lon="-123.397046">
<name>Super 8 Saanichton Victoria Airport</name>
<cmt>lodging</cmt>
<desc>Hotel / Motel</desc>
<sym>Dot</sym>
<type>shelter</type>
</wpt>
<wpt lat="48.592327" lon="-123.400374">
<name>Motel 6 Saanichton, BC - Victoria Airport</name>
<cmt>lodging</cmt>
<desc>Hotel / Motel</desc>
<sym>Dot</sym>
<type>shelter</type>
</wpt>
<wpt lat="48.595074" lon="-123.397015">
<name>Waddling Dog</name>
<cmt>food</cmt>
<desc>Restaurant</desc>
<sym>Dot</sym>
<type>food</type>
</wpt>
<wpt lat="48.575413" lon="-123.402588">
<name>Silver Rill Corn &amp; Produce Market</name>
<cmt>convenience_store</cmt>
<desc>Grocery Store</desc>
<sym>Dot</sym>
<type>store</type>
</wpt>
<wpt lat="48.572305" lon="-123.402668">
<name>Tonolli's Deli &amp; Café</name>
<cmt>food</cmt>
<desc>Restaurant</desc>
<sym>Dot</sym>
<type>food</type>
</wpt>
<wpt lat="48.451632" lon="-123.376009">
<name>Red Lion Inn &amp; Suites</name>
<cmt>lodging</cmt>
<desc>Hotel / Motel</desc>
<sym>Dot</sym>
<type>shelter</type>
</wpt>
<wpt lat="48.452649" lon="-123.422002">
<name>Craigflower Schoolhouse</name>
<cmt>monument</cmt>
<desc>Museum / Gallery</desc>
<sym>Dot</sym>
<type>info</type>
</wpt>
<wpt lat="48.469393" lon="-123.361675">
<name>BC Liquor Store</name>
<cmt>convenience_store</cmt>
<desc>Liquor Store</desc>
<sym>Dot</sym>
<type>store</type>
</wpt>
<wpt lat="48.529570" lon="-123.373317">
<name>Adrienne's Restaurant &amp; Tea Garden</name>
<cmt>coffee</cmt>
<desc>Café / Coffee</desc>
<sym>Dot</sym>
<type>food</type>
</wpt>
<wpt lat="48.452330" lon="-123.376239">
<name>Delicious Pizza &amp; Pasta</name>
<cmt>food</cmt>
<desc>Restaurant</desc>
<sym>Dot</sym>
<type>food</type>
</wpt>
<wpt lat="48.461501" lon="-123.297314">
<name>Thai Lemongrass</name>
<cmt>food</cmt>
<desc>Restaurant</desc>
<sym>Dot</sym>
<type>food</type>
</wpt>
<wpt lat="48.471496" lon="-123.361204">
<name>The Monkey Tree Pub</name>
<cmt>bar</cmt>
<desc>Brewery / Pub</desc>
<sym>Dot</sym>
<type>food</type>
</wpt>
<wpt lat="48.529353" lon="-123.372990">
<name>Redbarn Market</name>
<cmt>convenience_store</cmt>
<desc>Grocery Store</desc>
<sym>Dot</sym>
<type>store</type>
</wpt>
<wpt lat="48.457808" lon="-123.376916">
<name>Starbucks</name>
<cmt>food</cmt>
<desc>Fast Food / Chain</desc>
<sym>Dot</sym>
<type>food</type>
</wpt>
<wpt lat="48.461150" lon="-123.296667">
<name>Smuggler's Cove Liquor Store</name>
<cmt>convenience_store</cmt>
<desc>Liquor Store</desc>
<sym>Dot</sym>
<type>store</type>
</wpt>
<wpt lat="48.458015" lon="-123.376772">
<name>Big Wheel Burger</name>
<cmt>food</cmt>
<desc>Fast Food / Chain</desc>
<sym>Dot</sym>
<type>food</type>
</wpt>
<wpt lat="48.470702" lon="-123.360905">
<name>Subway</name>
<cmt>food</cmt>
<desc>Fast Food / Chain</desc>
<sym>Dot</sym>
<type>food</type>
</wpt>
<wpt lat="48.458369" lon="-123.376427">
<name>Yoshi Sushi</name>
<cmt>food</cmt>
<desc>Restaurant</desc>
<sym>Dot</sym>
<type>food</type>
</wpt>
<wpt lat="48.460952" lon="-123.296921">
<name>Pepper's Foods</name>
<cmt>convenience_store</cmt>
<desc>Grocery Store</desc>
<sym>Dot</sym>
<type>store</type>
</wpt>
<wpt lat="48.470740" lon="-123.360660">
<name>Panago</name>
<cmt>food</cmt>
<desc>Fast Food / Chain</desc>
<sym>Dot</sym>
<type>food</type>
</wpt>
<wpt lat="48.460997" lon="-123.296658">
<name>Smuggler's Cove</name>
<cmt>bar</cmt>
<desc>Brewery / Pub</desc>
<sym>Dot</sym>
<type>food</type>
</wpt>
<wpt lat="48.453233" lon="-123.376323">
<name>Subway</name>
<cmt>food</cmt>
<desc>Fast Food / Chain</desc>
<sym>Dot</sym>
<type>food</type>
</wpt>
<wpt lat="48.469539" lon="-123.362556">
<name>Ali Baba's</name>
<cmt>food</cmt>
<desc>Fast Food / Chain</desc>
<sym>Dot</sym>
<type>food</type>
</wpt>
<wpt lat="48.469210" lon="-123.362799">
<name>Starbucks</name>
<cmt>food</cmt>
<desc>Fast Food / Chain</desc>
<sym>Dot</sym>
<type>food</type>
</wpt>
<wpt lat="48.461389" lon="-123.297971">
<name>Mutsuki-An Japanese Restaurant</name>
<cmt>food</cmt>
<desc>Restaurant</desc>
<sym>Dot</sym>
<type>food</type>
</wpt>
<wpt lat="48.469444" lon="-123.361063">
<name>Tim Hortons</name>
<cmt>food</cmt>
<desc>Fast Food / Chain</desc>
<sym>Dot</sym>
<type>food</type>
</wpt>
<wpt lat="48.468666" lon="-123.363206">
<name>White Spot</name>
<cmt>food</cmt>
<desc>Fast Food / Chain</desc>
<sym>Dot</sym>
<type>food</type>
</wpt>
<wpt lat="48.457345" lon="-123.376006">
<name>Tim Hortons</name>
<cmt>food</cmt>
<desc>Fast Food / Chain</desc>
<sym>Dot</sym>
<type>food</type>
</wpt>
<wpt lat="48.469933" lon="-123.362532">
<name>London Drugs</name>
<cmt>convenience_store</cmt>
<desc>General merchandise</desc>
<sym>Dot</sym>
<type>store</type>
</wpt>
<wpt lat="48.451556" lon="-123.375120">
<name>Jade Fountain Restaurant</name>
<cmt>food</cmt>
<desc>Restaurant</desc>
<sym>Dot</sym>
<type>food</type>
</wpt>
<wpt lat="48.501795" lon="-123.344555">
<name>Seaview Suites</name>
<cmt>lodging</cmt>
<desc>Hotel / Motel</desc>
<sym>Dot</sym>
<type>shelter</type>
</wpt>
<wpt lat="48.469222" lon="-123.363191">
<name>Thrifty Foods Quadra</name>
<cmt>convenience_store</cmt>
<desc>Grocery Store</desc>
<sym>Dot</sym>
<type>store</type>
</wpt>
<wpt lat="48.455883" lon="-123.376643">
<name>Brown's Social House</name>
<cmt>food</cmt>
<desc>Restaurant</desc>
<sym>Dot</sym>
<type>food</type>
</wpt>
<wpt lat="48.456331" lon="-123.376368">
<name>Whole Foods Market</name>
<cmt>convenience_store</cmt>
<desc>Grocery Store</desc>
<sym>Dot</sym>
<type>store</type>
</wpt>
<wpt lat="48.454442" lon="-123.375862">
<name>Canadian Brewhouse &amp; Grill</name>
<cmt>bar</cmt>
<desc>Brewery / Pub</desc>
<sym>Dot</sym>
<type>food</type>
</wpt>
<wpt lat="48.454240" lon="-123.375719">
<name>The Chopped Leaf</name>
<cmt>food</cmt>
<desc>Restaurant</desc>
<sym>Dot</sym>
<type>food</type>
</wpt>
<wpt lat="48.469885" lon="-123.363343">
<name>Liquor Plus</name>
<cmt>convenience_store</cmt>
<desc>Liquor Store</desc>
<sym>Dot</sym>
<type>store</type>
</wpt>
<wpt lat="48.454084" lon="-123.375639">
<name>Noodle Box</name>
<cmt>food</cmt>
<desc>Restaurant</desc>
<sym>Dot</sym>
<type>food</type>
</wpt>
<wpt lat="48.466310" lon="-123.362007">
<name>Phoenix Pub &amp; Grill</name>
<cmt>bar</cmt>
<desc>Brewery / Pub</desc>
<sym>Dot</sym>
<type>food</type>
</wpt>
<wpt lat="48.450645" lon="-123.373673">
<name>A&amp;W</name>
<cmt>food</cmt>
<desc>Fast Food / Chain</desc>
<sym>Dot</sym>
<type>food</type>
</wpt>
<wpt lat="48.455359" lon="-123.375731">
<name>Power House Living Foods Co.</name>
<cmt>food</cmt>
<desc>Restaurant</desc>
<sym>Dot</sym>
<type>food</type>
</wpt>
<wpt lat="48.455280" lon="-123.375664">
<name>Hey Happy</name>
<cmt>coffee</cmt>
<desc>Café / Coffee</desc>
<sym>Dot</sym>
<type>food</type>
</wpt>
<wpt lat="48.455125" lon="-123.375533">
<name>roast</name>
<cmt>food</cmt>
<desc>Fast Food / Chain</desc>
<sym>Dot</sym>
<type>food</type>
</wpt>
<wpt lat="48.447825" lon="-123.373006">
<name>Domino's</name>
<cmt>food</cmt>
<desc>Fast Food / Chain</desc>
<sym>Dot</sym>
<type>food</type>
</wpt>
<wpt lat="48.455072" lon="-123.375478">
<name>Starbucks</name>
<cmt>food</cmt>
<desc>Fast Food / Chain</desc>
<sym>Dot</sym>
<type>food</type>
</wpt>
<wpt lat="48.465871" lon="-123.361936">
<name>The Keg</name>
<cmt>food</cmt>
<desc>Restaurant</desc>
<sym>Dot</sym>
<type>food</type>
</wpt>
<wpt lat="48.460846" lon="-123.400116">
<name>Trini to D Bone</name>
<cmt>food</cmt>
<desc>Restaurant</desc>
<sym>Dot</sym>
<type>food</type>
</wpt>
<wpt lat="48.469744" lon="-123.364086">
<name>Dairy Queen</name>
<cmt>food</cmt>
<desc>Ice Cream</desc>
<sym>Dot</sym>
<type>food</type>
</wpt>
<wpt lat="48.455406" lon="-123.375375">
<name>Puerto Vallarta Amigos</name>
<cmt>food</cmt>
<desc>Fast Food / Chain</desc>
<sym>Dot</sym>
<type>food</type>
</wpt>
<wpt lat="48.455483" lon="-123.375363">
<name>Cascadia Liquor Store</name>
<cmt>convenience_store</cmt>
<desc>Liquor Store</desc>
<sym>Dot</sym>
<type>store</type>
</wpt>
<wpt lat="48.455245" lon="-123.375249">
<name>Crust Bakery</name>
<cmt>food</cmt>
<desc>Bakery / Donuts</desc>
<sym>Dot</sym>
<type>food</type>
</wpt>
<wpt lat="48.458247" lon="-123.378884">
<name>Tim Hortons</name>
<cmt>food</cmt>
<desc>Fast Food / Chain</desc>
<sym>Dot</sym>
<type>food</type>
</wpt>
<wpt lat="48.458257" lon="-123.378938">
<name>7-Eleven</name>
<cmt>convenience_store</cmt>
<desc>Convenience Store</desc>
<sym>Dot</sym>
<type>store</type>
</wpt>
<wpt lat="48.466329" lon="-123.361298">
<name>Anar Food and Grocery</name>
<cmt>convenience_store</cmt>
<desc>Convenience Store</desc>
<sym>Dot</sym>
<type>store</type>
</wpt>
<wpt lat="48.454211" lon="-123.374833">
<name>Erito Sushi</name>
<cmt>food</cmt>
<desc>Restaurant</desc>
<sym>Dot</sym>
<type>food</type>
</wpt>
<wpt lat="48.454117" lon="-123.374600">
<name>Rhino</name>
<cmt>coffee</cmt>
<desc>Café / Coffee</desc>
<sym>Dot</sym>
<type>food</type>
</wpt>
<wpt lat="48.454272" lon="-123.374642">
<name>Ono Poké</name>
<cmt>food</cmt>
<desc>Restaurant</desc>
<sym>Dot</sym>
<type>food</type>
</wpt>
<wpt lat="48.448553" lon="-123.372224">
<name>Tim Hortons</name>
<cmt>food</cmt>
<desc>Fast Food / Chain</desc>
<sym>Dot</sym>
<type>food</type>
</wpt>
<wpt lat="48.448129" lon="-123.372196">
<name>7-Eleven</name>
<cmt>convenience_store</cmt>
<desc>Convenience Store</desc>
<sym>Dot</sym>
<type>store</type>
</wpt>
<wpt lat="48.454853" lon="-123.374366">
<name>Walmart</name>
<cmt>convenience_store</cmt>
<desc>Grocery Store</desc>
<sym>Dot</sym>
<type>store</type>
</wpt>
<wpt lat="48.456288" lon="-123.393528">
<name>Des Panjaab</name>
<cmt>food</cmt>
<desc>Restaurant</desc>
<sym>Dot</sym>
<type>food</type>
</wpt>
<wpt lat="48.456277" lon="-123.392839">
<name>Mr. Tubbs Ice Cream</name>
<cmt>food</cmt>
<desc>Ice Cream</desc>
<sym>Dot</sym>
<type>food</type>
</wpt>
<wpt lat="48.456272" lon="-123.392700">
<name>Cosmos Pizza &amp; Pasta</name>
<cmt>food</cmt>
<desc>Restaurant</desc>
<sym>Dot</sym>
<type>food</type>
</wpt>
<wpt lat="48.456448" lon="-123.373667">
<name>Boston Pizza</name>
<cmt>food</cmt>
<desc>Fast Food / Chain</desc>
<sym>Dot</sym>
<type>food</type>
</wpt>
<wpt lat="48.455808" lon="-123.373937">
<name>Emily Carr Library Branch</name>
<cmt>library</cmt>
<desc>Library</desc>
<sym>Dot</sym>
<type>info</type>
</wpt>
<wpt lat="48.456289" lon="-123.373367">
<name>The Liquor Co. 1977</name>
<cmt>convenience_store</cmt>
<desc>Liquor Store</desc>
<sym>Dot</sym>
<type>store</type>
</wpt>
<wpt lat="48.454338" lon="-123.373424">
<name>McDonald's</name>
<cmt>food</cmt>
<desc>Fast Food / Chain</desc>
<sym>Dot</sym>
<type>food</type>
</wpt>
<wpt lat="48.455847" lon="-123.395658">
<name>Montana's</name>
<cmt>food</cmt>
<desc>Restaurant</desc>
<sym>Dot</sym>
<type>food</type>
</wpt>
<wpt lat="48.456780" lon="-123.372297">
<name>Save-On-Foods</name>
<cmt>convenience_store</cmt>
<desc>Grocery Store</desc>
<sym>Dot</sym>
<type>store</type>
</wpt>
<wpt lat="48.452251" lon="-123.381031">
<name>Uptown Bistro</name>
<cmt>food</cmt>
<desc>Restaurant</desc>
<sym>Dot</sym>
<type>food</type>
</wpt>
<wpt lat="48.486572" lon="-123.355174">
<name>Madrona Farm</name>
<cmt>convenience_store</cmt>
<desc>Farmers' Market</desc>
<sym>Dot</sym>
<type>store</type>
</wpt>
<wpt lat="48.455139" lon="-123.395187">
<name>London Drugs</name>
<cmt>convenience_store</cmt>
<desc>General merchandise</desc>
<sym>Dot</sym>
<type>store</type>
</wpt>
<wpt lat="48.449706" lon="-123.369246">
<name>Lot 1 Pasta Bar</name>
<cmt>food</cmt>
<desc>Restaurant</desc>
<sym>Dot</sym>
<type>food</type>
</wpt>
<wpt lat="48.454724" lon="-123.395649">
<name>Starbucks</name>
<cmt>food</cmt>
<desc>Fast Food / Chain</desc>
<sym>Dot</sym>
<type>food</type>
</wpt>
<wpt lat="48.449752" lon="-123.369051">
<name>Royal Spice Fine Indian Cuisine</name>
<cmt>food</cmt>
<desc>Restaurant</desc>
<sym>Dot</sym>
<type>food</type>
</wpt>
<wpt lat="48.472436" lon="-123.352231">
<name>The Root Cellar</name>
<cmt>convenience_store</cmt>
<desc>Grocery Store</desc>
<sym>Dot</sym>
<type>store</type>
</wpt>
<wpt lat="48.477730" lon="-123.353599">
<name>Galey Farms</name>
<cmt>convenience_store</cmt>
<desc>Farmers' Market</desc>
<sym>Dot</sym>
<type>store</type>
</wpt>
<wpt lat="48.448445" lon="-123.368945">
<name>Red Robin</name>
<cmt>food</cmt>
<desc>Restaurant</desc>
<sym>Dot</sym>
<type>food</type>
</wpt>
<wpt lat="48.454490" lon="-123.396101">
<name>Winners</name>
<cmt>convenience_store</cmt>
<desc>Grocery Store</desc>
<sym>Dot</sym>
<type>store</type>
</wpt>
<wpt lat="48.454450" lon="-123.394770">
<name>Save-On-Foods</name>
<cmt>convenience_store</cmt>
<desc>Grocery Store</desc>
<sym>Dot</sym>
<type>store</type>
</wpt>
<wpt lat="48.433089" lon="-123.525337">
<name>Green Man Bikes</name>
<cmt>bike_shop</cmt>
<desc>Repair Shop</desc>
<sym>Dot</sym>
<type>gear</type>
</wpt>
<wpt lat="48.434485" lon="-123.515355">
<name>My Name Is Sushi</name>
<cmt>food</cmt>
<desc>Restaurant</desc>
<sym>Dot</sym>
<type>food</type>
</wpt>
<wpt lat="48.434345" lon="-123.515466">
<name>Circle K</name>
<cmt>convenience_store</cmt>
<desc>Convenience Store</desc>
<sym>Dot</sym>
<type>store</type>
</wpt>
<wpt lat="48.438464" lon="-123.505800">
<name>WestShore Bicycles</name>
<cmt>bike_shop</cmt>
<desc>Repair Shop</desc>
<sym>Dot</sym>
<type>gear</type>
</wpt>
<wpt lat="48.422909" lon="-123.532591">
<name>Happy Valley Market</name>
<cmt>convenience_store</cmt>
<desc>Convenience Store</desc>
<sym>Dot</sym>
<type>store</type>
</wpt>
<wpt lat="48.438678" lon="-123.506078">
<name>Tacofino</name>
<cmt>food</cmt>
<desc>Restaurant</desc>
<sym>Dot</sym>
<type>food</type>
</wpt>
<wpt lat="48.438740" lon="-123.506191">
<name>Panago</name>
<cmt>food</cmt>
<desc>Fast Food / Chain</desc>
<sym>Dot</sym>
<type>food</type>
</wpt>
<wpt lat="48.437820" lon="-123.510733">
<name>Origin Bakery &amp; Cafe</name>
<cmt>food</cmt>
<desc>Bakery / Donuts</desc>
<sym>Dot</sym>
<type>food</type>
</wpt>
<wpt lat="48.438794" lon="-123.506324">
<name>Bulk Barn</name>
<cmt>convenience_store</cmt>
<desc>Grocery Store</desc>
<sym>Dot</sym>
<type>store</type>
</wpt>
<wpt lat="48.438037" lon="-123.510803">
<name>Baan Thai</name>
<cmt>food</cmt>
<desc>Restaurant</desc>
<sym>Dot</sym>
<type>food</type>
</wpt>
<wpt lat="48.438537" lon="-123.509050">
<name>Thrifty Foods Belmont</name>
<cmt>convenience_store</cmt>
<desc>Grocery Store</desc>
<sym>Dot</sym>
<type>store</type>
</wpt>
<wpt lat="48.439231" lon="-123.506283">
<name>COBS Bread</name>
<cmt>food</cmt>
<desc>Bakery / Donuts</desc>
<sym>Dot</sym>
<type>food</type>
</wpt>
<wpt lat="48.439293" lon="-123.506256">
<name>The Chopped Leaf</name>
<cmt>food</cmt>
<desc>Restaurant</desc>
<sym>Dot</sym>
<type>food</type>
</wpt>
<wpt lat="48.439332" lon="-123.506225">
<name>The Noodle Box</name>
<cmt>food</cmt>
<desc>Restaurant</desc>
<sym>Dot</sym>
<type>food</type>
</wpt>
<wpt lat="48.432831" lon="-123.521955">
<name>Glen Lake Liquor &amp; More</name>
<cmt>convenience_store</cmt>
<desc>Liquor Store</desc>
<sym>Dot</sym>
<type>store</type>
</wpt>
<wpt lat="48.432803" lon="-123.522001">
<name>Bucky's Taphouse</name>
<cmt>bar</cmt>
<desc>Brewery / Pub</desc>
<sym>Dot</sym>
<type>food</type>
</wpt>
<wpt lat="48.432778" lon="-123.522085">
<name>Pizzability Glenlake</name>
<cmt>food</cmt>
<desc>Restaurant</desc>
<sym>Dot</sym>
<type>food</type>
</wpt>
<wpt lat="48.438137" lon="-123.512227">
<name>Pho Vy</name>
<cmt>food</cmt>
<desc>Restaurant</desc>
<sym>Dot</sym>
<type>food</type>
</wpt>
<wpt lat="48.439408" lon="-123.506181">
<name>Sizzling Tandoor</name>
<cmt>food</cmt>
<desc>Restaurant</desc>
<sym>Dot</sym>
<type>food</type>
</wpt>
<wpt lat="48.438163" lon="-123.512329">
<name>OPA! of Greece</name>
<cmt>food</cmt>
<desc>Fast Food / Chain</desc>
<sym>Dot</sym>
<type>food</type>
</wpt>
<wpt lat="48.439511" lon="-123.506121">
<name>Original Joe's</name>
<cmt>food</cmt>
<desc>Restaurant</desc>
<sym>Dot</sym>
<type>food</type>
</wpt>
<wpt lat="48.438196" lon="-123.512459">
<name>KFC</name>
<cmt>food</cmt>
<desc>Fast Food / Chain</desc>
<sym>Dot</sym>
<type>food</type>
</wpt>
<wpt lat="48.438726" lon="-123.512231">
<name>Starbucks</name>
<cmt>food</cmt>
<desc>Fast Food / Chain</desc>
<sym>Dot</sym>
<type>food</type>
</wpt>
<wpt lat="48.439150" lon="-123.510453">
<name>Liberty Kitchen</name>
<cmt>food</cmt>
<desc>Restaurant</desc>
<sym>Dot</sym>
<type>food</type>
</wpt>
<wpt lat="48.439070" lon="-123.511783">
<name>A&amp;W</name>
<cmt>food</cmt>
<desc>Fast Food / Chain</desc>
<sym>Dot</sym>
<type>food</type>
</wpt>
<wpt lat="48.439157" lon="-123.511696">
<name>Sushi Langford</name>
<cmt>food</cmt>
<desc>Restaurant</desc>
<sym>Dot</sym>
<type>food</type>
</wpt>
<wpt lat="48.439249" lon="-123.511663">
<name>Mucho Burrito</name>
<cmt>food</cmt>
<desc>Fast Food / Chain</desc>
<sym>Dot</sym>
<type>food</type>
</wpt>
<wpt lat="48.439463" lon="-123.511106">
<name>Fatburger</name>
<cmt>food</cmt>
<desc>Fast Food / Chain</desc>
<sym>Dot</sym>
<type>food</type>
</wpt>
<wpt lat="48.439498" lon="-123.510992">
<name>Edo Japan</name>
<cmt>food</cmt>
<desc>Fast Food / Chain</desc>
<sym>Dot</sym>
<type>food</type>
</wpt>
<wpt lat="48.439521" lon="-123.510914">
<name>Freshii</name>
<cmt>food</cmt>
<desc>Restaurant</desc>
<sym>Dot</sym>
<type>food</type>
</wpt>
<wpt lat="48.440576" lon="-123.506063">
<name>Big Wheel Burger</name>
<cmt>food</cmt>
<desc>Fast Food / Chain</desc>
<sym>Dot</sym>
<type>food</type>
</wpt>
<wpt lat="48.440680" lon="-123.506478">
<name>BCLIQUOR Westshore</name>
<cmt>convenience_store</cmt>
<desc>Liquor Store</desc>
<sym>Dot</sym>
<type>store</type>
</wpt>
<wpt lat="48.440250" lon="-123.509022">
<name>Romeo's</name>
<cmt>food</cmt>
<desc>Fast Food / Chain</desc>
<sym>Dot</sym>
<type>food</type>
</wpt>
<wpt lat="48.440574" lon="-123.508261">
<name>Orange Julius</name>
<cmt>food</cmt>
<desc>Fast Food / Chain</desc>
<sym>Dot</sym>
<type>food</type>
</wpt>
<wpt lat="48.440639" lon="-123.508305">
<name>Vina Taste</name>
<cmt>food</cmt>
<desc>Restaurant</desc>
<sym>Dot</sym>
<type>food</type>
</wpt>
<wpt lat="48.440594" lon="-123.508556">
<name>Subway</name>
<cmt>food</cmt>
<desc>Fast Food / Chain</desc>
<sym>Dot</sym>
<type>food</type>
</wpt>
<wpt lat="48.440652" lon="-123.508412">
<name>Kitchen Story Sushi &amp; Korean Chicken</name>
<cmt>food</cmt>
<desc>Fast Food / Chain</desc>
<sym>Dot</sym>
<type>food</type>
</wpt>
<wpt lat="48.440899" lon="-123.507732">
<name>Winners</name>
<cmt>convenience_store</cmt>
<desc>Grocery Store</desc>
<sym>Dot</sym>
<type>store</type>
</wpt>
<wpt lat="48.440551" lon="-123.511160">
<name>Tim Hortons</name>
<cmt>food</cmt>
<desc>Fast Food / Chain</desc>
<sym>Dot</sym>
<type>food</type>
</wpt>
<wpt lat="48.442024" lon="-123.504672">
<name>Real Canadian Superstore</name>
<cmt>convenience_store</cmt>
<desc>Grocery Store</desc>
<sym>Dot</sym>
<type>store</type>
</wpt>
<wpt lat="48.442443" lon="-123.504111">
<name>McDonald's</name>
<cmt>food</cmt>
<desc>Fast Food / Chain</desc>
<sym>Dot</sym>
<type>food</type>
</wpt>
<wpt lat="48.435352" lon="-123.489068">
<name>Dairy Queen</name>
<cmt>food</cmt>
<desc>Ice Cream</desc>
<sym>Dot</sym>
<type>food</type>
</wpt>
<wpt lat="48.444970" lon="-123.467591">
<name>Wendy's</name>
<cmt>food</cmt>
<desc>Fast Food / Chain</desc>
<sym>Dot</sym>
<type>food</type>
</wpt>
<wpt lat="48.444830" lon="-123.467593">
<name>Edo Japan</name>
<cmt>food</cmt>
<desc>Restaurant</desc>
<sym>Dot</sym>
<type>food</type>
</wpt>
<wpt lat="48.431943" lon="-123.478397">
<name>Royal Roads Recreation Centre</name>
<cmt>rest_stop</cmt>
<desc>Community Centre</desc>
<sym>Dot</sym>
<type>rest_area</type>
</wpt>
<wpt lat="48.441836" lon="-123.470463">
<name>Pilgrim Coffee</name>
<cmt>coffee</cmt>
<desc>Café / Coffee</desc>
<sym>Dot</sym>
<type>food</type>
</wpt>
<wpt lat="48.435544" lon="-123.488467">
<name>Corona Foods</name>
<cmt>convenience_store</cmt>
<desc>Convenience Store</desc>
<sym>Dot</sym>
<type>store</type>
</wpt>
<wpt lat="48.443658" lon="-123.467782">
<name>Denny's</name>
<cmt>food</cmt>
<desc>Restaurant</desc>
<sym>Dot</sym>
<type>food</type>
</wpt>
<wpt lat="48.444566" lon="-123.468128">
<name>Tim Hortons</name>
<cmt>food</cmt>
<desc>Fast Food / Chain</desc>
<sym>Dot</sym>
<type>food</type>
</wpt>
<wpt lat="48.441229" lon="-123.469914">
<name>BarBurrito</name>
<cmt>food</cmt>
<desc>Fast Food / Chain</desc>
<sym>Dot</sym>
<type>food</type>
</wpt>
<wpt lat="48.441311" lon="-123.469840">
<name>Opa! of Greece</name>
<cmt>food</cmt>
<desc>Restaurant</desc>
<sym>Dot</sym>
<type>food</type>
</wpt>
<wpt lat="48.441545" lon="-123.469625">
<name>Burger Crush</name>
<cmt>food</cmt>
<desc>Restaurant</desc>
<sym>Dot</sym>
<type>food</type>
</wpt>
<wpt lat="48.441474" lon="-123.469685">
<name>Mary Brown's Chicken</name>
<cmt>food</cmt>
<desc>Fast Food / Chain</desc>
<sym>Dot</sym>
<type>food</type>
</wpt>
<wpt lat="48.441409" lon="-123.469741">
<name>Papa John's</name>
<cmt>food</cmt>
<desc>Fast Food / Chain</desc>
<sym>Dot</sym>
<type>food</type>
</wpt>
<wpt lat="48.440818" lon="-123.470131">
<name>Save-on-Foods</name>
<cmt>convenience_store</cmt>
<desc>Grocery Store</desc>
<sym>Dot</sym>
<type>store</type>
</wpt>
<wpt lat="48.435360" lon="-123.488094">
<name>The Rose Neighbourhood Public House</name>
<cmt>bar</cmt>
<desc>Brewery / Pub</desc>
<sym>Dot</sym>
<type>food</type>
</wpt>
<wpt lat="48.431849" lon="-123.477233">
<name>Walled Garden</name>
<cmt>park</cmt>
<desc>Park / Nature</desc>
<sym>Dot</sym>
<type>rest_area</type>
</wpt>
<wpt lat="48.445646" lon="-123.469453">
<name>Holiday Inn Express &amp; Suites Victoria - Colwood</name>
<cmt>lodging</cmt>
<desc>Hotel / Motel</desc>
<sym>Dot</sym>
<type>shelter</type>
</wpt>
<wpt lat="48.442265" lon="-123.470833">
<name>Asian Noodle House</name>
<cmt>food</cmt>
<desc>Restaurant</desc>
<sym>Dot</sym>
<type>food</type>
</wpt>
<wpt lat="48.440589" lon="-123.469837">
<name>Firehouse Subs</name>
<cmt>food</cmt>
<desc>Fast Food / Chain</desc>
<sym>Dot</sym>
<type>food</type>
</wpt>
<wpt lat="48.445922" lon="-123.467433">
<name>Subway</name>
<cmt>food</cmt>
<desc>Fast Food / Chain</desc>
<sym>Dot</sym>
<type>food</type>
</wpt>
<wpt lat="48.442702" lon="-123.470937">
<name>Momo Sushi Colwood</name>
<cmt>food</cmt>
<desc>Restaurant</desc>
<sym>Dot</sym>
<type>food</type>
</wpt>
<wpt lat="48.442836" lon="-123.470857">
<name>Villages Pizza</name>
<cmt>food</cmt>
<desc>Fast Food / Chain</desc>
<sym>Dot</sym>
<type>food</type>
</wpt>
<wpt lat="48.440329" lon="-123.469554">
<name>Starbucks</name>
<cmt>food</cmt>
<desc>Fast Food / Chain</desc>
<sym>Dot</sym>
<type>food</type>
</wpt>
<wpt lat="48.443305" lon="-123.470512">
<name>Thrifty Foods</name>
<cmt>convenience_store</cmt>
<desc>Grocery Store</desc>
<sym>Dot</sym>
<type>store</type>
</wpt>
<wpt lat="48.443194" lon="-123.470674">
<name>House of Nutrition</name>
<cmt>convenience_store</cmt>
<desc>Specialty / Health Food</desc>
<sym>Dot</sym>
<type>store</type>
</wpt>
<wpt lat="48.440455" lon="-123.469291">
<name>Greenleaf Pho Grill</name>
<cmt>food</cmt>
<desc>Restaurant</desc>
<sym>Dot</sym>
<type>food</type>
</wpt>
<wpt lat="48.446560" lon="-123.466930">
<name>A&amp;W</name>
<cmt>food</cmt>
<desc>Fast Food / Chain</desc>
<sym>Dot</sym>
<type>food</type>
</wpt>
<wpt lat="48.434198" lon="-123.473610">
<name>Italian Garden</name>
<cmt>park</cmt>
<desc>Park / Nature</desc>
<sym>Dot</sym>
<type>rest_area</type>
</wpt>
<wpt lat="48.431899" lon="-123.475115">
<name>Hatley Gardens</name>
<cmt>park</cmt>
<desc>Park / Nature</desc>
<sym>Dot</sym>
<type>rest_area</type>
</wpt>
<wpt lat="48.434424" lon="-123.473141">
<name>Hatley Castle</name>
<cmt>viewpoint</cmt>
<desc>Activity / Experience</desc>
<sym>Dot</sym>
<type>overlook</type>
</wpt>
<wpt lat="48.446811" lon="-123.465381">
<name>Juan de Fuca Recreation Centre</name>
<cmt>rest_stop</cmt>
<desc>Community Centre</desc>
<sym>Dot</sym>
<type>rest_area</type>
</wpt>
<wpt lat="48.435617" lon="-123.472766">
<name>Habitat Cafe</name>
<cmt>coffee</cmt>
<desc>Café / Coffee</desc>
<sym>Dot</sym>
<type>food</type>
</wpt>
<wpt lat="48.448950" lon="-123.465869">
<name>McDonald's</name>
<cmt>food</cmt>
<desc>Fast Food / Chain</desc>
<sym>Dot</sym>
<type>food</type>
</wpt>
<wpt lat="48.439798" lon="-123.466731">
<name>Canex</name>
<cmt>convenience_store</cmt>
<desc>Convenience Store</desc>
<sym>Dot</sym>
<type>store</type>
</wpt>
<wpt lat="48.448253" lon="-123.464725">
<name>Juan de Fuca Library Branch</name>
<cmt>library</cmt>
<desc>Library</desc>
<sym>Dot</sym>
<type>info</type>
</wpt>
<wpt lat="48.437467" lon="-123.308136">
<name>Ruth &amp; Dean Restaurant &amp; Bakery</name>
<cmt>food</cmt>
<desc>Bakery / Donuts</desc>
<sym>Dot</sym>
<type>food</type>
</wpt>
<wpt lat="48.437723" lon="-123.307866">
<name>AsUsual Cafe</name>
<cmt>food</cmt>
<desc>Restaurant</desc>
<sym>Dot</sym>
<type>food</type>
</wpt>
<wpt lat="48.437697" lon="-123.307779">
<name>The Village Estevan Restaurant</name>
<cmt>food</cmt>
<desc>Restaurant</desc>
<sym>Dot</sym>
<type>food</type>
</wpt>
<wpt lat="48.438288" lon="-123.308847">
<name>Lokier Gardens</name>
<cmt>park</cmt>
<desc>Park / Nature</desc>
<sym>Dot</sym>
<type>rest_area</type>
</wpt>
<wpt lat="48.437108" lon="-123.307184">
<name>Willows Galley</name>
<cmt>food</cmt>
<desc>Fast Food / Chain</desc>
<sym>Dot</sym>
<type>food</type>
</wpt>
<wpt lat="48.426690" lon="-123.313584">
<name>Ottavio</name>
<cmt>coffee</cmt>
<desc>Café / Coffee</desc>
<sym>Dot</sym>
<type>food</type>
</wpt>
<wpt lat="48.423445" lon="-123.307071">
<name>Windsor Cafe</name>
<cmt>coffee</cmt>
<desc>Café / Coffee</desc>
<sym>Dot</sym>
<type>food</type>
</wpt>
<wpt lat="48.437760" lon="-123.312520">
<name>Estevan Liquor Plus</name>
<cmt>convenience_store</cmt>
<desc>Liquor Store</desc>
<sym>Dot</sym>
<type>store</type>
</wpt>
<wpt lat="48.437781" lon="-123.312521">
<name>49 Below Craft Ice Cream</name>
<cmt>food</cmt>
<desc>Ice Cream</desc>
<sym>Dot</sym>
<type>food</type>
</wpt>
<wpt lat="48.437946" lon="-123.312403">
<name>The Old Farm Market</name>
<cmt>convenience_store</cmt>
<desc>Farmers' Market</desc>
<sym>Dot</sym>
<type>store</type>
</wpt>
<wpt lat="48.437805" lon="-123.312521">
<name>Machi Sushi</name>
<cmt>food</cmt>
<desc>Restaurant</desc>
<sym>Dot</sym>
<type>food</type>
</wpt>
<wpt lat="48.425562" lon="-123.315082">
<name>Oak Bay Library Branch</name>
<cmt>library</cmt>
<desc>Library</desc>
<sym>Dot</sym>
<type>info</type>
</wpt>
<wpt lat="48.437855" lon="-123.312993">
<name>Pure Vanilla Bakery and Cafe</name>
<cmt>food</cmt>
<desc>Bakery / Donuts</desc>
<sym>Dot</sym>
<type>food</type>
</wpt>
<wpt lat="48.426612" lon="-123.314876">
<name>Vis-à-Vis</name>
<cmt>bar</cmt>
<desc>Brewery / Pub</desc>
<sym>Dot</sym>
<type>food</type>
</wpt>
<wpt lat="48.426652" lon="-123.315026">
<name>The Penny Farthing Pub</name>
<cmt>bar</cmt>
<desc>Brewery / Pub</desc>
<sym>Dot</sym>
<type>food</type>
</wpt>
<wpt lat="48.425964" lon="-123.315592">
<name>Monterey Recreation Centre</name>
<cmt>rest_stop</cmt>
<desc>Community Centre</desc>
<sym>Dot</sym>
<type>rest_area</type>
</wpt>
<wpt lat="48.426130" lon="-123.315720">
<name>Bon Sushi</name>
<cmt>food</cmt>
<desc>Restaurant</desc>
<sym>Dot</sym>
<type>food</type>
</wpt>
<wpt lat="48.426404" lon="-123.315581">
<name>Hide &amp; Seek Coffee</name>
<cmt>coffee</cmt>
<desc>Café / Coffee</desc>
<sym>Dot</sym>
<type>food</type>
</wpt>
<wpt lat="48.420385" lon="-123.317348">
<name>Demitasse Cafe</name>
<cmt>coffee</cmt>
<desc>Café / Coffee</desc>
<sym>Dot</sym>
<type>food</type>
</wpt>
<wpt lat="48.426375" lon="-123.316460">
<name>Fairway Market Athlone Court</name>
<cmt>convenience_store</cmt>
<desc>Grocery Store</desc>
<sym>Dot</sym>
<type>store</type>
</wpt>
<wpt lat="48.426669" lon="-123.316402">
<name>Starbucks</name>
<cmt>food</cmt>
<desc>Fast Food / Chain</desc>
<sym>Dot</sym>
<type>food</type>
</wpt>
<wpt lat="48.426796" lon="-123.316983">
<name>COBS Bread</name>
<cmt>food</cmt>
<desc>Bakery / Donuts</desc>
<sym>Dot</sym>
<type>food</type>
</wpt>
<wpt lat="48.451391" lon="-123.423620">
<name>iluka espresso</name>
<cmt>coffee</cmt>
<desc>Café / Coffee</desc>
<sym>Dot</sym>
<type>food</type>
</wpt>
<wpt lat="48.649291" lon="-123.406358">
<name>McDonald's</name>
<cmt>food</cmt>
<desc>Fast Food / Chain</desc>
<sym>Dot</sym>
<type>food</type>
</wpt>
<wpt lat="48.649496" lon="-123.406398">
<name>Dickens Liquor Shoppe</name>
<cmt>convenience_store</cmt>
<desc>Liquor Store</desc>
<sym>Dot</sym>
<type>store</type>
</wpt>
<wpt lat="48.648630" lon="-123.405542">
<name>Mary Winspear Centre</name>
<cmt>rest_stop</cmt>
<desc>Community Centre</desc>
<sym>Dot</sym>
<type>rest_area</type>
</wpt>
<wpt lat="48.649494" lon="-123.406096">
<name>Charles Dickens' Pub</name>
<cmt>bar</cmt>
<desc>Brewery / Pub</desc>
<sym>Dot</sym>
<type>food</type>
</wpt>
<wpt lat="48.649632" lon="-123.405863">
<name>Days Inn</name>
<cmt>lodging</cmt>
<desc>Hotel / Motel</desc>
<sym>Dot</sym>
<type>shelter</type>
</wpt>
<wpt lat="48.647277" lon="-123.403548">
<name>Dairy Queen</name>
<cmt>food</cmt>
<desc>Ice Cream</desc>
<sym>Dot</sym>
<type>food</type>
</wpt>
<wpt lat="48.648738" lon="-123.404541">
<name>Sidney Information Centre</name>
<cmt>generic</cmt>
<desc>Visitor Centre</desc>
<sym>Dot</sym>
<type>generic</type>
</wpt>
<wpt lat="48.649229" lon="-123.404191">
<name>Subway</name>
<cmt>food</cmt>
<desc>Fast Food / Chain</desc>
<sym>Dot</sym>
<type>food</type>
</wpt>
<wpt lat="48.649641" lon="-123.404349">
<name>Thrifty Foods Sidney</name>
<cmt>convenience_store</cmt>
<desc>Grocery Store</desc>
<sym>Dot</sym>
<type>store</type>
</wpt>
<wpt lat="48.647416" lon="-123.402602">
<name>Panago</name>
<cmt>food</cmt>
<desc>Fast Food / Chain</desc>
<sym>Dot</sym>
<type>food</type>
</wpt>
<wpt lat="48.648246" lon="-123.403174">
<name>BC Liquor Store</name>
<cmt>convenience_store</cmt>
<desc>Liquor Store</desc>
<sym>Dot</sym>
<type>store</type>
</wpt>
<wpt lat="48.648566" lon="-123.403284">
<name>The Five &amp; Dime Diner</name>
<cmt>food</cmt>
<desc>Restaurant</desc>
<sym>Dot</sym>
<type>food</type>
</wpt>
<wpt lat="48.648566" lon="-123.403194">
<name>J Kitchen Korean &amp; Japanese Restaurant</name>
<cmt>food</cmt>
<desc>Restaurant</desc>
<sym>Dot</sym>
<type>food</type>
</wpt>
<wpt lat="48.648234" lon="-123.402776">
<name>Tim Hortons</name>
<cmt>food</cmt>
<desc>Fast Food / Chain</desc>
<sym>Dot</sym>
<type>food</type>
</wpt>
<wpt lat="48.649400" lon="-123.403497">
<name>Best Western Plus Emerald Isle</name>
<cmt>lodging</cmt>
<desc>Hotel / Motel</desc>
<sym>Dot</sym>
<type>shelter</type>
</wpt>
<wpt lat="48.648143" lon="-123.402325">
<name>Save-On-Foods</name>
<cmt>convenience_store</cmt>
<desc>Grocery Store</desc>
<sym>Dot</sym>
<type>store</type>
</wpt>
<wpt lat="48.648190" lon="-123.402029">
<name>Starbucks</name>
<cmt>food</cmt>
<desc>Fast Food / Chain</desc>
<sym>Dot</sym>
<type>food</type>
</wpt>
<wpt lat="48.649725" lon="-123.402508">
<name>Taste of Tokyo</name>
<cmt>food</cmt>
<desc>Restaurant</desc>
<sym>Dot</sym>
<type>food</type>
</wpt>
<wpt lat="48.650081" lon="-123.402753">
<name>Mariner pizza</name>
<cmt>food</cmt>
<desc>Fast Food / Chain</desc>
<sym>Dot</sym>
<type>food</type>
</wpt>
<wpt lat="48.655007" lon="-123.416401">
<name>Pizza Plus</name>
<cmt>food</cmt>
<desc>Fast Food / Chain</desc>
<sym>Dot</sym>
<type>food</type>
</wpt>
<wpt lat="48.648814" lon="-123.401201">
<name>Thai Corner</name>
<cmt>food</cmt>
<desc>Restaurant</desc>
<sym>Dot</sym>
<type>food</type>
</wpt>
<wpt lat="48.649080" lon="-123.401241">
<name>900 Bistro</name>
<cmt>food</cmt>
<desc>Restaurant</desc>
<sym>Dot</sym>
<type>food</type>
</wpt>
<wpt lat="48.648655" lon="-123.400852">
<name>Alexander's Coffee Bar</name>
<cmt>coffee</cmt>
<desc>Café / Coffee</desc>
<sym>Dot</sym>
<type>food</type>
</wpt>
<wpt lat="48.649078" lon="-123.401057">
<name>The Farmer's Daughter</name>
<cmt>food</cmt>
<desc>Restaurant</desc>
<sym>Dot</sym>
<type>food</type>
</wpt>
<wpt lat="48.648511" lon="-123.400522">
<name>Fresh Tandoori Flavour Indian Restaurant Sidney</name>
<cmt>food</cmt>
<desc>Restaurant</desc>
<sym>Dot</sym>
<type>food</type>
</wpt>
<wpt lat="48.649051" lon="-123.400663">
<name>Scotty's Dog Shack</name>
<cmt>food</cmt>
<desc>Fast Food / Chain</desc>
<sym>Dot</sym>
<type>food</type>
</wpt>
<wpt lat="48.647868" lon="-123.399699">
<name>Russ Hay's The Bicycle Shop</name>
<cmt>bike_shop</cmt>
<desc>Repair Shop</desc>
<sym>Dot</sym>
<type>gear</type>
</wpt>
<wpt lat="48.638232" lon="-123.410875">
<name>Greenglade Community Centre</name>
<cmt>rest_stop</cmt>
<desc>Community Centre</desc>
<sym>Dot</sym>
<type>rest_area</type>
</wpt>
<wpt lat="48.649446" lon="-123.400451">
<name>Fish on 5th</name>
<cmt>food</cmt>
<desc>Restaurant</desc>
<sym>Dot</sym>
<type>food</type>
</wpt>
<wpt lat="48.648804" lon="-123.399608">
<name>Serious Coffee</name>
<cmt>coffee</cmt>
<desc>Café / Coffee</desc>
<sym>Dot</sym>
<type>food</type>
</wpt>
<wpt lat="48.648775" lon="-123.399315">
<name>Sidney Museum and Archives</name>
<cmt>monument</cmt>
<desc>Museum / Gallery</desc>
<sym>Dot</sym>
<type>info</type>
</wpt>
<wpt lat="48.451417" lon="-123.426357">
<name>Canadian Tire</name>
<cmt>convenience_store</cmt>
<desc>General merchandise</desc>
<sym>Dot</sym>
<type>store</type>
</wpt>
<wpt lat="48.452368" lon="-123.433830">
<name>4 Mile Restaurant &amp; Brewpub</name>
<cmt>food</cmt>
<desc>Restaurant</desc>
<sym>Dot</sym>
<type>food</type>
</wpt>
<wpt lat="48.452206" lon="-123.433784">
<name>4 Mile Pub</name>
<cmt>bar</cmt>
<desc>Brewery / Pub</desc>
<sym>Dot</sym>
<type>food</type>
</wpt>
<wpt lat="48.452301" lon="-123.433841">
<name>4 Mile Restaurant &amp; Brewpub</name>
<cmt>bar</cmt>
<desc>Brewery / Pub</desc>
<sym>Dot</sym>
<type>food</type>
</wpt>
<wpt lat="48.449935" lon="-123.426171">
<name>Dairy Queen</name>
<cmt>food</cmt>
<desc>Ice Cream</desc>
<sym>Dot</sym>
<type>food</type>
</wpt>
<wpt lat="48.449962" lon="-123.426342">
<name>Gyrosa</name>
<cmt>food</cmt>
<desc>Restaurant</desc>
<sym>Dot</sym>
<type>food</type>
</wpt>
<wpt lat="48.456989" lon="-123.459716">
<name>Six Mile Liquor Store</name>
<cmt>convenience_store</cmt>
<desc>Liquor Store</desc>
<sym>Dot</sym>
<type>store</type>
</wpt>
<wpt lat="48.456876" lon="-123.459194">
<name>Six Mile Pub</name>
<cmt>bar</cmt>
<desc>Brewery / Pub</desc>
<sym>Dot</sym>
<type>food</type>
</wpt>
<wpt lat="48.456754" lon="-123.459235">
<name>Six Mile Pub &amp; Eatery</name>
<cmt>bar</cmt>
<desc>Brewery / Pub</desc>
<sym>Dot</sym>
<type>food</type>
</wpt>
<wpt lat="48.449030" lon="-123.426594">
<name>Mary Brown's</name>
<cmt>food</cmt>
<desc>Fast Food / Chain</desc>
<sym>Dot</sym>
<type>food</type>
</wpt>
<wpt lat="48.460259" lon="-123.465555">
<name>Nest at the Lake</name>
<cmt>coffee</cmt>
<desc>Café / Coffee</desc>
<sym>Dot</sym>
<type>food</type>
</wpt>
<wpt lat="48.448654" lon="-123.427031">
<name>Domino's</name>
<cmt>food</cmt>
<desc>Fast Food / Chain</desc>
<sym>Dot</sym>
<type>food</type>
</wpt>
<wpt lat="48.455347" lon="-123.461112">
<name>Coastal Cycles</name>
<cmt>bike_shop</cmt>
<desc>Repair Shop</desc>
<sym>Dot</sym>
<type>gear</type>
</wpt>
<wpt lat="48.447975" lon="-123.426655">
<name>Clover Sushi</name>
<cmt>food</cmt>
<desc>Restaurant</desc>
<sym>Dot</sym>
<type>food</type>
</wpt>
<wpt lat="48.447357" lon="-123.426943">
<name>Apple Tree Family Restaurant</name>
<cmt>food</cmt>
<desc>Restaurant</desc>
<sym>Dot</sym>
<type>food</type>
</wpt>
<wpt lat="48.447437" lon="-123.427317">
<name>Subway</name>
<cmt>food</cmt>
<desc>Fast Food / Chain</desc>
<sym>Dot</sym>
<type>food</type>
</wpt>
<wpt lat="48.447439" lon="-123.427457">
<name>Kinder Cup</name>
<cmt>coffee</cmt>
<desc>Café / Coffee</desc>
<sym>Dot</sym>
<type>food</type>
</wpt>
<wpt lat="48.451420" lon="-123.463062">
<name>Serious Coffee</name>
<cmt>coffee</cmt>
<desc>Café / Coffee</desc>
<sym>Dot</sym>
<type>food</type>
</wpt>
<wpt lat="48.388121" lon="-123.693276">
<name>Tim Hortons</name>
<cmt>food</cmt>
<desc>Fast Food / Chain</desc>
<sym>Dot</sym>
<type>food</type>
</wpt>
</gpx>