<?xml version="1.0" encoding="UTF-8"?>
<gpx version="1.1" creator="BC Bike Stops (bccycletourism.ca)" xmlns="http://www.topografix.com/GPX/1/1">
<metadata>
<name>Vancouver Crossing Loop — cycling stops</name>
<link href="https://bccycletourism.ca/route/vancouver-crossing-loop-cw/"><text>BC Bike Stops</text></link>
</metadata>
<wpt lat="48.423001" lon="-123.368906">
<name>Songhees Tours</name>
<cmt>viewpoint</cmt>
<desc>Activity / Experience</desc>
<sym>Dot</sym>
<type>overlook</type>
</wpt>
<wpt lat="48.421390" lon="-123.364850">
<name>Fire+ Water Restaurant</name>
<cmt>food</cmt>
<desc>Restaurant</desc>
<sym>Dot</sym>
<type>food</type>
</wpt>
<wpt lat="48.426432" lon="-123.370289">
<name>Dosa Paragon</name>
<cmt>food</cmt>
<desc>Restaurant</desc>
<sym>Dot</sym>
<type>food</type>
</wpt>
<wpt lat="48.421774" lon="-123.365360">
<name>The Humboldt</name>
<cmt>bar</cmt>
<desc>Brewery / Pub</desc>
<sym>Dot</sym>
<type>food</type>
</wpt>
<wpt lat="48.421811" lon="-123.365399">
<name>Bartholomew's Pub</name>
<cmt>bar</cmt>
<desc>Brewery / Pub</desc>
<sym>Dot</sym>
<type>food</type>
</wpt>
<wpt lat="48.420071" lon="-123.362886">
<name>Tre Fantastico</name>
<cmt>food</cmt>
<desc>Restaurant</desc>
<sym>Dot</sym>
<type>food</type>
</wpt>
<wpt lat="48.426113" lon="-123.370225">
<name>Finn's Seafood Chops Cocktails</name>
<cmt>food</cmt>
<desc>Restaurant</desc>
<sym>Dot</sym>
<type>food</type>
</wpt>
<wpt lat="48.422925" lon="-123.368942">
<name>Tourism Victoria Visitor Centre</name>
<cmt>generic</cmt>
<desc>Visitor Centre</desc>
<sym>Dot</sym>
<type>generic</type>
</wpt>
<wpt lat="48.422370" lon="-123.366946">
<name>Miniature World</name>
<cmt>monument</cmt>
<desc>Museum / Gallery</desc>
<sym>Dot</sym>
<type>info</type>
</wpt>
<wpt lat="48.421410" lon="-123.383472">
<name>Finest At Sea</name>
<cmt>food</cmt>
<desc>Fast Food / Chain</desc>
<sym>Dot</sym>
<type>food</type>
</wpt>
<wpt lat="48.425682" lon="-123.369767">
<name>Darcy's Pub</name>
<cmt>bar</cmt>
<desc>Brewery / Pub</desc>
<sym>Dot</sym>
<type>food</type>
</wpt>
<wpt lat="48.425185" lon="-123.369662">
<name>The Keg</name>
<cmt>food</cmt>
<desc>Restaurant</desc>
<sym>Dot</sym>
<type>food</type>
</wpt>
<wpt lat="48.422136" lon="-123.366379">
<name>Cycle BC Rentals</name>
<cmt>bike_shop</cmt>
<desc>Rentals</desc>
<sym>Dot</sym>
<type>gear</type>
</wpt>
<wpt lat="48.421979" lon="-123.365454">
<name>Starbucks</name>
<cmt>food</cmt>
<desc>Fast Food / Chain</desc>
<sym>Dot</sym>
<type>food</type>
</wpt>
<wpt lat="48.425612" lon="-123.369696">
<name>SpringTide Whale Tours &amp; Charters</name>
<cmt>viewpoint</cmt>
<desc>Activity / Experience</desc>
<sym>Dot</sym>
<type>overlook</type>
</wpt>
<wpt lat="48.422876" lon="-123.367746">
<name>10 Acres Commons</name>
<cmt>food</cmt>
<desc>Restaurant</desc>
<sym>Dot</sym>
<type>food</type>
</wpt>
<wpt lat="48.426595" lon="-123.370039">
<name>The Joint Pizzeria</name>
<cmt>food</cmt>
<desc>Fast Food / Chain</desc>
<sym>Dot</sym>
<type>food</type>
</wpt>
<wpt lat="48.428726" lon="-123.370113">
<name>Bray's</name>
<cmt>food</cmt>
<desc>Restaurant</desc>
<sym>Dot</sym>
<type>food</type>
</wpt>
<wpt lat="48.426106" lon="-123.369847">
<name>The Local</name>
<cmt>food</cmt>
<desc>Restaurant</desc>
<sym>Dot</sym>
<type>food</type>
</wpt>
<wpt lat="48.421873" lon="-123.380729">
<name>Il Covo Trattoria</name>
<cmt>food</cmt>
<desc>Restaurant</desc>
<sym>Dot</sym>
<type>food</type>
</wpt>
<wpt lat="48.423341" lon="-123.369056">
<name>Starbucks</name>
<cmt>food</cmt>
<desc>Fast Food / Chain</desc>
<sym>Dot</sym>
<type>food</type>
</wpt>
<wpt lat="48.421043" lon="-123.371335">
<name>Steamship Grill &amp; Bar</name>
<cmt>food</cmt>
<desc>Restaurant</desc>
<sym>Dot</sym>
<type>food</type>
</wpt>
<wpt lat="48.422728" lon="-123.368837">
<name>Milestones</name>
<cmt>food</cmt>
<desc>Restaurant</desc>
<sym>Dot</sym>
<type>food</type>
</wpt>
<wpt lat="48.426699" lon="-123.370075">
<name>Uni Modern Japanese</name>
<cmt>food</cmt>
<desc>Restaurant</desc>
<sym>Dot</sym>
<type>food</type>
</wpt>
<wpt lat="48.420787" lon="-123.368561">
<name>Emily Carr Statue</name>
<cmt>viewpoint</cmt>
<desc>Activity / Experience</desc>
<sym>Dot</sym>
<type>overlook</type>
</wpt>
<wpt lat="48.423324" lon="-123.368993">
<name>KINTON RAMEN</name>
<cmt>food</cmt>
<desc>Restaurant</desc>
<sym>Dot</sym>
<type>food</type>
</wpt>
<wpt lat="48.429878" lon="-123.385071">
<name>Trek Bicycle Store</name>
<cmt>bike_shop</cmt>
<desc>Repair Shop</desc>
<sym>Dot</sym>
<type>gear</type>
</wpt>
<wpt lat="48.423046" lon="-123.368112">
<name>Tractor</name>
<cmt>food</cmt>
<desc>Restaurant</desc>
<sym>Dot</sym>
<type>food</type>
</wpt>
<wpt lat="48.428767" lon="-123.369748">
<name>Nubo Kitchen + Bar</name>
<cmt>food</cmt>
<desc>Restaurant</desc>
<sym>Dot</sym>
<type>food</type>
</wpt>
<wpt lat="48.414533" lon="-123.382409">
<name>Surf Motel</name>
<cmt>lodging</cmt>
<desc>Hotel / Motel</desc>
<sym>Dot</sym>
<type>shelter</type>
</wpt>
<wpt lat="48.428645" lon="-123.369479">
<name>Swans</name>
<cmt>bar</cmt>
<desc>Brewery / Pub</desc>
<sym>Dot</sym>
<type>food</type>
</wpt>
<wpt lat="48.422342" lon="-123.375564">
<name>Admiral Inn &amp; Suites</name>
<cmt>lodging</cmt>
<desc>Hotel / Motel</desc>
<sym>Dot</sym>
<type>shelter</type>
</wpt>
<wpt lat="48.426108" lon="-123.370473">
<name>L'Authentique Poutine &amp; Burgers</name>
<cmt>food</cmt>
<desc>Fast Food / Chain</desc>
<sym>Dot</sym>
<type>food</type>
</wpt>
<wpt lat="48.421986" lon="-123.365245">
<name>DoubleTree by Hilton Hotel &amp; Suites Victoria</name>
<cmt>lodging</cmt>
<desc>Hotel / Motel</desc>
<sym>Dot</sym>
<type>shelter</type>
</wpt>
<wpt lat="48.432229" lon="-123.378327">
<name>Caffe Fantastico</name>
<cmt>coffee</cmt>
<desc>Café / Coffee</desc>
<sym>Dot</sym>
<type>food</type>
</wpt>
<wpt lat="48.424455" lon="-123.369405">
<name>Nautical Nellies Steak &amp; Seafood House</name>
<cmt>food</cmt>
<desc>Restaurant</desc>
<sym>Dot</sym>
<type>food</type>
</wpt>
<wpt lat="48.422294" lon="-123.365678">
<name>Browns Social House</name>
<cmt>food</cmt>
<desc>Restaurant</desc>
<sym>Dot</sym>
<type>food</type>
</wpt>
<wpt lat="48.421865" lon="-123.375256">
<name>Pendray Inn</name>
<cmt>lodging</cmt>
<desc>Hotel / Motel</desc>
<sym>Dot</sym>
<type>shelter</type>
</wpt>
<wpt lat="48.426749" lon="-123.369926">
<name>Fiamo Pizza &amp; Wine Bar</name>
<cmt>food</cmt>
<desc>Fast Food / Chain</desc>
<sym>Dot</sym>
<type>food</type>
</wpt>
<wpt lat="48.403491" lon="-123.349162">
<name>Clover Point</name>
<cmt>viewpoint</cmt>
<desc>Activity / Experience</desc>
<sym>Dot</sym>
<type>overlook</type>
</wpt>
<wpt lat="48.423253" lon="-123.368463">
<name>Cold Cones</name>
<cmt>food</cmt>
<desc>Ice Cream</desc>
<sym>Dot</sym>
<type>food</type>
</wpt>
<wpt lat="48.422347" lon="-123.379477">
<name>Blue Crab Seafood House</name>
<cmt>food</cmt>
<desc>Restaurant</desc>
<sym>Dot</sym>
<type>food</type>
</wpt>
<wpt lat="48.421572" lon="-123.364518">
<name>Victoria Marriott Inner Harbour</name>
<cmt>lodging</cmt>
<desc>Hotel / Motel</desc>
<sym>Dot</sym>
<type>shelter</type>
</wpt>
<wpt lat="48.428795" lon="-123.369453">
<name>Mentora Ramen</name>
<cmt>food</cmt>
<desc>Restaurant</desc>
<sym>Dot</sym>
<type>food</type>
</wpt>
<wpt lat="48.420358" lon="-123.362760">
<name>The Parkside Hotel &amp; Spa</name>
<cmt>lodging</cmt>
<desc>Hotel / Motel</desc>
<sym>Dot</sym>
<type>shelter</type>
</wpt>
<wpt lat="48.422912" lon="-123.367264">
<name>The Inn at the Union Club</name>
<cmt>lodging</cmt>
<desc>Hotel / Motel</desc>
<sym>Dot</sym>
<type>shelter</type>
</wpt>
<wpt lat="48.421804" lon="-123.375264">
<name>Pendray Tea House</name>
<cmt>food</cmt>
<desc>Restaurant</desc>
<sym>Dot</sym>
<type>food</type>
</wpt>
<wpt lat="48.432162" lon="-123.378428">
<name>Fol Épi Bakery</name>
<cmt>food</cmt>
<desc>Bakery / Donuts</desc>
<sym>Dot</sym>
<type>food</type>
</wpt>
<wpt lat="48.422377" lon="-123.379961">
<name>The Coast Victoria Harbourside Hotel</name>
<cmt>lodging</cmt>
<desc>Hotel / Motel</desc>
<sym>Dot</sym>
<type>shelter</type>
</wpt>
<wpt lat="48.415365" lon="-123.384685">
<name>Breakwater Bistro &amp; Bar</name>
<cmt>food</cmt>
<desc>Restaurant</desc>
<sym>Dot</sym>
<type>food</type>
</wpt>
<wpt lat="48.423336" lon="-123.368456">
<name>Kebab On Fire</name>
<cmt>food</cmt>
<desc>Restaurant</desc>
<sym>Dot</sym>
<type>food</type>
</wpt>
<wpt lat="48.428170" lon="-123.369400">
<name>Fuego</name>
<cmt>food</cmt>
<desc>Restaurant</desc>
<sym>Dot</sym>
<type>food</type>
</wpt>
<wpt lat="48.422443" lon="-123.365665">
<name>7-Eleven</name>
<cmt>convenience_store</cmt>
<desc>Convenience Store</desc>
<sym>Dot</sym>
<type>store</type>
</wpt>
<wpt lat="48.426390" lon="-123.370798">
<name>Victoria Regent Waterfront Hotel &amp; Suites</name>
<cmt>lodging</cmt>
<desc>Hotel / Motel</desc>
<sym>Dot</sym>
<type>shelter</type>
</wpt>
<wpt lat="48.427046" lon="-123.369876">
<name>Chimac</name>
<cmt>food</cmt>
<desc>Restaurant</desc>
<sym>Dot</sym>
<type>food</type>
</wpt>
<wpt lat="48.421764" lon="-123.375643">
<name>Huntingdon Manor</name>
<cmt>lodging</cmt>
<desc>Hotel / Motel</desc>
<sym>Dot</sym>
<type>shelter</type>
</wpt>
<wpt lat="48.426734" lon="-123.369766">
<name>Lucky Bar</name>
<cmt>bar</cmt>
<desc>Brewery / Pub</desc>
<sym>Dot</sym>
<type>food</type>
</wpt>
<wpt lat="48.428092" lon="-123.369396">
<name>Artemis Whiskey Bar</name>
<cmt>bar</cmt>
<desc>Brewery / Pub</desc>
<sym>Dot</sym>
<type>food</type>
</wpt>
<wpt lat="48.421422" lon="-123.368078">
<name>The Fairmont Empress Hotel</name>
<cmt>lodging</cmt>
<desc>Hotel / Motel</desc>
<sym>Dot</sym>
<type>shelter</type>
</wpt>
<wpt lat="48.428930" lon="-123.369510">
<name>Swans Hotel &amp; Brewpub</name>
<cmt>lodging</cmt>
<desc>Hotel / Motel</desc>
<sym>Dot</sym>
<type>shelter</type>
</wpt>
<wpt lat="48.421625" lon="-123.368002">
<name>Veranda</name>
<cmt>bar</cmt>
<desc>Brewery / Pub</desc>
<sym>Dot</sym>
<type>food</type>
</wpt>
<wpt lat="48.428639" lon="-123.369149">
<name>Swans Liquor Store</name>
<cmt>convenience_store</cmt>
<desc>Liquor Store</desc>
<sym>Dot</sym>
<type>store</type>
</wpt>
<wpt lat="48.428022" lon="-123.369385">
<name>Cafe Mexico</name>
<cmt>food</cmt>
<desc>Restaurant</desc>
<sym>Dot</sym>
<type>food</type>
</wpt>
<wpt lat="48.421667" lon="-123.376769">
<name>Nourish Kitchen &amp; Cafe</name>
<cmt>coffee</cmt>
<desc>Café / Coffee</desc>
<sym>Dot</sym>
<type>food</type>
</wpt>
<wpt lat="48.421767" lon="-123.366351">
<name>Maritime Museum of British Columbia</name>
<cmt>monument</cmt>
<desc>Museum / Gallery</desc>
<sym>Dot</sym>
<type>info</type>
</wpt>
<wpt lat="48.424360" lon="-123.370432">
<name>Red Fish Blue Fish</name>
<cmt>food</cmt>
<desc>Fast Food / Chain</desc>
<sym>Dot</sym>
<type>food</type>
</wpt>
<wpt lat="48.428381" lon="-123.369133">
<name>Drake Eatery</name>
<cmt>bar</cmt>
<desc>Brewery / Pub</desc>
<sym>Dot</sym>
<type>food</type>
</wpt>
<wpt lat="48.427062" lon="-123.369729">
<name>HI Victoria</name>
<cmt>lodging</cmt>
<desc>Hostel</desc>
<sym>Dot</sym>
<type>shelter</type>
</wpt>
<wpt lat="48.428996" lon="-123.369459">
<name>Chubby Dumpling</name>
<cmt>food</cmt>
<desc>Restaurant</desc>
<sym>Dot</sym>
<type>food</type>
</wpt>
<wpt lat="48.422514" lon="-123.380718">
<name>WorldMark Victoria</name>
<cmt>lodging</cmt>
<desc>Hotel / Motel</desc>
<sym>Dot</sym>
<type>shelter</type>
</wpt>
<wpt lat="48.421511" lon="-123.374752">
<name>The Pedaler</name>
<cmt>bike_shop</cmt>
<desc>Rentals</desc>
<sym>Dot</sym>
<type>gear</type>
</wpt>
<wpt lat="48.423477" lon="-123.368449">
<name>Pizza Garden</name>
<cmt>food</cmt>
<desc>Restaurant</desc>
<sym>Dot</sym>
<type>food</type>
</wpt>
<wpt lat="48.421028" lon="-123.372775">
<name>Hotel Grand Pacific</name>
<cmt>lodging</cmt>
<desc>Hotel / Motel</desc>
<sym>Dot</sym>
<type>shelter</type>
</wpt>
<wpt lat="48.421617" lon="-123.367860">
<name>Tea at the Empress</name>
<cmt>coffee</cmt>
<desc>Café / Coffee</desc>
<sym>Dot</sym>
<type>food</type>
</wpt>
<wpt lat="48.421107" lon="-123.373139">
<name>Belleville's</name>
<cmt>food</cmt>
<desc>Restaurant</desc>
<sym>Dot</sym>
<type>food</type>
</wpt>
<wpt lat="48.442904" lon="-123.378791">
<name>Howard Johnson by Wyndham Victoria</name>
<cmt>lodging</cmt>
<desc>Hotel / Motel</desc>
<sym>Dot</sym>
<type>shelter</type>
</wpt>
<wpt lat="48.422768" lon="-123.366126">
<name>Noodle Box</name>
<cmt>food</cmt>
<desc>Restaurant</desc>
<sym>Dot</sym>
<type>food</type>
</wpt>
<wpt lat="48.423399" lon="-123.368072">
<name>Milano</name>
<cmt>coffee</cmt>
<desc>Café / Coffee</desc>
<sym>Dot</sym>
<type>food</type>
</wpt>
<wpt lat="48.429072" lon="-123.369466">
<name>The Sour Pickle Cafe</name>
<cmt>food</cmt>
<desc>Restaurant</desc>
<sym>Dot</sym>
<type>food</type>
</wpt>
<wpt lat="48.420941" lon="-123.372597">
<name>Courtyard Café</name>
<cmt>coffee</cmt>
<desc>Café / Coffee</desc>
<sym>Dot</sym>
<type>food</type>
</wpt>
<wpt lat="48.425118" lon="-123.369012">
<name>Siam Thai Cuisine</name>
<cmt>food</cmt>
<desc>Restaurant</desc>
<sym>Dot</sym>
<type>food</type>
</wpt>
<wpt lat="48.444289" lon="-123.378385">
<name>Burnside / Gorge Community Centre</name>
<cmt>rest_stop</cmt>
<desc>Community Centre</desc>
<sym>Dot</sym>
<type>rest_area</type>
</wpt>
<wpt lat="48.455665" lon="-123.378420">
<name>Recyclistas Bike Collective</name>
<cmt>bike_shop</cmt>
<desc>Repair Shop</desc>
<sym>Dot</sym>
<type>gear</type>
</wpt>
<wpt lat="48.422148" lon="-123.364776">
<name>Ithaka Greek Restaurant</name>
<cmt>food</cmt>
<desc>Restaurant</desc>
<sym>Dot</sym>
<type>food</type>
</wpt>
<wpt lat="48.425394" lon="-123.369011">
<name>Koto Japanese Restaurant</name>
<cmt>food</cmt>
<desc>Restaurant</desc>
<sym>Dot</sym>
<type>food</type>
</wpt>
<wpt lat="48.429023" lon="-123.385133">
<name>Spinnakers Brewpub</name>
<cmt>bar</cmt>
<desc>Brewery / Pub</desc>
<sym>Dot</sym>
<type>food</type>
</wpt>
<wpt lat="48.429116" lon="-123.385209">
<name>Spinnakers</name>
<cmt>bar</cmt>
<desc>Brewery / Pub</desc>
<sym>Dot</sym>
<type>food</type>
</wpt>
<wpt lat="48.423665" lon="-123.368521">
<name>Frankie's Modern Diner</name>
<cmt>food</cmt>
<desc>Restaurant</desc>
<sym>Dot</sym>
<type>food</type>
</wpt>
<wpt lat="48.424618" lon="-123.368844">
<name>Le Petit Saigon</name>
<cmt>food</cmt>
<desc>Restaurant</desc>
<sym>Dot</sym>
<type>food</type>
</wpt>
<wpt lat="48.422871" lon="-123.366105">
<name>Cora</name>
<cmt>food</cmt>
<desc>Restaurant</desc>
<sym>Dot</sym>
<type>food</type>
</wpt>
<wpt lat="48.427819" lon="-123.369174">
<name>Hey Happy</name>
<cmt>coffee</cmt>
<desc>Café / Coffee</desc>
<sym>Dot</sym>
<type>food</type>
</wpt>
<wpt lat="48.423363" lon="-123.367572">
<name>10 Acres Bistro</name>
<cmt>food</cmt>
<desc>Restaurant</desc>
<sym>Dot</sym>
<type>food</type>
</wpt>
<wpt lat="48.423614" lon="-123.370532">
<name>Flying Otter Grill</name>
<cmt>food</cmt>
<desc>Restaurant</desc>
<sym>Dot</sym>
<type>food</type>
</wpt>
<wpt lat="48.429062" lon="-123.385250">
<name>Spinnakers Guesthouses</name>
<cmt>lodging</cmt>
<desc>B&amp;B / Inn</desc>
<sym>Dot</sym>
<type>shelter</type>
</wpt>
<wpt lat="48.427577" lon="-123.369236">
<name>Friends of Dorothy</name>
<cmt>food</cmt>
<desc>Restaurant</desc>
<sym>Dot</sym>
<type>food</type>
</wpt>
<wpt lat="48.426718" lon="-123.369271">
<name>El Furniture Warehouse</name>
<cmt>food</cmt>
<desc>Restaurant</desc>
<sym>Dot</sym>
<type>food</type>
</wpt>
<wpt lat="48.423752" lon="-123.368470">
<name>Axe &amp; Grind</name>
<cmt>rest_stop</cmt>
<desc>Community Centre</desc>
<sym>Dot</sym>
<type>rest_area</type>
</wpt>
<wpt lat="48.423681" lon="-123.368403">
<name>Burger King</name>
<cmt>food</cmt>
<desc>Fast Food / Chain</desc>
<sym>Dot</sym>
<type>food</type>
</wpt>
<wpt lat="48.421216" lon="-123.374398">
<name>Harbour House Restaurant</name>
<cmt>food</cmt>
<desc>Restaurant</desc>
<sym>Dot</sym>
<type>food</type>
</wpt>
<wpt lat="48.423317" lon="-123.367220">
<name>The Courtney Room</name>
<cmt>food</cmt>
<desc>Restaurant</desc>
<sym>Dot</sym>
<type>food</type>
</wpt>
<wpt lat="48.420994" lon="-123.373540">
<name>Days Inn - Victoria On The Harbour</name>
<cmt>lodging</cmt>
<desc>Hotel / Motel</desc>
<sym>Dot</sym>
<type>shelter</type>
</wpt>
<wpt lat="48.429191" lon="-123.369265">
<name>Eva Schnitzelhous</name>
<cmt>food</cmt>
<desc>Restaurant</desc>
<sym>Dot</sym>
<type>food</type>
</wpt>
<wpt lat="48.422624" lon="-123.384735">
<name>Coffeehouse at Shoal Point</name>
<cmt>coffee</cmt>
<desc>Café / Coffee</desc>
<sym>Dot</sym>
<type>food</type>
</wpt>
<wpt lat="48.423347" lon="-123.367248">
<name>The Magnolia Hotel &amp; Spa</name>
<cmt>lodging</cmt>
<desc>Hotel / Motel</desc>
<sym>Dot</sym>
<type>shelter</type>
</wpt>
<wpt lat="48.426685" lon="-123.369178">
<name>Saint Cecilia</name>
<cmt>coffee</cmt>
<desc>Café / Coffee</desc>
<sym>Dot</sym>
<type>food</type>
</wpt>
<wpt lat="48.426633" lon="-123.369148">
<name>Saint Cecilia Coffee, Ice Cream &amp; Goods</name>
<cmt>food</cmt>
<desc>Ice Cream</desc>
<sym>Dot</sym>
<type>food</type>
</wpt>
<wpt lat="48.421747" lon="-123.367477">
<name>Q at the Empress</name>
<cmt>food</cmt>
<desc>Restaurant</desc>
<sym>Dot</sym>
<type>food</type>
</wpt>
<wpt lat="48.421077" lon="-123.374199">
<name>Best Western Plus Inner Harbour</name>
<cmt>lodging</cmt>
<desc>Hotel / Motel</desc>
<sym>Dot</sym>
<type>shelter</type>
</wpt>
<wpt lat="48.426677" lon="-123.369076">
<name>Cinnaholic</name>
<cmt>food</cmt>
<desc>Bakery / Donuts</desc>
<sym>Dot</sym>
<type>food</type>
</wpt>
<wpt lat="48.429354" lon="-123.371073">
<name>Cafe Malabar</name>
<cmt>food</cmt>
<desc>Restaurant</desc>
<sym>Dot</sym>
<type>food</type>
</wpt>
<wpt lat="48.429222" lon="-123.369053">
<name>Ohana Poke</name>
<cmt>food</cmt>
<desc>Restaurant</desc>
<sym>Dot</sym>
<type>food</type>
</wpt>
<wpt lat="48.422353" lon="-123.364536">
<name>Chateau Victoria Hotel &amp; Suites</name>
<cmt>lodging</cmt>
<desc>Hotel / Motel</desc>
<sym>Dot</sym>
<type>shelter</type>
</wpt>
<wpt lat="48.426940" lon="-123.369081">
<name>Ferris'</name>
<cmt>food</cmt>
<desc>Restaurant</desc>
<sym>Dot</sym>
<type>food</type>
</wpt>
<wpt lat="48.425680" lon="-123.368615">
<name>Wind Cries Mary</name>
<cmt>coffee</cmt>
<desc>Café / Coffee</desc>
<sym>Dot</sym>
<type>food</type>
</wpt>
<wpt lat="48.428399" lon="-123.368422">
<name>Shanzee's Biscuit Café</name>
<cmt>coffee</cmt>
<desc>Café / Coffee</desc>
<sym>Dot</sym>
<type>food</type>
</wpt>
<wpt lat="48.427932" lon="-123.368651">
<name>Green Cuisine</name>
<cmt>food</cmt>
<desc>Restaurant</desc>
<sym>Dot</sym>
<type>food</type>
</wpt>
<wpt lat="48.433534" lon="-123.380752">
<name>Browns Crafthouse</name>
<cmt>food</cmt>
<desc>Restaurant</desc>
<sym>Dot</sym>
<type>food</type>
</wpt>
<wpt lat="48.424866" lon="-123.368428">
<name>The Bard and the Banker</name>
<cmt>bar</cmt>
<desc>Brewery / Pub</desc>
<sym>Dot</sym>
<type>food</type>
</wpt>
<wpt lat="48.428115" lon="-123.368525">
<name>Whistle Buoy Brewing Company</name>
<cmt>bar</cmt>
<desc>Brewery / Pub</desc>
<sym>Dot</sym>
<type>food</type>
</wpt>
<wpt lat="48.423067" lon="-123.365511">
<name>The Sticky Wicket</name>
<cmt>bar</cmt>
<desc>Brewery / Pub</desc>
<sym>Dot</sym>
<type>food</type>
</wpt>
<wpt lat="48.427536" lon="-123.368751">
<name>Il Terrazzo</name>
<cmt>food</cmt>
<desc>Restaurant</desc>
<sym>Dot</sym>
<type>food</type>
</wpt>
<wpt lat="48.426914" lon="-123.368884">
<name>Block Victoria</name>
<cmt>food</cmt>
<desc>Restaurant</desc>
<sym>Dot</sym>
<type>food</type>
</wpt>
<wpt lat="48.426907" lon="-123.376019">
<name>Delta Victoria Ocean Pointe Resort and Spa</name>
<cmt>lodging</cmt>
<desc>Hotel / Motel</desc>
<sym>Dot</sym>
<type>shelter</type>
</wpt>
<wpt lat="48.425681" lon="-123.368418">
<name>Garrick's Head Pub</name>
<cmt>bar</cmt>
<desc>Brewery / Pub</desc>
<sym>Dot</sym>
<type>food</type>
</wpt>
<wpt lat="48.423050" lon="-123.365343">
<name>Rooftop Surfclub</name>
<cmt>bar</cmt>
<desc>Brewery / Pub</desc>
<sym>Dot</sym>
<type>food</type>
</wpt>
<wpt lat="48.419634" lon="-123.368625">
<name>Royal BC Museum</name>
<cmt>monument</cmt>
<desc>Museum / Gallery</desc>
<sym>Dot</sym>
<type>info</type>
</wpt>
<wpt lat="48.422480" lon="-123.364291">
<name>Clive's Classic Lounge</name>
<cmt>bar</cmt>
<desc>Brewery / Pub</desc>
<sym>Dot</sym>
<type>food</type>
</wpt>
<wpt lat="48.423035" lon="-123.365192">
<name>The Games Room</name>
<cmt>bar</cmt>
<desc>Brewery / Pub</desc>
<sym>Dot</sym>
<type>food</type>
</wpt>
<wpt lat="48.422733" lon="-123.383357">
<name>The Fish Store</name>
<cmt>food</cmt>
<desc>Restaurant</desc>
<sym>Dot</sym>
<type>food</type>
</wpt>
<wpt lat="48.429456" lon="-123.368900">
<name>Pinhalla</name>
<cmt>food</cmt>
<desc>Restaurant</desc>
<sym>Dot</sym>
<type>food</type>
</wpt>
<wpt lat="48.425902" lon="-123.368369">
<name>Re:Bar Modern Food</name>
<cmt>food</cmt>
<desc>Restaurant</desc>
<sym>Dot</sym>
<type>food</type>
</wpt>
<wpt lat="48.422471" lon="-123.364184">
<name>Vista 18</name>
<cmt>food</cmt>
<desc>Restaurant</desc>
<sym>Dot</sym>
<type>food</type>
</wpt>
<wpt lat="48.429237" lon="-123.368469">
<name>Bean Around The World</name>
<cmt>coffee</cmt>
<desc>Café / Coffee</desc>
<sym>Dot</sym>
<type>food</type>
</wpt>
<wpt lat="48.424555" lon="-123.368126">
<name>Chocolats Favoris</name>
<cmt>food</cmt>
<desc>Ice Cream</desc>
<sym>Dot</sym>
<type>food</type>
</wpt>
<wpt lat="48.429665" lon="-123.370908">
<name>Swift Brewing &amp; Good Time Tasting Room</name>
<cmt>bar</cmt>
<desc>Brewery / Pub</desc>
<sym>Dot</sym>
<type>food</type>
</wpt>
<wpt lat="48.429677" lon="-123.370708">
<name>CRAFT Beer Market</name>
<cmt>bar</cmt>
<desc>Brewery / Pub</desc>
<sym>Dot</sym>
<type>food</type>
</wpt>
<wpt lat="48.422613" lon="-123.382835">
<name>Barb's Fish &amp; Chips</name>
<cmt>food</cmt>
<desc>Restaurant</desc>
<sym>Dot</sym>
<type>food</type>
</wpt>
<wpt lat="48.432646" lon="-123.380311">
<name>Save-On-Foods</name>
<cmt>convenience_store</cmt>
<desc>Grocery Store</desc>
<sym>Dot</sym>
<type>store</type>
</wpt>
<wpt lat="48.422549" lon="-123.382587">
<name>Coco Grill</name>
<cmt>food</cmt>
<desc>Restaurant</desc>
<sym>Dot</sym>
<type>food</type>
</wpt>
<wpt lat="48.425655" lon="-123.368153">
<name>Garrick's Head</name>
<cmt>bar</cmt>
<desc>Brewery / Pub</desc>
<sym>Dot</sym>
<type>food</type>
</wpt>
<wpt lat="48.422685" lon="-123.382472">
<name>Jackson's Ice Cream Float</name>
<cmt>food</cmt>
<desc>Ice Cream</desc>
<sym>Dot</sym>
<type>food</type>
</wpt>
<wpt lat="48.425714" lon="-123.368133">
<name>Irish Times</name>
<cmt>bar</cmt>
<desc>Brewery / Pub</desc>
<sym>Dot</sym>
<type>food</type>
</wpt>
<wpt lat="48.428635" lon="-123.367964">
<name>Just Matcha Tea Shop</name>
<cmt>coffee</cmt>
<desc>Café / Coffee</desc>
<sym>Dot</sym>
<type>food</type>
</wpt>
<wpt lat="48.426786" lon="-123.374949">
<name>LURE Restaurant &amp; Bar</name>
<cmt>bar</cmt>
<desc>Brewery / Pub</desc>
<sym>Dot</sym>
<type>food</type>
</wpt>
<wpt lat="48.423333" lon="-123.365472">
<name>The Clubhouse</name>
<cmt>bar</cmt>
<desc>Brewery / Pub</desc>
<sym>Dot</sym>
<type>food</type>
</wpt>
<wpt lat="48.428969" lon="-123.377666">
<name>Shell Select</name>
<cmt>convenience_store</cmt>
<desc>Convenience Store</desc>
<sym>Dot</sym>
<type>store</type>
</wpt>
<wpt lat="48.420385" lon="-123.365962">
<name>The Old Spaghetti Factory</name>
<cmt>food</cmt>
<desc>Restaurant</desc>
<sym>Dot</sym>
<type>food</type>
</wpt>
<wpt lat="48.428849" lon="-123.367958">
<name>Victoria Chinatown Museum</name>
<cmt>monument</cmt>
<desc>Museum / Gallery</desc>
<sym>Dot</sym>
<type>info</type>
</wpt>
<wpt lat="48.425349" lon="-123.367980">
<name>Murchie's Cafe</name>
<cmt>coffee</cmt>
<desc>Café / Coffee</desc>
<sym>Dot</sym>
<type>food</type>
</wpt>
<wpt lat="48.428624" lon="-123.367874">
<name>Friends &amp; Family Bake</name>
<cmt>food</cmt>
<desc>Bakery / Donuts</desc>
<sym>Dot</sym>
<type>food</type>
</wpt>
<wpt lat="48.425513" lon="-123.367947">
<name>Bedford Regency Hotel</name>
<cmt>lodging</cmt>
<desc>Hotel / Motel</desc>
<sym>Dot</sym>
<type>shelter</type>
</wpt>
<wpt lat="48.420434" lon="-123.373801">
<name>Royal Scot Hotel &amp; Suites</name>
<cmt>lodging</cmt>
<desc>Hotel / Motel</desc>
<sym>Dot</sym>
<type>shelter</type>
</wpt>
<wpt lat="48.425482" lon="-123.367935">
<name>The Churchill</name>
<cmt>bar</cmt>
<desc>Brewery / Pub</desc>
<sym>Dot</sym>
<type>food</type>
</wpt>
<wpt lat="48.423410" lon="-123.365455">
<name>Big Bad John's</name>
<cmt>bar</cmt>
<desc>Brewery / Pub</desc>
<sym>Dot</sym>
<type>food</type>
</wpt>
<wpt lat="48.422762" lon="-123.382725">
<name>Pirate Pizza Company</name>
<cmt>food</cmt>
<desc>Restaurant</desc>
<sym>Dot</sym>
<type>food</type>
</wpt>
<wpt lat="48.420815" lon="-123.376005">
<name>The Oswego Hotel</name>
<cmt>lodging</cmt>
<desc>Hotel / Motel</desc>
<sym>Dot</sym>
<type>shelter</type>
</wpt>
<wpt lat="48.433285" lon="-123.381230">
<name>Pita Land</name>
<cmt>food</cmt>
<desc>Restaurant</desc>
<sym>Dot</sym>
<type>food</type>
</wpt>
<wpt lat="48.429248" lon="-123.368058">
<name>Ugly Duckling Dining &amp; Provisions</name>
<cmt>food</cmt>
<desc>Restaurant</desc>
<sym>Dot</sym>
<type>food</type>
</wpt>
<wpt lat="48.422850" lon="-123.382804">
<name>Puerto Vallarta Amigos</name>
<cmt>food</cmt>
<desc>Restaurant</desc>
<sym>Dot</sym>
<type>food</type>
</wpt>
<wpt lat="48.424713" lon="-123.367755">
<name>Olympus Ice Cream &amp; Bubble Tea</name>
<cmt>food</cmt>
<desc>Ice Cream</desc>
<sym>Dot</sym>
<type>food</type>
</wpt>
<wpt lat="48.423476" lon="-123.365417">
<name>The Strath</name>
<cmt>convenience_store</cmt>
<desc>Liquor Store</desc>
<sym>Dot</sym>
<type>store</type>
</wpt>
<wpt lat="48.424780" lon="-123.367739">
<name>A&amp;W</name>
<cmt>food</cmt>
<desc>Fast Food / Chain</desc>
<sym>Dot</sym>
<type>food</type>
</wpt>
<wpt lat="48.429468" lon="-123.368213">
<name>Don Mee Seafood Restaurant</name>
<cmt>food</cmt>
<desc>Restaurant</desc>
<sym>Dot</sym>
<type>food</type>
</wpt>
<wpt lat="48.424271" lon="-123.367644">
<name>BeaverTails</name>
<cmt>food</cmt>
<desc>Fast Food / Chain</desc>
<sym>Dot</sym>
<type>food</type>
</wpt>
<wpt lat="48.423445" lon="-123.365250">
<name>Strathcona Hotel</name>
<cmt>lodging</cmt>
<desc>Hotel / Motel</desc>
<sym>Dot</sym>
<type>shelter</type>
</wpt>
<wpt lat="48.428631" lon="-123.367672">
<name>Habit Coffee</name>
<cmt>coffee</cmt>
<desc>Café / Coffee</desc>
<sym>Dot</sym>
<type>food</type>
</wpt>
<wpt lat="48.429469" lon="-123.368133">
<name>MAiiZ Tortilleria &amp; Eatery</name>
<cmt>food</cmt>
<desc>Restaurant</desc>
<sym>Dot</sym>
<type>food</type>
</wpt>
<wpt lat="48.422672" lon="-123.363763">
<name>Quality Inn Downtown Inner Harbour</name>
<cmt>lodging</cmt>
<desc>Hotel / Motel</desc>
<sym>Dot</sym>
<type>shelter</type>
</wpt>
<wpt lat="48.428631" lon="-123.367620">
<name>Momi Noodle</name>
<cmt>food</cmt>
<desc>Restaurant</desc>
<sym>Dot</sym>
<type>food</type>
</wpt>
<wpt lat="48.429253" lon="-123.367863">
<name>The Fan Tan Café</name>
<cmt>food</cmt>
<desc>Restaurant</desc>
<sym>Dot</sym>
<type>food</type>
</wpt>
<wpt lat="48.426762" lon="-123.381919">
<name>Boom + Batten Restaurant &amp; Cafe</name>
<cmt>food</cmt>
<desc>Restaurant</desc>
<sym>Dot</sym>
<type>food</type>
</wpt>
<wpt lat="48.419438" lon="-123.370310">
<name>British Columbia Parliament Buildings</name>
<cmt>viewpoint</cmt>
<desc>Activity / Experience</desc>
<sym>Dot</sym>
<type>overlook</type>
</wpt>
<wpt lat="48.428631" lon="-123.367568">
<name>Dumpling Drop</name>
<cmt>food</cmt>
<desc>Restaurant</desc>
<sym>Dot</sym>
<type>food</type>
</wpt>
<wpt lat="48.423047" lon="-123.364187">
<name>Central Library Branch</name>
<cmt>library</cmt>
<desc>Library</desc>
<sym>Dot</sym>
<type>info</type>
</wpt>
<wpt lat="48.429471" lon="-123.367973">
<name>Little Yunnan Restaurant</name>
<cmt>food</cmt>
<desc>Restaurant</desc>
<sym>Dot</sym>
<type>food</type>
</wpt>
<wpt lat="48.424275" lon="-123.367378">
<name>Xing Fu Tang</name>
<cmt>coffee</cmt>
<desc>Café / Coffee</desc>
<sym>Dot</sym>
<type>food</type>
</wpt>
<wpt lat="48.429471" lon="-123.367915">
<name>Kwong Tung Seafood Restaurant</name>
<cmt>food</cmt>
<desc>Restaurant</desc>
<sym>Dot</sym>
<type>food</type>
</wpt>
<wpt lat="48.429449" lon="-123.367889">
<name>Fisgard Market</name>
<cmt>convenience_store</cmt>
<desc>Convenience Store</desc>
<sym>Dot</sym>
<type>store</type>
</wpt>
<wpt lat="48.432868" lon="-123.381281">
<name>Booster Juice</name>
<cmt>food</cmt>
<desc>Fast Food / Chain</desc>
<sym>Dot</sym>
<type>food</type>
</wpt>
<wpt lat="48.432732" lon="-123.381161">
<name>La Taquisa</name>
<cmt>food</cmt>
<desc>Fast Food / Chain</desc>
<sym>Dot</sym>
<type>food</type>
</wpt>
<wpt lat="48.432401" lon="-123.380854">
<name>Big Wheel Burger</name>
<cmt>food</cmt>
<desc>Fast Food / Chain</desc>
<sym>Dot</sym>
<type>food</type>
</wpt>
<wpt lat="48.432662" lon="-123.381112">
<name>Spinnakers Gastro Brewpub</name>
<cmt>convenience_store</cmt>
<desc>Liquor Store</desc>
<sym>Dot</sym>
<type>store</type>
</wpt>
<wpt lat="48.426818" lon="-123.367912">
<name>Leopold's Tavern</name>
<cmt>bar</cmt>
<desc>Brewery / Pub</desc>
<sym>Dot</sym>
<type>food</type>
</wpt>
<wpt lat="48.427440" lon="-123.367839">
<name>Oni-Oni</name>
<cmt>food</cmt>
<desc>Restaurant</desc>
<sym>Dot</sym>
<type>food</type>
</wpt>
<wpt lat="48.425571" lon="-123.367493">
<name>Earls</name>
<cmt>food</cmt>
<desc>Restaurant</desc>
<sym>Dot</sym>
<type>food</type>
</wpt>
<wpt lat="48.420524" lon="-123.375717">
<name>Aegir Room</name>
<cmt>food</cmt>
<desc>Restaurant</desc>
<sym>Dot</sym>
<type>food</type>
</wpt>
<wpt lat="48.429259" lon="-123.367584">
<name>Matadora Taperia</name>
<cmt>food</cmt>
<desc>Restaurant</desc>
<sym>Dot</sym>
<type>food</type>
</wpt>
<wpt lat="48.428250" lon="-123.367395">
<name>MEC Bike Shop</name>
<cmt>bike_shop</cmt>
<desc>Repair Shop</desc>
<sym>Dot</sym>
<type>gear</type>
</wpt>
<wpt lat="48.432538" lon="-123.381059">
<name>Starbucks</name>
<cmt>food</cmt>
<desc>Fast Food / Chain</desc>
<sym>Dot</sym>
<type>food</type>
</wpt>
<wpt lat="48.419605" lon="-123.366985">
<name>Helmcken House</name>
<cmt>monument</cmt>
<desc>Museum / Gallery</desc>
<sym>Dot</sym>
<type>info</type>
</wpt>
<wpt lat="48.428672" lon="-123.367325">
<name>Varsha Indian Kitchen</name>
<cmt>food</cmt>
<desc>Restaurant</desc>
<sym>Dot</sym>
<type>food</type>
</wpt>
<wpt lat="48.419615" lon="-123.371857">
<name>Embassy Inn</name>
<cmt>lodging</cmt>
<desc>Hotel / Motel</desc>
<sym>Dot</sym>
<type>shelter</type>
</wpt>
<wpt lat="48.440245" lon="-123.378832">
<name>Selkirk Cafe</name>
<cmt>coffee</cmt>
<desc>Café / Coffee</desc>
<sym>Dot</sym>
<type>food</type>
</wpt>
<wpt lat="48.433000" lon="-123.381572">
<name>Hot House Pizza</name>
<cmt>food</cmt>
<desc>Fast Food / Chain</desc>
<sym>Dot</sym>
<type>food</type>
</wpt>
<wpt lat="48.427616" lon="-123.367626">
<name>MEC Mountain Equipment Company</name>
<cmt>convenience_store</cmt>
<desc>Outdoor Gear</desc>
<sym>Dot</sym>
<type>store</type>
</wpt>
<wpt lat="48.442767" lon="-123.382379">
<name>The Loft Pub</name>
<cmt>bar</cmt>
<desc>Brewery / Pub</desc>
<sym>Dot</sym>
<type>food</type>
</wpt>
<wpt lat="48.424267" lon="-123.366707">
<name>Macchiato Caffe</name>
<cmt>coffee</cmt>
<desc>Café / Coffee</desc>
<sym>Dot</sym>
<type>food</type>
</wpt>
<wpt lat="48.429475" lon="-123.367586">
<name>Wah Laiyuen</name>
<cmt>food</cmt>
<desc>Restaurant</desc>
<sym>Dot</sym>
<type>food</type>
</wpt>
<wpt lat="48.430295" lon="-123.369510">
<name>Grindstone Cafe</name>
<cmt>coffee</cmt>
<desc>Café / Coffee</desc>
<sym>Dot</sym>
<type>food</type>
</wpt>
<wpt lat="48.425448" lon="-123.367265">
<name>Booster Juice</name>
<cmt>food</cmt>
<desc>Fast Food / Chain</desc>
<sym>Dot</sym>
<type>food</type>
</wpt>
<wpt lat="48.430298" lon="-123.369351">
<name>Herald Street Brew Works</name>
<cmt>bar</cmt>
<desc>Brewery / Pub</desc>
<sym>Dot</sym>
<type>food</type>
</wpt>
<wpt lat="48.432706" lon="-123.381471">
<name>Victoria Sushi</name>
<cmt>food</cmt>
<desc>Restaurant</desc>
<sym>Dot</sym>
<type>food</type>
</wpt>
<wpt lat="48.423867" lon="-123.365190">
<name>Smile Chicken</name>
<cmt>food</cmt>
<desc>Restaurant</desc>
<sym>Dot</sym>
<type>food</type>
</wpt>
<wpt lat="48.430099" lon="-123.368385">
<name>Union Pacific Coffee</name>
<cmt>coffee</cmt>
<desc>Café / Coffee</desc>
<sym>Dot</sym>
<type>food</type>
</wpt>
<wpt lat="48.424087" lon="-123.365742">
<name>Freshii</name>
<cmt>food</cmt>
<desc>Restaurant</desc>
<sym>Dot</sym>
<type>food</type>
</wpt>
<wpt lat="48.442143" lon="-123.383180">
<name>Days Inn by Wyndham Victoria Uptown</name>
<cmt>lodging</cmt>
<desc>Hotel / Motel</desc>
<sym>Dot</sym>
<type>shelter</type>
</wpt>
<wpt lat="48.415545" lon="-123.380482">
<name>Gingerbread Cottage Bed and Breakfast</name>
<cmt>lodging</cmt>
<desc>B&amp;B / Inn</desc>
<sym>Dot</sym>
<type>shelter</type>
</wpt>
<wpt lat="48.423958" lon="-123.365302">
<name>Blenz Coffee</name>
<cmt>coffee</cmt>
<desc>Café / Coffee</desc>
<sym>Dot</sym>
<type>food</type>
</wpt>
<wpt lat="48.425419" lon="-123.367100">
<name>Mr. Pretzels</name>
<cmt>food</cmt>
<desc>Fast Food / Chain</desc>
<sym>Dot</sym>
<type>food</type>
</wpt>
<wpt lat="48.424099" lon="-123.365282">
<name>Hanks</name>
<cmt>food</cmt>
<desc>Restaurant</desc>
<sym>Dot</sym>
<type>food</type>
</wpt>
<wpt lat="48.424477" lon="-123.366408">
<name>Pagliacci's</name>
<cmt>food</cmt>
<desc>Restaurant</desc>
<sym>Dot</sym>
<type>food</type>
</wpt>
<wpt lat="48.426672" lon="-123.367249">
<name>Starbucks</name>
<cmt>food</cmt>
<desc>Fast Food / Chain</desc>
<sym>Dot</sym>
<type>food</type>
</wpt>
<wpt lat="48.425553" lon="-123.366907">
<name>Sabayons</name>
<cmt>convenience_store</cmt>
<desc>Grocery Store</desc>
<sym>Dot</sym>
<type>store</type>
</wpt>
<wpt lat="48.427818" lon="-123.367002">
<name>Victorian Royal Suites</name>
<cmt>lodging</cmt>
<desc>Hotel / Motel</desc>
<sym>Dot</sym>
<type>shelter</type>
</wpt>
<wpt lat="48.424099" lon="-123.377032">
<name>Inn at Laurel Point</name>
<cmt>lodging</cmt>
<desc>Hotel / Motel</desc>
<sym>Dot</sym>
<type>shelter</type>
</wpt>
<wpt lat="48.427722" lon="-123.367040">
<name>Camöflage</name>
<cmt>convenience_store</cmt>
<desc>Grocery Store</desc>
<sym>Dot</sym>
<type>store</type>
</wpt>
<wpt lat="48.424280" lon="-123.365687">
<name>Chipotle</name>
<cmt>food</cmt>
<desc>Restaurant</desc>
<sym>Dot</sym>
<type>food</type>
</wpt>
<wpt lat="48.426459" lon="-123.367101">
<name>Frank's Honeybun Café</name>
<cmt>food</cmt>
<desc>Restaurant</desc>
<sym>Dot</sym>
<type>food</type>
</wpt>
<wpt lat="48.423761" lon="-123.364078">
<name>Japanese Village Teppan Steak &amp; Seafood House</name>
<cmt>food</cmt>
<desc>Restaurant</desc>
<sym>Dot</sym>
<type>food</type>
</wpt>
<wpt lat="48.424129" lon="-123.365039">
<name>Unicorn Sparkles</name>
<cmt>food</cmt>
<desc>Restaurant</desc>
<sym>Dot</sym>
<type>food</type>
</wpt>
<wpt lat="48.415849" lon="-123.387874">
<name>Victoria Bike Rentals</name>
<cmt>bike_shop</cmt>
<desc>Rentals</desc>
<sym>Dot</sym>
<type>gear</type>
</wpt>
<wpt lat="48.417760" lon="-123.358658">
<name>Beaconsfield Inn</name>
<cmt>lodging</cmt>
<desc>B&amp;B / Inn</desc>
<sym>Dot</sym>
<type>shelter</type>
</wpt>
<wpt lat="48.424968" lon="-123.366643">
<name>Good Earth</name>
<cmt>coffee</cmt>
<desc>Café / Coffee</desc>
<sym>Dot</sym>
<type>food</type>
</wpt>
<wpt lat="48.425465" lon="-123.366677">
<name>Marble Slab Creamery</name>
<cmt>food</cmt>
<desc>Ice Cream</desc>
<sym>Dot</sym>
<type>food</type>
</wpt>
<wpt lat="48.412194" lon="-123.372534">
<name>For Good Measure</name>
<cmt>convenience_store</cmt>
<desc>Convenience Store</desc>
<sym>Dot</sym>
<type>store</type>
</wpt>
<wpt lat="48.425487" lon="-123.366639">
<name>New Owly Cade</name>
<cmt>coffee</cmt>
<desc>Café / Coffee</desc>
<sym>Dot</sym>
<type>food</type>
</wpt>
<wpt lat="48.424613" lon="-123.366179">
<name>Flourish BeauTea</name>
<cmt>coffee</cmt>
<desc>Café / Coffee</desc>
<sym>Dot</sym>
<type>food</type>
</wpt>
<wpt lat="48.446965" lon="-123.372350">
<name>Starbucks</name>
<cmt>food</cmt>
<desc>Fast Food / Chain</desc>
<sym>Dot</sym>
<type>food</type>
</wpt>
<wpt lat="48.423287" lon="-123.363039">
<name>Taste of Village Indian Kitchen &amp; Bar</name>
<cmt>food</cmt>
<desc>Restaurant</desc>
<sym>Dot</sym>
<type>food</type>
</wpt>
<wpt lat="48.429228" lon="-123.366605">
<name>Starbucks</name>
<cmt>food</cmt>
<desc>Fast Food / Chain</desc>
<sym>Dot</sym>
<type>food</type>
</wpt>
<wpt lat="48.421011" lon="-123.359730">
<name>Abigail's Hotel</name>
<cmt>lodging</cmt>
<desc>Hotel / Motel</desc>
<sym>Dot</sym>
<type>shelter</type>
</wpt>
<wpt lat="48.430337" lon="-123.367732">
<name>Jam Cafe</name>
<cmt>food</cmt>
<desc>Restaurant</desc>
<sym>Dot</sym>
<type>food</type>
</wpt>
<wpt lat="48.429503" lon="-123.366712">
<name>QV Cafe</name>
<cmt>coffee</cmt>
<desc>Café / Coffee</desc>
<sym>Dot</sym>
<type>food</type>
</wpt>
<wpt lat="48.418946" lon="-123.366585">
<name>Helm's Inn</name>
<cmt>lodging</cmt>
<desc>Hotel / Motel</desc>
<sym>Dot</sym>
<type>shelter</type>
</wpt>
<wpt lat="48.425907" lon="-123.366521">
<name>Bodega Wine &amp; Tapas Bar</name>
<cmt>bar</cmt>
<desc>Brewery / Pub</desc>
<sym>Dot</sym>
<type>food</type>
</wpt>
<wpt lat="48.429819" lon="-123.366884">
<name>Brasserie L'école</name>
<cmt>food</cmt>
<desc>Restaurant</desc>
<sym>Dot</sym>
<type>food</type>
</wpt>
<wpt lat="48.423411" lon="-123.363007">
<name>Kanpai Asian Eatery &amp; Bar</name>
<cmt>food</cmt>
<desc>Restaurant</desc>
<sym>Dot</sym>
<type>food</type>
</wpt>
<wpt lat="48.429485" lon="-123.366601">
<name>Indian Aroma Restaurant</name>
<cmt>food</cmt>
<desc>Restaurant</desc>
<sym>Dot</sym>
<type>food</type>
</wpt>
<wpt lat="48.438804" lon="-123.378909">
<name>Glo Restaurant &amp; Lounge</name>
<cmt>food</cmt>
<desc>Restaurant</desc>
<sym>Dot</sym>
<type>food</type>
</wpt>
<wpt lat="48.430320" lon="-123.367358">
<name>End Dive</name>
<cmt>food</cmt>
<desc>Restaurant</desc>
<sym>Dot</sym>
<type>food</type>
</wpt>
<wpt lat="48.424812" lon="-123.365993">
<name>Bento</name>
<cmt>food</cmt>
<desc>Restaurant</desc>
<sym>Dot</sym>
<type>food</type>
</wpt>
<wpt lat="48.426306" lon="-123.366407">
<name>Rise n Grind</name>
<cmt>food</cmt>
<desc>Restaurant</desc>
<sym>Dot</sym>
<type>food</type>
</wpt>
<wpt lat="48.439177" lon="-123.378293">
<name>Sol Fine Foods</name>
<cmt>food</cmt>
<desc>Restaurant</desc>
<sym>Dot</sym>
<type>food</type>
</wpt>
<wpt lat="48.424929" lon="-123.365915">
<name>Opa! of Greece</name>
<cmt>food</cmt>
<desc>Fast Food / Chain</desc>
<sym>Dot</sym>
<type>food</type>
</wpt>
<wpt lat="48.445912" lon="-123.372576">
<name>Hotel Zed Victoria</name>
<cmt>lodging</cmt>
<desc>Hotel / Motel</desc>
<sym>Dot</sym>
<type>shelter</type>
</wpt>
<wpt lat="48.428319" lon="-123.365921">
<name>Victoria City Hall - siʔem tawen'ewtxw</name>
<cmt>rest_stop</cmt>
<desc>Community Centre</desc>
<sym>Dot</sym>
<type>rest_area</type>
</wpt>
<wpt lat="48.424990" lon="-123.365929">
<name>A&amp;W</name>
<cmt>food</cmt>
<desc>Fast Food / Chain</desc>
<sym>Dot</sym>
<type>food</type>
</wpt>
<wpt lat="48.424974" lon="-123.365826">
<name>Big Orange</name>
<cmt>coffee</cmt>
<desc>Café / Coffee</desc>
<sym>Dot</sym>
<type>food</type>
</wpt>
<wpt lat="48.423781" lon="-123.362904">
<name>Bond Bond's Bakery</name>
<cmt>food</cmt>
<desc>Bakery / Donuts</desc>
<sym>Dot</sym>
<type>food</type>
</wpt>
<wpt lat="48.424678" lon="-123.364829">
<name>Monkey C Interactive's Artcade</name>
<cmt>monument</cmt>
<desc>Museum / Gallery</desc>
<sym>Dot</sym>
<type>info</type>
</wpt>
<wpt lat="48.446417" lon="-123.372031">
<name>KFC</name>
<cmt>food</cmt>
<desc>Fast Food / Chain</desc>
<sym>Dot</sym>
<type>food</type>
</wpt>
<wpt lat="48.424990" lon="-123.365729">
<name>Umi Sushi Express</name>
<cmt>food</cmt>
<desc>Fast Food / Chain</desc>
<sym>Dot</sym>
<type>food</type>
</wpt>
<wpt lat="48.423834" lon="-123.362888">
<name>Pho Tru</name>
<cmt>food</cmt>
<desc>Restaurant</desc>
<sym>Dot</sym>
<type>food</type>
</wpt>
<wpt lat="48.424998" lon="-123.365656">
<name>New York Fries</name>
<cmt>food</cmt>
<desc>Fast Food / Chain</desc>
<sym>Dot</sym>
<type>food</type>
</wpt>
<wpt lat="48.426315" lon="-123.366050">
<name>Giant Bicycles</name>
<cmt>bike_shop</cmt>
<desc>Repair Shop</desc>
<sym>Dot</sym>
<type>gear</type>
</wpt>
<wpt lat="48.424824" lon="-123.365048">
<name>Cactus Club Cafe</name>
<cmt>food</cmt>
<desc>Restaurant</desc>
<sym>Dot</sym>
<type>food</type>
</wpt>
<wpt lat="48.424681" lon="-123.364592">
<name>The Dutch Bakery &amp; Diner</name>
<cmt>food</cmt>
<desc>Bakery / Donuts</desc>
<sym>Dot</sym>
<type>food</type>
</wpt>
<wpt lat="48.423900" lon="-123.362874">
<name>Menbow Ramen Bar</name>
<cmt>food</cmt>
<desc>Restaurant</desc>
<sym>Dot</sym>
<type>food</type>
</wpt>
<wpt lat="48.429490" lon="-123.365954">
<name>Bao</name>
<cmt>food</cmt>
<desc>Restaurant</desc>
<sym>Dot</sym>
<type>food</type>
</wpt>
<wpt lat="48.424620" lon="-123.364286">
<name>Crust Bakery</name>
<cmt>food</cmt>
<desc>Bakery / Donuts</desc>
<sym>Dot</sym>
<type>food</type>
</wpt>
<wpt lat="48.423631" lon="-123.362429">
<name>Discovery Coffee</name>
<cmt>coffee</cmt>
<desc>Café / Coffee</desc>
<sym>Dot</sym>
<type>food</type>
</wpt>
<wpt lat="48.424292" lon="-123.363397">
<name>Beijing Bistro</name>
<cmt>food</cmt>
<desc>Restaurant</desc>
<sym>Dot</sym>
<type>food</type>
</wpt>
<wpt lat="48.411576" lon="-123.368863">
<name>Beacon Drive In</name>
<cmt>food</cmt>
<desc>Restaurant</desc>
<sym>Dot</sym>
<type>food</type>
</wpt>
<wpt lat="48.426589" lon="-123.365998">
<name>Wonderffle Cafe</name>
<cmt>coffee</cmt>
<desc>Café / Coffee</desc>
<sym>Dot</sym>
<type>food</type>
</wpt>
<wpt lat="48.428400" lon="-123.365600">
<name>velofix</name>
<cmt>bike_shop</cmt>
<desc>Repair Shop</desc>
<sym>Dot</sym>
<type>gear</type>
</wpt>
<wpt lat="48.424279" lon="-123.363276">
<name>Ali Baba Pizza</name>
<cmt>food</cmt>
<desc>Restaurant</desc>
<sym>Dot</sym>
<type>food</type>
</wpt>
<wpt lat="48.424062" lon="-123.362827">
<name>L'Apéro</name>
<cmt>food</cmt>
<desc>Restaurant</desc>
<sym>Dot</sym>
<type>food</type>
</wpt>
<wpt lat="48.424578" lon="-123.363780">
<name>Tim Hortons</name>
<cmt>food</cmt>
<desc>Fast Food / Chain</desc>
<sym>Dot</sym>
<type>food</type>
</wpt>
<wpt lat="48.424248" lon="-123.363037">
<name>Burger Crush</name>
<cmt>food</cmt>
<desc>Restaurant</desc>
<sym>Dot</sym>
<type>food</type>
</wpt>
<wpt lat="48.425310" lon="-123.365548">
<name>Winners</name>
<cmt>convenience_store</cmt>
<desc>Grocery Store</desc>
<sym>Dot</sym>
<type>store</type>
</wpt>
<wpt lat="48.423706" lon="-123.362195">
<name>Superflux Cabana</name>
<cmt>bar</cmt>
<desc>Brewery / Pub</desc>
<sym>Dot</sym>
<type>food</type>
</wpt>
<wpt lat="48.423861" lon="-123.362416">
<name>Yalla</name>
<cmt>food</cmt>
<desc>Restaurant</desc>
<sym>Dot</sym>
<type>food</type>
</wpt>
<wpt lat="48.427557" lon="-123.365701">
<name>Best Western Plus Carlton Plaza</name>
<cmt>lodging</cmt>
<desc>Hotel / Motel</desc>
<sym>Dot</sym>
<type>shelter</type>
</wpt>
<wpt lat="48.423928" lon="-123.362400">
<name>La Taquisa</name>
<cmt>food</cmt>
<desc>Restaurant</desc>
<sym>Dot</sym>
<type>food</type>
</wpt>
<wpt lat="48.424538" lon="-123.363389">
<name>Serena's Pizzeria and Hoagies</name>
<cmt>food</cmt>
<desc>Restaurant</desc>
<sym>Dot</sym>
<type>food</type>
</wpt>
<wpt lat="48.446115" lon="-123.371709">
<name>The Ruby on Douglas</name>
<cmt>food</cmt>
<desc>Restaurant</desc>
<sym>Dot</sym>
<type>food</type>
</wpt>
<wpt lat="48.435207" lon="-123.375443">
<name>Brass Monkey Taproom</name>
<cmt>bar</cmt>
<desc>Brewery / Pub</desc>
<sym>Dot</sym>
<type>food</type>
</wpt>
<wpt lat="48.424222" lon="-123.362763">
<name>Good Ovening Korean Pub and Oven Roasted Chicken</name>
<cmt>food</cmt>
<desc>Restaurant</desc>
<sym>Dot</sym>
<type>food</type>
</wpt>
<wpt lat="48.423975" lon="-123.362390">
<name>be love</name>
<cmt>food</cmt>
<desc>Restaurant</desc>
<sym>Dot</sym>
<type>food</type>
</wpt>
<wpt lat="48.427702" lon="-123.365489">
<name>Broad Street Cycles</name>
<cmt>bike_shop</cmt>
<desc>Repair Shop</desc>
<sym>Dot</sym>
<type>gear</type>
</wpt>
<wpt lat="48.424523" lon="-123.363237">
<name>Pho Vy</name>
<cmt>food</cmt>
<desc>Restaurant</desc>
<sym>Dot</sym>
<type>food</type>
</wpt>
<wpt lat="48.424513" lon="-123.363142">
<name>Bale Banh Mi Sandwiches</name>
<cmt>convenience_store</cmt>
<desc>Specialty / Health Food</desc>
<sym>Dot</sym>
<type>store</type>
</wpt>
<wpt lat="48.425637" lon="-123.365305">
<name>McDonald's</name>
<cmt>food</cmt>
<desc>Fast Food / Chain</desc>
<sym>Dot</sym>
<type>food</type>
</wpt>
<wpt lat="48.425269" lon="-123.364890">
<name>James Joyce Bistro and Peacock Billiards</name>
<cmt>food</cmt>
<desc>Restaurant</desc>
<sym>Dot</sym>
<type>food</type>
</wpt>
<wpt lat="48.430035" lon="-123.365552">
<name>In Er G Plant Alchemy</name>
<cmt>food</cmt>
<desc>Restaurant</desc>
<sym>Dot</sym>
<type>food</type>
</wpt>
<wpt lat="48.431393" lon="-123.367596">
<name>Sports Rent</name>
<cmt>bike_shop</cmt>
<desc>Repair Shop</desc>
<sym>Dot</sym>
<type>gear</type>
</wpt>
<wpt lat="48.423016" lon="-123.360605">
<name>YMCA-YWCA Downtown</name>
<cmt>rest_stop</cmt>
<desc>Community Centre</desc>
<sym>Dot</sym>
<type>rest_area</type>
</wpt>
<wpt lat="48.424167" lon="-123.362200">
<name>Fish Hook</name>
<cmt>food</cmt>
<desc>Restaurant</desc>
<sym>Dot</sym>
<type>food</type>
</wpt>
<wpt lat="48.424153" lon="-123.362076">
<name>Original Pho</name>
<cmt>food</cmt>
<desc>Restaurant</desc>
<sym>Dot</sym>
<type>food</type>
</wpt>
<wpt lat="48.427346" lon="-123.365215">
<name>The Ruby</name>
<cmt>food</cmt>
<desc>Restaurant</desc>
<sym>Dot</sym>
<type>food</type>
</wpt>
<wpt lat="48.435388" lon="-123.374947">
<name>Salt Chuck Pie Company</name>
<cmt>food</cmt>
<desc>Fast Food / Chain</desc>
<sym>Dot</sym>
<type>food</type>
</wpt>
<wpt lat="48.436347" lon="-123.387488">
<name>Crown Palace</name>
<cmt>food</cmt>
<desc>Restaurant</desc>
<sym>Dot</sym>
<type>food</type>
</wpt>
<wpt lat="48.424635" lon="-123.362693">
<name>Bobadog Bubble Tea &amp; Hot Dogs</name>
<cmt>food</cmt>
<desc>Restaurant</desc>
<sym>Dot</sym>
<type>food</type>
</wpt>
<wpt lat="48.417314" lon="-123.368732">
<name>Bird Cages Confectionery</name>
<cmt>convenience_store</cmt>
<desc>Convenience Store</desc>
<sym>Dot</sym>
<type>store</type>
</wpt>
<wpt lat="48.426520" lon="-123.365111">
<name>Circle K</name>
<cmt>convenience_store</cmt>
<desc>Convenience Store</desc>
<sym>Dot</sym>
<type>store</type>
</wpt>
<wpt lat="48.424451" lon="-123.362260">
<name>Subway</name>
<cmt>food</cmt>
<desc>Fast Food / Chain</desc>
<sym>Dot</sym>
<type>food</type>
</wpt>
<wpt lat="48.417551" lon="-123.371019">
<name>Good Earth Coffeehouse</name>
<cmt>coffee</cmt>
<desc>Café / Coffee</desc>
<sym>Dot</sym>
<type>food</type>
</wpt>
<wpt lat="48.434032" lon="-123.384936">
<name>The Market Garden</name>
<cmt>convenience_store</cmt>
<desc>Grocery Store</desc>
<sym>Dot</sym>
<type>store</type>
</wpt>
<wpt lat="48.429020" lon="-123.364719">
<name>Island Poké</name>
<cmt>food</cmt>
<desc>Restaurant</desc>
<sym>Dot</sym>
<type>food</type>
</wpt>
<wpt lat="48.427886" lon="-123.364769">
<name>The Palms Restaurant &amp; Lounge</name>
<cmt>food</cmt>
<desc>Restaurant</desc>
<sym>Dot</sym>
<type>food</type>
</wpt>
<wpt lat="48.417961" lon="-123.372820">
<name>Murder Burger</name>
<cmt>food</cmt>
<desc>Restaurant</desc>
<sym>Dot</sym>
<type>food</type>
</wpt>
<wpt lat="48.430352" lon="-123.365412">
<name>Rabbit Rabbit</name>
<cmt>bar</cmt>
<desc>Brewery / Pub</desc>
<sym>Dot</sym>
<type>food</type>
</wpt>
<wpt lat="48.425707" lon="-123.364786">
<name>Fatburger</name>
<cmt>food</cmt>
<desc>Fast Food / Chain</desc>
<sym>Dot</sym>
<type>food</type>
</wpt>
<wpt lat="48.417827" lon="-123.372300">
<name>sxʷeŋxʷəŋ təŋəxʷ James Bay Library Branch</name>
<cmt>library</cmt>
<desc>Library</desc>
<sym>Dot</sym>
<type>info</type>
</wpt>
<wpt lat="48.431983" lon="-123.369484">
<name>The Duke Saloon</name>
<cmt>bar</cmt>
<desc>Brewery / Pub</desc>
<sym>Dot</sym>
<type>food</type>
</wpt>
<wpt lat="48.424749" lon="-123.362640">
<name>Italian Food Imports</name>
<cmt>convenience_store</cmt>
<desc>Specialty / Health Food</desc>
<sym>Dot</sym>
<type>store</type>
</wpt>
<wpt lat="48.429151" lon="-123.364718">
<name>Green Leaf Vietnamese Bistro</name>
<cmt>food</cmt>
<desc>Restaurant</desc>
<sym>Dot</sym>
<type>food</type>
</wpt>
<wpt lat="48.425774" lon="-123.364774">
<name>Cat's Coffee &amp; Cake</name>
<cmt>coffee</cmt>
<desc>Café / Coffee</desc>
<sym>Dot</sym>
<type>food</type>
</wpt>
<wpt lat="48.427579" lon="-123.364838">
<name>The Mint</name>
<cmt>food</cmt>
<desc>Restaurant</desc>
<sym>Dot</sym>
<type>food</type>
</wpt>
<wpt lat="48.427791" lon="-123.364749">
<name>Hotel Rialto</name>
<cmt>lodging</cmt>
<desc>Hotel / Motel</desc>
<sym>Dot</sym>
<type>shelter</type>
</wpt>
<wpt lat="48.425508" lon="-123.364558">
<name>Toro</name>
<cmt>food</cmt>
<desc>Restaurant</desc>
<sym>Dot</sym>
<type>food</type>
</wpt>
<wpt lat="48.429281" lon="-123.364717">
<name>SURA Korean Grillhouse</name>
<cmt>food</cmt>
<desc>Restaurant</desc>
<sym>Dot</sym>
<type>food</type>
</wpt>
<wpt lat="48.443425" lon="-123.384918">
<name>Robin Hood Inn &amp; Suites</name>
<cmt>lodging</cmt>
<desc>Hotel / Motel</desc>
<sym>Dot</sym>
<type>shelter</type>
</wpt>
<wpt lat="48.415157" lon="-123.375350">
<name>Thrifty Foods James Bay</name>
<cmt>convenience_store</cmt>
<desc>Grocery Store</desc>
<sym>Dot</sym>
<type>store</type>
</wpt>
<wpt lat="48.446496" lon="-123.370473">
<name>Nespresso</name>
<cmt>coffee</cmt>
<desc>Café / Coffee</desc>
<sym>Dot</sym>
<type>food</type>
</wpt>
<wpt lat="48.427109" lon="-123.364958">
<name>Burger King</name>
<cmt>food</cmt>
<desc>Fast Food / Chain</desc>
<sym>Dot</sym>
<type>food</type>
</wpt>
<wpt lat="48.426977" lon="-123.364993">
<name>Second Slice Pizza</name>
<cmt>food</cmt>
<desc>Fast Food / Chain</desc>
<sym>Dot</sym>
<type>food</type>
</wpt>
<wpt lat="48.427027" lon="-123.364979">
<name>Subway</name>
<cmt>food</cmt>
<desc>Fast Food / Chain</desc>
<sym>Dot</sym>
<type>food</type>
</wpt>
<wpt lat="48.424656" lon="-123.362210">
<name>Shiki Sushi</name>
<cmt>food</cmt>
<desc>Restaurant</desc>
<sym>Dot</sym>
<type>food</type>
</wpt>
<wpt lat="48.425098" lon="-123.362960">
<name>The Coda</name>
<cmt>bar</cmt>
<desc>Brewery / Pub</desc>
<sym>Dot</sym>
<type>food</type>
</wpt>
<wpt lat="48.429753" lon="-123.364716">
<name>Best Buy</name>
<cmt>convenience_store</cmt>
<desc>Convenience Store</desc>
<sym>Dot</sym>
<type>store</type>
</wpt>
<wpt lat="48.425440" lon="-123.363828">
<name>Empire Donuts</name>
<cmt>food</cmt>
<desc>Bakery / Donuts</desc>
<sym>Dot</sym>
<type>food</type>
</wpt>
<wpt lat="48.424743" lon="-123.362200">
<name>Baan Thai</name>
<cmt>food</cmt>
<desc>Restaurant</desc>
<sym>Dot</sym>
<type>food</type>
</wpt>
<wpt lat="48.425089" lon="-123.362838">
<name>Hermann's Jazz Club</name>
<cmt>bar</cmt>
<desc>Brewery / Pub</desc>
<sym>Dot</sym>
<type>food</type>
</wpt>
<wpt lat="48.417035" lon="-123.369217">
<name>Rosewood Victoria Inn</name>
<cmt>lodging</cmt>
<desc>Hotel / Motel</desc>
<sym>Dot</sym>
<type>shelter</type>
</wpt>
<wpt lat="48.424989" lon="-123.362610">
<name>Sarpino's Pizza</name>
<cmt>food</cmt>
<desc>Restaurant</desc>
<sym>Dot</sym>
<type>food</type>
</wpt>
<wpt lat="48.429949" lon="-123.364721">
<name>Blue Nile African Restaurant</name>
<cmt>food</cmt>
<desc>Restaurant</desc>
<sym>Dot</sym>
<type>food</type>
</wpt>
<wpt lat="48.436554" lon="-123.388203">
<name>Fry's Red Wheat Bread Bakery</name>
<cmt>food</cmt>
<desc>Bakery / Donuts</desc>
<sym>Dot</sym>
<type>food</type>
</wpt>
<wpt lat="48.425504" lon="-123.363812">
<name>Soupa Cafe</name>
<cmt>coffee</cmt>
<desc>Café / Coffee</desc>
<sym>Dot</sym>
<type>food</type>
</wpt>
<wpt lat="48.436601" lon="-123.388252">
<name>Spiral Cafe</name>
<cmt>coffee</cmt>
<desc>Café / Coffee</desc>
<sym>Dot</sym>
<type>food</type>
</wpt>
<wpt lat="48.431973" lon="-123.367691">
<name>Phillips Tasting Room</name>
<cmt>bar</cmt>
<desc>Brewery / Pub</desc>
<sym>Dot</sym>
<type>food</type>
</wpt>
<wpt lat="48.442680" lon="-123.385962">
<name>Floyd's Diner</name>
<cmt>food</cmt>
<desc>Restaurant</desc>
<sym>Dot</sym>
<type>food</type>
</wpt>
<wpt lat="48.426700" lon="-123.364614">
<name>Hope Key</name>
<cmt>food</cmt>
<desc>Restaurant</desc>
<sym>Dot</sym>
<type>food</type>
</wpt>
<wpt lat="48.415575" lon="-123.375650">
<name>Heron Rock Bistro</name>
<cmt>food</cmt>
<desc>Restaurant</desc>
<sym>Dot</sym>
<type>food</type>
</wpt>
<wpt lat="48.428439" lon="-123.364175">
<name>Marilena Cafe &amp; Raw Bar</name>
<cmt>food</cmt>
<desc>Restaurant</desc>
<sym>Dot</sym>
<type>food</type>
</wpt>
<wpt lat="48.413796" lon="-123.369672">
<name>Emily Carr House</name>
<cmt>monument</cmt>
<desc>Museum / Gallery</desc>
<sym>Dot</sym>
<type>info</type>
</wpt>
<wpt lat="48.426422" lon="-123.364358">
<name>Bulk Barn</name>
<cmt>convenience_store</cmt>
<desc>Grocery Store</desc>
<sym>Dot</sym>
<type>store</type>
</wpt>
<wpt lat="48.431553" lon="-123.398853">
<name>Esquimalt Roasting Company</name>
<cmt>coffee</cmt>
<desc>Café / Coffee</desc>
<sym>Dot</sym>
<type>food</type>
</wpt>
<wpt lat="48.424287" lon="-123.361096">
<name>Refuge Tap Room</name>
<cmt>bar</cmt>
<desc>Brewery / Pub</desc>
<sym>Dot</sym>
<type>food</type>
</wpt>
<wpt lat="48.426051" lon="-123.364187">
<name>Haunted Manor Mini-Golf &amp; Ping-Pong</name>
<cmt>bar</cmt>
<desc>Brewery / Pub</desc>
<sym>Dot</sym>
<type>food</type>
</wpt>
<wpt lat="48.442534" lon="-123.386426">
<name>The Vic</name>
<cmt>lodging</cmt>
<desc>Hotel / Motel</desc>
<sym>Dot</sym>
<type>shelter</type>
</wpt>
<wpt lat="48.415255" lon="-123.369490">
<name>James Bay Inn Pub</name>
<cmt>bar</cmt>
<desc>Brewery / Pub</desc>
<sym>Dot</sym>
<type>food</type>
</wpt>
<wpt lat="48.415394" lon="-123.369456">
<name>James Bay Inn</name>
<cmt>lodging</cmt>
<desc>Hotel / Motel</desc>
<sym>Dot</sym>
<type>shelter</type>
</wpt>
<wpt lat="48.443140" lon="-123.385926">
<name>Hecklers Bar &amp; Grill</name>
<cmt>food</cmt>
<desc>Restaurant</desc>
<sym>Dot</sym>
<type>food</type>
</wpt>
<wpt lat="48.430828" lon="-123.364981">
<name>Island Travel Inn</name>
<cmt>lodging</cmt>
<desc>Hotel / Motel</desc>
<sym>Dot</sym>
<type>shelter</type>
</wpt>
<wpt lat="48.447614" lon="-123.369120">
<name>Manchu Wok</name>
<cmt>food</cmt>
<desc>Fast Food / Chain</desc>
<sym>Dot</sym>
<type>food</type>
</wpt>
<wpt lat="48.415111" lon="-123.374084">
<name>Piggy &amp; Paisley</name>
<cmt>coffee</cmt>
<desc>Café / Coffee</desc>
<sym>Dot</sym>
<type>food</type>
</wpt>
<wpt lat="48.425787" lon="-123.363735">
<name>Dosa Paragon</name>
<cmt>food</cmt>
<desc>Restaurant</desc>
<sym>Dot</sym>
<type>food</type>
</wpt>
<wpt lat="48.428127" lon="-123.363898">
<name>Rudi</name>
<cmt>food</cmt>
<desc>Restaurant</desc>
<sym>Dot</sym>
<type>food</type>
</wpt>
<wpt lat="48.447700" lon="-123.369066">
<name>KFC</name>
<cmt>food</cmt>
<desc>Fast Food / Chain</desc>
<sym>Dot</sym>
<type>food</type>
</wpt>
<wpt lat="48.415515" lon="-123.374903">
<name>Superior Pizza</name>
<cmt>food</cmt>
<desc>Fast Food / Chain</desc>
<sym>Dot</sym>
<type>food</type>
</wpt>
<wpt lat="48.447547" lon="-123.369102">
<name>OPA! Of Greece</name>
<cmt>food</cmt>
<desc>Fast Food / Chain</desc>
<sym>Dot</sym>
<type>food</type>
</wpt>
<wpt lat="48.425824" lon="-123.363726">
<name>Sushi Time Express</name>
<cmt>food</cmt>
<desc>Fast Food / Chain</desc>
<sym>Dot</sym>
<type>food</type>
</wpt>
<wpt lat="48.447742" lon="-123.369013">
<name>A&amp;W</name>
<cmt>food</cmt>
<desc>Fast Food / Chain</desc>
<sym>Dot</sym>
<type>food</type>
</wpt>
<wpt lat="48.443152" lon="-123.386035">
<name>Liquor Depot</name>
<cmt>convenience_store</cmt>
<desc>Liquor Store</desc>
<sym>Dot</sym>
<type>store</type>
</wpt>
<wpt lat="48.427023" lon="-123.364259">
<name>Board with Friends Cafe</name>
<cmt>coffee</cmt>
<desc>Café / Coffee</desc>
<sym>Dot</sym>
<type>food</type>
</wpt>
<wpt lat="48.447483" lon="-123.369068">
<name>Pho Tru</name>
<cmt>food</cmt>
<desc>Fast Food / Chain</desc>
<sym>Dot</sym>
<type>food</type>
</wpt>
<wpt lat="48.429826" lon="-123.364061">
<name>No Frills</name>
<cmt>convenience_store</cmt>
<desc>Grocery Store</desc>
<sym>Dot</sym>
<type>store</type>
</wpt>
<wpt lat="48.426029" lon="-123.363924">
<name>Interactivity Board Game Cafe</name>
<cmt>coffee</cmt>
<desc>Café / Coffee</desc>
<sym>Dot</sym>
<type>food</type>
</wpt>
<wpt lat="48.447760" lon="-123.368932">
<name>Menbow Ramen Express</name>
<cmt>food</cmt>
<desc>Fast Food / Chain</desc>
<sym>Dot</sym>
<type>food</type>
</wpt>
<wpt lat="48.423934" lon="-123.360175">
<name>Sookjai Thai</name>
<cmt>food</cmt>
<desc>Restaurant</desc>
<sym>Dot</sym>
<type>food</type>
</wpt>
<wpt lat="48.415664" lon="-123.374981">
<name>James Bay Coffee House</name>
<cmt>coffee</cmt>
<desc>Café / Coffee</desc>
<sym>Dot</sym>
<type>food</type>
</wpt>
<wpt lat="48.447446" lon="-123.369002">
<name>Ono Poke</name>
<cmt>food</cmt>
<desc>Fast Food / Chain</desc>
<sym>Dot</sym>
<type>food</type>
</wpt>
<wpt lat="48.415860" lon="-123.375367">
<name>Spinnakers Spirit Merchants</name>
<cmt>convenience_store</cmt>
<desc>Liquor Store</desc>
<sym>Dot</sym>
<type>store</type>
</wpt>
<wpt lat="48.447774" lon="-123.368870">
<name>New York Fries</name>
<cmt>food</cmt>
<desc>Fast Food / Chain</desc>
<sym>Dot</sym>
<type>food</type>
</wpt>
<wpt lat="48.427809" lon="-123.363771">
<name>John's Place</name>
<cmt>food</cmt>
<desc>Restaurant</desc>
<sym>Dot</sym>
<type>food</type>
</wpt>
<wpt lat="48.446148" lon="-123.369781">
<name>Mr. Pretzels</name>
<cmt>food</cmt>
<desc>Fast Food / Chain</desc>
<sym>Dot</sym>
<type>food</type>
</wpt>
<wpt lat="48.447864" lon="-123.368783">
<name>H Mart</name>
<cmt>convenience_store</cmt>
<desc>Grocery Store</desc>
<sym>Dot</sym>
<type>store</type>
</wpt>
<wpt lat="48.426015" lon="-123.363786">
<name>Saint Franks</name>
<cmt>food</cmt>
<desc>Restaurant</desc>
<sym>Dot</sym>
<type>food</type>
</wpt>
<wpt lat="48.417183" lon="-123.372668">
<name>Red Barn Market</name>
<cmt>convenience_store</cmt>
<desc>Grocery Store</desc>
<sym>Dot</sym>
<type>store</type>
</wpt>
<wpt lat="48.447382" lon="-123.368906">
<name>Freshly Squeezed</name>
<cmt>food</cmt>
<desc>Fast Food / Chain</desc>
<sym>Dot</sym>
<type>food</type>
</wpt>
<wpt lat="48.447751" lon="-123.368774">
<name>Subway</name>
<cmt>food</cmt>
<desc>Fast Food / Chain</desc>
<sym>Dot</sym>
<type>food</type>
</wpt>
<wpt lat="48.447685" lon="-123.368745">
<name>Taco Time</name>
<cmt>food</cmt>
<desc>Fast Food / Chain</desc>
<sym>Dot</sym>
<type>food</type>
</wpt>
<wpt lat="48.427272" lon="-123.363839">
<name>Other Guise</name>
<cmt>monument</cmt>
<desc>Museum / Gallery</desc>
<sym>Dot</sym>
<type>info</type>
</wpt>
<wpt lat="48.445343" lon="-123.370214">
<name>Starbucks</name>
<cmt>food</cmt>
<desc>Fast Food / Chain</desc>
<sym>Dot</sym>
<type>food</type>
</wpt>
<wpt lat="48.428999" lon="-123.363496">
<name>Golden City</name>
<cmt>food</cmt>
<desc>Restaurant</desc>
<sym>Dot</sym>
<type>food</type>
</wpt>
<wpt lat="48.425720" lon="-123.362628">
<name>Foo</name>
<cmt>food</cmt>
<desc>Restaurant</desc>
<sym>Dot</sym>
<type>food</type>
</wpt>
<wpt lat="48.441116" lon="-123.373705">
<name>Heavenly Desserts</name>
<cmt>coffee</cmt>
<desc>Café / Coffee</desc>
<sym>Dot</sym>
<type>food</type>
</wpt>
<wpt lat="48.447407" lon="-123.368684">
<name>The Big Orange Juice Bar</name>
<cmt>food</cmt>
<desc>Fast Food / Chain</desc>
<sym>Dot</sym>
<type>food</type>
</wpt>
<wpt lat="48.430724" lon="-123.364255">
<name>Bangkok Modern Thai Cuisine</name>
<cmt>food</cmt>
<desc>Restaurant</desc>
<sym>Dot</sym>
<type>food</type>
</wpt>
<wpt lat="48.429547" lon="-123.363508">
<name>Deer &amp; Dough Bakery Cafe</name>
<cmt>food</cmt>
<desc>Bakery / Donuts</desc>
<sym>Dot</sym>
<type>food</type>
</wpt>
<wpt lat="48.447285" lon="-123.368674">
<name>Starbucks</name>
<cmt>food</cmt>
<desc>Fast Food / Chain</desc>
<sym>Dot</sym>
<type>food</type>
</wpt>
<wpt lat="48.441096" lon="-123.373571">
<name>Subway</name>
<cmt>food</cmt>
<desc>Fast Food / Chain</desc>
<sym>Dot</sym>
<type>food</type>
</wpt>
<wpt lat="48.415309" lon="-123.373482">
<name>The Bent Mast</name>
<cmt>bar</cmt>
<desc>Brewery / Pub</desc>
<sym>Dot</sym>
<type>food</type>
</wpt>
<wpt lat="48.431456" lon="-123.364913">
<name>Red Cedar Cafe</name>
<cmt>food</cmt>
<desc>Restaurant</desc>
<sym>Dot</sym>
<type>food</type>
</wpt>
<wpt lat="48.435544" lon="-123.373350">
<name>Greek On the Street</name>
<cmt>food</cmt>
<desc>Restaurant</desc>
<sym>Dot</sym>
<type>food</type>
</wpt>
<wpt lat="48.425885" lon="-123.362654">
<name>The Liquor Co. 1977</name>
<cmt>convenience_store</cmt>
<desc>Liquor Store</desc>
<sym>Dot</sym>
<type>store</type>
</wpt>
<wpt lat="48.428038" lon="-123.363299">
<name>Cube Food Box</name>
<cmt>food</cmt>
<desc>Restaurant</desc>
<sym>Dot</sym>
<type>food</type>
</wpt>
<wpt lat="48.417786" lon="-123.354993">
<name>Victoria Food &amp; Florist</name>
<cmt>convenience_store</cmt>
<desc>Convenience Store</desc>
<sym>Dot</sym>
<type>store</type>
</wpt>
<wpt lat="48.437104" lon="-123.373611">
<name>Hoyne Brewing Company</name>
<cmt>bar</cmt>
<desc>Brewery / Pub</desc>
<sym>Dot</sym>
<type>food</type>
</wpt>
<wpt lat="48.436749" lon="-123.373430">
<name>Parachute</name>
<cmt>food</cmt>
<desc>Ice Cream</desc>
<sym>Dot</sym>
<type>food</type>
</wpt>
<wpt lat="48.415290" lon="-123.356750">
<name>The Village Taverna</name>
<cmt>food</cmt>
<desc>Restaurant</desc>
<sym>Dot</sym>
<type>food</type>
</wpt>
<wpt lat="48.414850" lon="-123.356885">
<name>Cook Street Liquor</name>
<cmt>convenience_store</cmt>
<desc>Liquor Store</desc>
<sym>Dot</sym>
<type>store</type>
</wpt>
<wpt lat="48.436422" lon="-123.373231">
<name>Cit-E Cycles</name>
<cmt>bike_shop</cmt>
<desc>Repair Shop</desc>
<sym>Dot</sym>
<type>gear</type>
</wpt>
<wpt lat="48.427200" lon="-123.363383">
<name>The Vicious Poodle</name>
<cmt>bar</cmt>
<desc>Brewery / Pub</desc>
<sym>Dot</sym>
<type>food</type>
</wpt>
<wpt lat="48.423629" lon="-123.358797">
<name>Blue Fox Cafe</name>
<cmt>coffee</cmt>
<desc>Café / Coffee</desc>
<sym>Dot</sym>
<type>food</type>
</wpt>
<wpt lat="48.423806" lon="-123.359039">
<name>Thai Food Near Me</name>
<cmt>food</cmt>
<desc>Restaurant</desc>
<sym>Dot</sym>
<type>food</type>
</wpt>
<wpt lat="48.415574" lon="-123.373599">
<name>Whipple Tree Bakery</name>
<cmt>food</cmt>
<desc>Bakery / Donuts</desc>
<sym>Dot</sym>
<type>food</type>
</wpt>
<wpt lat="49.289232" lon="-123.114491">
<name>Uno Gelato</name>
<cmt>food</cmt>
<desc>Ice Cream</desc>
<sym>Dot</sym>
<type>food</type>
</wpt>
<wpt lat="49.286836" lon="-123.114555">
<name>Spokes Bicycle Rentals</name>
<cmt>bike_shop</cmt>
<desc>Rentals</desc>
<sym>Dot</sym>
<type>gear</type>
</wpt>
<wpt lat="49.286941" lon="-123.114836">
<name>Lions Pub</name>
<cmt>bar</cmt>
<desc>Brewery / Pub</desc>
<sym>Dot</sym>
<type>food</type>
</wpt>
<wpt lat="49.289088" lon="-123.114688">
<name>Subway</name>
<cmt>food</cmt>
<desc>Fast Food / Chain</desc>
<sym>Dot</sym>
<type>food</type>
</wpt>
<wpt lat="49.288664" lon="-123.115181">
<name>Chop Steakhouse &amp; Bar</name>
<cmt>food</cmt>
<desc>Restaurant</desc>
<sym>Dot</sym>
<type>food</type>
</wpt>
<wpt lat="49.288484" lon="-123.115395">
<name>Starbucks</name>
<cmt>food</cmt>
<desc>Fast Food / Chain</desc>
<sym>Dot</sym>
<type>food</type>
</wpt>
<wpt lat="49.286572" lon="-123.114180">
<name>Awesome Bagel &amp; More</name>
<cmt>food</cmt>
<desc>Bakery / Donuts</desc>
<sym>Dot</sym>
<type>food</type>
</wpt>
<wpt lat="49.288837" lon="-123.114996">
<name>Quesada</name>
<cmt>food</cmt>
<desc>Fast Food / Chain</desc>
<sym>Dot</sym>
<type>food</type>
</wpt>
<wpt lat="49.288958" lon="-123.114858">
<name>Steve's Poke Bar</name>
<cmt>food</cmt>
<desc>Restaurant</desc>
<sym>Dot</sym>
<type>food</type>
</wpt>
<wpt lat="49.274720" lon="-123.110519">
<name>Batch</name>
<cmt>bar</cmt>
<desc>Brewery / Pub</desc>
<sym>Dot</sym>
<type>food</type>
</wpt>
<wpt lat="49.268526" lon="-123.118626">
<name>Riviera Cafe &amp; Restaurant</name>
<cmt>food</cmt>
<desc>Restaurant</desc>
<sym>Dot</sym>
<type>food</type>
</wpt>
<wpt lat="49.271755" lon="-123.106066">
<name>Tap &amp; Barrel</name>
<cmt>bar</cmt>
<desc>Brewery / Pub</desc>
<sym>Dot</sym>
<type>food</type>
</wpt>
<wpt lat="49.276286" lon="-123.214905">
<name>Spanish Banks East Concession</name>
<cmt>food</cmt>
<desc>Fast Food / Chain</desc>
<sym>Dot</sym>
<type>food</type>
</wpt>
<wpt lat="49.289362" lon="-123.114427">
<name>Mahony's Tavern</name>
<cmt>food</cmt>
<desc>Restaurant</desc>
<sym>Dot</sym>
<type>food</type>
</wpt>
<wpt lat="49.267877" lon="-123.125828">
<name>Charleson Park Community Garden</name>
<cmt>park</cmt>
<desc>Park / Nature</desc>
<sym>Dot</sym>
<type>rest_area</type>
</wpt>
<wpt lat="49.290046" lon="-123.116951">
<name>De Dutch</name>
<cmt>food</cmt>
<desc>Restaurant</desc>
<sym>Dot</sym>
<type>food</type>
</wpt>
<wpt lat="49.275078" lon="-123.133506">
<name>inBtwn Cafe</name>
<cmt>coffee</cmt>
<desc>Café / Coffee</desc>
<sym>Dot</sym>
<type>food</type>
</wpt>
<wpt lat="49.273893" lon="-123.132775">
<name>Ancora</name>
<cmt>food</cmt>
<desc>Restaurant</desc>
<sym>Dot</sym>
<type>food</type>
</wpt>
<wpt lat="49.290443" lon="-123.117659">
<name>The Cockpit</name>
<cmt>coffee</cmt>
<desc>Café / Coffee</desc>
<sym>Dot</sym>
<type>food</type>
</wpt>
<wpt lat="49.210512" lon="-123.130465">
<name>Parm'z Pizza Factory Ltd.</name>
<cmt>food</cmt>
<desc>Fast Food / Chain</desc>
<sym>Dot</sym>
<type>food</type>
</wpt>
<wpt lat="49.268711" lon="-123.118640">
<name>The Wicklow</name>
<cmt>bar</cmt>
<desc>Brewery / Pub</desc>
<sym>Dot</sym>
<type>food</type>
</wpt>
<wpt lat="49.286591" lon="-123.142845">
<name>Cactus Club Cafe</name>
<cmt>food</cmt>
<desc>Restaurant</desc>
<sym>Dot</sym>
<type>food</type>
</wpt>
<wpt lat="49.271644" lon="-123.106129">
<name>Creekside Community Recreation Centre</name>
<cmt>rest_stop</cmt>
<desc>Community Centre</desc>
<sym>Dot</sym>
<type>rest_area</type>
</wpt>
<wpt lat="49.287873" lon="-123.116343">
<name>Motoretta Gelato</name>
<cmt>food</cmt>
<desc>Ice Cream</desc>
<sym>Dot</sym>
<type>food</type>
</wpt>
<wpt lat="49.289394" lon="-123.114881">
<name>The Golden Horn Turkish Bakery &amp; Cafe</name>
<cmt>food</cmt>
<desc>Bakery / Donuts</desc>
<sym>Dot</sym>
<type>food</type>
</wpt>
<wpt lat="49.285334" lon="-123.112222">
<name>Deville Coffee</name>
<cmt>coffee</cmt>
<desc>Café / Coffee</desc>
<sym>Dot</sym>
<type>food</type>
</wpt>
<wpt lat="49.269047" lon="-123.118483">
<name>Uno Gelato</name>
<cmt>food</cmt>
<desc>Ice Cream</desc>
<sym>Dot</sym>
<type>food</type>
</wpt>
<wpt lat="49.210778" lon="-123.140705">
<name>Talay Thai Restaurant</name>
<cmt>food</cmt>
<desc>Restaurant</desc>
<sym>Dot</sym>
<type>food</type>
</wpt>
<wpt lat="49.290453" lon="-123.117454">
<name>Gulf Island Seaplanes</name>
<cmt>viewpoint</cmt>
<desc>Activity / Experience</desc>
<sym>Dot</sym>
<type>overlook</type>
</wpt>
<wpt lat="49.285758" lon="-123.111669">
<name>Starbucks</name>
<cmt>food</cmt>
<desc>Fast Food / Chain</desc>
<sym>Dot</sym>
<type>food</type>
</wpt>
<wpt lat="49.278685" lon="-123.145329">
<name>False Creek</name>
<cmt>park</cmt>
<desc>Park / Nature</desc>
<sym>Dot</sym>
<type>rest_area</type>
</wpt>
<wpt lat="49.210445" lon="-123.130463">
<name>Chuan Yue</name>
<cmt>food</cmt>
<desc>Restaurant</desc>
<sym>Dot</sym>
<type>food</type>
</wpt>
<wpt lat="49.267446" lon="-123.119643">
<name>Convivial Café and Bakery</name>
<cmt>food</cmt>
<desc>Bakery / Donuts</desc>
<sym>Dot</sym>
<type>food</type>
</wpt>
<wpt lat="49.288578" lon="-123.142644">
<name>Sylvia's Bar</name>
<cmt>bar</cmt>
<desc>Brewery / Pub</desc>
<sym>Dot</sym>
<type>food</type>
</wpt>
<wpt lat="49.297759" lon="-123.131435">
<name>Stanley Park Information Booth</name>
<cmt>generic</cmt>
<desc>Visitor Centre</desc>
<sym>Dot</sym>
<type>generic</type>
</wpt>
<wpt lat="49.291569" lon="-123.127516">
<name>Cardero's</name>
<cmt>food</cmt>
<desc>Restaurant</desc>
<sym>Dot</sym>
<type>food</type>
</wpt>
<wpt lat="49.210829" lon="-123.140708">
<name>Keumsan Korean Restaurant</name>
<cmt>food</cmt>
<desc>Restaurant</desc>
<sym>Dot</sym>
<type>food</type>
</wpt>
<wpt lat="49.273468" lon="-123.119191">
<name>Oeb Breakfast Co.</name>
<cmt>food</cmt>
<desc>Restaurant</desc>
<sym>Dot</sym>
<type>food</type>
</wpt>
<wpt lat="49.237453" lon="-123.155636">
<name>Bufala</name>
<cmt>food</cmt>
<desc>Restaurant</desc>
<sym>Dot</sym>
<type>food</type>
</wpt>
<wpt lat="49.237657" lon="-123.155639">
<name>White Spot</name>
<cmt>food</cmt>
<desc>Fast Food / Chain</desc>
<sym>Dot</sym>
<type>food</type>
</wpt>
<wpt lat="49.285394" lon="-123.111402">
<name>Rogue Kitchen &amp; Wetbar</name>
<cmt>food</cmt>
<desc>Restaurant</desc>
<sym>Dot</sym>
<type>food</type>
</wpt>
<wpt lat="49.237972" lon="-123.155675">
<name>Homeslice Cafe &amp; Bakery</name>
<cmt>food</cmt>
<desc>Bakery / Donuts</desc>
<sym>Dot</sym>
<type>food</type>
</wpt>
<wpt lat="49.286742" lon="-123.142240">
<name>CRAFT Beer Market</name>
<cmt>food</cmt>
<desc>Restaurant</desc>
<sym>Dot</sym>
<type>food</type>
</wpt>
<wpt lat="49.285899" lon="-123.112287">
<name>A&amp;W</name>
<cmt>food</cmt>
<desc>Fast Food / Chain</desc>
<sym>Dot</sym>
<type>food</type>
</wpt>
<wpt lat="49.236318" lon="-123.155699">
<name>West Coast Liquor</name>
<cmt>convenience_store</cmt>
<desc>Liquor Store</desc>
<sym>Dot</sym>
<type>store</type>
</wpt>
<wpt lat="49.286003" lon="-123.112456">
<name>Chronic Tacos</name>
<cmt>food</cmt>
<desc>Fast Food / Chain</desc>
<sym>Dot</sym>
<type>food</type>
</wpt>
<wpt lat="49.271719" lon="-123.191557">
<name>Jericho Beach Consession</name>
<cmt>coffee</cmt>
<desc>Café / Coffee</desc>
<sym>Dot</sym>
<type>food</type>
</wpt>
<wpt lat="49.236185" lon="-123.185537">
<name>Bread Culture</name>
<cmt>food</cmt>
<desc>Bakery / Donuts</desc>
<sym>Dot</sym>
<type>food</type>
</wpt>
<wpt lat="49.275980" lon="-123.103735">
<name>Canoe Cultures</name>
<cmt>monument</cmt>
<desc>Museum / Gallery</desc>
<sym>Dot</sym>
<type>info</type>
</wpt>
<wpt lat="49.287198" lon="-123.114600">
<name>Fatburger</name>
<cmt>food</cmt>
<desc>Fast Food / Chain</desc>
<sym>Dot</sym>
<type>food</type>
</wpt>
<wpt lat="49.235212" lon="-123.155748">
<name>Subway</name>
<cmt>food</cmt>
<desc>Fast Food / Chain</desc>
<sym>Dot</sym>
<type>food</type>
</wpt>
<wpt lat="49.287171" lon="-123.114532">
<name>My Toan</name>
<cmt>food</cmt>
<desc>Restaurant</desc>
<sym>Dot</sym>
<type>food</type>
</wpt>
<wpt lat="49.269904" lon="-123.137586">
<name>Blue Hat Bakery &amp; Cafe</name>
<cmt>food</cmt>
<desc>Bakery / Donuts</desc>
<sym>Dot</sym>
<type>food</type>
</wpt>
<wpt lat="49.289800" lon="-123.116892">
<name>Tap &amp; Barrel</name>
<cmt>bar</cmt>
<desc>Brewery / Pub</desc>
<sym>Dot</sym>
<type>food</type>
</wpt>
<wpt lat="49.234409" lon="-123.154874">
<name>Honolulu Coffee</name>
<cmt>coffee</cmt>
<desc>Café / Coffee</desc>
<sym>Dot</sym>
<type>food</type>
</wpt>
<wpt lat="49.210325" lon="-123.140211">
<name>Marpole Library Branch</name>
<cmt>library</cmt>
<desc>Library</desc>
<sym>Dot</sym>
<type>info</type>
</wpt>
<wpt lat="49.287145" lon="-123.114463">
<name>Kinton Ramen</name>
<cmt>coffee</cmt>
<desc>Café / Coffee</desc>
<sym>Dot</sym>
<type>food</type>
</wpt>
<wpt lat="49.273336" lon="-123.119518">
<name>TWB - The Wine Bar</name>
<cmt>bar</cmt>
<desc>Brewery / Pub</desc>
<sym>Dot</sym>
<type>food</type>
</wpt>
<wpt lat="49.287030" lon="-123.114245">
<name>Chatime</name>
<cmt>coffee</cmt>
<desc>Café / Coffee</desc>
<sym>Dot</sym>
<type>food</type>
</wpt>
<wpt lat="49.271436" lon="-123.106835">
<name>Terra Breads</name>
<cmt>coffee</cmt>
<desc>Café / Coffee</desc>
<sym>Dot</sym>
<type>food</type>
</wpt>
<wpt lat="49.287119" lon="-123.114393">
<name>Umi Sushi Express</name>
<cmt>food</cmt>
<desc>Restaurant</desc>
<sym>Dot</sym>
<type>food</type>
</wpt>
<wpt lat="49.287080" lon="-123.114320">
<name>Starbucks</name>
<cmt>food</cmt>
<desc>Fast Food / Chain</desc>
<sym>Dot</sym>
<type>food</type>
</wpt>
<wpt lat="49.232124" lon="-123.155810">
<name>BBT Café</name>
<cmt>food</cmt>
<desc>Restaurant</desc>
<sym>Dot</sym>
<type>food</type>
</wpt>
<wpt lat="49.232189" lon="-123.155813">
<name>Macu Tea</name>
<cmt>coffee</cmt>
<desc>Café / Coffee</desc>
<sym>Dot</sym>
<type>food</type>
</wpt>
<wpt lat="49.227333" lon="-123.155400">
<name>Save-On-Foods</name>
<cmt>convenience_store</cmt>
<desc>Grocery Store</desc>
<sym>Dot</sym>
<type>store</type>
</wpt>
<wpt lat="49.275651" lon="-123.201754">
<name>The Galley Restaurant and Grill</name>
<cmt>food</cmt>
<desc>Restaurant</desc>
<sym>Dot</sym>
<type>food</type>
</wpt>
<wpt lat="49.231481" lon="-123.155840">
<name>Michele Cake Shop</name>
<cmt>food</cmt>
<desc>Bakery / Donuts</desc>
<sym>Dot</sym>
<type>food</type>
</wpt>
<wpt lat="49.285858" lon="-123.111859">
<name>Real Fruit Bubble Tea</name>
<cmt>coffee</cmt>
<desc>Café / Coffee</desc>
<sym>Dot</sym>
<type>food</type>
</wpt>
<wpt lat="49.231579" lon="-123.155840">
<name>Chicko Chicken</name>
<cmt>food</cmt>
<desc>Fast Food / Chain</desc>
<sym>Dot</sym>
<type>food</type>
</wpt>
<wpt lat="49.231093" lon="-123.155862">
<name>Chatime</name>
<cmt>coffee</cmt>
<desc>Café / Coffee</desc>
<sym>Dot</sym>
<type>food</type>
</wpt>
<wpt lat="49.273381" lon="-123.158435">
<name>Kitsilano Showboat</name>
<cmt>monument</cmt>
<desc>Museum / Gallery</desc>
<sym>Dot</sym>
<type>info</type>
</wpt>
<wpt lat="49.292133" lon="-123.129135">
<name>Westin Bayshore</name>
<cmt>lodging</cmt>
<desc>Hotel / Motel</desc>
<sym>Dot</sym>
<type>shelter</type>
</wpt>
<wpt lat="49.273278" lon="-123.119664">
<name>Provence Marinaside</name>
<cmt>food</cmt>
<desc>Restaurant</desc>
<sym>Dot</sym>
<type>food</type>
</wpt>
<wpt lat="49.285047" lon="-123.112065">
<name>Tim Hortons</name>
<cmt>food</cmt>
<desc>Fast Food / Chain</desc>
<sym>Dot</sym>
<type>food</type>
</wpt>
<wpt lat="49.293604" lon="-123.129584">
<name>Lift Bar Grill View</name>
<cmt>food</cmt>
<desc>Restaurant</desc>
<sym>Dot</sym>
<type>food</type>
</wpt>
<wpt lat="49.231077" lon="-123.155909">
<name>West Point Cycles - Kerrisdale</name>
<cmt>bike_shop</cmt>
<desc>Repair Shop</desc>
<sym>Dot</sym>
<type>gear</type>
</wpt>
<wpt lat="49.269221" lon="-123.118730">
<name>Bae Side</name>
<cmt>food</cmt>
<desc>Restaurant</desc>
<sym>Dot</sym>
<type>food</type>
</wpt>
<wpt lat="49.287581" lon="-123.116761">
<name>Tractor</name>
<cmt>food</cmt>
<desc>Restaurant</desc>
<sym>Dot</sym>
<type>food</type>
</wpt>
<wpt lat="49.290415" lon="-123.125114">
<name>Coal Harbour Community Centre</name>
<cmt>rest_stop</cmt>
<desc>Community Centre</desc>
<sym>Dot</sym>
<type>rest_area</type>
</wpt>
<wpt lat="49.285939" lon="-123.112050">
<name>Body Energy Club</name>
<cmt>convenience_store</cmt>
<desc>Specialty / Health Food</desc>
<sym>Dot</sym>
<type>store</type>
</wpt>
<wpt lat="49.272350" lon="-123.155382">
<name>Local Public Eatery</name>
<cmt>bar</cmt>
<desc>Brewery / Pub</desc>
<sym>Dot</sym>
<type>food</type>
</wpt>
<wpt lat="49.234467" lon="-123.155920">
<name>Burrata Pizzeria</name>
<cmt>food</cmt>
<desc>Fast Food / Chain</desc>
<sym>Dot</sym>
<type>food</type>
</wpt>
<wpt lat="49.285909" lon="-123.111966">
<name>Subway</name>
<cmt>food</cmt>
<desc>Fast Food / Chain</desc>
<sym>Dot</sym>
<type>food</type>
</wpt>
<wpt lat="49.286945" lon="-123.141990">
<name>Hook Cantina</name>
<cmt>food</cmt>
<desc>Restaurant</desc>
<sym>Dot</sym>
<type>food</type>
</wpt>
<wpt lat="49.211016" lon="-123.140148">
<name>Red Star Seafood Restaurant</name>
<cmt>food</cmt>
<desc>Restaurant</desc>
<sym>Dot</sym>
<type>food</type>
</wpt>
<wpt lat="49.273655" lon="-123.118459">
<name>Small Victory</name>
<cmt>coffee</cmt>
<desc>Café / Coffee</desc>
<sym>Dot</sym>
<type>food</type>
</wpt>
<wpt lat="49.271409" lon="-123.105849">
<name>Onda by Casereccio</name>
<cmt>food</cmt>
<desc>Restaurant</desc>
<sym>Dot</sym>
<type>food</type>
</wpt>
<wpt lat="49.285008" lon="-123.111867">
<name>BC Liquor Store</name>
<cmt>convenience_store</cmt>
<desc>Liquor Store</desc>
<sym>Dot</sym>
<type>store</type>
</wpt>
<wpt lat="49.272482" lon="-123.154548">
<name>Thai Basil</name>
<cmt>food</cmt>
<desc>Restaurant</desc>
<sym>Dot</sym>
<type>food</type>
</wpt>
<wpt lat="49.295490" lon="-123.150896">
<name>Second Beach Pool</name>
<cmt>rest_stop</cmt>
<desc>Community Centre</desc>
<sym>Dot</sym>
<type>rest_area</type>
</wpt>
<wpt lat="49.275892" lon="-123.134216">
<name>The Grind</name>
<cmt>coffee</cmt>
<desc>Café / Coffee</desc>
<sym>Dot</sym>
<type>food</type>
</wpt>
<wpt lat="49.287806" lon="-123.115344">
<name>Riley's Fish &amp; Steak</name>
<cmt>food</cmt>
<desc>Restaurant</desc>
<sym>Dot</sym>
<type>food</type>
</wpt>
<wpt lat="49.287165" lon="-123.114168">
<name>McDonald's</name>
<cmt>food</cmt>
<desc>Fast Food / Chain</desc>
<sym>Dot</sym>
<type>food</type>
</wpt>
<wpt lat="49.273358" lon="-123.132748">
<name>Chang'an</name>
<cmt>food</cmt>
<desc>Restaurant</desc>
<sym>Dot</sym>
<type>food</type>
</wpt>
<wpt lat="49.219346" lon="-123.149695">
<name>Choices Market</name>
<cmt>convenience_store</cmt>
<desc>Grocery Store</desc>
<sym>Dot</sym>
<type>store</type>
</wpt>
<wpt lat="49.287930" lon="-123.115163">
<name>Vancouver Tourism Visitor Centre</name>
<cmt>generic</cmt>
<desc>Visitor Centre</desc>
<sym>Dot</sym>
<type>generic</type>
</wpt>
<wpt lat="49.287353" lon="-123.114499">
<name>Tim Hortons</name>
<cmt>food</cmt>
<desc>Fast Food / Chain</desc>
<sym>Dot</sym>
<type>food</type>
</wpt>
<wpt lat="49.275768" lon="-123.132430">
<name>Long Table Distillery</name>
<cmt>bar</cmt>
<desc>Brewery / Pub</desc>
<sym>Dot</sym>
<type>food</type>
</wpt>
<wpt lat="49.272287" lon="-123.154787">
<name>Mộc Vietnamese Kitchen + Bar</name>
<cmt>food</cmt>
<desc>Restaurant</desc>
<sym>Dot</sym>
<type>food</type>
</wpt>
<wpt lat="49.286623" lon="-123.115322">
<name>Mink</name>
<cmt>coffee</cmt>
<desc>Café / Coffee</desc>
<sym>Dot</sym>
<type>food</type>
</wpt>
<wpt lat="49.234472" lon="-123.156035">
<name>Neptune Eats</name>
<cmt>food</cmt>
<desc>Restaurant</desc>
<sym>Dot</sym>
<type>food</type>
</wpt>
<wpt lat="49.303063" lon="-123.155750">
<name>Third Beach Concession</name>
<cmt>food</cmt>
<desc>Fast Food / Chain</desc>
<sym>Dot</sym>
<type>food</type>
</wpt>
<wpt lat="49.211093" lon="-123.140706">
<name>Subway</name>
<cmt>food</cmt>
<desc>Fast Food / Chain</desc>
<sym>Dot</sym>
<type>food</type>
</wpt>
<wpt lat="49.210139" lon="-123.140088">
<name>Wang's Taiwan Beef Noodle House</name>
<cmt>food</cmt>
<desc>Restaurant</desc>
<sym>Dot</sym>
<type>food</type>
</wpt>
<wpt lat="49.286569" lon="-123.115258">
<name>Auberge Hotel Vancouver</name>
<cmt>lodging</cmt>
<desc>Hotel / Motel</desc>
<sym>Dot</sym>
<type>shelter</type>
</wpt>
<wpt lat="49.284911" lon="-123.111984">
<name>Top of Vancouver</name>
<cmt>food</cmt>
<desc>Restaurant</desc>
<sym>Dot</sym>
<type>food</type>
</wpt>
<wpt lat="49.234714" lon="-123.154554">
<name>McDonald's</name>
<cmt>food</cmt>
<desc>Fast Food / Chain</desc>
<sym>Dot</sym>
<type>food</type>
</wpt>
<wpt lat="49.270247" lon="-123.136425">
<name>My Island Cafe</name>
<cmt>coffee</cmt>
<desc>Café / Coffee</desc>
<sym>Dot</sym>
<type>food</type>
</wpt>
<wpt lat="49.287210" lon="-123.114074">
<name>Thaï Express</name>
<cmt>food</cmt>
<desc>Fast Food / Chain</desc>
<sym>Dot</sym>
<type>food</type>
</wpt>
<wpt lat="49.235457" lon="-123.156086">
<name>Secret Garden Tea Company</name>
<cmt>coffee</cmt>
<desc>Café / Coffee</desc>
<sym>Dot</sym>
<type>food</type>
</wpt>
<wpt lat="49.275974" lon="-123.202053">
<name>Jericho Sailing Centre</name>
<cmt>rest_stop</cmt>
<desc>Community Centre</desc>
<sym>Dot</sym>
<type>rest_area</type>
</wpt>
<wpt lat="49.287073" lon="-123.141800">
<name>The Three Brits Public House</name>
<cmt>bar</cmt>
<desc>Brewery / Pub</desc>
<sym>Dot</sym>
<type>food</type>
</wpt>
<wpt lat="49.285058" lon="-123.112589">
<name>Pinche Taco Shop</name>
<cmt>food</cmt>
<desc>Restaurant</desc>
<sym>Dot</sym>
<type>food</type>
</wpt>
<wpt lat="49.234474" lon="-123.156113">
<name>Yi Fang Tea</name>
<cmt>coffee</cmt>
<desc>Café / Coffee</desc>
<sym>Dot</sym>
<type>food</type>
</wpt>
<wpt lat="49.235926" lon="-123.185527">
<name>H-Mart</name>
<cmt>convenience_store</cmt>
<desc>Grocery Store</desc>
<sym>Dot</sym>
<type>store</type>
</wpt>
<wpt lat="49.288739" lon="-123.142156">
<name>Sylvia Hotel</name>
<cmt>lodging</cmt>
<desc>Hotel / Motel</desc>
<sym>Dot</sym>
<type>shelter</type>
</wpt>
<wpt lat="49.211157" lon="-123.140859">
<name>Panago</name>
<cmt>food</cmt>
<desc>Fast Food / Chain</desc>
<sym>Dot</sym>
<type>food</type>
</wpt>
<wpt lat="49.272865" lon="-123.186132">
<name>Hastings Mill Park Museum</name>
<cmt>monument</cmt>
<desc>Museum / Gallery</desc>
<sym>Dot</sym>
<type>info</type>
</wpt>
<wpt lat="49.287165" lon="-123.113899">
<name>Basha</name>
<cmt>food</cmt>
<desc>Restaurant</desc>
<sym>Dot</sym>
<type>food</type>
</wpt>
<wpt lat="49.272191" lon="-123.154790">
<name>Paradiso Italian Gelato</name>
<cmt>food</cmt>
<desc>Ice Cream</desc>
<sym>Dot</sym>
<type>food</type>
</wpt>
<wpt lat="49.278767" lon="-123.137862">
<name>Sunset Beach Consession Stand</name>
<cmt>coffee</cmt>
<desc>Café / Coffee</desc>
<sym>Dot</sym>
<type>food</type>
</wpt>
<wpt lat="49.288033" lon="-123.116945">
<name>Giovane Caffè</name>
<cmt>coffee</cmt>
<desc>Café / Coffee</desc>
<sym>Dot</sym>
<type>food</type>
</wpt>
<wpt lat="49.287422" lon="-123.116942">
<name>JJ Bean</name>
<cmt>coffee</cmt>
<desc>Café / Coffee</desc>
<sym>Dot</sym>
<type>food</type>
</wpt>
<wpt lat="49.273674" lon="-123.159133">
<name>Kitsilano Outdoor Swimming Pool</name>
<cmt>rest_stop</cmt>
<desc>Community Centre</desc>
<sym>Dot</sym>
<type>rest_area</type>
</wpt>
<wpt lat="49.271166" lon="-123.106903">
<name>Legacy Liquor</name>
<cmt>convenience_store</cmt>
<desc>Liquor Store</desc>
<sym>Dot</sym>
<type>store</type>
</wpt>
<wpt lat="49.288099" lon="-123.116883">
<name>Fairmont Pacific Rim</name>
<cmt>lodging</cmt>
<desc>Hotel / Motel</desc>
<sym>Dot</sym>
<type>shelter</type>
</wpt>
<wpt lat="49.288286" lon="-123.116669">
<name>Botanist</name>
<cmt>food</cmt>
<desc>Restaurant</desc>
<sym>Dot</sym>
<type>food</type>
</wpt>
<wpt lat="49.272170" lon="-123.155391">
<name>Nook</name>
<cmt>food</cmt>
<desc>Restaurant</desc>
<sym>Dot</sym>
<type>food</type>
</wpt>
<wpt lat="49.234474" lon="-123.156198">
<name>Baoguette Vietnamese Bistro</name>
<cmt>food</cmt>
<desc>Restaurant</desc>
<sym>Dot</sym>
<type>food</type>
</wpt>
<wpt lat="49.286813" lon="-123.113169">
<name>Blenz Coffee</name>
<cmt>coffee</cmt>
<desc>Café / Coffee</desc>
<sym>Dot</sym>
<type>food</type>
</wpt>
<wpt lat="49.287014" lon="-123.141696">
<name>Oakberry Açaí bowls</name>
<cmt>food</cmt>
<desc>Fast Food / Chain</desc>
<sym>Dot</sym>
<type>food</type>
</wpt>
<wpt lat="49.302754" lon="-123.131246">
<name>Lumberman's Arch Cafe</name>
<cmt>coffee</cmt>
<desc>Café / Coffee</desc>
<sym>Dot</sym>
<type>food</type>
</wpt>
<wpt lat="49.289593" lon="-123.118431">
<name>Cactus Club Cafe</name>
<cmt>food</cmt>
<desc>Restaurant</desc>
<sym>Dot</sym>
<type>food</type>
</wpt>
<wpt lat="49.287413" lon="-123.114221">
<name>Subway</name>
<cmt>food</cmt>
<desc>Fast Food / Chain</desc>
<sym>Dot</sym>
<type>food</type>
</wpt>
<wpt lat="49.219334" lon="-123.149414">
<name>Okini</name>
<cmt>food</cmt>
<desc>Restaurant</desc>
<sym>Dot</sym>
<type>food</type>
</wpt>
<wpt lat="49.273386" lon="-123.120028">
<name>Starbucks</name>
<cmt>food</cmt>
<desc>Fast Food / Chain</desc>
<sym>Dot</sym>
<type>food</type>
</wpt>
<wpt lat="49.284827" lon="-123.111642">
<name>Booster Juice</name>
<cmt>food</cmt>
<desc>Fast Food / Chain</desc>
<sym>Dot</sym>
<type>food</type>
</wpt>
<wpt lat="49.287214" lon="-123.113820">
<name>Famous Wok</name>
<cmt>food</cmt>
<desc>Restaurant</desc>
<sym>Dot</sym>
<type>food</type>
</wpt>
<wpt lat="49.287387" lon="-123.114120">
<name>Hula</name>
<cmt>food</cmt>
<desc>Restaurant</desc>
<sym>Dot</sym>
<type>food</type>
</wpt>
<wpt lat="49.299019" lon="-123.121519">
<name>Brockton Point Totem Poles</name>
<cmt>viewpoint</cmt>
<desc>Activity / Experience</desc>
<sym>Dot</sym>
<type>overlook</type>
</wpt>
<wpt lat="49.310373" lon="-123.082221">
<name>Sharky's Chophouse &amp; Eatery</name>
<cmt>food</cmt>
<desc>Restaurant</desc>
<sym>Dot</sym>
<type>food</type>
</wpt>
<wpt lat="49.287361" lon="-123.114029">
<name>Jugo Juice</name>
<cmt>food</cmt>
<desc>Fast Food / Chain</desc>
<sym>Dot</sym>
<type>food</type>
</wpt>
<wpt lat="49.277557" lon="-123.147317">
<name>Vancouver Maritime Museum</name>
<cmt>monument</cmt>
<desc>Museum / Gallery</desc>
<sym>Dot</sym>
<type>info</type>
</wpt>
<wpt lat="49.270636" lon="-123.136651">
<name>The Vancouver Fish Company</name>
<cmt>food</cmt>
<desc>Restaurant</desc>
<sym>Dot</sym>
<type>food</type>
</wpt>
<wpt lat="49.233397" lon="-123.156347">
<name>Vancouver Public Library Kerrisdale Branch</name>
<cmt>library</cmt>
<desc>Library</desc>
<sym>Dot</sym>
<type>info</type>
</wpt>
<wpt lat="49.273110" lon="-123.120383">
<name>Reckless The Bike Store</name>
<cmt>bike_shop</cmt>
<desc>Repair Shop</desc>
<sym>Dot</sym>
<type>gear</type>
</wpt>
<wpt lat="49.270266" lon="-123.136119">
<name>Half Time Sports</name>
<cmt>bike_shop</cmt>
<desc>Repair Shop</desc>
<sym>Dot</sym>
<type>gear</type>
</wpt>
<wpt lat="49.287266" lon="-123.141527">
<name>Bayside Lounge</name>
<cmt>bar</cmt>
<desc>Brewery / Pub</desc>
<sym>Dot</sym>
<type>food</type>
</wpt>
<wpt lat="49.211293" lon="-123.140197">
<name>Icy Bar</name>
<cmt>food</cmt>
<desc>Restaurant</desc>
<sym>Dot</sym>
<type>food</type>
</wpt>
<wpt lat="49.284732" lon="-123.112130">
<name>Rice 'N Spice</name>
<cmt>food</cmt>
<desc>Fast Food / Chain</desc>
<sym>Dot</sym>
<type>food</type>
</wpt>
<wpt lat="49.272019" lon="-123.155183">
<name>Viva Cafe &amp; Bakery</name>
<cmt>food</cmt>
<desc>Bakery / Donuts</desc>
<sym>Dot</sym>
<type>food</type>
</wpt>
<wpt lat="49.287329" lon="-123.141457">
<name>Lucky Sushi Company</name>
<cmt>food</cmt>
<desc>Restaurant</desc>
<sym>Dot</sym>
<type>food</type>
</wpt>
<wpt lat="49.284696" lon="-123.112184">
<name>Teppan Kitchen</name>
<cmt>food</cmt>
<desc>Fast Food / Chain</desc>
<sym>Dot</sym>
<type>food</type>
</wpt>
<wpt lat="49.287311" lon="-123.117128">
<name>Brass Fish</name>
<cmt>food</cmt>
<desc>Restaurant</desc>
<sym>Dot</sym>
<type>food</type>
</wpt>
<wpt lat="49.234696" lon="-123.156438">
<name>ZUBU Ramen</name>
<cmt>food</cmt>
<desc>Restaurant</desc>
<sym>Dot</sym>
<type>food</type>
</wpt>
<wpt lat="49.287358" lon="-123.141418">
<name>Vonns</name>
<cmt>food</cmt>
<desc>Restaurant</desc>
<sym>Dot</sym>
<type>food</type>
</wpt>
<wpt lat="49.287270" lon="-123.113634">
<name>Fairmont Waterfront</name>
<cmt>lodging</cmt>
<desc>Hotel / Motel</desc>
<sym>Dot</sym>
<type>shelter</type>
</wpt>
<wpt lat="49.287236" lon="-123.141423">
<name>Starbucks</name>
<cmt>food</cmt>
<desc>Fast Food / Chain</desc>
<sym>Dot</sym>
<type>food</type>
</wpt>
<wpt lat="49.301224" lon="-123.157071">
<name>The Teahouse</name>
<cmt>food</cmt>
<desc>Restaurant</desc>
<sym>Dot</sym>
<type>food</type>
</wpt>
<wpt lat="49.287745" lon="-123.141335">
<name>Papi's Seafood and Oyster Bar</name>
<cmt>food</cmt>
<desc>Restaurant</desc>
<sym>Dot</sym>
<type>food</type>
</wpt>
<wpt lat="49.219336" lon="-123.149163">
<name>Bean Around The World</name>
<cmt>coffee</cmt>
<desc>Café / Coffee</desc>
<sym>Dot</sym>
<type>food</type>
</wpt>
<wpt lat="49.276369" lon="-123.145204">
<name>Museum of Vancouver</name>
<cmt>monument</cmt>
<desc>Museum / Gallery</desc>
<sym>Dot</sym>
<type>info</type>
</wpt>
<wpt lat="49.287389" lon="-123.141354">
<name>Marble Slab Creamery</name>
<cmt>food</cmt>
<desc>Ice Cream</desc>
<sym>Dot</sym>
<type>food</type>
</wpt>
<wpt lat="49.234706" lon="-123.156524">
<name>Nana's Green Tea</name>
<cmt>coffee</cmt>
<desc>Café / Coffee</desc>
<sym>Dot</sym>
<type>food</type>
</wpt>
<wpt lat="49.235658" lon="-123.185513">
<name>Pink Elephant Cafe</name>
<cmt>food</cmt>
<desc>Restaurant</desc>
<sym>Dot</sym>
<type>food</type>
</wpt>
<wpt lat="49.288004" lon="-123.114392">
<name>Canada Place</name>
<cmt>viewpoint</cmt>
<desc>Activity / Experience</desc>
<sym>Dot</sym>
<type>overlook</type>
</wpt>
<wpt lat="49.287505" lon="-123.113923">
<name>Arc</name>
<cmt>food</cmt>
<desc>Restaurant</desc>
<sym>Dot</sym>
<type>food</type>
</wpt>
<wpt lat="49.287425" lon="-123.141310">
<name>Shamrock Storehouse</name>
<cmt>bar</cmt>
<desc>Brewery / Pub</desc>
<sym>Dot</sym>
<type>food</type>
</wpt>
<wpt lat="49.274471" lon="-123.131707">
<name>Tartine Bread &amp; Pies</name>
<cmt>food</cmt>
<desc>Bakery / Donuts</desc>
<sym>Dot</sym>
<type>food</type>
</wpt>
<wpt lat="49.284869" lon="-123.110987">
<name>Steamworks</name>
<cmt>bar</cmt>
<desc>Brewery / Pub</desc>
<sym>Dot</sym>
<type>food</type>
</wpt>
<wpt lat="49.233176" lon="-123.156574">
<name>Kerrisdale Community Centre</name>
<cmt>rest_stop</cmt>
<desc>Community Centre</desc>
<sym>Dot</sym>
<type>rest_area</type>
</wpt>
<wpt lat="49.284611" lon="-123.112316">
<name>Vancouver Lookout (Harbour Centre)</name>
<cmt>park</cmt>
<desc>Park / Nature</desc>
<sym>Dot</sym>
<type>rest_area</type>
</wpt>
<wpt lat="49.277771" lon="-123.147669">
<name>Ben Franklin</name>
<cmt>viewpoint</cmt>
<desc>Activity / Experience</desc>
<sym>Dot</sym>
<type>overlook</type>
</wpt>
<wpt lat="49.276646" lon="-123.142158">
<name>Bard on the Beach Shakespeare Festival</name>
<cmt>monument</cmt>
<desc>Museum / Gallery</desc>
<sym>Dot</sym>
<type>info</type>
</wpt>
<wpt lat="49.287810" lon="-123.141219">
<name>Chicken World</name>
<cmt>food</cmt>
<desc>Fast Food / Chain</desc>
<sym>Dot</sym>
<type>food</type>
</wpt>
<wpt lat="49.209789" lon="-123.140290">
<name>Grand Marpole Market</name>
<cmt>convenience_store</cmt>
<desc>Grocery Store</desc>
<sym>Dot</sym>
<type>store</type>
</wpt>
<wpt lat="49.287433" lon="-123.141266">
<name>Taqueria Jalisco Mexican Restaurant</name>
<cmt>food</cmt>
<desc>Restaurant</desc>
<sym>Dot</sym>
<type>food</type>
</wpt>
<wpt lat="49.286779" lon="-123.141341">
<name>Freshslice Pizza</name>
<cmt>food</cmt>
<desc>Fast Food / Chain</desc>
<sym>Dot</sym>
<type>food</type>
</wpt>
<wpt lat="49.270744" lon="-123.136378">
<name>Tony's Fish and Oyster Café</name>
<cmt>food</cmt>
<desc>Restaurant</desc>
<sym>Dot</sym>
<type>food</type>
</wpt>
<wpt lat="49.284596" lon="-123.112490">
<name>My Toan Vietnamese Gourmet</name>
<cmt>food</cmt>
<desc>Fast Food / Chain</desc>
<sym>Dot</sym>
<type>food</type>
</wpt>
<wpt lat="49.284528" lon="-123.112054">
<name>Osaka Sushi &amp; Oshi</name>
<cmt>food</cmt>
<desc>Fast Food / Chain</desc>
<sym>Dot</sym>
<type>food</type>
</wpt>
<wpt lat="49.284691" lon="-123.111183">
<name>Ignite Pizzeria Express</name>
<cmt>food</cmt>
<desc>Fast Food / Chain</desc>
<sym>Dot</sym>
<type>food</type>
</wpt>
<wpt lat="49.286264" lon="-123.115668">
<name>Palate Kitchen</name>
<cmt>food</cmt>
<desc>Restaurant</desc>
<sym>Dot</sym>
<type>food</type>
</wpt>
<wpt lat="49.287577" lon="-123.141151">
<name>English Bay Hotel</name>
<cmt>lodging</cmt>
<desc>Hotel / Motel</desc>
<sym>Dot</sym>
<type>shelter</type>
</wpt>
<wpt lat="49.284552" lon="-123.112411">
<name>Harbour Spoon</name>
<cmt>food</cmt>
<desc>Fast Food / Chain</desc>
<sym>Dot</sym>
<type>food</type>
</wpt>
<wpt lat="49.234710" lon="-123.156695">
<name>Baan Wasana</name>
<cmt>food</cmt>
<desc>Restaurant</desc>
<sym>Dot</sym>
<type>food</type>
</wpt>
<wpt lat="49.284810" lon="-123.110869">
<name>Oakberry Açaí bowls</name>
<cmt>food</cmt>
<desc>Fast Food / Chain</desc>
<sym>Dot</sym>
<type>food</type>
</wpt>
<wpt lat="49.273664" lon="-123.103907">
<name>Science World</name>
<cmt>monument</cmt>
<desc>Museum / Gallery</desc>
<sym>Dot</sym>
<type>info</type>
</wpt>
<wpt lat="49.276350" lon="-123.144981">
<name>H. R. MacMillan Space Centre</name>
<cmt>monument</cmt>
<desc>Museum / Gallery</desc>
<sym>Dot</sym>
<type>info</type>
</wpt>
<wpt lat="49.234424" lon="-123.156706">
<name>Moore's Bakery</name>
<cmt>food</cmt>
<desc>Bakery / Donuts</desc>
<sym>Dot</sym>
<type>food</type>
</wpt>
<wpt lat="49.234370" lon="-123.153933">
<name>BC Liquor Store</name>
<cmt>convenience_store</cmt>
<desc>Liquor Store</desc>
<sym>Dot</sym>
<type>store</type>
</wpt>
<wpt lat="49.284515" lon="-123.112333">
<name>Thaï Express</name>
<cmt>food</cmt>
<desc>Fast Food / Chain</desc>
<sym>Dot</sym>
<type>food</type>
</wpt>
<wpt lat="49.273207" lon="-123.120737">
<name>Cafe Artigiano</name>
<cmt>coffee</cmt>
<desc>Café / Coffee</desc>
<sym>Dot</sym>
<type>food</type>
</wpt>
<wpt lat="49.287065" lon="-123.112828">
<name>Miku</name>
<cmt>food</cmt>
<desc>Restaurant</desc>
<sym>Dot</sym>
<type>food</type>
</wpt>
<wpt lat="49.291350" lon="-123.129743">
<name>Breaking Bean</name>
<cmt>coffee</cmt>
<desc>Café / Coffee</desc>
<sym>Dot</sym>
<type>food</type>
</wpt>
<wpt lat="49.286693" lon="-123.141203">
<name>English Bay Bike Rentals</name>
<cmt>bike_shop</cmt>
<desc>Rentals</desc>
<sym>Dot</sym>
<type>gear</type>
</wpt>
<wpt lat="49.270797" lon="-123.136297">
<name>The Improv Centre</name>
<cmt>monument</cmt>
<desc>Museum / Gallery</desc>
<sym>Dot</sym>
<type>info</type>
</wpt>
<wpt lat="49.285959" lon="-123.115236">
<name>Caffè Artigiano</name>
<cmt>coffee</cmt>
<desc>Café / Coffee</desc>
<sym>Dot</sym>
<type>food</type>
</wpt>
<wpt lat="49.284480" lon="-123.112275">
<name>Fatburger</name>
<cmt>food</cmt>
<desc>Fast Food / Chain</desc>
<sym>Dot</sym>
<type>food</type>
</wpt>
<wpt lat="49.287431" lon="-123.117594">
<name>Nightingale</name>
<cmt>food</cmt>
<desc>Restaurant</desc>
<sym>Dot</sym>
<type>food</type>
</wpt>
<wpt lat="49.273662" lon="-123.120383">
<name>Urban Fare</name>
<cmt>convenience_store</cmt>
<desc>Grocery Store</desc>
<sym>Dot</sym>
<type>store</type>
</wpt>
<wpt lat="49.273083" lon="-123.103976">
<name>White Spot</name>
<cmt>food</cmt>
<desc>Fast Food / Chain</desc>
<sym>Dot</sym>
<type>food</type>
</wpt>
<wpt lat="49.234706" lon="-123.156781">
<name>Big Way Hot Pot</name>
<cmt>food</cmt>
<desc>Restaurant</desc>
<sym>Dot</sym>
<type>food</type>
</wpt>
<wpt lat="49.285654" lon="-123.114727">
<name>Breka Bakery &amp; Cafe</name>
<cmt>food</cmt>
<desc>Bakery / Donuts</desc>
<sym>Dot</sym>
<type>food</type>
</wpt>
<wpt lat="49.287939" lon="-123.114141">
<name>Canada Place Welcome Centre</name>
<cmt>generic</cmt>
<desc>Visitor Centre</desc>
<sym>Dot</sym>
<type>generic</type>
</wpt>
<wpt lat="49.292201" lon="-123.146560">
<name>Stanley Park Brewing Restaurant and Brewpub</name>
<cmt>bar</cmt>
<desc>Brewery / Pub</desc>
<sym>Dot</sym>
<type>food</type>
</wpt>
<wpt lat="49.286954" lon="-123.141081">
<name>The Park at English Bay</name>
<cmt>bar</cmt>
<desc>Brewery / Pub</desc>
<sym>Dot</sym>
<type>food</type>
</wpt>
<wpt lat="49.209626" lon="-123.140231">
<name>The Yard Cafe</name>
<cmt>bar</cmt>
<desc>Brewery / Pub</desc>
<sym>Dot</sym>
<type>food</type>
</wpt>
<wpt lat="49.287115" lon="-123.141050">
<name>Best Western Plus Sands</name>
<cmt>lodging</cmt>
<desc>Hotel / Motel</desc>
<sym>Dot</sym>
<type>shelter</type>
</wpt>
<wpt lat="49.284398" lon="-123.112144">
<name>Bubble Waffle Cafe</name>
<cmt>coffee</cmt>
<desc>Café / Coffee</desc>
<sym>Dot</sym>
<type>food</type>
</wpt>
<wpt lat="49.286631" lon="-123.141090">
<name>Bella Gellataria</name>
<cmt>food</cmt>
<desc>Ice Cream</desc>
<sym>Dot</sym>
<type>food</type>
</wpt>
<wpt lat="49.234714" lon="-123.153770">
<name>Breezy Buys</name>
<cmt>convenience_store</cmt>
<desc>Convenience Store</desc>
<sym>Dot</sym>
<type>store</type>
</wpt>
<wpt lat="49.286485" lon="-123.144217">
<name>Waterslide</name>
<cmt>viewpoint</cmt>
<desc>Activity / Experience</desc>
<sym>Dot</sym>
<type>overlook</type>
</wpt>
<wpt lat="49.233704" lon="-123.153774">
<name>Ajisai 2 Go</name>
<cmt>food</cmt>
<desc>Restaurant</desc>
<sym>Dot</sym>
<type>food</type>
</wpt>
<wpt lat="49.211645" lon="-123.140180">
<name>Pho Ever</name>
<cmt>food</cmt>
<desc>Restaurant</desc>
<sym>Dot</sym>
<type>food</type>
</wpt>
<wpt lat="49.287704" lon="-123.140923">
<name>Babylon Cafe</name>
<cmt>coffee</cmt>
<desc>Café / Coffee</desc>
<sym>Dot</sym>
<type>food</type>
</wpt>
<wpt lat="49.234198" lon="-123.153718">
<name>La Cuisson Cafe</name>
<cmt>coffee</cmt>
<desc>Café / Coffee</desc>
<sym>Dot</sym>
<type>food</type>
</wpt>
<wpt lat="49.274203" lon="-123.119793">
<name>BC Liquor Store</name>
<cmt>convenience_store</cmt>
<desc>Liquor Store</desc>
<sym>Dot</sym>
<type>store</type>
</wpt>
<wpt lat="49.211675" lon="-123.140180">
<name>Sushi King House</name>
<cmt>food</cmt>
<desc>Restaurant</desc>
<sym>Dot</sym>
<type>food</type>
</wpt>
<wpt lat="49.211678" lon="-123.140667">
<name>Sushi Wow</name>
<cmt>food</cmt>
<desc>Restaurant</desc>
<sym>Dot</sym>
<type>food</type>
</wpt>
<wpt lat="49.287738" lon="-123.140863">
<name>Mediterranean Grill</name>
<cmt>coffee</cmt>
<desc>Café / Coffee</desc>
<sym>Dot</sym>
<type>food</type>
</wpt>
<wpt lat="49.312704" lon="-123.142586">
<name>Prospect Point Bar &amp; Grill</name>
<cmt>food</cmt>
<desc>Restaurant</desc>
<sym>Dot</sym>
<type>food</type>
</wpt>
<wpt lat="49.233933" lon="-123.153698">
<name>Ajisai Sushi Bar</name>
<cmt>food</cmt>
<desc>Restaurant</desc>
<sym>Dot</sym>
<type>food</type>
</wpt>
<wpt lat="49.312665" lon="-123.142763">
<name>Prospect Point Cafe</name>
<cmt>coffee</cmt>
<desc>Café / Coffee</desc>
<sym>Dot</sym>
<type>food</type>
</wpt>
<wpt lat="49.270471" lon="-123.135562">
<name>Granville Island Brewing Retail Store</name>
<cmt>bar</cmt>
<desc>Brewery / Pub</desc>
<sym>Dot</sym>
<type>food</type>
</wpt>
<wpt lat="49.270555" lon="-123.135671">
<name>Granville Island Brewing Taproom</name>
<cmt>bar</cmt>
<desc>Brewery / Pub</desc>
<sym>Dot</sym>
<type>food</type>
</wpt>
<wpt lat="49.270477" lon="-123.141429">
<name>That's It Cafe</name>
<cmt>coffee</cmt>
<desc>Café / Coffee</desc>
<sym>Dot</sym>
<type>food</type>
</wpt>
<wpt lat="49.270617" lon="-123.135753">
<name>Granville Island Brewery</name>
<cmt>bar</cmt>
<desc>Brewery / Pub</desc>
<sym>Dot</sym>
<type>food</type>
</wpt>
<wpt lat="49.206000" lon="-123.125359">
<name>McDonald's</name>
<cmt>food</cmt>
<desc>Fast Food / Chain</desc>
<sym>Dot</sym>
<type>food</type>
</wpt>
<wpt lat="49.270966" lon="-123.136217">
<name>Ukama Gallery</name>
<cmt>monument</cmt>
<desc>Museum / Gallery</desc>
<sym>Dot</sym>
<type>info</type>
</wpt>
<wpt lat="49.286557" lon="-123.140981">
<name>Mumu Kitchen</name>
<cmt>food</cmt>
<desc>Restaurant</desc>
<sym>Dot</sym>
<type>food</type>
</wpt>
<wpt lat="49.274141" lon="-123.120068">
<name>Freshbowl</name>
<cmt>food</cmt>
<desc>Fast Food / Chain</desc>
<sym>Dot</sym>
<type>food</type>
</wpt>
<wpt lat="49.234719" lon="-123.153640">
<name>Adonia</name>
<cmt>coffee</cmt>
<desc>Café / Coffee</desc>
<sym>Dot</sym>
<type>food</type>
</wpt>
<wpt lat="49.270692" lon="-123.105956">
<name>Save-On-Foods</name>
<cmt>convenience_store</cmt>
<desc>Grocery Store</desc>
<sym>Dot</sym>
<type>store</type>
</wpt>
<wpt lat="49.292300" lon="-123.146409">
<name>Stanley Park Brewing</name>
<cmt>bar</cmt>
<desc>Brewery / Pub</desc>
<sym>Dot</sym>
<type>food</type>
</wpt>
<wpt lat="49.285231" lon="-123.114311">
<name>Railtown</name>
<cmt>coffee</cmt>
<desc>Café / Coffee</desc>
<sym>Dot</sym>
<type>food</type>
</wpt>
<wpt lat="49.274389" lon="-123.130987">
<name>Auto Strada</name>
<cmt>food</cmt>
<desc>Restaurant</desc>
<sym>Dot</sym>
<type>food</type>
</wpt>
<wpt lat="49.285799" lon="-123.115359">
<name>Curry Hut Indian Bistro</name>
<cmt>food</cmt>
<desc>Restaurant</desc>
<sym>Dot</sym>
<type>food</type>
</wpt>
<wpt lat="49.275634" lon="-123.135287">
<name>Hoshi</name>
<cmt>food</cmt>
<desc>Restaurant</desc>
<sym>Dot</sym>
<type>food</type>
</wpt>
<wpt lat="49.271589" lon="-123.155231">
<name>Kitsilano Natural Foods</name>
<cmt>convenience_store</cmt>
<desc>Grocery Store</desc>
<sym>Dot</sym>
<type>store</type>
</wpt>
<wpt lat="49.284345" lon="-123.112610">
<name>Delta Hotels Vancouver Downtown Suites</name>
<cmt>lodging</cmt>
<desc>Hotel / Motel</desc>
<sym>Dot</sym>
<type>shelter</type>
</wpt>
<wpt lat="49.274091" lon="-123.120278">
<name>Yaletown Express</name>
<cmt>convenience_store</cmt>
<desc>Convenience Store</desc>
<sym>Dot</sym>
<type>store</type>
</wpt>
<wpt lat="49.284738" lon="-123.110373">
<name>Guu with Otokomae</name>
<cmt>food</cmt>
<desc>Restaurant</desc>
<sym>Dot</sym>
<type>food</type>
</wpt>
<wpt lat="49.271561" lon="-123.154847">
<name>The Cider House</name>
<cmt>food</cmt>
<desc>Restaurant</desc>
<sym>Dot</sym>
<type>food</type>
</wpt>
<wpt lat="49.269314" lon="-123.138567">
<name>Straight Outta Brooklyn NYC Pizzeria</name>
<cmt>food</cmt>
<desc>Fast Food / Chain</desc>
<sym>Dot</sym>
<type>food</type>
</wpt>
<wpt lat="49.284238" lon="-123.111908">
<name>Samuel and Frances Belzberg Library</name>
<cmt>library</cmt>
<desc>Library</desc>
<sym>Dot</sym>
<type>info</type>
</wpt>
<wpt lat="49.235270" lon="-123.184251">
<name>Save-On-Foods</name>
<cmt>convenience_store</cmt>
<desc>Grocery Store</desc>
<sym>Dot</sym>
<type>store</type>
</wpt>
<wpt lat="49.286498" lon="-123.116764">
<name>Days Inn</name>
<cmt>lodging</cmt>
<desc>Hotel / Motel</desc>
<sym>Dot</sym>
<type>shelter</type>
</wpt>
<wpt lat="49.273113" lon="-123.100710">
<name>Tim Hortons</name>
<cmt>food</cmt>
<desc>Fast Food / Chain</desc>
<sym>Dot</sym>
<type>food</type>
</wpt>
<wpt lat="49.270573" lon="-123.106382">
<name>CRAFT Beer Market (Olympic Village / False Creek)</name>
<cmt>bar</cmt>
<desc>Brewery / Pub</desc>
<sym>Dot</sym>
<type>food</type>
</wpt>
<wpt lat="49.284544" lon="-123.113301">
<name>Kita no Donburi</name>
<cmt>food</cmt>
<desc>Fast Food / Chain</desc>
<sym>Dot</sym>
<type>food</type>
</wpt>
<wpt lat="49.288258" lon="-123.140591">
<name>Delany's Coffee</name>
<cmt>coffee</cmt>
<desc>Café / Coffee</desc>
<sym>Dot</sym>
<type>food</type>
</wpt>
<wpt lat="49.234702" lon="-123.157175">
<name>Donair Dude</name>
<cmt>food</cmt>
<desc>Restaurant</desc>
<sym>Dot</sym>
<type>food</type>
</wpt>
<wpt lat="49.284215" lon="-123.112463">
<name>Pholicious</name>
<cmt>food</cmt>
<desc>Restaurant</desc>
<sym>Dot</sym>
<type>food</type>
</wpt>
<wpt lat="49.235220" lon="-123.185133">
<name>Papa John's</name>
<cmt>food</cmt>
<desc>Fast Food / Chain</desc>
<sym>Dot</sym>
<type>food</type>
</wpt>
<wpt lat="49.284709" lon="-123.110228">
<name>Momo Sushi</name>
<cmt>food</cmt>
<desc>Restaurant</desc>
<sym>Dot</sym>
<type>food</type>
</wpt>
<wpt lat="49.287660" lon="-123.118113">
<name>Aidan's Coffee &amp; Food</name>
<cmt>coffee</cmt>
<desc>Café / Coffee</desc>
<sym>Dot</sym>
<type>food</type>
</wpt>
<wpt lat="49.293299" lon="-123.135281">
<name>Lord Stanley Suites On The Park</name>
<cmt>lodging</cmt>
<desc>Hotel / Motel</desc>
<sym>Dot</sym>
<type>shelter</type>
</wpt>
<wpt lat="49.285145" lon="-123.114470">
<name>Hungrey Zus</name>
<cmt>food</cmt>
<desc>Restaurant</desc>
<sym>Dot</sym>
<type>food</type>
</wpt>
<wpt lat="49.286061" lon="-123.116143">
<name>Azur Legacy Collection Hotel</name>
<cmt>lodging</cmt>
<desc>Hotel / Motel</desc>
<sym>Dot</sym>
<type>shelter</type>
</wpt>
<wpt lat="49.269760" lon="-123.134242">
<name>False Creek Community Centre</name>
<cmt>rest_stop</cmt>
<desc>Community Centre</desc>
<sym>Dot</sym>
<type>rest_area</type>
</wpt>
<wpt lat="49.269351" lon="-123.138826">
<name>Cofu Pressed Sushi</name>
<cmt>food</cmt>
<desc>Restaurant</desc>
<sym>Dot</sym>
<type>food</type>
</wpt>
<wpt lat="49.269316" lon="-123.138783">
<name>Afghan Horsemen Restaurant</name>
<cmt>food</cmt>
<desc>Restaurant</desc>
<sym>Dot</sym>
<type>food</type>
</wpt>
<wpt lat="49.275164" lon="-123.112746">
<name>Honey Salt</name>
<cmt>food</cmt>
<desc>Restaurant</desc>
<sym>Dot</sym>
<type>food</type>
</wpt>
<wpt lat="49.288296" lon="-123.140510">
<name>Big Bang Sushi</name>
<cmt>food</cmt>
<desc>Restaurant</desc>
<sym>Dot</sym>
<type>food</type>
</wpt>
<wpt lat="49.286377" lon="-123.140724">
<name>Circle K</name>
<cmt>convenience_store</cmt>
<desc>Convenience Store</desc>
<sym>Dot</sym>
<type>store</type>
</wpt>
<wpt lat="49.234704" lon="-123.157260">
<name>Nando's</name>
<cmt>food</cmt>
<desc>Restaurant</desc>
<sym>Dot</sym>
<type>food</type>
</wpt>
<wpt lat="49.289947" lon="-123.128186">
<name>L'Apres Midi Patisserie</name>
<cmt>food</cmt>
<desc>Bakery / Donuts</desc>
<sym>Dot</sym>
<type>food</type>
</wpt>
<wpt lat="49.211920" lon="-123.140665">
<name>Bing &amp; Noodle World</name>
<cmt>food</cmt>
<desc>Restaurant</desc>
<sym>Dot</sym>
<type>food</type>
</wpt>
<wpt lat="49.286089" lon="-123.116336">
<name>Tim Hortons</name>
<cmt>food</cmt>
<desc>Fast Food / Chain</desc>
<sym>Dot</sym>
<type>food</type>
</wpt>
<wpt lat="49.284520" lon="-123.110442">
<name>Monaco Cafe</name>
<cmt>coffee</cmt>
<desc>Café / Coffee</desc>
<sym>Dot</sym>
<type>food</type>
</wpt>
<wpt lat="49.269419" lon="-123.139002">
<name>The Corner Store Cafe</name>
<cmt>coffee</cmt>
<desc>Café / Coffee</desc>
<sym>Dot</sym>
<type>food</type>
</wpt>
<wpt lat="49.287992" lon="-123.140464">
<name>Rio Brazilian Steakhouse</name>
<cmt>food</cmt>
<desc>Restaurant</desc>
<sym>Dot</sym>
<type>food</type>
</wpt>
<wpt lat="49.234496" lon="-123.157318">
<name>Caffè Artigiano</name>
<cmt>coffee</cmt>
<desc>Café / Coffee</desc>
<sym>Dot</sym>
<type>food</type>
</wpt>
<wpt lat="49.288346" lon="-123.140457">
<name>Frying Pan</name>
<cmt>food</cmt>
<desc>Restaurant</desc>
<sym>Dot</sym>
<type>food</type>
</wpt>
<wpt lat="49.275544" lon="-123.135539">
<name>Beach Ave Bar &amp; Grill</name>
<cmt>food</cmt>
<desc>Restaurant</desc>
<sym>Dot</sym>
<type>food</type>
</wpt>
<wpt lat="49.234366" lon="-123.153321">
<name>@26 Viet Cafe</name>
<cmt>food</cmt>
<desc>Restaurant</desc>
<sym>Dot</sym>
<type>food</type>
</wpt>
<wpt lat="49.234708" lon="-123.153314">
<name>Freshslice Pizza</name>
<cmt>food</cmt>
<desc>Fast Food / Chain</desc>
<sym>Dot</sym>
<type>food</type>
</wpt>
<wpt lat="49.209300" lon="-123.140899">
<name>Safeway</name>
<cmt>convenience_store</cmt>
<desc>Grocery Store</desc>
<sym>Dot</sym>
<type>store</type>
</wpt>
<wpt lat="49.288022" lon="-123.140440">
<name>Cafe Portrait</name>
<cmt>coffee</cmt>
<desc>Café / Coffee</desc>
<sym>Dot</sym>
<type>food</type>
</wpt>
<wpt lat="49.274599" lon="-123.130842">
<name>Ça Marche</name>
<cmt>food</cmt>
<desc>Fast Food / Chain</desc>
<sym>Dot</sym>
<type>food</type>
</wpt>
<wpt lat="49.211939" lon="-123.140830">
<name>Neptune BBQ House</name>
<cmt>food</cmt>
<desc>Restaurant</desc>
<sym>Dot</sym>
<type>food</type>
</wpt>
<wpt lat="49.284463" lon="-123.113434">
<name>HellCrust Pizza</name>
<cmt>food</cmt>
<desc>Fast Food / Chain</desc>
<sym>Dot</sym>
<type>food</type>
</wpt>
<wpt lat="49.287919" lon="-123.140435">
<name>Diba</name>
<cmt>food</cmt>
<desc>Restaurant</desc>
<sym>Dot</sym>
<type>food</type>
</wpt>
<wpt lat="49.273662" lon="-123.121062">
<name>Roundhouse Community Centre</name>
<cmt>rest_stop</cmt>
<desc>Community Centre</desc>
<sym>Dot</sym>
<type>rest_area</type>
</wpt>
<wpt lat="49.286318" lon="-123.140629">
<name>Sula Indian Restaurant</name>
<cmt>food</cmt>
<desc>Restaurant</desc>
<sym>Dot</sym>
<type>food</type>
</wpt>
<wpt lat="49.288049" lon="-123.140402">
<name>España Restaurant</name>
<cmt>food</cmt>
<desc>Restaurant</desc>
<sym>Dot</sym>
<type>food</type>
</wpt>
<wpt lat="49.286609" lon="-123.140588">
<name>Pho in Love</name>
<cmt>food</cmt>
<desc>Restaurant</desc>
<sym>Dot</sym>
<type>food</type>
</wpt>
<wpt lat="49.235098" lon="-123.185118">
<name>New District Wine Beer Spirits</name>
<cmt>convenience_store</cmt>
<desc>Liquor Store</desc>
<sym>Dot</sym>
<type>store</type>
</wpt>
<wpt lat="49.286176" lon="-123.140621">
<name>JJ Bean</name>
<cmt>coffee</cmt>
<desc>Café / Coffee</desc>
<sym>Dot</sym>
<type>food</type>
</wpt>
<wpt lat="49.289266" lon="-123.126936">
<name>Kiku Sushi Restaurant</name>
<cmt>food</cmt>
<desc>Restaurant</desc>
<sym>Dot</sym>
<type>food</type>
</wpt>
<wpt lat="49.273077" lon="-123.100434">
<name>A&amp;W</name>
<cmt>food</cmt>
<desc>Fast Food / Chain</desc>
<sym>Dot</sym>
<type>food</type>
</wpt>
<wpt lat="49.234870" lon="-123.157412">
<name>Starbucks</name>
<cmt>food</cmt>
<desc>Fast Food / Chain</desc>
<sym>Dot</sym>
<type>food</type>
</wpt>
<wpt lat="49.284027" lon="-123.112269">
<name>Blenz Coffee</name>
<cmt>coffee</cmt>
<desc>Café / Coffee</desc>
<sym>Dot</sym>
<type>food</type>
</wpt>
<wpt lat="49.284859" lon="-123.114309">
<name>Trees Organic Coffee</name>
<cmt>coffee</cmt>
<desc>Café / Coffee</desc>
<sym>Dot</sym>
<type>food</type>
</wpt>
<wpt lat="49.234497" lon="-123.157446">
<name>Plethore by Fauburg</name>
<cmt>food</cmt>
<desc>Bakery / Donuts</desc>
<sym>Dot</sym>
<type>food</type>
</wpt>
<wpt lat="49.270396" lon="-123.105986">
<name>Subway</name>
<cmt>food</cmt>
<desc>Fast Food / Chain</desc>
<sym>Dot</sym>
<type>food</type>
</wpt>
<wpt lat="49.286615" lon="-123.140494">
<name>Davie Street Market</name>
<cmt>convenience_store</cmt>
<desc>Convenience Store</desc>
<sym>Dot</sym>
<type>store</type>
</wpt>
<wpt lat="49.285615" lon="-123.115708">
<name>Exchange Hotel Vancouver</name>
<cmt>lodging</cmt>
<desc>Hotel / Motel</desc>
<sym>Dot</sym>
<type>shelter</type>
</wpt>
<wpt lat="49.287038" lon="-123.118101">
<name>Freshii</name>
<cmt>food</cmt>
<desc>Restaurant</desc>
<sym>Dot</sym>
<type>food</type>
</wpt>
<wpt lat="49.288123" lon="-123.140291">
<name>Tre Viet</name>
<cmt>food</cmt>
<desc>Restaurant</desc>
<sym>Dot</sym>
<type>food</type>
</wpt>
<wpt lat="49.289062" lon="-123.122093">
<name>JOS</name>
<cmt>food</cmt>
<desc>Restaurant</desc>
<sym>Dot</sym>
<type>food</type>
</wpt>
<wpt lat="49.271304" lon="-123.154846">
<name>The King's Head Public House</name>
<cmt>food</cmt>
<desc>Restaurant</desc>
<sym>Dot</sym>
<type>food</type>
</wpt>
<wpt lat="49.271156" lon="-123.135808">
<name>The Keg</name>
<cmt>food</cmt>
<desc>Restaurant</desc>
<sym>Dot</sym>
<type>food</type>
</wpt>
<wpt lat="49.212032" lon="-123.140886">
<name>Rib &amp; Chicken</name>
<cmt>food</cmt>
<desc>Restaurant</desc>
<sym>Dot</sym>
<type>food</type>
</wpt>
<wpt lat="49.276927" lon="-123.131903">
<name>Bicycle Sports Pacific</name>
<cmt>bike_shop</cmt>
<desc>Repair Shop</desc>
<sym>Dot</sym>
<type>gear</type>
</wpt>
<wpt lat="49.269556" lon="-123.139985">
<name>Sushi Hanabi</name>
<cmt>food</cmt>
<desc>Restaurant</desc>
<sym>Dot</sym>
<type>food</type>
</wpt>
<wpt lat="49.275390" lon="-123.112766">
<name>JW Marriott parq Vancouver</name>
<cmt>lodging</cmt>
<desc>Hotel / Motel</desc>
<sym>Dot</sym>
<type>shelter</type>
</wpt>
<wpt lat="49.289204" lon="-123.122552">
<name>Urban Fare</name>
<cmt>convenience_store</cmt>
<desc>Grocery Store</desc>
<sym>Dot</sym>
<type>store</type>
</wpt>
<wpt lat="49.274756" lon="-123.100320">
<name>Subway</name>
<cmt>food</cmt>
<desc>Fast Food / Chain</desc>
<sym>Dot</sym>
<type>food</type>
</wpt>
<wpt lat="49.288177" lon="-123.140203">
<name>Falafel King</name>
<cmt>food</cmt>
<desc>Restaurant</desc>
<sym>Dot</sym>
<type>food</type>
</wpt>
<wpt lat="49.287897" lon="-123.113048">
<name>Pan Pacific Vancouver</name>
<cmt>lodging</cmt>
<desc>Hotel / Motel</desc>
<sym>Dot</sym>
<type>shelter</type>
</wpt>
<wpt lat="49.235024" lon="-123.157554">
<name>Shota Sushi &amp; Grill</name>
<cmt>food</cmt>
<desc>Restaurant</desc>
<sym>Dot</sym>
<type>food</type>
</wpt>
<wpt lat="49.292355" lon="-123.133821">
<name>Spokes Cycle Rental</name>
<cmt>bike_shop</cmt>
<desc>Rentals</desc>
<sym>Dot</sym>
<type>gear</type>
</wpt>
<wpt lat="49.275371" lon="-123.130507">
<name>Fresh Street Market</name>
<cmt>convenience_store</cmt>
<desc>Grocery Store</desc>
<sym>Dot</sym>
<type>store</type>
</wpt>
<wpt lat="49.287299" lon="-123.118403">
<name>Kamei Royale</name>
<cmt>food</cmt>
<desc>Restaurant</desc>
<sym>Dot</sym>
<type>food</type>
</wpt>
<wpt lat="49.269559" lon="-123.140211">
<name>Oidé Coffee</name>
<cmt>coffee</cmt>
<desc>Café / Coffee</desc>
<sym>Dot</sym>
<type>food</type>
</wpt>
<wpt lat="49.271958" lon="-123.100419">
<name>McDonald's</name>
<cmt>food</cmt>
<desc>Fast Food / Chain</desc>
<sym>Dot</sym>
<type>food</type>
</wpt>
<wpt lat="49.288435" lon="-123.120537">
<name>P2B Restaurant + Bar</name>
<cmt>food</cmt>
<desc>Restaurant</desc>
<sym>Dot</sym>
<type>food</type>
</wpt>
<wpt lat="49.283914" lon="-123.112357">
<name>Subway</name>
<cmt>food</cmt>
<desc>Fast Food / Chain</desc>
<sym>Dot</sym>
<type>food</type>
</wpt>
<wpt lat="49.294400" lon="-123.137873">
<name>Lost Lagoon Nature House</name>
<cmt>park</cmt>
<desc>Park / Nature</desc>
<sym>Dot</sym>
<type>rest_area</type>
</wpt>
<wpt lat="49.270406" lon="-123.134579">
<name>The Liberty Distillery</name>
<cmt>bar</cmt>
<desc>Brewery / Pub</desc>
<sym>Dot</sym>
<type>food</type>
</wpt>
<wpt lat="49.273708" lon="-123.123474">
<name>Ki Isu Japanese Restaurant</name>
<cmt>food</cmt>
<desc>Restaurant</desc>
<sym>Dot</sym>
<type>food</type>
</wpt>
<wpt lat="49.285707" lon="-123.116160">
<name>Hydra Estiatorio Mediterranean</name>
<cmt>food</cmt>
<desc>Restaurant</desc>
<sym>Dot</sym>
<type>food</type>
</wpt>
<wpt lat="49.277526" lon="-123.108737">
<name>Triple Os</name>
<cmt>food</cmt>
<desc>Fast Food / Chain</desc>
<sym>Dot</sym>
<type>food</type>
</wpt>
<wpt lat="49.274550" lon="-123.120321">
<name>Valoroso Foods</name>
<cmt>convenience_store</cmt>
<desc>Specialty / Health Food</desc>
<sym>Dot</sym>
<type>store</type>
</wpt>
<wpt lat="49.212149" lon="-123.140902">
<name>Pizza Hut</name>
<cmt>food</cmt>
<desc>Fast Food / Chain</desc>
<sym>Dot</sym>
<type>food</type>
</wpt>
<wpt lat="49.234380" lon="-123.152975">
<name>Myst Asian Bistro</name>
<cmt>food</cmt>
<desc>Restaurant</desc>
<sym>Dot</sym>
<type>food</type>
</wpt>
<wpt lat="49.288544" lon="-123.140147">
<name>Akira Sushi</name>
<cmt>food</cmt>
<desc>Restaurant</desc>
<sym>Dot</sym>
<type>food</type>
</wpt>
<wpt lat="49.284701" lon="-123.109406">
<name>Al Porto Ristorante</name>
<cmt>food</cmt>
<desc>Restaurant</desc>
<sym>Dot</sym>
<type>food</type>
</wpt>
<wpt lat="49.283846" lon="-123.111920">
<name>Waves Coffee House</name>
<cmt>coffee</cmt>
<desc>Café / Coffee</desc>
<sym>Dot</sym>
<type>food</type>
</wpt>
<wpt lat="49.285571" lon="-123.115990">
<name>Open Outcry</name>
<cmt>food</cmt>
<desc>Restaurant</desc>
<sym>Dot</sym>
<type>food</type>
</wpt>
<wpt lat="49.284745" lon="-123.114506">
<name>One Under Vancouver</name>
<cmt>food</cmt>
<desc>Restaurant</desc>
<sym>Dot</sym>
<type>food</type>
</wpt>
<wpt lat="49.273751" lon="-123.123314">
<name>Panago</name>
<cmt>food</cmt>
<desc>Fast Food / Chain</desc>
<sym>Dot</sym>
<type>food</type>
</wpt>
<wpt lat="49.288557" lon="-123.140120">
<name>Bombay Kitchen + Bar</name>
<cmt>food</cmt>
<desc>Restaurant</desc>
<sym>Dot</sym>
<type>food</type>
</wpt>
<wpt lat="49.286421" lon="-123.140262">
<name>Red Umbrella Cafe</name>
<cmt>food</cmt>
<desc>Restaurant</desc>
<sym>Dot</sym>
<type>food</type>
</wpt>
<wpt lat="49.288292" lon="-123.140050">
<name>Noah's Cafe</name>
<cmt>food</cmt>
<desc>Restaurant</desc>
<sym>Dot</sym>
<type>food</type>
</wpt>
<wpt lat="49.273751" lon="-123.121407">
<name>Engine 374 Pavilion</name>
<cmt>monument</cmt>
<desc>Museum / Gallery</desc>
<sym>Dot</sym>
<type>info</type>
</wpt>
<wpt lat="49.292278" lon="-123.133942">
<name>Tsukiya</name>
<cmt>food</cmt>
<desc>Restaurant</desc>
<sym>Dot</sym>
<type>food</type>
</wpt>
<wpt lat="49.271137" lon="-123.155231">
<name>Cafe Zen</name>
<cmt>food</cmt>
<desc>Restaurant</desc>
<sym>Dot</sym>
<type>food</type>
</wpt>
<wpt lat="49.269351" lon="-123.130832">
<name>Dockside</name>
<cmt>food</cmt>
<desc>Restaurant</desc>
<sym>Dot</sym>
<type>food</type>
</wpt>
<wpt lat="49.209026" lon="-123.140277">
<name>Prinkle Chicken</name>
<cmt>food</cmt>
<desc>Fast Food / Chain</desc>
<sym>Dot</sym>
<type>food</type>
</wpt>
<wpt lat="49.288314" lon="-123.140013">
<name>D'oro Gelato e Caffè</name>
<cmt>food</cmt>
<desc>Ice Cream</desc>
<sym>Dot</sym>
<type>food</type>
</wpt>
<wpt lat="49.273777" lon="-123.123226">
<name>Pho Quynh Express</name>
<cmt>food</cmt>
<desc>Restaurant</desc>
<sym>Dot</sym>
<type>food</type>
</wpt>
<wpt lat="49.288583" lon="-123.140079">
<name>Bombay Kitchen On Denman</name>
<cmt>food</cmt>
<desc>Restaurant</desc>
<sym>Dot</sym>
<type>food</type>
</wpt>
<wpt lat="49.271486" lon="-123.100694">
<name>Fionn MacCool's</name>
<cmt>bar</cmt>
<desc>Brewery / Pub</desc>
<sym>Dot</sym>
<type>food</type>
</wpt>
<wpt lat="49.292407" lon="-123.134321">
<name>Yes Cycle</name>
<cmt>bike_shop</cmt>
<desc>Repair Shop</desc>
<sym>Dot</sym>
<type>gear</type>
</wpt>
<wpt lat="49.269511" lon="-123.140619">
<name>Reckless Bike Stores</name>
<cmt>bike_shop</cmt>
<desc>Repair Shop</desc>
<sym>Dot</sym>
<type>gear</type>
</wpt>
<wpt lat="49.288453" lon="-123.121225">
<name>Pinnacle Hotel Harbourfront</name>
<cmt>lodging</cmt>
<desc>Hotel / Motel</desc>
<sym>Dot</sym>
<type>shelter</type>
</wpt>
<wpt lat="49.234505" lon="-123.157809">
<name>Cobs Breads</name>
<cmt>food</cmt>
<desc>Bakery / Donuts</desc>
<sym>Dot</sym>
<type>food</type>
</wpt>
<wpt lat="49.283753" lon="-123.112099">
<name>The Poke Guy</name>
<cmt>food</cmt>
<desc>Restaurant</desc>
<sym>Dot</sym>
<type>food</type>
</wpt>
<wpt lat="49.277589" lon="-123.109174">
<name>Panago</name>
<cmt>food</cmt>
<desc>Fast Food / Chain</desc>
<sym>Dot</sym>
<type>food</type>
</wpt>
<wpt lat="49.284068" lon="-123.113486">
<name>Seymour Mini Mart</name>
<cmt>convenience_store</cmt>
<desc>Convenience Store</desc>
<sym>Dot</sym>
<type>store</type>
</wpt>
<wpt lat="49.269470" lon="-123.140658">
<name>Reckless Bike Stores - Kitsilano</name>
<cmt>bike_shop</cmt>
<desc>Repair Shop</desc>
<sym>Dot</sym>
<type>gear</type>
</wpt>
<wpt lat="49.272189" lon="-123.133701">
<name>The Relief</name>
<cmt>viewpoint</cmt>
<desc>Activity / Experience</desc>
<sym>Dot</sym>
<type>overlook</type>
</wpt>
<wpt lat="49.306915" lon="-123.153616">
<name>Hollow Tree</name>
<cmt>viewpoint</cmt>
<desc>Activity / Experience</desc>
<sym>Dot</sym>
<type>overlook</type>
</wpt>
<wpt lat="49.283719" lon="-123.112157">
<name>Sai Plant Deli</name>
<cmt>food</cmt>
<desc>Fast Food / Chain</desc>
<sym>Dot</sym>
<type>food</type>
</wpt>
<wpt lat="49.284513" lon="-123.114372">
<name>CoCo Fresh Tea &amp; Juice</name>
<cmt>coffee</cmt>
<desc>Café / Coffee</desc>
<sym>Dot</sym>
<type>food</type>
</wpt>
<wpt lat="49.288661" lon="-123.139973">
<name>Kin's Farm Market</name>
<cmt>convenience_store</cmt>
<desc>Farmers' Market</desc>
<sym>Dot</sym>
<type>store</type>
</wpt>
<wpt lat="49.274953" lon="-123.118655">
<name>La Terrazza</name>
<cmt>food</cmt>
<desc>Restaurant</desc>
<sym>Dot</sym>
<type>food</type>
</wpt>
<wpt lat="49.271015" lon="-123.155238">
<name>Lucky Taco</name>
<cmt>food</cmt>
<desc>Restaurant</desc>
<sym>Dot</sym>
<type>food</type>
</wpt>
<wpt lat="49.270285" lon="-123.134027">
<name>Off the Tracks</name>
<cmt>coffee</cmt>
<desc>Café / Coffee</desc>
<sym>Dot</sym>
<type>food</type>
</wpt>
<wpt lat="49.265630" lon="-123.236651">
<name>Wildlight Kitchen + Bar</name>
<cmt>food</cmt>
<desc>Restaurant</desc>
<sym>Dot</sym>
<type>food</type>
</wpt>
<wpt lat="49.288421" lon="-123.139860">
<name>Nat's New York Pizzeria</name>
<cmt>food</cmt>
<desc>Fast Food / Chain</desc>
<sym>Dot</sym>
<type>food</type>
</wpt>
<wpt lat="49.270146" lon="-123.133826">
<name>Artisan Sake Maker</name>
<cmt>convenience_store</cmt>
<desc>Liquor Store</desc>
<sym>Dot</sym>
<type>store</type>
</wpt>
<wpt lat="49.234504" lon="-123.157945">
<name>ASA Sushi</name>
<cmt>food</cmt>
<desc>Restaurant</desc>
<sym>Dot</sym>
<type>food</type>
</wpt>
<wpt lat="49.274928" lon="-123.115583">
<name>Club Kitchen</name>
<cmt>food</cmt>
<desc>Restaurant</desc>
<sym>Dot</sym>
<type>food</type>
</wpt>
<wpt lat="49.284010" lon="-123.113579">
<name>Pizza 2001</name>
<cmt>food</cmt>
<desc>Fast Food / Chain</desc>
<sym>Dot</sym>
<type>food</type>
</wpt>
<wpt lat="49.269379" lon="-123.140625">
<name>Apollinia</name>
<cmt>food</cmt>
<desc>Restaurant</desc>
<sym>Dot</sym>
<type>food</type>
</wpt>
<wpt lat="49.286665" lon="-123.118340">
<name>JOEY Bentall One</name>
<cmt>food</cmt>
<desc>Restaurant</desc>
<sym>Dot</sym>
<type>food</type>
</wpt>
<wpt lat="49.288454" lon="-123.139806">
<name>Legendary Noodle House</name>
<cmt>food</cmt>
<desc>Restaurant</desc>
<sym>Dot</sym>
<type>food</type>
</wpt>
<wpt lat="49.272965" lon="-123.134873">
<name>The Blue Parrot Coffee</name>
<cmt>coffee</cmt>
<desc>Café / Coffee</desc>
<sym>Dot</sym>
<type>food</type>
</wpt>
<wpt lat="49.212375" lon="-123.140654">
<name>Sushi Bar Shu</name>
<cmt>food</cmt>
<desc>Restaurant</desc>
<sym>Dot</sym>
<type>food</type>
</wpt>
<wpt lat="49.270955" lon="-123.155242">
<name>Chewies Oyster Bar</name>
<cmt>bar</cmt>
<desc>Brewery / Pub</desc>
<sym>Dot</sym>
<type>food</type>
</wpt>
<wpt lat="49.275946" lon="-123.130239">
<name>The Parker Hotel Vancouver</name>
<cmt>lodging</cmt>
<desc>Hotel / Motel</desc>
<sym>Dot</sym>
<type>shelter</type>
</wpt>
<wpt lat="49.270958" lon="-123.155376">
<name>Enroute Coffee</name>
<cmt>coffee</cmt>
<desc>Café / Coffee</desc>
<sym>Dot</sym>
<type>food</type>
</wpt>
<wpt lat="49.284517" lon="-123.109222">
<name>Trees Organic Coffee</name>
<cmt>coffee</cmt>
<desc>Café / Coffee</desc>
<sym>Dot</sym>
<type>food</type>
</wpt>
<wpt lat="49.284345" lon="-123.109577">
<name>Coastal Peoples Fine Arts Gallery</name>
<cmt>monument</cmt>
<desc>Museum / Gallery</desc>
<sym>Dot</sym>
<type>info</type>
</wpt>
<wpt lat="49.273899" lon="-123.122777">
<name>Van Banh Mi &amp; Yogurt</name>
<cmt>food</cmt>
<desc>Fast Food / Chain</desc>
<sym>Dot</sym>
<type>food</type>
</wpt>
<wpt lat="49.301318" lon="-123.131447">
<name>Vancouver Aquarium</name>
<cmt>viewpoint</cmt>
<desc>Activity / Experience</desc>
<sym>Dot</sym>
<type>overlook</type>
</wpt>
<wpt lat="49.283818" lon="-123.113280">
<name>Freshslice Pizza</name>
<cmt>food</cmt>
<desc>Fast Food / Chain</desc>
<sym>Dot</sym>
<type>food</type>
</wpt>
<wpt lat="49.269394" lon="-123.140980">
<name>Café Prado</name>
<cmt>coffee</cmt>
<desc>Café / Coffee</desc>
<sym>Dot</sym>
<type>food</type>
</wpt>
<wpt lat="49.285567" lon="-123.116561">
<name>Moose's Down Under</name>
<cmt>bar</cmt>
<desc>Brewery / Pub</desc>
<sym>Dot</sym>
<type>food</type>
</wpt>
<wpt lat="49.284510" lon="-123.109142">
<name>Silvestre Deli &amp; Bistro</name>
<cmt>food</cmt>
<desc>Restaurant</desc>
<sym>Dot</sym>
<type>food</type>
</wpt>
<wpt lat="49.269400" lon="-123.131363">
<name>Granville Island Hotel</name>
<cmt>lodging</cmt>
<desc>Hotel / Motel</desc>
<sym>Dot</sym>
<type>shelter</type>
</wpt>
<wpt lat="49.234607" lon="-123.182191">
<name>Crêpe &amp; Café</name>
<cmt>food</cmt>
<desc>Restaurant</desc>
<sym>Dot</sym>
<type>food</type>
</wpt>
<wpt lat="49.234507" lon="-123.158090">
<name>Faubourg</name>
<cmt>coffee</cmt>
<desc>Café / Coffee</desc>
<sym>Dot</sym>
<type>food</type>
</wpt>
<wpt lat="49.272984" lon="-123.099738">
<name>Donair Dude</name>
<cmt>food</cmt>
<desc>Restaurant</desc>
<sym>Dot</sym>
<type>food</type>
</wpt>
<wpt lat="49.287247" lon="-123.118925">
<name>Meat &amp; Bread</name>
<cmt>food</cmt>
<desc>Restaurant</desc>
<sym>Dot</sym>
<type>food</type>
</wpt>
<wpt lat="49.286343" lon="-123.139873">
<name>Bisou Premium Baked Goods</name>
<cmt>food</cmt>
<desc>Bakery / Donuts</desc>
<sym>Dot</sym>
<type>food</type>
</wpt>
<wpt lat="49.283739" lon="-123.113167">
<name>Spin Roll</name>
<cmt>food</cmt>
<desc>Restaurant</desc>
<sym>Dot</sym>
<type>food</type>
</wpt>
<wpt lat="49.265777" lon="-123.237113">
<name>Urban Fare</name>
<cmt>convenience_store</cmt>
<desc>Grocery Store</desc>
<sym>Dot</sym>
<type>store</type>
</wpt>
<wpt lat="49.283590" lon="-123.111511">
<name>Cafe Duello</name>
<cmt>coffee</cmt>
<desc>Café / Coffee</desc>
<sym>Dot</sym>
<type>food</type>
</wpt>
<wpt lat="49.234779" lon="-123.158118">
<name>Kin's Farm Market</name>
<cmt>convenience_store</cmt>
<desc>Farmers' Market</desc>
<sym>Dot</sym>
<type>store</type>
</wpt>
<wpt lat="49.277574" lon="-123.131850">
<name>Osaka Sushi</name>
<cmt>food</cmt>
<desc>Restaurant</desc>
<sym>Dot</sym>
<type>food</type>
</wpt>
<wpt lat="49.275712" lon="-123.100203">
<name>Machete</name>
<cmt>food</cmt>
<desc>Restaurant</desc>
<sym>Dot</sym>
<type>food</type>
</wpt>
<wpt lat="49.208765" lon="-123.141555">
<name>BC Liquor Store</name>
<cmt>convenience_store</cmt>
<desc>Liquor Store</desc>
<sym>Dot</sym>
<type>store</type>
</wpt>
<wpt lat="49.212475" lon="-123.140653">
<name>Butterfly Tea &amp; Dessert</name>
<cmt>coffee</cmt>
<desc>Café / Coffee</desc>
<sym>Dot</sym>
<type>food</type>
</wpt>
<wpt lat="49.284933" lon="-123.115686">
<name>Tim Hortons</name>
<cmt>food</cmt>
<desc>Fast Food / Chain</desc>
<sym>Dot</sym>
<type>food</type>
</wpt>
<wpt lat="49.277931" lon="-123.108080">
<name>Crisp</name>
<cmt>food</cmt>
<desc>Fast Food / Chain</desc>
<sym>Dot</sym>
<type>food</type>
</wpt>
<wpt lat="49.287578" lon="-123.119152">
<name>Neate Donuts</name>
<cmt>food</cmt>
<desc>Bakery / Donuts</desc>
<sym>Dot</sym>
<type>food</type>
</wpt>
<wpt lat="49.288827" lon="-123.139684">
<name>7-Eleven</name>
<cmt>convenience_store</cmt>
<desc>Convenience Store</desc>
<sym>Dot</sym>
<type>store</type>
</wpt>
<wpt lat="49.273243" lon="-123.203180">
<name>N.S.C.S. Discovery Café</name>
<cmt>food</cmt>
<desc>Restaurant</desc>
<sym>Dot</sym>
<type>food</type>
</wpt>
<wpt lat="49.275922" lon="-123.100196">
<name>Vibe &amp; Bite</name>
<cmt>convenience_store</cmt>
<desc>Convenience Store</desc>
<sym>Dot</sym>
<type>store</type>
</wpt>
<wpt lat="49.234751" lon="-123.158264">
<name>Tim Hortons</name>
<cmt>food</cmt>
<desc>Fast Food / Chain</desc>
<sym>Dot</sym>
<type>food</type>
</wpt>
<wpt lat="49.284181" lon="-123.114361">
<name>Himalayan Momo Restaurant and Bar</name>
<cmt>food</cmt>
<desc>Restaurant</desc>
<sym>Dot</sym>
<type>food</type>
</wpt>
<wpt lat="49.265727" lon="-123.120228">
<name>7-Eleven</name>
<cmt>convenience_store</cmt>
<desc>Convenience Store</desc>
<sym>Dot</sym>
<type>store</type>
</wpt>
<wpt lat="49.284127" lon="-123.114276">
<name>Burger King</name>
<cmt>food</cmt>
<desc>Fast Food / Chain</desc>
<sym>Dot</sym>
<type>food</type>
</wpt>
<wpt lat="49.274989" lon="-123.129841">
<name>Monzo Burger</name>
<cmt>food</cmt>
<desc>Restaurant</desc>
<sym>Dot</sym>
<type>food</type>
</wpt>
<wpt lat="49.284022" lon="-123.114107">
<name>Malone's Social Lounge &amp; Taphouse</name>
<cmt>bar</cmt>
<desc>Brewery / Pub</desc>
<sym>Dot</sym>
<type>food</type>
</wpt>
<wpt lat="49.265808" lon="-123.122303">
<name>Tim Hortons</name>
<cmt>food</cmt>
<desc>Fast Food / Chain</desc>
<sym>Dot</sym>
<type>food</type>
</wpt>
<wpt lat="49.299035" lon="-123.133869">
<name>Malkin Bowl</name>
<cmt>monument</cmt>
<desc>Museum / Gallery</desc>
<sym>Dot</sym>
<type>info</type>
</wpt>
<wpt lat="49.271981" lon="-123.134014">
<name>The Sandbar</name>
<cmt>food</cmt>
<desc>Restaurant</desc>
<sym>Dot</sym>
<type>food</type>
</wpt>
<wpt lat="49.284654" lon="-123.115283">
<name>Starbucks</name>
<cmt>food</cmt>
<desc>Fast Food / Chain</desc>
<sym>Dot</sym>
<type>food</type>
</wpt>
<wpt lat="49.270028" lon="-123.103149">
<name>Amato Gelato &amp; Cafè</name>
<cmt>food</cmt>
<desc>Ice Cream</desc>
<sym>Dot</sym>
<type>food</type>
</wpt>
<wpt lat="49.284607" lon="-123.108511">
<name>Black Frog Eatery</name>
<cmt>bar</cmt>
<desc>Brewery / Pub</desc>
<sym>Dot</sym>
<type>food</type>
</wpt>
<wpt lat="49.274130" lon="-123.124112">
<name>Soho</name>
<cmt>bar</cmt>
<desc>Brewery / Pub</desc>
<sym>Dot</sym>
<type>food</type>
</wpt>
<wpt lat="49.275081" lon="-123.099616">
<name>The Ivanhoe Pub</name>
<cmt>bar</cmt>
<desc>Brewery / Pub</desc>
<sym>Dot</sym>
<type>food</type>
</wpt>
<wpt lat="49.272419" lon="-123.134633">
<name>A la Mode</name>
<cmt>coffee</cmt>
<desc>Café / Coffee</desc>
<sym>Dot</sym>
<type>food</type>
</wpt>
<wpt lat="49.283838" lon="-123.113860">
<name>WINGS Tap &amp; Social</name>
<cmt>bar</cmt>
<desc>Brewery / Pub</desc>
<sym>Dot</sym>
<type>food</type>
</wpt>
<wpt lat="49.274016" lon="-123.122343">
<name>Dairy Queen</name>
<cmt>food</cmt>
<desc>Ice Cream</desc>
<sym>Dot</sym>
<type>food</type>
</wpt>
<wpt lat="49.276914" lon="-123.130785">
<name>Desi Indian Lounge</name>
<cmt>food</cmt>
<desc>Restaurant</desc>
<sym>Dot</sym>
<type>food</type>
</wpt>
<wpt lat="49.272518" lon="-123.134791">
<name>The Market Grill</name>
<cmt>food</cmt>
<desc>Fast Food / Chain</desc>
<sym>Dot</sym>
<type>food</type>
</wpt>
<wpt lat="49.275162" lon="-123.099609">
<name>C&amp;N Backpackers Central Station</name>
<cmt>lodging</cmt>
<desc>Hostel</desc>
<sym>Dot</sym>
<type>shelter</type>
</wpt>
<wpt lat="49.284246" lon="-123.109171">
<name>Poke N Chat</name>
<cmt>food</cmt>
<desc>Restaurant</desc>
<sym>Dot</sym>
<type>food</type>
</wpt>
<wpt lat="49.265744" lon="-123.122305">
<name>Yanaki Sushi</name>
<cmt>food</cmt>
<desc>Restaurant</desc>
<sym>Dot</sym>
<type>food</type>
</wpt>
<wpt lat="49.284728" lon="-123.115555">
<name>Tractor</name>
<cmt>coffee</cmt>
<desc>Café / Coffee</desc>
<sym>Dot</sym>
<type>food</type>
</wpt>
<wpt lat="49.265351" lon="-123.236911">
<name>Popeyes</name>
<cmt>food</cmt>
<desc>Fast Food / Chain</desc>
<sym>Dot</sym>
<type>food</type>
</wpt>
<wpt lat="49.287898" lon="-123.120258">
<name>Showcase Restaurant &amp; Bar</name>
<cmt>food</cmt>
<desc>Restaurant</desc>
<sym>Dot</sym>
<type>food</type>
</wpt>
<wpt lat="49.274675" lon="-123.129537">
<name>Linh Café</name>
<cmt>food</cmt>
<desc>Restaurant</desc>
<sym>Dot</sym>
<type>food</type>
</wpt>
<wpt lat="49.274129" lon="-123.121871">
<name>Jugo Juice</name>
<cmt>food</cmt>
<desc>Fast Food / Chain</desc>
<sym>Dot</sym>
<type>food</type>
</wpt>
<wpt lat="49.277928" lon="-123.109429">
<name>Konica Minolta Champion's Club</name>
<cmt>food</cmt>
<desc>Restaurant</desc>
<sym>Dot</sym>
<type>food</type>
</wpt>
<wpt lat="49.274036" lon="-123.122258">
<name>Subway</name>
<cmt>food</cmt>
<desc>Fast Food / Chain</desc>
<sym>Dot</sym>
<type>food</type>
</wpt>
<wpt lat="49.283975" lon="-123.114217">
<name>Seymour Hostel</name>
<cmt>lodging</cmt>
<desc>Hostel</desc>
<sym>Dot</sym>
<type>shelter</type>
</wpt>
<wpt lat="49.288667" lon="-123.139430">
<name>Denman Liquor Store</name>
<cmt>convenience_store</cmt>
<desc>Liquor Store</desc>
<sym>Dot</sym>
<type>store</type>
</wpt>
<wpt lat="49.277454" lon="-123.131337">
<name>Daikichi Sushi</name>
<cmt>food</cmt>
<desc>Restaurant</desc>
<sym>Dot</sym>
<type>food</type>
</wpt>
<wpt lat="49.272418" lon="-123.134744">
<name>The Stock Market</name>
<cmt>convenience_store</cmt>
<desc>Specialty / Health Food</desc>
<sym>Dot</sym>
<type>store</type>
</wpt>
<wpt lat="49.271851" lon="-123.135476">
<name>Popina Cantina</name>
<cmt>food</cmt>
<desc>Restaurant</desc>
<sym>Dot</sym>
<type>food</type>
</wpt>
<wpt lat="49.269566" lon="-123.131714">
<name>Circle Wellness Spa</name>
<cmt>viewpoint</cmt>
<desc>Activity / Experience</desc>
<sym>Dot</sym>
<type>overlook</type>
</wpt>
<wpt lat="49.273237" lon="-123.203436">
<name>HI Vancouver Jericho Beach</name>
<cmt>lodging</cmt>
<desc>Hostel</desc>
<sym>Dot</sym>
<type>shelter</type>
</wpt>
<wpt lat="49.274234" lon="-123.123941">
<name>Alchemy</name>
<cmt>food</cmt>
<desc>Restaurant</desc>
<sym>Dot</sym>
<type>food</type>
</wpt>
<wpt lat="49.274100" lon="-123.121957">
<name>Salsa and Agave Mexican Grill</name>
<cmt>food</cmt>
<desc>Restaurant</desc>
<sym>Dot</sym>
<type>food</type>
</wpt>
<wpt lat="49.291940" lon="-123.134499">
<name>Bikes and Blades</name>
<cmt>bike_shop</cmt>
<desc>Repair Shop</desc>
<sym>Dot</sym>
<type>gear</type>
</wpt>
<wpt lat="49.288932" lon="-123.139514">
<name>Sushi Aboard</name>
<cmt>food</cmt>
<desc>Restaurant</desc>
<sym>Dot</sym>
<type>food</type>
</wpt>
<wpt lat="49.272458" lon="-123.134856">
<name>Laurelle's Fine Foods</name>
<cmt>convenience_store</cmt>
<desc>Specialty / Health Food</desc>
<sym>Dot</sym>
<type>store</type>
</wpt>
<wpt lat="49.269686" lon="-123.106355">
<name>The Bubble Tea Shop</name>
<cmt>coffee</cmt>
<desc>Café / Coffee</desc>
<sym>Dot</sym>
<type>food</type>
</wpt>
<wpt lat="49.284233" lon="-123.109032">
<name>Water Street Cafe</name>
<cmt>food</cmt>
<desc>Restaurant</desc>
<sym>Dot</sym>
<type>food</type>
</wpt>
<wpt lat="49.212694" lon="-123.140645">
<name>Bubble Bear Cafe</name>
<cmt>coffee</cmt>
<desc>Café / Coffee</desc>
<sym>Dot</sym>
<type>food</type>
</wpt>
<wpt lat="49.276741" lon="-123.130413">
<name>Sashimiya</name>
<cmt>convenience_store</cmt>
<desc>Grocery Store</desc>
<sym>Dot</sym>
<type>store</type>
</wpt>
<wpt lat="49.286023" lon="-123.139526">
<name>BC Liquor Store</name>
<cmt>convenience_store</cmt>
<desc>Liquor Store</desc>
<sym>Dot</sym>
<type>store</type>
</wpt>
<wpt lat="49.287968" lon="-123.121420">
<name>The Bee's Knees</name>
<cmt>coffee</cmt>
<desc>Café / Coffee</desc>
<sym>Dot</sym>
<type>food</type>
</wpt>
<wpt lat="49.274075" lon="-123.122088">
<name>Freshslice Pizza</name>
<cmt>food</cmt>
<desc>Fast Food / Chain</desc>
<sym>Dot</sym>
<type>food</type>
</wpt>
<wpt lat="49.284394" lon="-123.108567">
<name>Lee's Donuts</name>
<cmt>food</cmt>
<desc>Bakery / Donuts</desc>
<sym>Dot</sym>
<type>food</type>
</wpt>
<wpt lat="49.275463" lon="-123.099592">
<name>Bodega</name>
<cmt>food</cmt>
<desc>Restaurant</desc>
<sym>Dot</sym>
<type>food</type>
</wpt>
<wpt lat="49.299823" lon="-123.131221">
<name>Bicycle Bistro</name>
<cmt>coffee</cmt>
<desc>Café / Coffee</desc>
<sym>Dot</sym>
<type>food</type>
</wpt>
<wpt lat="49.289263" lon="-123.139653">
<name>The Como Hotel</name>
<cmt>lodging</cmt>
<desc>Hotel / Motel</desc>
<sym>Dot</sym>
<type>shelter</type>
</wpt>
<wpt lat="49.272888" lon="-123.135541">
<name>Popina</name>
<cmt>food</cmt>
<desc>Restaurant</desc>
<sym>Dot</sym>
<type>food</type>
</wpt>
<wpt lat="49.265610" lon="-123.121980">
<name>Szechuan Chili Restaurant</name>
<cmt>food</cmt>
<desc>Restaurant</desc>
<sym>Dot</sym>
<type>food</type>
</wpt>
<wpt lat="49.208484" lon="-123.137874">
<name>East Café in Marpole</name>
<cmt>coffee</cmt>
<desc>Café / Coffee</desc>
<sym>Dot</sym>
<type>food</type>
</wpt>
<wpt lat="49.291882" lon="-123.134583">
<name>Freedom Bike Rentals</name>
<cmt>bike_shop</cmt>
<desc>Rentals</desc>
<sym>Dot</sym>
<type>gear</type>
</wpt>
<wpt lat="49.287974" lon="-123.121545">
<name>Marriott Pinnacle Downtown</name>
<cmt>lodging</cmt>
<desc>Hotel / Motel</desc>
<sym>Dot</sym>
<type>shelter</type>
</wpt>
<wpt lat="49.272363" lon="-123.134879">
<name>Zara's Italian Deli &amp; Fresh Pasta</name>
<cmt>convenience_store</cmt>
<desc>Specialty / Health Food</desc>
<sym>Dot</sym>
<type>store</type>
</wpt>
<wpt lat="49.269696" lon="-123.109208">
<name>Stega Eatery</name>
<cmt>food</cmt>
<desc>Restaurant</desc>
<sym>Dot</sym>
<type>food</type>
</wpt>
<wpt lat="49.283392" lon="-123.113138">
<name>Al-Madina General Store</name>
<cmt>convenience_store</cmt>
<desc>Convenience Store</desc>
<sym>Dot</sym>
<type>store</type>
</wpt>
<wpt lat="49.277322" lon="-123.111067">
<name>Dawson's Hot Dogs</name>
<cmt>food</cmt>
<desc>Restaurant</desc>
<sym>Dot</sym>
<type>food</type>
</wpt>
<wpt lat="49.289328" lon="-123.129092">
<name>Freshco Food Mart</name>
<cmt>convenience_store</cmt>
<desc>Convenience Store</desc>
<sym>Dot</sym>
<type>store</type>
</wpt>
<wpt lat="49.274335" lon="-123.123793">
<name>Tasty Indian Bistro</name>
<cmt>food</cmt>
<desc>Restaurant</desc>
<sym>Dot</sym>
<type>food</type>
</wpt>
<wpt lat="49.277992" lon="-123.109697">
<name>The Sportsbar LIVE! At Rogers Arena</name>
<cmt>bar</cmt>
<desc>Brewery / Pub</desc>
<sym>Dot</sym>
<type>food</type>
</wpt>
<wpt lat="49.272764" lon="-123.135426">
<name>La Tortilleria</name>
<cmt>food</cmt>
<desc>Fast Food / Chain</desc>
<sym>Dot</sym>
<type>food</type>
</wpt>
<wpt lat="49.274343" lon="-123.123269">
<name>Rodney's Oyster House</name>
<cmt>food</cmt>
<desc>Restaurant</desc>
<sym>Dot</sym>
<type>food</type>
</wpt>
<wpt lat="49.289014" lon="-123.139401">
<name>Chef Ron Restaurant &amp; Bar</name>
<cmt>food</cmt>
<desc>Restaurant</desc>
<sym>Dot</sym>
<type>food</type>
</wpt>
<wpt lat="49.269504" lon="-123.108166">
<name>Ophelia</name>
<cmt>food</cmt>
<desc>Restaurant</desc>
<sym>Dot</sym>
<type>food</type>
</wpt>
<wpt lat="49.283906" lon="-123.109496">
<name>Timbertrain Coffee Roasters</name>
<cmt>coffee</cmt>
<desc>Café / Coffee</desc>
<sym>Dot</sym>
<type>food</type>
</wpt>
<wpt lat="49.269497" lon="-123.107704">
<name>Jay Nok</name>
<cmt>food</cmt>
<desc>Restaurant</desc>
<sym>Dot</sym>
<type>food</type>
</wpt>
<wpt lat="49.288129" lon="-123.122048">
<name>Coast Coal Harbour Hotel by APA</name>
<cmt>lodging</cmt>
<desc>Hotel / Motel</desc>
<sym>Dot</sym>
<type>shelter</type>
</wpt>
<wpt lat="49.272661" lon="-123.135316">
<name>Pizza Pzazz</name>
<cmt>food</cmt>
<desc>Fast Food / Chain</desc>
<sym>Dot</sym>
<type>food</type>
</wpt>
<wpt lat="49.288501" lon="-123.139164">
<name>93 Coffee</name>
<cmt>coffee</cmt>
<desc>Café / Coffee</desc>
<sym>Dot</sym>
<type>food</type>
</wpt>
<wpt lat="49.291854" lon="-123.134623">
<name>Tonkotsu Ramen Tsukiya</name>
<cmt>food</cmt>
<desc>Restaurant</desc>
<sym>Dot</sym>
<type>food</type>
</wpt>
<wpt lat="49.269508" lon="-123.108423">
<name>Pizza Hut</name>
<cmt>food</cmt>
<desc>Fast Food / Chain</desc>
<sym>Dot</sym>
<type>food</type>
</wpt>
<wpt lat="49.288220" lon="-123.122313">
<name>Prestons Restaurant + Lounge</name>
<cmt>food</cmt>
<desc>Restaurant</desc>
<sym>Dot</sym>
<type>food</type>
</wpt>
<wpt lat="49.271666" lon="-123.134915">
<name>El Cafecito</name>
<cmt>coffee</cmt>
<desc>Café / Coffee</desc>
<sym>Dot</sym>
<type>food</type>
</wpt>
<wpt lat="49.212816" lon="-123.140204">
<name>A &amp; S Fusion</name>
<cmt>food</cmt>
<desc>Restaurant</desc>
<sym>Dot</sym>
<type>food</type>
</wpt>
<wpt lat="49.288731" lon="-123.128133">
<name>Subway</name>
<cmt>food</cmt>
<desc>Fast Food / Chain</desc>
<sym>Dot</sym>
<type>food</type>
</wpt>
<wpt lat="49.288332" lon="-123.122596">
<name>Panago</name>
<cmt>food</cmt>
<desc>Fast Food / Chain</desc>
<sym>Dot</sym>
<type>food</type>
</wpt>
<wpt lat="49.275714" lon="-123.113942">
<name>The Douglas, Autograph Collection</name>
<cmt>lodging</cmt>
<desc>Hotel / Motel</desc>
<sym>Dot</sym>
<type>shelter</type>
</wpt>
<wpt lat="49.283841" lon="-123.114381">
<name>The 515 Bar</name>
<cmt>bar</cmt>
<desc>Brewery / Pub</desc>
<sym>Dot</sym>
<type>food</type>
</wpt>
<wpt lat="49.269487" lon="-123.107259">
<name>Big Way Hot Pot</name>
<cmt>food</cmt>
<desc>Restaurant</desc>
<sym>Dot</sym>
<type>food</type>
</wpt>
<wpt lat="49.272636" lon="-123.135371">
<name>Chau Veggie Express</name>
<cmt>food</cmt>
<desc>Fast Food / Chain</desc>
<sym>Dot</sym>
<type>food</type>
</wpt>
<wpt lat="49.272729" lon="-123.135493">
<name>Terra Breads</name>
<cmt>food</cmt>
<desc>Bakery / Donuts</desc>
<sym>Dot</sym>
<type>food</type>
</wpt>
<wpt lat="49.272663" lon="-123.136526">
<name>Tap &amp; Barrel Bridges</name>
<cmt>food</cmt>
<desc>Restaurant</desc>
<sym>Dot</sym>
<type>food</type>
</wpt>
<wpt lat="49.271734" lon="-123.134927">
<name>Alimentaria Mexicana</name>
<cmt>food</cmt>
<desc>Restaurant</desc>
<sym>Dot</sym>
<type>food</type>
</wpt>
<wpt lat="49.276585" lon="-123.100116">
<name>The Boxcar</name>
<cmt>bar</cmt>
<desc>Brewery / Pub</desc>
<sym>Dot</sym>
<type>food</type>
</wpt>
<wpt lat="49.298469" lon="-123.136978">
<name>Stanley Park Rose Garden</name>
<cmt>park</cmt>
<desc>Park / Nature</desc>
<sym>Dot</sym>
<type>rest_area</type>
</wpt>
<wpt lat="49.285930" lon="-123.118281">
<name>Blenz Coffee</name>
<cmt>coffee</cmt>
<desc>Café / Coffee</desc>
<sym>Dot</sym>
<type>food</type>
</wpt>
<wpt lat="49.287685" lon="-123.120502">
<name>Caffè Artigiano</name>
<cmt>coffee</cmt>
<desc>Café / Coffee</desc>
<sym>Dot</sym>
<type>food</type>
</wpt>
<wpt lat="49.291796" lon="-123.134692">
<name>Jo-E Cycles</name>
<cmt>bike_shop</cmt>
<desc>Repair Shop</desc>
<sym>Dot</sym>
<type>gear</type>
</wpt>
<wpt lat="49.274444" lon="-123.123632">
<name>Paratha 2 Pasta</name>
<cmt>food</cmt>
<desc>Restaurant</desc>
<sym>Dot</sym>
<type>food</type>
</wpt>
<wpt lat="49.288438" lon="-123.122991">
<name>7-Eleven</name>
<cmt>convenience_store</cmt>
<desc>Convenience Store</desc>
<sym>Dot</sym>
<type>store</type>
</wpt>
<wpt lat="49.212875" lon="-123.140187">
<name>Lucky Fortune Seafood Restaurant</name>
<cmt>food</cmt>
<desc>Restaurant</desc>
<sym>Dot</sym>
<type>food</type>
</wpt>
<wpt lat="49.275726" lon="-123.114056">
<name>Passione Gelato</name>
<cmt>food</cmt>
<desc>Ice Cream</desc>
<sym>Dot</sym>
<type>food</type>
</wpt>
<wpt lat="49.272608" lon="-123.135430">
<name>Fraser Valley Juice</name>
<cmt>food</cmt>
<desc>Fast Food / Chain</desc>
<sym>Dot</sym>
<type>food</type>
</wpt>
<wpt lat="49.272154" lon="-123.135434">
<name>Liberty Wines</name>
<cmt>convenience_store</cmt>
<desc>Liquor Store</desc>
<sym>Dot</sym>
<type>store</type>
</wpt>
<wpt lat="49.284407" lon="-123.115560">
<name>Zaatar w Zeit</name>
<cmt>food</cmt>
<desc>Restaurant</desc>
<sym>Dot</sym>
<type>food</type>
</wpt>
<wpt lat="49.277633" lon="-123.131088">
<name>Place2be Cafe</name>
<cmt>coffee</cmt>
<desc>Café / Coffee</desc>
<sym>Dot</sym>
<type>food</type>
</wpt>
<wpt lat="49.272646" lon="-123.149985">
<name>Circle K</name>
<cmt>convenience_store</cmt>
<desc>Convenience Store</desc>
<sym>Dot</sym>
<type>store</type>
</wpt>
<wpt lat="49.275246" lon="-123.120775">
<name>Minami</name>
<cmt>food</cmt>
<desc>Restaurant</desc>
<sym>Dot</sym>
<type>food</type>
</wpt>
<wpt lat="49.272436" lon="-123.135847">
<name>A Bread Affair</name>
<cmt>food</cmt>
<desc>Bakery / Donuts</desc>
<sym>Dot</sym>
<type>food</type>
</wpt>
<wpt lat="49.272400" lon="-123.135200">
<name>Granville Island Public Market</name>
<cmt>viewpoint</cmt>
<desc>Activity / Experience</desc>
<sym>Dot</sym>
<type>overlook</type>
</wpt>
<wpt lat="49.275875" lon="-123.099584">
<name>Torafuku</name>
<cmt>food</cmt>
<desc>Restaurant</desc>
<sym>Dot</sym>
<type>food</type>
</wpt>
<wpt lat="49.277890" lon="-123.131368">
<name>Maxine's Cafe &amp; Bar</name>
<cmt>food</cmt>
<desc>Restaurant</desc>
<sym>Dot</sym>
<type>food</type>
</wpt>
<wpt lat="49.269469" lon="-123.106367">
<name>Honolulu Coffee</name>
<cmt>coffee</cmt>
<desc>Café / Coffee</desc>
<sym>Dot</sym>
<type>food</type>
</wpt>
<wpt lat="49.288544" lon="-123.124478">
<name>Coal Harbour Liquor Store</name>
<cmt>convenience_store</cmt>
<desc>Liquor Store</desc>
<sym>Dot</sym>
<type>store</type>
</wpt>
<wpt lat="49.300770" lon="-123.131377">
<name>Upstream Bar + Grill</name>
<cmt>food</cmt>
<desc>Fast Food / Chain</desc>
<sym>Dot</sym>
<type>food</type>
</wpt>
<wpt lat="49.272636" lon="-123.135525">
<name>Organic Acres Market</name>
<cmt>convenience_store</cmt>
<desc>Grocery Store</desc>
<sym>Dot</sym>
<type>store</type>
</wpt>
<wpt lat="49.272048" lon="-123.134772">
<name>Granville Island Stage</name>
<cmt>monument</cmt>
<desc>Museum / Gallery</desc>
<sym>Dot</sym>
<type>info</type>
</wpt>
<wpt lat="49.272582" lon="-123.135486">
<name>Petit Ami Coffee</name>
<cmt>coffee</cmt>
<desc>Café / Coffee</desc>
<sym>Dot</sym>
<type>food</type>
</wpt>
<wpt lat="49.269521" lon="-123.109214">
<name>Nook</name>
<cmt>food</cmt>
<desc>Restaurant</desc>
<sym>Dot</sym>
<type>food</type>
</wpt>
<wpt lat="49.275348" lon="-123.120630">
<name>Aburi To-Go</name>
<cmt>food</cmt>
<desc>Fast Food / Chain</desc>
<sym>Dot</sym>
<type>food</type>
</wpt>
<wpt lat="49.275519" lon="-123.115470">
<name>JV Bike</name>
<cmt>bike_shop</cmt>
<desc>Repair Shop</desc>
<sym>Dot</sym>
<type>gear</type>
</wpt>
<wpt lat="49.272220" lon="-123.135064">
<name>Stuarts Quality Baked Goods</name>
<cmt>food</cmt>
<desc>Bakery / Donuts</desc>
<sym>Dot</sym>
<type>food</type>
</wpt>
<wpt lat="49.272382" lon="-123.135272">
<name>Siegel's Bagels</name>
<cmt>food</cmt>
<desc>Bakery / Donuts</desc>
<sym>Dot</sym>
<type>food</type>
</wpt>
<wpt lat="49.289179" lon="-123.110053">
<name>The Flying Whale</name>
<cmt>coffee</cmt>
<desc>Café / Coffee</desc>
<sym>Dot</sym>
<type>food</type>
</wpt>
<wpt lat="49.270391" lon="-123.100938">
<name>Pho Quynh Express</name>
<cmt>food</cmt>
<desc>Restaurant</desc>
<sym>Dot</sym>
<type>food</type>
</wpt>
<wpt lat="49.273979" lon="-123.126843">
<name>Level Furnished Living</name>
<cmt>lodging</cmt>
<desc>Hotel / Motel</desc>
<sym>Dot</sym>
<type>shelter</type>
</wpt>
<wpt lat="49.287164" lon="-123.119709">
<name>Quiznos</name>
<cmt>food</cmt>
<desc>Fast Food / Chain</desc>
<sym>Dot</sym>
<type>food</type>
</wpt>
<wpt lat="49.284314" lon="-123.108115">
<name>Café Kitsuné</name>
<cmt>coffee</cmt>
<desc>Café / Coffee</desc>
<sym>Dot</sym>
<type>food</type>
</wpt>
<wpt lat="49.272641" lon="-123.149817">
<name>Octopus Garden</name>
<cmt>food</cmt>
<desc>Restaurant</desc>
<sym>Dot</sym>
<type>food</type>
</wpt>
<wpt lat="49.269658" lon="-123.102906">
<name>Tractor</name>
<cmt>food</cmt>
<desc>Restaurant</desc>
<sym>Dot</sym>
<type>food</type>
</wpt>
<wpt lat="49.287553" lon="-123.120002">
<name>Starbucks</name>
<cmt>food</cmt>
<desc>Fast Food / Chain</desc>
<sym>Dot</sym>
<type>food</type>
</wpt>
<wpt lat="49.272420" lon="-123.135407">
<name>Oyama Sausage</name>
<cmt>convenience_store</cmt>
<desc>Specialty / Health Food</desc>
<sym>Dot</sym>
<type>store</type>
</wpt>
<wpt lat="49.272363" lon="-123.135337">
<name>Duso's Italia</name>
<cmt>convenience_store</cmt>
<desc>Specialty / Health Food</desc>
<sym>Dot</sym>
<type>store</type>
</wpt>
<wpt lat="49.288943" lon="-123.139016">
<name>Burger King</name>
<cmt>food</cmt>
<desc>Fast Food / Chain</desc>
<sym>Dot</sym>
<type>food</type>
</wpt>
<wpt lat="49.272325" lon="-123.135301">
<name>Four Season Farm</name>
<cmt>convenience_store</cmt>
<desc>Farmers' Market</desc>
<sym>Dot</sym>
<type>store</type>
</wpt>
<wpt lat="49.277710" lon="-123.130968">
<name>Number e Food</name>
<cmt>coffee</cmt>
<desc>Café / Coffee</desc>
<sym>Dot</sym>
<type>food</type>
</wpt>
<wpt lat="49.276950" lon="-123.130068">
<name>Giardino Restaurant</name>
<cmt>food</cmt>
<desc>Restaurant</desc>
<sym>Dot</sym>
<type>food</type>
</wpt>
<wpt lat="49.272254" lon="-123.135250">
<name>Lee's Donuts</name>
<cmt>food</cmt>
<desc>Bakery / Donuts</desc>
<sym>Dot</sym>
<type>food</type>
</wpt>
<wpt lat="49.272173" lon="-123.135145">
<name>JJ Bean</name>
<cmt>coffee</cmt>
<desc>Café / Coffee</desc>
<sym>Dot</sym>
<type>food</type>
</wpt>
<wpt lat="49.283740" lon="-123.109231">
<name>Stega Eatery</name>
<cmt>food</cmt>
<desc>Restaurant</desc>
<sym>Dot</sym>
<type>food</type>
</wpt>
<wpt lat="49.284131" lon="-123.108383">
<name>Pourhouse</name>
<cmt>bar</cmt>
<desc>Brewery / Pub</desc>
<sym>Dot</sym>
<type>food</type>
</wpt>
<wpt lat="49.277971" lon="-123.131223">
<name>Bee's Knees eBike Tours and Rentals</name>
<cmt>bike_shop</cmt>
<desc>Rentals</desc>
<sym>Dot</sym>
<type>gear</type>
</wpt>
<wpt lat="49.291681" lon="-123.134880">
<name>Jingle Bao</name>
<cmt>food</cmt>
<desc>Restaurant</desc>
<sym>Dot</sym>
<type>food</type>
</wpt>
<wpt lat="49.284291" lon="-123.115724">
<name>Subway</name>
<cmt>food</cmt>
<desc>Fast Food / Chain</desc>
<sym>Dot</sym>
<type>food</type>
</wpt>
<wpt lat="49.274613" lon="-123.123364">
<name>Grand Chinese Restaurant</name>
<cmt>food</cmt>
<desc>Restaurant</desc>
<sym>Dot</sym>
<type>food</type>
</wpt>
<wpt lat="49.288442" lon="-123.138761">
<name>Sonder at Revival</name>
<cmt>lodging</cmt>
<desc>Hotel / Motel</desc>
<sym>Dot</sym>
<type>shelter</type>
</wpt>
<wpt lat="49.291810" lon="-123.135189">
<name>Tetsu Sushi Bar</name>
<cmt>food</cmt>
<desc>Restaurant</desc>
<sym>Dot</sym>
<type>food</type>
</wpt>
<wpt lat="49.208190" lon="-123.140133">
<name>Freshslice Pizza</name>
<cmt>food</cmt>
<desc>Fast Food / Chain</desc>
<sym>Dot</sym>
<type>food</type>
</wpt>
<wpt lat="49.287044" lon="-123.119786">
<name>Fujiya</name>
<cmt>convenience_store</cmt>
<desc>Grocery Store</desc>
<sym>Dot</sym>
<type>store</type>
</wpt>
<wpt lat="49.287571" lon="-123.121131">
<name>Captain's Oven Pizza</name>
<cmt>food</cmt>
<desc>Fast Food / Chain</desc>
<sym>Dot</sym>
<type>food</type>
</wpt>
<wpt lat="49.287548" lon="-123.121038">
<name>Heritage Asian Eatery</name>
<cmt>food</cmt>
<desc>Restaurant</desc>
<sym>Dot</sym>
<type>food</type>
</wpt>
<wpt lat="49.269666" lon="-123.102397">
<name>Mountain Equipment Company</name>
<cmt>convenience_store</cmt>
<desc>Outdoor Gear</desc>
<sym>Dot</sym>
<type>store</type>
</wpt>
<wpt lat="49.274526" lon="-123.122419">
<name>Faubourg Paris</name>
<cmt>coffee</cmt>
<desc>Café / Coffee</desc>
<sym>Dot</sym>
<type>food</type>
</wpt>
<wpt lat="49.291798" lon="-123.135226">
<name>Domino's</name>
<cmt>food</cmt>
<desc>Fast Food / Chain</desc>
<sym>Dot</sym>
<type>food</type>
</wpt>
<wpt lat="49.274859" lon="-123.121917">
<name>Sushi Maro</name>
<cmt>food</cmt>
<desc>Restaurant</desc>
<sym>Dot</sym>
<type>food</type>
</wpt>
<wpt lat="49.275140" lon="-123.121489">
<name>Mister</name>
<cmt>food</cmt>
<desc>Ice Cream</desc>
<sym>Dot</sym>
<type>food</type>
</wpt>
<wpt lat="49.284835" lon="-123.116804">
<name>Chali Rosso</name>
<cmt>monument</cmt>
<desc>Museum / Gallery</desc>
<sym>Dot</sym>
<type>info</type>
</wpt>
<wpt lat="49.208153" lon="-123.140135">
<name>Solo Pasta</name>
<cmt>food</cmt>
<desc>Restaurant</desc>
<sym>Dot</sym>
<type>food</type>
</wpt>
<wpt lat="49.276310" lon="-123.099559">
<name>The American</name>
<cmt>bar</cmt>
<desc>Brewery / Pub</desc>
<sym>Dot</sym>
<type>food</type>
</wpt>
<wpt lat="49.299634" lon="-123.133657">
<name>Stanley's Bar and Grill</name>
<cmt>food</cmt>
<desc>Restaurant</desc>
<sym>Dot</sym>
<type>food</type>
</wpt>
<wpt lat="49.275597" lon="-123.120309">
<name>Hula</name>
<cmt>food</cmt>
<desc>Restaurant</desc>
<sym>Dot</sym>
<type>food</type>
</wpt>
<wpt lat="49.285288" lon="-123.139022">
<name>McDonald's</name>
<cmt>food</cmt>
<desc>Fast Food / Chain</desc>
<sym>Dot</sym>
<type>food</type>
</wpt>
<wpt lat="49.274690" lon="-123.122158">
<name>Starbucks</name>
<cmt>food</cmt>
<desc>Fast Food / Chain</desc>
<sym>Dot</sym>
<type>food</type>
</wpt>
<wpt lat="49.291771" lon="-123.135260">
<name>Lucifer's</name>
<cmt>convenience_store</cmt>
<desc>Grocery Store</desc>
<sym>Dot</sym>
<type>store</type>
</wpt>
<wpt lat="49.274489" lon="-123.125674">
<name>Kurotaki</name>
<cmt>food</cmt>
<desc>Restaurant</desc>
<sym>Dot</sym>
<type>food</type>
</wpt>
<wpt lat="49.208128" lon="-123.140774">
<name>Fighter Chicken</name>
<cmt>food</cmt>
<desc>Fast Food / Chain</desc>
<sym>Dot</sym>
<type>food</type>
</wpt>
<wpt lat="49.274580" lon="-123.122482">
<name>Opus</name>
<cmt>lodging</cmt>
<desc>Hotel / Motel</desc>
<sym>Dot</sym>
<type>shelter</type>
</wpt>
<wpt lat="49.234796" lon="-123.159134">
<name>Ramen Danbo</name>
<cmt>food</cmt>
<desc>Restaurant</desc>
<sym>Dot</sym>
<type>food</type>
</wpt>
<wpt lat="49.275375" lon="-123.121118">
<name>Bistro Sakana</name>
<cmt>food</cmt>
<desc>Restaurant</desc>
<sym>Dot</sym>
<type>food</type>
</wpt>
<wpt lat="49.274395" lon="-123.126212">
<name>Matchstick</name>
<cmt>coffee</cmt>
<desc>Café / Coffee</desc>
<sym>Dot</sym>
<type>food</type>
</wpt>
<wpt lat="49.208107" lon="-123.140125">
<name>T-Bay Bistro</name>
<cmt>food</cmt>
<desc>Restaurant</desc>
<sym>Dot</sym>
<type>food</type>
</wpt>
<wpt lat="49.287588" lon="-123.121619">
<name>Tim Hortons</name>
<cmt>food</cmt>
<desc>Fast Food / Chain</desc>
<sym>Dot</sym>
<type>food</type>
</wpt>
<wpt lat="49.291740" lon="-123.135304">
<name>Nook</name>
<cmt>food</cmt>
<desc>Restaurant</desc>
<sym>Dot</sym>
<type>food</type>
</wpt>
<wpt lat="49.269437" lon="-123.103525">
<name>Brewhall</name>
<cmt>bar</cmt>
<desc>Brewery / Pub</desc>
<sym>Dot</sym>
<type>food</type>
</wpt>
<wpt lat="49.275699" lon="-123.120146">
<name>Bake 49</name>
<cmt>food</cmt>
<desc>Bakery / Donuts</desc>
<sym>Dot</sym>
<type>food</type>
</wpt>
<wpt lat="49.284777" lon="-123.116885">
<name>Joyeaux Café and Restaurant</name>
<cmt>food</cmt>
<desc>Restaurant</desc>
<sym>Dot</sym>
<type>food</type>
</wpt>
<wpt lat="49.272022" lon="-123.150471">
<name>Maple Beach Bed and Breakfast</name>
<cmt>lodging</cmt>
<desc>B&amp;B / Inn</desc>
<sym>Dot</sym>
<type>shelter</type>
</wpt>
<wpt lat="49.290275" lon="-123.131749">
<name>Red Accordion</name>
<cmt>bar</cmt>
<desc>Brewery / Pub</desc>
<sym>Dot</sym>
<type>food</type>
</wpt>
<wpt lat="49.234792" lon="-123.159196">
<name>41 Noodle And Rice Pot House</name>
<cmt>food</cmt>
<desc>Restaurant</desc>
<sym>Dot</sym>
<type>food</type>
</wpt>
<wpt lat="49.284203" lon="-123.115849">
<name>Hungry Guys Kitchen</name>
<cmt>food</cmt>
<desc>Restaurant</desc>
<sym>Dot</sym>
<type>food</type>
</wpt>
<wpt lat="49.268687" lon="-123.141358">
<name>Brewing August</name>
<cmt>bar</cmt>
<desc>Brewery / Pub</desc>
<sym>Dot</sym>
<type>food</type>
</wpt>
<wpt lat="49.275736" lon="-123.115156">
<name>Fresh Sushi</name>
<cmt>food</cmt>
<desc>Restaurant</desc>
<sym>Dot</sym>
<type>food</type>
</wpt>
<wpt lat="49.283434" lon="-123.114484">
<name>Homa Grill &amp; Donair</name>
<cmt>food</cmt>
<desc>Restaurant</desc>
<sym>Dot</sym>
<type>food</type>
</wpt>
<wpt lat="49.234475" lon="-123.159232">
<name>Legato Cafe</name>
<cmt>coffee</cmt>
<desc>Café / Coffee</desc>
<sym>Dot</sym>
<type>food</type>
</wpt>
<wpt lat="49.291575" lon="-123.135063">
<name>Kintaro Ramen</name>
<cmt>food</cmt>
<desc>Restaurant</desc>
<sym>Dot</sym>
<type>food</type>
</wpt>
<wpt lat="49.275555" lon="-123.120860">
<name>Yaletown Brewing Company</name>
<cmt>food</cmt>
<desc>Restaurant</desc>
<sym>Dot</sym>
<type>food</type>
</wpt>
<wpt lat="49.268520" lon="-123.170694">
<name>Thai Ni Yom</name>
<cmt>food</cmt>
<desc>Restaurant</desc>
<sym>Dot</sym>
<type>food</type>
</wpt>
<wpt lat="49.274724" lon="-123.122703">
<name>Capo and the Spritz</name>
<cmt>food</cmt>
<desc>Restaurant</desc>
<sym>Dot</sym>
<type>food</type>
</wpt>
<wpt lat="49.274548" lon="-123.125967">
<name>Farm to Table</name>
<cmt>convenience_store</cmt>
<desc>Farmers' Market</desc>
<sym>Dot</sym>
<type>store</type>
</wpt>
<wpt lat="49.268524" lon="-123.170900">
<name>Artistry Coffee Shop &amp; Bistro</name>
<cmt>coffee</cmt>
<desc>Café / Coffee</desc>
<sym>Dot</sym>
<type>food</type>
</wpt>
<wpt lat="49.269415" lon="-123.102927">
<name>Starbucks</name>
<cmt>food</cmt>
<desc>Fast Food / Chain</desc>
<sym>Dot</sym>
<type>food</type>
</wpt>
<wpt lat="49.289384" lon="-123.138909">
<name>Tim Hortons</name>
<cmt>food</cmt>
<desc>Fast Food / Chain</desc>
<sym>Dot</sym>
<type>food</type>
</wpt>
<wpt lat="49.283388" lon="-123.114554">
<name>Peqish</name>
<cmt>food</cmt>
<desc>Fast Food / Chain</desc>
<sym>Dot</sym>
<type>food</type>
</wpt>
<wpt lat="49.291828" lon="-123.135764">
<name>Tavola</name>
<cmt>food</cmt>
<desc>Restaurant</desc>
<sym>Dot</sym>
<type>food</type>
</wpt>
<wpt lat="49.272179" lon="-123.202892">
<name>Jericho Arts Centre</name>
<cmt>monument</cmt>
<desc>Museum / Gallery</desc>
<sym>Dot</sym>
<type>info</type>
</wpt>
<wpt lat="49.285502" lon="-123.138734">
<name>Safeway</name>
<cmt>convenience_store</cmt>
<desc>Grocery Store</desc>
<sym>Dot</sym>
<type>store</type>
</wpt>
<wpt lat="49.291716" lon="-123.135590">
<name>Times Square Suites Hotel</name>
<cmt>lodging</cmt>
<desc>Hotel / Motel</desc>
<sym>Dot</sym>
<type>shelter</type>
</wpt>
<wpt lat="49.274825" lon="-123.123057">
<name>Zab Zaab</name>
<cmt>food</cmt>
<desc>Restaurant</desc>
<sym>Dot</sym>
<type>food</type>
</wpt>
<wpt lat="49.234484" lon="-123.159370">
<name>Vegan Shoku Japanese Restaurant</name>
<cmt>food</cmt>
<desc>Restaurant</desc>
<sym>Dot</sym>
<type>food</type>
</wpt>
<wpt lat="49.213279" lon="-123.140048">
<name>Pearl House Restaurant</name>
<cmt>food</cmt>
<desc>Restaurant</desc>
<sym>Dot</sym>
<type>food</type>
</wpt>
<wpt lat="49.274322" lon="-123.126942">
<name>Kaide Sushi Bar</name>
<cmt>food</cmt>
<desc>Restaurant</desc>
<sym>Dot</sym>
<type>food</type>
</wpt>
<wpt lat="49.268532" lon="-123.168552">
<name>Fresh St. Market</name>
<cmt>convenience_store</cmt>
<desc>Grocery Store</desc>
<sym>Dot</sym>
<type>store</type>
</wpt>
<wpt lat="49.291487" lon="-123.135178">
<name>Chungchun</name>
<cmt>food</cmt>
<desc>Fast Food / Chain</desc>
<sym>Dot</sym>
<type>food</type>
</wpt>
<wpt lat="49.275908" lon="-123.119843">
<name>Angus T</name>
<cmt>food</cmt>
<desc>Bakery / Donuts</desc>
<sym>Dot</sym>
<type>food</type>
</wpt>
<wpt lat="49.275779" lon="-123.120525">
<name>Earls</name>
<cmt>food</cmt>
<desc>Restaurant</desc>
<sym>Dot</sym>
<type>food</type>
</wpt>
<wpt lat="49.234773" lon="-123.159422">
<name>Dairy Queen</name>
<cmt>food</cmt>
<desc>Ice Cream</desc>
<sym>Dot</sym>
<type>food</type>
</wpt>
<wpt lat="49.279859" lon="-123.132891">
<name>Hostelling International</name>
<cmt>lodging</cmt>
<desc>Hostel</desc>
<sym>Dot</sym>
<type>shelter</type>
</wpt>
<wpt lat="49.272640" lon="-123.149178">
<name>Charqui Grill</name>
<cmt>food</cmt>
<desc>Restaurant</desc>
<sym>Dot</sym>
<type>food</type>
</wpt>
<wpt lat="49.291451" lon="-123.135128">
<name>Afghani Kabul Kebab Donair</name>
<cmt>food</cmt>
<desc>Restaurant</desc>
<sym>Dot</sym>
<type>food</type>
</wpt>
<wpt lat="49.277133" lon="-123.129676">
<name>Starbucks</name>
<cmt>food</cmt>
<desc>Fast Food / Chain</desc>
<sym>Dot</sym>
<type>food</type>
</wpt>
<wpt lat="49.275103" lon="-123.122083">
<name>The Flying Pig</name>
<cmt>food</cmt>
<desc>Restaurant</desc>
<sym>Dot</sym>
<type>food</type>
</wpt>
<wpt lat="49.291387" lon="-123.135016">
<name>Banana Leaf</name>
<cmt>food</cmt>
<desc>Restaurant</desc>
<sym>Dot</sym>
<type>food</type>
</wpt>
<wpt lat="49.207907" lon="-123.140301">
<name>AT Cafe</name>
<cmt>food</cmt>
<desc>Restaurant</desc>
<sym>Dot</sym>
<type>food</type>
</wpt>
<wpt lat="49.275944" lon="-123.119791">
<name>Field &amp; Social</name>
<cmt>coffee</cmt>
<desc>Café / Coffee</desc>
<sym>Dot</sym>
<type>food</type>
</wpt>
<wpt lat="49.291310" lon="-123.134874">
<name>Unni Pastries</name>
<cmt>coffee</cmt>
<desc>Café / Coffee</desc>
<sym>Dot</sym>
<type>food</type>
</wpt>
<wpt lat="49.287363" lon="-123.121674">
<name>Indian Delicacy</name>
<cmt>food</cmt>
<desc>Restaurant</desc>
<sym>Dot</sym>
<type>food</type>
</wpt>
<wpt lat="49.290603" lon="-123.133390">
<name>Maruhachi Ra-men</name>
<cmt>food</cmt>
<desc>Restaurant</desc>
<sym>Dot</sym>
<type>food</type>
</wpt>
<wpt lat="49.291198" lon="-123.134705">
<name>VanLove Sushi</name>
<cmt>food</cmt>
<desc>Restaurant</desc>
<sym>Dot</sym>
<type>food</type>
</wpt>
<wpt lat="49.213372" lon="-123.140049">
<name>Snackshot</name>
<cmt>food</cmt>
<desc>Restaurant</desc>
<sym>Dot</sym>
<type>food</type>
</wpt>
<wpt lat="49.288747" lon="-123.138325">
<name>No Frills</name>
<cmt>convenience_store</cmt>
<desc>Grocery Store</desc>
<sym>Dot</sym>
<type>store</type>
</wpt>
<wpt lat="49.286163" lon="-123.119694">
<name>Taco Nori</name>
<cmt>food</cmt>
<desc>Fast Food / Chain</desc>
<sym>Dot</sym>
<type>food</type>
</wpt>
<wpt lat="49.284615" lon="-123.117121">
<name>Mario's Coffee Express Ltd</name>
<cmt>coffee</cmt>
<desc>Café / Coffee</desc>
<sym>Dot</sym>
<type>food</type>
</wpt>
<wpt lat="49.283869" lon="-123.115767">
<name>Mo-Ment Crispy Burger</name>
<cmt>food</cmt>
<desc>Fast Food / Chain</desc>
<sym>Dot</sym>
<type>food</type>
</wpt>
<wpt lat="49.291114" lon="-123.134574">
<name>Pho Express Ankor Noodle House</name>
<cmt>food</cmt>
<desc>Restaurant</desc>
<sym>Dot</sym>
<type>food</type>
</wpt>
<wpt lat="49.283172" lon="-123.109459">
<name>Revolver</name>
<cmt>coffee</cmt>
<desc>Café / Coffee</desc>
<sym>Dot</sym>
<type>food</type>
</wpt>
<wpt lat="49.275612" lon="-123.121327">
<name>Yaletown Liquor Store</name>
<cmt>convenience_store</cmt>
<desc>Liquor Store</desc>
<sym>Dot</sym>
<type>store</type>
</wpt>
<wpt lat="49.275924" lon="-123.120310">
<name>Dovetail</name>
<cmt>food</cmt>
<desc>Restaurant</desc>
<sym>Dot</sym>
<type>food</type>
</wpt>
<wpt lat="49.282983" lon="-123.109873">
<name>New Amsterdam Cafe</name>
<cmt>coffee</cmt>
<desc>Café / Coffee</desc>
<sym>Dot</sym>
<type>food</type>
</wpt>
<wpt lat="49.285013" lon="-123.117913">
<name>Toloache Mexican Kitchen</name>
<cmt>food</cmt>
<desc>Restaurant</desc>
<sym>Dot</sym>
<type>food</type>
</wpt>
<wpt lat="49.285504" lon="-123.118815">
<name>Cactus Club Cafe</name>
<cmt>food</cmt>
<desc>Restaurant</desc>
<sym>Dot</sym>
<type>food</type>
</wpt>
<wpt lat="49.285170" lon="-123.118226">
<name>Alouette</name>
<cmt>food</cmt>
<desc>Restaurant</desc>
<sym>Dot</sym>
<type>food</type>
</wpt>
<wpt lat="49.291038" lon="-123.134512">
<name>Flower &amp; Horse In Spring</name>
<cmt>food</cmt>
<desc>Restaurant</desc>
<sym>Dot</sym>
<type>food</type>
</wpt>
<wpt lat="49.278768" lon="-123.109262">
<name>Costco Food Court</name>
<cmt>food</cmt>
<desc>Fast Food / Chain</desc>
<sym>Dot</sym>
<type>food</type>
</wpt>
<wpt lat="49.283402" lon="-123.115045">
<name>Kokoro Tokyo Mazesoba</name>
<cmt>food</cmt>
<desc>Restaurant</desc>
<sym>Dot</sym>
<type>food</type>
</wpt>
<wpt lat="49.288033" lon="-123.123617">
<name>A&amp;W</name>
<cmt>food</cmt>
<desc>Fast Food / Chain</desc>
<sym>Dot</sym>
<type>food</type>
</wpt>
<wpt lat="49.285347" lon="-123.118600">
<name>Le Soleil Hotel and Suites</name>
<cmt>lodging</cmt>
<desc>Hotel / Motel</desc>
<sym>Dot</sym>
<type>shelter</type>
</wpt>
<wpt lat="49.290916" lon="-123.134307">
<name>Pizza Hut</name>
<cmt>food</cmt>
<desc>Fast Food / Chain</desc>
<sym>Dot</sym>
<type>food</type>
</wpt>
<wpt lat="49.276088" lon="-123.119574">
<name>Bartholomew</name>
<cmt>bar</cmt>
<desc>Brewery / Pub</desc>
<sym>Dot</sym>
<type>food</type>
</wpt>
<wpt lat="49.290886" lon="-123.134262">
<name>Subway</name>
<cmt>food</cmt>
<desc>Fast Food / Chain</desc>
<sym>Dot</sym>
<type>food</type>
</wpt>
<wpt lat="49.275038" lon="-123.123373">
<name>Yaletown Gelato</name>
<cmt>food</cmt>
<desc>Ice Cream</desc>
<sym>Dot</sym>
<type>food</type>
</wpt>
<wpt lat="49.290848" lon="-123.134206">
<name>The Waffle Co.</name>
<cmt>coffee</cmt>
<desc>Café / Coffee</desc>
<sym>Dot</sym>
<type>food</type>
</wpt>
<wpt lat="49.275786" lon="-123.121109">
<name>Analog Coffee</name>
<cmt>coffee</cmt>
<desc>Café / Coffee</desc>
<sym>Dot</sym>
<type>food</type>
</wpt>
<wpt lat="49.282567" lon="-123.111370">
<name>Social Crust Cafe &amp; Catering</name>
<cmt>coffee</cmt>
<desc>Café / Coffee</desc>
<sym>Dot</sym>
<type>food</type>
</wpt>
<wpt lat="49.282764" lon="-123.110283">
<name>Nemesis</name>
<cmt>coffee</cmt>
<desc>Café / Coffee</desc>
<sym>Dot</sym>
<type>food</type>
</wpt>
<wpt lat="49.213480" lon="-123.140139">
<name>Yummy Slice Pizza</name>
<cmt>food</cmt>
<desc>Fast Food / Chain</desc>
<sym>Dot</sym>
<type>food</type>
</wpt>
<wpt lat="49.290773" lon="-123.134078">
<name>Dinesty Dumpling House</name>
<cmt>food</cmt>
<desc>Restaurant</desc>
<sym>Dot</sym>
<type>food</type>
</wpt>
<wpt lat="49.265420" lon="-123.135727">
<name>Marché Mon Pitou</name>
<cmt>coffee</cmt>
<desc>Café / Coffee</desc>
<sym>Dot</sym>
<type>food</type>
</wpt>
<wpt lat="49.278777" lon="-123.109564">
<name>Costco</name>
<cmt>convenience_store</cmt>
<desc>Grocery Store</desc>
<sym>Dot</sym>
<type>store</type>
</wpt>
<wpt lat="49.290725" lon="-123.133984">
<name>Quickly</name>
<cmt>coffee</cmt>
<desc>Café / Coffee</desc>
<sym>Dot</sym>
<type>food</type>
</wpt>
<wpt lat="49.268299" lon="-123.171538">
<name>Little Bird Dim Sum + Craft Beer</name>
<cmt>food</cmt>
<desc>Restaurant</desc>
<sym>Dot</sym>
<type>food</type>
</wpt>
<wpt lat="49.278898" lon="-123.108233">
<name>TAKO</name>
<cmt>food</cmt>
<desc>Fast Food / Chain</desc>
<sym>Dot</sym>
<type>food</type>
</wpt>
<wpt lat="49.290678" lon="-123.133913">
<name>Nero Belgian Waffle Bar</name>
<cmt>food</cmt>
<desc>Restaurant</desc>
<sym>Dot</sym>
<type>food</type>
</wpt>
<wpt lat="49.291480" lon="-123.135691">
<name>Holy Guacamole</name>
<cmt>food</cmt>
<desc>Restaurant</desc>
<sym>Dot</sym>
<type>food</type>
</wpt>
<wpt lat="49.287970" lon="-123.123681">
<name>Green Leaf Salad Bar</name>
<cmt>food</cmt>
<desc>Restaurant</desc>
<sym>Dot</sym>
<type>food</type>
</wpt>
<wpt lat="49.287655" lon="-123.122965">
<name>Loden Hotel</name>
<cmt>lodging</cmt>
<desc>Hotel / Motel</desc>
<sym>Dot</sym>
<type>shelter</type>
</wpt>
<wpt lat="49.272633" lon="-123.148822">
<name>Kits Beach Coffee</name>
<cmt>coffee</cmt>
<desc>Café / Coffee</desc>
<sym>Dot</sym>
<type>food</type>
</wpt>
<wpt lat="49.282503" lon="-123.112140">
<name>Victorian Hotel</name>
<cmt>lodging</cmt>
<desc>Hotel / Motel</desc>
<sym>Dot</sym>
<type>shelter</type>
</wpt>
<wpt lat="49.290622" lon="-123.133851">
<name>McDonald's</name>
<cmt>food</cmt>
<desc>Fast Food / Chain</desc>
<sym>Dot</sym>
<type>food</type>
</wpt>
<wpt lat="49.286071" lon="-123.119875">
<name>The Bagel Stop</name>
<cmt>food</cmt>
<desc>Bakery / Donuts</desc>
<sym>Dot</sym>
<type>food</type>
</wpt>
<wpt lat="49.283192" lon="-123.109049">
<name>The Cambie</name>
<cmt>bar</cmt>
<desc>Brewery / Pub</desc>
<sym>Dot</sym>
<type>food</type>
</wpt>
<wpt lat="49.265421" lon="-123.135878">
<name>Wicked Cafe</name>
<cmt>coffee</cmt>
<desc>Café / Coffee</desc>
<sym>Dot</sym>
<type>food</type>
</wpt>
<wpt lat="49.276117" lon="-123.120015">
<name>Oshi Nori</name>
<cmt>food</cmt>
<desc>Restaurant</desc>
<sym>Dot</sym>
<type>food</type>
</wpt>
<wpt lat="49.282515" lon="-123.111296">
<name>Saunter</name>
<cmt>coffee</cmt>
<desc>Café / Coffee</desc>
<sym>Dot</sym>
<type>food</type>
</wpt>
<wpt lat="49.289387" lon="-123.138387">
<name>Olympia Pizza &amp; Pasta Restaurant</name>
<cmt>food</cmt>
<desc>Restaurant</desc>
<sym>Dot</sym>
<type>food</type>
</wpt>
<wpt lat="49.276181" lon="-123.119432">
<name>Sharetea</name>
<cmt>coffee</cmt>
<desc>Café / Coffee</desc>
<sym>Dot</sym>
<type>food</type>
</wpt>
<wpt lat="49.290088" lon="-123.132668">
<name>Whole Foods Market</name>
<cmt>convenience_store</cmt>
<desc>Grocery Store</desc>
<sym>Dot</sym>
<type>store</type>
</wpt>
<wpt lat="49.273958" lon="-123.098051">
<name>A&amp;W</name>
<cmt>food</cmt>
<desc>Fast Food / Chain</desc>
<sym>Dot</sym>
<type>food</type>
</wpt>
<wpt lat="49.289610" lon="-123.138533">
<name>A&amp;W</name>
<cmt>food</cmt>
<desc>Fast Food / Chain</desc>
<sym>Dot</sym>
<type>food</type>
</wpt>
<wpt lat="49.269644" lon="-123.143976">
<name>Pâtisserie Lebeau</name>
<cmt>food</cmt>
<desc>Bakery / Donuts</desc>
<sym>Dot</sym>
<type>food</type>
</wpt>
<wpt lat="49.275089" lon="-123.122758">
<name>Cactus Club Cafe</name>
<cmt>food</cmt>
<desc>Restaurant</desc>
<sym>Dot</sym>
<type>food</type>
</wpt>
<wpt lat="49.213567" lon="-123.140145">
<name>Mirchi Restaurant</name>
<cmt>food</cmt>
<desc>Restaurant</desc>
<sym>Dot</sym>
<type>food</type>
</wpt>
<wpt lat="49.284888" lon="-123.118063">
<name>Starbucks</name>
<cmt>food</cmt>
<desc>Fast Food / Chain</desc>
<sym>Dot</sym>
<type>food</type>
</wpt>
<wpt lat="49.283107" lon="-123.109129">
<name>Gastown Hostel</name>
<cmt>lodging</cmt>
<desc>Hostel</desc>
<sym>Dot</sym>
<type>shelter</type>
</wpt>
<wpt lat="49.269046" lon="-123.102915">
<name>Glory Juice</name>
<cmt>coffee</cmt>
<desc>Café / Coffee</desc>
<sym>Dot</sym>
<type>food</type>
</wpt>
<wpt lat="49.276166" lon="-123.115703">
<name>7Days Coffee</name>
<cmt>coffee</cmt>
<desc>Café / Coffee</desc>
<sym>Dot</sym>
<type>food</type>
</wpt>
<wpt lat="49.287917" lon="-123.123768">
<name>Express Pho</name>
<cmt>food</cmt>
<desc>Restaurant</desc>
<sym>Dot</sym>
<type>food</type>
</wpt>
<wpt lat="49.289427" lon="-123.138318">
<name>Istanbul Döner Shop</name>
<cmt>food</cmt>
<desc>Restaurant</desc>
<sym>Dot</sym>
<type>food</type>
</wpt>
<wpt lat="49.272630" lon="-123.148677">
<name>Moltan</name>
<cmt>food</cmt>
<desc>Restaurant</desc>
<sym>Dot</sym>
<type>food</type>
</wpt>
<wpt lat="49.291400" lon="-123.135787">
<name>Ukrainian Village Restaurant</name>
<cmt>food</cmt>
<desc>Restaurant</desc>
<sym>Dot</sym>
<type>food</type>
</wpt>
<wpt lat="49.276112" lon="-123.128360">
<name>Grand Park Hotel &amp; Suites</name>
<cmt>lodging</cmt>
<desc>Hotel / Motel</desc>
<sym>Dot</sym>
<type>shelter</type>
</wpt>
<wpt lat="49.275171" lon="-123.122572">
<name>Hapa Izakaya</name>
<cmt>food</cmt>
<desc>Restaurant</desc>
<sym>Dot</sym>
<type>food</type>
</wpt>
<wpt lat="49.283014" lon="-123.109178">
<name>Take Out Shack</name>
<cmt>food</cmt>
<desc>Fast Food / Chain</desc>
<sym>Dot</sym>
<type>food</type>
</wpt>
<wpt lat="49.268259" lon="-123.168173">
<name>Sunshine Coast Convenience Store</name>
<cmt>convenience_store</cmt>
<desc>Convenience Store</desc>
<sym>Dot</sym>
<type>store</type>
</wpt>
<wpt lat="49.275791" lon="-123.121587">
<name>Urban Thai Bistro</name>
<cmt>food</cmt>
<desc>Restaurant</desc>
<sym>Dot</sym>
<type>food</type>
</wpt>
<wpt lat="49.272629" lon="-123.148604">
<name>Panne Rizo</name>
<cmt>coffee</cmt>
<desc>Café / Coffee</desc>
<sym>Dot</sym>
<type>food</type>
</wpt>
<wpt lat="49.291095" lon="-123.135242">
<name>Safeway</name>
<cmt>convenience_store</cmt>
<desc>Grocery Store</desc>
<sym>Dot</sym>
<type>store</type>
</wpt>
<wpt lat="49.282406" lon="-123.111144">
<name>The Magnet</name>
<cmt>bar</cmt>
<desc>Brewery / Pub</desc>
<sym>Dot</sym>
<type>food</type>
</wpt>
<wpt lat="49.282761" lon="-123.109648">
<name>Nuba</name>
<cmt>food</cmt>
<desc>Restaurant</desc>
<sym>Dot</sym>
<type>food</type>
</wpt>
<wpt lat="49.275919" lon="-123.121377">
<name>Elisa Wood-Fired Grill</name>
<cmt>food</cmt>
<desc>Restaurant</desc>
<sym>Dot</sym>
<type>food</type>
</wpt>
<wpt lat="49.276322" lon="-123.118706">
<name>Wren Cafe</name>
<cmt>food</cmt>
<desc>Bakery / Donuts</desc>
<sym>Dot</sym>
<type>food</type>
</wpt>
<wpt lat="49.276253" lon="-123.115549">
<name>Pho Khanh Express</name>
<cmt>food</cmt>
<desc>Restaurant</desc>
<sym>Dot</sym>
<type>food</type>
</wpt>
<wpt lat="49.272627" lon="-123.148532">
<name>Al Basha</name>
<cmt>food</cmt>
<desc>Fast Food / Chain</desc>
<sym>Dot</sym>
<type>food</type>
</wpt>
<wpt lat="49.275258" lon="-123.123612">
<name>JJ Bean</name>
<cmt>coffee</cmt>
<desc>Café / Coffee</desc>
<sym>Dot</sym>
<type>food</type>
</wpt>
<wpt lat="49.287845" lon="-123.123865">
<name>Starbucks</name>
<cmt>food</cmt>
<desc>Fast Food / Chain</desc>
<sym>Dot</sym>
<type>food</type>
</wpt>
<wpt lat="49.264819" lon="-123.117251">
<name>Caffè Cittadella</name>
<cmt>coffee</cmt>
<desc>Café / Coffee</desc>
<sym>Dot</sym>
<type>food</type>
</wpt>
<wpt lat="49.234868" lon="-123.160004">
<name>Konbiniya Japan Centre</name>
<cmt>convenience_store</cmt>
<desc>Grocery Store</desc>
<sym>Dot</sym>
<type>store</type>
</wpt>
<wpt lat="49.272222" lon="-123.097857">
<name>Tim Hortons</name>
<cmt>food</cmt>
<desc>Fast Food / Chain</desc>
<sym>Dot</sym>
<type>food</type>
</wpt>
<wpt lat="49.289715" lon="-123.138378">
<name>Peaked Pies</name>
<cmt>food</cmt>
<desc>Fast Food / Chain</desc>
<sym>Dot</sym>
<type>food</type>
</wpt>
<wpt lat="49.276318" lon="-123.119740">
<name>Banter Room</name>
<cmt>food</cmt>
<desc>Restaurant</desc>
<sym>Dot</sym>
<type>food</type>
</wpt>
<wpt lat="49.282691" lon="-123.114223">
<name>St Clair Hotel-Hostel</name>
<cmt>lodging</cmt>
<desc>Hostel</desc>
<sym>Dot</sym>
<type>shelter</type>
</wpt>
<wpt lat="49.272625" lon="-123.148484">
<name>Cockney Kings</name>
<cmt>food</cmt>
<desc>Fast Food / Chain</desc>
<sym>Dot</sym>
<type>food</type>
</wpt>
<wpt lat="49.265123" lon="-123.116384">
<name>Cafe &amp; Life Co.</name>
<cmt>coffee</cmt>
<desc>Café / Coffee</desc>
<sym>Dot</sym>
<type>food</type>
</wpt>
<wpt lat="49.268657" lon="-123.178721">
<name>Hitoe Sushi Japanese Restaurant</name>
<cmt>food</cmt>
<desc>Restaurant</desc>
<sym>Dot</sym>
<type>food</type>
</wpt>
<wpt lat="49.266479" lon="-123.138669">
<name>Cheesecake etc.</name>
<cmt>food</cmt>
<desc>Restaurant</desc>
<sym>Dot</sym>
<type>food</type>
</wpt>
<wpt lat="49.291321" lon="-123.135935">
<name>Breka Bakery &amp; Cafe</name>
<cmt>food</cmt>
<desc>Bakery / Donuts</desc>
<sym>Dot</sym>
<type>food</type>
</wpt>
<wpt lat="49.283885" lon="-123.107042">
<name>Straight Outta Brooklyn Pizza</name>
<cmt>food</cmt>
<desc>Restaurant</desc>
<sym>Dot</sym>
<type>food</type>
</wpt>
<wpt lat="49.290605" lon="-123.134392">
<name>BC Liquor Store</name>
<cmt>convenience_store</cmt>
<desc>Liquor Store</desc>
<sym>Dot</sym>
<type>store</type>
</wpt>
<wpt lat="49.275686" lon="-123.122066">
<name>Brix &amp; Mortar</name>
<cmt>food</cmt>
<desc>Restaurant</desc>
<sym>Dot</sym>
<type>food</type>
</wpt>
<wpt lat="49.276156" lon="-123.128164">
<name>White Spot</name>
<cmt>food</cmt>
<desc>Fast Food / Chain</desc>
<sym>Dot</sym>
<type>food</type>
</wpt>
<wpt lat="49.289756" lon="-123.138326">
<name>Panago</name>
<cmt>food</cmt>
<desc>Fast Food / Chain</desc>
<sym>Dot</sym>
<type>food</type>
</wpt>
<wpt lat="49.268476" lon="-123.167120">
<name>Karma Indian Bistro</name>
<cmt>food</cmt>
<desc>Restaurant</desc>
<sym>Dot</sym>
<type>food</type>
</wpt>
<wpt lat="49.276096" lon="-123.121114">
<name>Blue Water Cafe + raw bar</name>
<cmt>food</cmt>
<desc>Restaurant</desc>
<sym>Dot</sym>
<type>food</type>
</wpt>
<wpt lat="49.286343" lon="-123.120525">
<name>FUNK coffee bar</name>
<cmt>bar</cmt>
<desc>Brewery / Pub</desc>
<sym>Dot</sym>
<type>food</type>
</wpt>
<wpt lat="49.288070" lon="-123.129184">
<name>Greenbrier Hotel</name>
<cmt>lodging</cmt>
<desc>Hotel / Motel</desc>
<sym>Dot</sym>
<type>shelter</type>
</wpt>
<wpt lat="49.279113" lon="-123.107422">
<name>NiNNiN Ramen House</name>
<cmt>food</cmt>
<desc>Restaurant</desc>
<sym>Dot</sym>
<type>food</type>
</wpt>
<wpt lat="49.289843" lon="-123.132620">
<name>Zabu Chicken</name>
<cmt>food</cmt>
<desc>Restaurant</desc>
<sym>Dot</sym>
<type>food</type>
</wpt>
<wpt lat="49.275335" lon="-123.123731">
<name>Menchie's</name>
<cmt>food</cmt>
<desc>Ice Cream</desc>
<sym>Dot</sym>
<type>food</type>
</wpt>
<wpt lat="49.280188" lon="-123.132411">
<name>The Sunset Hotel West End</name>
<cmt>lodging</cmt>
<desc>Hotel / Motel</desc>
<sym>Dot</sym>
<type>shelter</type>
</wpt>
<wpt lat="49.276400" lon="-123.119601">
<name>West Oak</name>
<cmt>food</cmt>
<desc>Restaurant</desc>
<sym>Dot</sym>
<type>food</type>
</wpt>
<wpt lat="49.287499" lon="-123.123306">
<name>Tableau</name>
<cmt>food</cmt>
<desc>Restaurant</desc>
<sym>Dot</sym>
<type>food</type>
</wpt>
<wpt lat="49.290441" lon="-123.134139">
<name>COBS Bread</name>
<cmt>food</cmt>
<desc>Bakery / Donuts</desc>
<sym>Dot</sym>
<type>food</type>
</wpt>
<wpt lat="49.276436" lon="-123.119045">
<name>Moltaqa</name>
<cmt>food</cmt>
<desc>Restaurant</desc>
<sym>Dot</sym>
<type>food</type>
</wpt>
<wpt lat="49.283152" lon="-123.115418">
<name>A&amp;W</name>
<cmt>food</cmt>
<desc>Fast Food / Chain</desc>
<sym>Dot</sym>
<type>food</type>
</wpt>
<wpt lat="49.268826" lon="-123.102923">
<name>Earnest Ice Cream</name>
<cmt>food</cmt>
<desc>Ice Cream</desc>
<sym>Dot</sym>
<type>food</type>
</wpt>
<wpt lat="49.276445" lon="-123.119515">
<name>Tacofino</name>
<cmt>food</cmt>
<desc>Restaurant</desc>
<sym>Dot</sym>
<type>food</type>
</wpt>
<wpt lat="49.290289" lon="-123.133888">
<name>Guu ​with Garlic</name>
<cmt>food</cmt>
<desc>Restaurant</desc>
<sym>Dot</sym>
<type>food</type>
</wpt>
<wpt lat="49.282984" lon="-123.115166">
<name>7-Eleven</name>
<cmt>convenience_store</cmt>
<desc>Convenience Store</desc>
<sym>Dot</sym>
<type>store</type>
</wpt>
<wpt lat="49.289592" lon="-123.138072">
<name>Ong Ba Vietnamese Eatery</name>
<cmt>food</cmt>
<desc>Restaurant</desc>
<sym>Dot</sym>
<type>food</type>
</wpt>
<wpt lat="49.287381" lon="-123.123162">
<name>Nook</name>
<cmt>food</cmt>
<desc>Restaurant</desc>
<sym>Dot</sym>
<type>food</type>
</wpt>
<wpt lat="49.290248" lon="-123.133814">
<name>Sweet 7</name>
<cmt>food</cmt>
<desc>Restaurant</desc>
<sym>Dot</sym>
<type>food</type>
</wpt>
<wpt lat="49.282713" lon="-123.109315">
<name>La Playita Seafood</name>
<cmt>food</cmt>
<desc>Restaurant</desc>
<sym>Dot</sym>
<type>food</type>
</wpt>
<wpt lat="49.290206" lon="-123.133742">
<name>Hokkaido Ramen Santouka</name>
<cmt>food</cmt>
<desc>Restaurant</desc>
<sym>Dot</sym>
<type>food</type>
</wpt>
<wpt lat="49.272614" lon="-123.148291">
<name>Vera's Burger Shack</name>
<cmt>food</cmt>
<desc>Fast Food / Chain</desc>
<sym>Dot</sym>
<type>food</type>
</wpt>
<wpt lat="49.281396" lon="-123.133708">
<name>Okami Sushi</name>
<cmt>food</cmt>
<desc>Restaurant</desc>
<sym>Dot</sym>
<type>food</type>
</wpt>
<wpt lat="49.276489" lon="-123.118966">
<name>Subway</name>
<cmt>food</cmt>
<desc>Fast Food / Chain</desc>
<sym>Dot</sym>
<type>food</type>
</wpt>
<wpt lat="49.282853" lon="-123.114984">
<name>Did's Pizza</name>
<cmt>food</cmt>
<desc>Fast Food / Chain</desc>
<sym>Dot</sym>
<type>food</type>
</wpt>
<wpt lat="49.289677" lon="-123.132304">
<name>Blenz Coffee</name>
<cmt>coffee</cmt>
<desc>Café / Coffee</desc>
<sym>Dot</sym>
<type>food</type>
</wpt>
<wpt lat="49.268659" lon="-123.104490">
<name>Faculty Brewing</name>
<cmt>bar</cmt>
<desc>Brewery / Pub</desc>
<sym>Dot</sym>
<type>food</type>
</wpt>
<wpt lat="49.277075" lon="-123.128590">
<name>Freshii</name>
<cmt>food</cmt>
<desc>Restaurant</desc>
<sym>Dot</sym>
<type>food</type>
</wpt>
<wpt lat="49.284554" lon="-123.118158">
<name>Freshslice Pizza</name>
<cmt>food</cmt>
<desc>Fast Food / Chain</desc>
<sym>Dot</sym>
<type>food</type>
</wpt>
<wpt lat="49.283091" lon="-123.135633">
<name>Kinara Indian Cuisine</name>
<cmt>food</cmt>
<desc>Restaurant</desc>
<sym>Dot</sym>
<type>food</type>
</wpt>
<wpt lat="49.276312" lon="-123.120800">
<name>Your Dollar Store</name>
<cmt>convenience_store</cmt>
<desc>General merchandise</desc>
<sym>Dot</sym>
<type>store</type>
</wpt>
<wpt lat="49.290030" lon="-123.133493">
<name>Sushi Bar Maumi</name>
<cmt>food</cmt>
<desc>Restaurant</desc>
<sym>Dot</sym>
<type>food</type>
</wpt>
<wpt lat="49.279264" lon="-123.107846">
<name>Subway</name>
<cmt>food</cmt>
<desc>Fast Food / Chain</desc>
<sym>Dot</sym>
<type>food</type>
</wpt>
<wpt lat="49.283076" lon="-123.108384">
<name>Tequila Lounge</name>
<cmt>food</cmt>
<desc>Restaurant</desc>
<sym>Dot</sym>
<type>food</type>
</wpt>
<wpt lat="49.282623" lon="-123.109344">
<name>Meat &amp; Bread</name>
<cmt>food</cmt>
<desc>Restaurant</desc>
<sym>Dot</sym>
<type>food</type>
</wpt>
<wpt lat="49.284863" lon="-123.118782">
<name>JJ Bean</name>
<cmt>coffee</cmt>
<desc>Café / Coffee</desc>
<sym>Dot</sym>
<type>food</type>
</wpt>
<wpt lat="49.284329" lon="-123.117811">
<name>Pho Quynh Express</name>
<cmt>food</cmt>
<desc>Restaurant</desc>
<sym>Dot</sym>
<type>food</type>
</wpt>
<wpt lat="49.300325" lon="-123.134357">
<name>Air Force Garden of Remembrance</name>
<cmt>park</cmt>
<desc>Park / Nature</desc>
<sym>Dot</sym>
<type>rest_area</type>
</wpt>
<wpt lat="49.282611" lon="-123.114622">
<name>theVenti Coffee</name>
<cmt>coffee</cmt>
<desc>Café / Coffee</desc>
<sym>Dot</sym>
<type>food</type>
</wpt>
<wpt lat="49.279259" lon="-123.107425">
<name>Uncle Fatih's Pizza</name>
<cmt>food</cmt>
<desc>Fast Food / Chain</desc>
<sym>Dot</sym>
<type>food</type>
</wpt>
<wpt lat="49.290349" lon="-123.134278">
<name>Momo Sushi</name>
<cmt>food</cmt>
<desc>Restaurant</desc>
<sym>Dot</sym>
<type>food</type>
</wpt>
<wpt lat="49.235071" lon="-123.161561">
<name>Cathy's</name>
<cmt>coffee</cmt>
<desc>Café / Coffee</desc>
<sym>Dot</sym>
<type>food</type>
</wpt>
<wpt lat="49.289846" lon="-123.133158">
<name>Hongdae Pocha Korean</name>
<cmt>food</cmt>
<desc>Restaurant</desc>
<sym>Dot</sym>
<type>food</type>
</wpt>
<wpt lat="49.282567" lon="-123.114555">
<name>Wow Full Noodle House</name>
<cmt>food</cmt>
<desc>Restaurant</desc>
<sym>Dot</sym>
<type>food</type>
</wpt>
<wpt lat="49.276562" lon="-123.119369">
<name>The Keg</name>
<cmt>food</cmt>
<desc>Restaurant</desc>
<sym>Dot</sym>
<type>food</type>
</wpt>
<wpt lat="49.285086" lon="-123.119251">
<name>WA-BAGEL</name>
<cmt>food</cmt>
<desc>Bakery / Donuts</desc>
<sym>Dot</sym>
<type>food</type>
</wpt>
<wpt lat="49.268588" lon="-123.104493">
<name>Argo Cafe</name>
<cmt>coffee</cmt>
<desc>Café / Coffee</desc>
<sym>Dot</sym>
<type>food</type>
</wpt>
<wpt lat="49.268724" lon="-123.182045">
<name>IGA</name>
<cmt>convenience_store</cmt>
<desc>Grocery Store</desc>
<sym>Dot</sym>
<type>store</type>
</wpt>
<wpt lat="49.282524" lon="-123.114459">
<name>Ramen Gojiro</name>
<cmt>food</cmt>
<desc>Restaurant</desc>
<sym>Dot</sym>
<type>food</type>
</wpt>
<wpt lat="49.280967" lon="-123.133016">
<name>Sandman Suites Vancouver on Davie</name>
<cmt>lodging</cmt>
<desc>Hotel / Motel</desc>
<sym>Dot</sym>
<type>shelter</type>
</wpt>
<wpt lat="49.276011" lon="-123.121902">
<name>Yopo Sweet Mandarin</name>
<cmt>food</cmt>
<desc>Restaurant</desc>
<sym>Dot</sym>
<type>food</type>
</wpt>
<wpt lat="49.281478" lon="-123.133602">
<name>The Italians</name>
<cmt>food</cmt>
<desc>Restaurant</desc>
<sym>Dot</sym>
<type>food</type>
</wpt>
<wpt lat="49.291170" lon="-123.136190">
<name>Zakkushi</name>
<cmt>food</cmt>
<desc>Restaurant</desc>
<sym>Dot</sym>
<type>food</type>
</wpt>
<wpt lat="49.292169" lon="-123.141371">
<name>Rosellen Suites at Stanley Park</name>
<cmt>lodging</cmt>
<desc>Hotel / Motel</desc>
<sym>Dot</sym>
<type>shelter</type>
</wpt>
<wpt lat="49.289018" lon="-123.131280">
<name>bb.q Chicken</name>
<cmt>food</cmt>
<desc>Restaurant</desc>
<sym>Dot</sym>
<type>food</type>
</wpt>
<wpt lat="49.282332" lon="-123.134561">
<name>Score</name>
<cmt>bar</cmt>
<desc>Brewery / Pub</desc>
<sym>Dot</sym>
<type>food</type>
</wpt>
<wpt lat="49.276107" lon="-123.121757">
<name>O-Cha Tea Bar</name>
<cmt>coffee</cmt>
<desc>Café / Coffee</desc>
<sym>Dot</sym>
<type>food</type>
</wpt>
<wpt lat="49.279350" lon="-123.107835">
<name>Freshslice Pizza</name>
<cmt>food</cmt>
<desc>Fast Food / Chain</desc>
<sym>Dot</sym>
<type>food</type>
</wpt>
<wpt lat="49.276547" lon="-123.115167">
<name>7-Eleven</name>
<cmt>convenience_store</cmt>
<desc>Convenience Store</desc>
<sym>Dot</sym>
<type>store</type>
</wpt>
<wpt lat="49.283207" lon="-123.115964">
<name>St. Regis Hotel</name>
<cmt>lodging</cmt>
<desc>Hotel / Motel</desc>
<sym>Dot</sym>
<type>shelter</type>
</wpt>
<wpt lat="49.287486" lon="-123.123855">
<name>Melville Café</name>
<cmt>coffee</cmt>
<desc>Café / Coffee</desc>
<sym>Dot</sym>
<type>food</type>
</wpt>
<wpt lat="49.288940" lon="-123.131209">
<name>Imran Beef Noodle</name>
<cmt>food</cmt>
<desc>Restaurant</desc>
<sym>Dot</sym>
<type>food</type>
</wpt>
<wpt lat="49.286852" lon="-123.122304">
<name>Pallet Coffee Roasters</name>
<cmt>coffee</cmt>
<desc>Café / Coffee</desc>
<sym>Dot</sym>
<type>food</type>
</wpt>
<wpt lat="49.282528" lon="-123.109292">
<name>Bean Around The World</name>
<cmt>coffee</cmt>
<desc>Café / Coffee</desc>
<sym>Dot</sym>
<type>food</type>
</wpt>
<wpt lat="49.288866" lon="-123.131101">
<name>PappaRoti</name>
<cmt>coffee</cmt>
<desc>Café / Coffee</desc>
<sym>Dot</sym>
<type>food</type>
</wpt>
<wpt lat="49.234775" lon="-123.160464">
<name>Saint Germain Bakery</name>
<cmt>food</cmt>
<desc>Bakery / Donuts</desc>
<sym>Dot</sym>
<type>food</type>
</wpt>
<wpt lat="49.268985" lon="-123.101194">
<name>Mr Sushi</name>
<cmt>food</cmt>
<desc>Restaurant</desc>
<sym>Dot</sym>
<type>food</type>
</wpt>
<wpt lat="49.275573" lon="-123.123397">
<name>Red Wasabi</name>
<cmt>food</cmt>
<desc>Restaurant</desc>
<sym>Dot</sym>
<type>food</type>
</wpt>
<wpt lat="49.278703" lon="-123.130204">
<name>Maple Leaf Delicatessen Coffe Shop</name>
<cmt>coffee</cmt>
<desc>Café / Coffee</desc>
<sym>Dot</sym>
<type>food</type>
</wpt>
<wpt lat="49.288680" lon="-123.130827">
<name>The Captain's Boil</name>
<cmt>food</cmt>
<desc>Restaurant</desc>
<sym>Dot</sym>
<type>food</type>
</wpt>
<wpt lat="49.289641" lon="-123.132863">
<name>AlHadbah Donair</name>
<cmt>food</cmt>
<desc>Restaurant</desc>
<sym>Dot</sym>
<type>food</type>
</wpt>
<wpt lat="49.287349" lon="-123.123630">
<name>Domo Sushi</name>
<cmt>food</cmt>
<desc>Restaurant</desc>
<sym>Dot</sym>
<type>food</type>
</wpt>
<wpt lat="49.288620" lon="-123.130733">
<name>Big Way Hot Pot</name>
<cmt>food</cmt>
<desc>Restaurant</desc>
<sym>Dot</sym>
<type>food</type>
</wpt>
<wpt lat="49.268228" lon="-123.166974">
<name>The Naam</name>
<cmt>food</cmt>
<desc>Restaurant</desc>
<sym>Dot</sym>
<type>food</type>
</wpt>
<wpt lat="49.290278" lon="-123.134424">
<name>Aria Market</name>
<cmt>convenience_store</cmt>
<desc>Grocery Store</desc>
<sym>Dot</sym>
<type>store</type>
</wpt>
<wpt lat="49.282248" lon="-123.134342">
<name>Melriches Coffee House</name>
<cmt>coffee</cmt>
<desc>Café / Coffee</desc>
<sym>Dot</sym>
<type>food</type>
</wpt>
<wpt lat="49.287766" lon="-123.129241">
<name>Tropicana Suite Hotel</name>
<cmt>lodging</cmt>
<desc>Hotel / Motel</desc>
<sym>Dot</sym>
<type>shelter</type>
</wpt>
<wpt lat="49.214024" lon="-123.140115">
<name>M.E Concept Cakes</name>
<cmt>food</cmt>
<desc>Bakery / Donuts</desc>
<sym>Dot</sym>
<type>food</type>
</wpt>
<wpt lat="49.291112" lon="-123.136277">
<name>Modern Handi Indian Cuisine</name>
<cmt>food</cmt>
<desc>Restaurant</desc>
<sym>Dot</sym>
<type>food</type>
</wpt>
<wpt lat="49.288406" lon="-123.130403">
<name>Divya Sutra Suites on Robson Downtown Vancouver</name>
<cmt>lodging</cmt>
<desc>Hotel / Motel</desc>
<sym>Dot</sym>
<type>shelter</type>
</wpt>
<wpt lat="49.283380" lon="-123.116411">
<name>The Keg</name>
<cmt>food</cmt>
<desc>Restaurant</desc>
<sym>Dot</sym>
<type>food</type>
</wpt>
<wpt lat="49.282979" lon="-123.115706">
<name>Beaucoup Bakery</name>
<cmt>food</cmt>
<desc>Bakery / Donuts</desc>
<sym>Dot</sym>
<type>food</type>
</wpt>
<wpt lat="49.276824" lon="-123.114846">
<name>Pane e Formaggio</name>
<cmt>food</cmt>
<desc>Bakery / Donuts</desc>
<sym>Dot</sym>
<type>food</type>
</wpt>
<wpt lat="49.283592" lon="-123.116828">
<name>ABURI Market</name>
<cmt>convenience_store</cmt>
<desc>Grocery Store</desc>
<sym>Dot</sym>
<type>store</type>
</wpt>
<wpt lat="49.282131" lon="-123.134155">
<name>Master Donair</name>
<cmt>food</cmt>
<desc>Restaurant</desc>
<sym>Dot</sym>
<type>food</type>
</wpt>
<wpt lat="49.282934" lon="-123.108249">
<name>Hiro Japan Sushi Xpress</name>
<cmt>food</cmt>
<desc>Fast Food / Chain</desc>
<sym>Dot</sym>
<type>food</type>
</wpt>
<wpt lat="49.284166" lon="-123.117894">
<name>Bella Gelateria</name>
<cmt>food</cmt>
<desc>Ice Cream</desc>
<sym>Dot</sym>
<type>food</type>
</wpt>
<wpt lat="49.282079" lon="-123.134071">
<name>Ho Ho's Yummy Food</name>
<cmt>coffee</cmt>
<desc>Café / Coffee</desc>
<sym>Dot</sym>
<type>food</type>
</wpt>
<wpt lat="49.263683" lon="-123.131860">
<name>Royal Seoul House</name>
<cmt>food</cmt>
<desc>Restaurant</desc>
<sym>Dot</sym>
<type>food</type>
</wpt>
<wpt lat="49.282617" lon="-123.115118">
<name>Pokérrito</name>
<cmt>food</cmt>
<desc>Fast Food / Chain</desc>
<sym>Dot</sym>
<type>food</type>
</wpt>
<wpt lat="49.282495" lon="-123.109106">
<name>PureBread</name>
<cmt>food</cmt>
<desc>Bakery / Donuts</desc>
<sym>Dot</sym>
<type>food</type>
</wpt>
<wpt lat="49.282009" lon="-123.133947">
<name>Vancouver European Deli</name>
<cmt>convenience_store</cmt>
<desc>Specialty / Health Food</desc>
<sym>Dot</sym>
<type>store</type>
</wpt>
<wpt lat="49.268224" lon="-123.166770">
<name>Healthy Noodle House</name>
<cmt>food</cmt>
<desc>Restaurant</desc>
<sym>Dot</sym>
<type>food</type>
</wpt>
<wpt lat="49.281929" lon="-123.133842">
<name>Davie Village Bakery &amp; Gelato</name>
<cmt>food</cmt>
<desc>Ice Cream</desc>
<sym>Dot</sym>
<type>food</type>
</wpt>
<wpt lat="49.268957" lon="-123.100994">
<name>Chai Wagon</name>
<cmt>coffee</cmt>
<desc>Café / Coffee</desc>
<sym>Dot</sym>
<type>food</type>
</wpt>
<wpt lat="49.278756" lon="-123.130101">
<name>Caffe Mira</name>
<cmt>coffee</cmt>
<desc>Café / Coffee</desc>
<sym>Dot</sym>
<type>food</type>
</wpt>
<wpt lat="49.277303" lon="-123.114166">
<name>Boston Pizza</name>
<cmt>food</cmt>
<desc>Fast Food / Chain</desc>
<sym>Dot</sym>
<type>food</type>
</wpt>
<wpt lat="49.287098" lon="-123.123312">
<name>Time Out Cafe &amp; Market</name>
<cmt>coffee</cmt>
<desc>Café / Coffee</desc>
<sym>Dot</sym>
<type>food</type>
</wpt>
<wpt lat="49.287346" lon="-123.128340">
<name>Chosun Korean BBQ</name>
<cmt>food</cmt>
<desc>Restaurant</desc>
<sym>Dot</sym>
<type>food</type>
</wpt>
<wpt lat="49.268760" lon="-123.184814">
<name>Killer Ice Cream</name>
<cmt>food</cmt>
<desc>Ice Cream</desc>
<sym>Dot</sym>
<type>food</type>
</wpt>
<wpt lat="49.268771" lon="-123.184949">
<name>Okanagan Estate Wine Shop</name>
<cmt>winery</cmt>
<desc>Winery / Cidery</desc>
<sym>Dot</sym>
<type>food</type>
</wpt>
<wpt lat="49.287665" lon="-123.129250">
<name>Stepho's Souvlaki Greek Tavern</name>
<cmt>food</cmt>
<desc>Restaurant</desc>
<sym>Dot</sym>
<type>food</type>
</wpt>
<wpt lat="49.276377" lon="-123.127668">
<name>Spirit Of Howe</name>
<cmt>convenience_store</cmt>
<desc>Liquor Store</desc>
<sym>Dot</sym>
<type>store</type>
</wpt>
<wpt lat="49.268223" lon="-123.166642">
<name>Puerto Mexico, Tacos and Mexican Products</name>
<cmt>food</cmt>
<desc>Restaurant</desc>
<sym>Dot</sym>
<type>food</type>
</wpt>
<wpt lat="49.281596" lon="-123.133376">
<name>Circle K</name>
<cmt>convenience_store</cmt>
<desc>Convenience Store</desc>
<sym>Dot</sym>
<type>store</type>
</wpt>
<wpt lat="49.279456" lon="-123.107019">
<name>Hoduya</name>
<cmt>food</cmt>
<desc>Bakery / Donuts</desc>
<sym>Dot</sym>
<type>food</type>
</wpt>
<wpt lat="49.268771" lon="-123.185385">
<name>La Quercia</name>
<cmt>food</cmt>
<desc>Restaurant</desc>
<sym>Dot</sym>
<type>food</type>
</wpt>
<wpt lat="49.283247" lon="-123.116401">
<name>Xing Fu Tang</name>
<cmt>coffee</cmt>
<desc>Café / Coffee</desc>
<sym>Dot</sym>
<type>food</type>
</wpt>
<wpt lat="49.279085" lon="-123.101923">
<name>Annabelle's</name>
<cmt>coffee</cmt>
<desc>Café / Coffee</desc>
<sym>Dot</sym>
<type>food</type>
</wpt>
<wpt lat="49.280729" lon="-123.132345">
<name>The Junction</name>
<cmt>bar</cmt>
<desc>Brewery / Pub</desc>
<sym>Dot</sym>
<type>food</type>
</wpt>
<wpt lat="49.268482" lon="-123.186757">
<name>Breka Bakery &amp; Café</name>
<cmt>food</cmt>
<desc>Bakery / Donuts</desc>
<sym>Dot</sym>
<type>food</type>
</wpt>
<wpt lat="49.276692" lon="-123.120266">
<name>The Parlour</name>
<cmt>food</cmt>
<desc>Restaurant</desc>
<sym>Dot</sym>
<type>food</type>
</wpt>
<wpt lat="49.277800" lon="-123.128890">
<name>Residence Inn Vancouver Downtown</name>
<cmt>lodging</cmt>
<desc>Hotel / Motel</desc>
<sym>Dot</sym>
<type>shelter</type>
</wpt>
<wpt lat="49.287571" lon="-123.129108">
<name>Switch</name>
<cmt>bar</cmt>
<desc>Brewery / Pub</desc>
<sym>Dot</sym>
<type>food</type>
</wpt>
<wpt lat="49.282070" lon="-123.113731">
<name>JJ Bean</name>
<cmt>coffee</cmt>
<desc>Café / Coffee</desc>
<sym>Dot</sym>
<type>food</type>
</wpt>
<wpt lat="49.291025" lon="-123.136408">
<name>Damaskino Shawarma</name>
<cmt>food</cmt>
<desc>Restaurant</desc>
<sym>Dot</sym>
<type>food</type>
</wpt>
<wpt lat="49.272813" lon="-123.147603">
<name>Starbucks</name>
<cmt>food</cmt>
<desc>Fast Food / Chain</desc>
<sym>Dot</sym>
<type>food</type>
</wpt>
<wpt lat="49.265185" lon="-123.137087">
<name>Daan Go Cake Lab</name>
<cmt>food</cmt>
<desc>Bakery / Donuts</desc>
<sym>Dot</sym>
<type>food</type>
</wpt>
<wpt lat="49.283744" lon="-123.106246">
<name>The Lamplighter Public House</name>
<cmt>bar</cmt>
<desc>Brewery / Pub</desc>
<sym>Dot</sym>
<type>food</type>
</wpt>
<wpt lat="49.282981" lon="-123.134945">
<name>Matchstick</name>
<cmt>coffee</cmt>
<desc>Café / Coffee</desc>
<sym>Dot</sym>
<type>food</type>
</wpt>
<wpt lat="49.287444" lon="-123.128832">
<name>Dae Bak Bon Ga</name>
<cmt>food</cmt>
<desc>Restaurant</desc>
<sym>Dot</sym>
<type>food</type>
</wpt>
<wpt lat="49.287308" lon="-123.128401">
<name>Sushi Hyun Omakase</name>
<cmt>food</cmt>
<desc>Restaurant</desc>
<sym>Dot</sym>
<type>food</type>
</wpt>
<wpt lat="49.276095" lon="-123.127478">
<name>7-Eleven</name>
<cmt>convenience_store</cmt>
<desc>Convenience Store</desc>
<sym>Dot</sym>
<type>store</type>
</wpt>
<wpt lat="49.282475" lon="-123.108918">
<name>Kafka's</name>
<cmt>coffee</cmt>
<desc>Café / Coffee</desc>
<sym>Dot</sym>
<type>food</type>
</wpt>
<wpt lat="49.287486" lon="-123.128980">
<name>Miko Sushi</name>
<cmt>food</cmt>
<desc>Restaurant</desc>
<sym>Dot</sym>
<type>food</type>
</wpt>
<wpt lat="49.279559" lon="-123.107842">
<name>Sushi Den</name>
<cmt>food</cmt>
<desc>Fast Food / Chain</desc>
<sym>Dot</sym>
<type>food</type>
</wpt>
<wpt lat="49.275745" lon="-123.123723">
<name>Nine Bar Coffee</name>
<cmt>coffee</cmt>
<desc>Café / Coffee</desc>
<sym>Dot</sym>
<type>food</type>
</wpt>
<wpt lat="49.265936" lon="-123.138837">
<name>Paul's Omelettery</name>
<cmt>coffee</cmt>
<desc>Café / Coffee</desc>
<sym>Dot</sym>
<type>food</type>
</wpt>
<wpt lat="49.281493" lon="-123.133151">
<name>House of Dosas</name>
<cmt>food</cmt>
<desc>Restaurant</desc>
<sym>Dot</sym>
<type>food</type>
</wpt>
<wpt lat="49.276758" lon="-123.120146">
<name>El Guapo</name>
<cmt>food</cmt>
<desc>Restaurant</desc>
<sym>Dot</sym>
<type>food</type>
</wpt>
<wpt lat="49.287455" lon="-123.128933">
<name>Ramen Danbo</name>
<cmt>food</cmt>
<desc>Restaurant</desc>
<sym>Dot</sym>
<type>food</type>
</wpt>
<wpt lat="49.289857" lon="-123.137652">
<name>The Basic</name>
<cmt>food</cmt>
<desc>Restaurant</desc>
<sym>Dot</sym>
<type>food</type>
</wpt>
<wpt lat="49.281369" lon="-123.132992">
<name>Donair Dude</name>
<cmt>food</cmt>
<desc>Fast Food / Chain</desc>
<sym>Dot</sym>
<type>food</type>
</wpt>
<wpt lat="49.275731" lon="-123.124231">
<name>Choices Market</name>
<cmt>convenience_store</cmt>
<desc>Grocery Store</desc>
<sym>Dot</sym>
<type>store</type>
</wpt>
<wpt lat="49.281996" lon="-123.113621">
<name>Field &amp; Social</name>
<cmt>coffee</cmt>
<desc>Café / Coffee</desc>
<sym>Dot</sym>
<type>food</type>
</wpt>
<wpt lat="49.234790" lon="-123.161709">
<name>Minerva</name>
<cmt>food</cmt>
<desc>Restaurant</desc>
<sym>Dot</sym>
<type>food</type>
</wpt>
<wpt lat="49.281285" lon="-123.132874">
<name>Kin's Farm Market</name>
<cmt>convenience_store</cmt>
<desc>Farmers' Market</desc>
<sym>Dot</sym>
<type>store</type>
</wpt>
<wpt lat="49.281341" lon="-123.132939">
<name>Yummy Slice Pizza</name>
<cmt>food</cmt>
<desc>Fast Food / Chain</desc>
<sym>Dot</sym>
<type>food</type>
</wpt>
<wpt lat="49.287395" lon="-123.128838">
<name>JoongWon</name>
<cmt>food</cmt>
<desc>Restaurant</desc>
<sym>Dot</sym>
<type>food</type>
</wpt>
<wpt lat="49.282507" lon="-123.134297">
<name>Your Independent Grocer</name>
<cmt>convenience_store</cmt>
<desc>Grocery Store</desc>
<sym>Dot</sym>
<type>store</type>
</wpt>
<wpt lat="49.282849" lon="-123.115863">
<name>Gotham Steakhouse &amp; Bar</name>
<cmt>food</cmt>
<desc>Restaurant</desc>
<sym>Dot</sym>
<type>food</type>
</wpt>
<wpt lat="49.281259" lon="-123.132813">
<name>COBS Bread</name>
<cmt>food</cmt>
<desc>Bakery / Donuts</desc>
<sym>Dot</sym>
<type>food</type>
</wpt>
<wpt lat="49.272812" lon="-123.147494">
<name>Pizza Pizza</name>
<cmt>food</cmt>
<desc>Fast Food / Chain</desc>
<sym>Dot</sym>
<type>food</type>
</wpt>
<wpt lat="49.287365" lon="-123.128789">
<name>Bubble World Tea House</name>
<cmt>coffee</cmt>
<desc>Café / Coffee</desc>
<sym>Dot</sym>
<type>food</type>
</wpt>
<wpt lat="49.284795" lon="-123.119431">
<name>HY's Steakhouse</name>
<cmt>food</cmt>
<desc>Restaurant</desc>
<sym>Dot</sym>
<type>food</type>
</wpt>
<wpt lat="49.268432" lon="-123.182176">
<name>Double DD Pizza</name>
<cmt>food</cmt>
<desc>Restaurant</desc>
<sym>Dot</sym>
<type>food</type>
</wpt>
<wpt lat="49.279631" lon="-123.108610">
<name>Mamalee</name>
<cmt>food</cmt>
<desc>Restaurant</desc>
<sym>Dot</sym>
<type>food</type>
</wpt>
<wpt lat="49.289008" lon="-123.131903">
<name>Tå Bom Korean Cuisine</name>
<cmt>food</cmt>
<desc>Restaurant</desc>
<sym>Dot</sym>
<type>food</type>
</wpt>
<wpt lat="49.266346" lon="-123.139546">
<name>Farmer's Apprentice</name>
<cmt>food</cmt>
<desc>Restaurant</desc>
<sym>Dot</sym>
<type>food</type>
</wpt>
<wpt lat="49.289225" lon="-123.132281">
<name>Saku</name>
<cmt>food</cmt>
<desc>Restaurant</desc>
<sym>Dot</sym>
<type>food</type>
</wpt>
<wpt lat="49.289131" lon="-123.132121">
<name>Pho 37 Vietnamese Restaurant</name>
<cmt>food</cmt>
<desc>Restaurant</desc>
<sym>Dot</sym>
<type>food</type>
</wpt>
<wpt lat="49.281782" lon="-123.111746">
<name>Java Cat</name>
<cmt>coffee</cmt>
<desc>Café / Coffee</desc>
<sym>Dot</sym>
<type>food</type>
</wpt>
<wpt lat="49.279632" lon="-123.107850">
<name>Blenz Coffee</name>
<cmt>coffee</cmt>
<desc>Café / Coffee</desc>
<sym>Dot</sym>
<type>food</type>
</wpt>
<wpt lat="49.281911" lon="-123.113501">
<name>White Spot</name>
<cmt>food</cmt>
<desc>Fast Food / Chain</desc>
<sym>Dot</sym>
<type>food</type>
</wpt>
<wpt lat="49.281799" lon="-123.133380">
<name>Davie Village</name>
<cmt>viewpoint</cmt>
<desc>Activity / Experience</desc>
<sym>Dot</sym>
<type>overlook</type>
</wpt>
<wpt lat="49.263628" lon="-123.130155">
<name>Broadway Liquor Store</name>
<cmt>convenience_store</cmt>
<desc>Liquor Store</desc>
<sym>Dot</sym>
<type>store</type>
</wpt>
<wpt lat="49.283579" lon="-123.106351">
<name>Clough Club</name>
<cmt>bar</cmt>
<desc>Brewery / Pub</desc>
<sym>Dot</sym>
<type>food</type>
</wpt>
<wpt lat="49.289056" lon="-123.132023">
<name>Liuyishou Hotpot Robson</name>
<cmt>food</cmt>
<desc>Restaurant</desc>
<sym>Dot</sym>
<type>food</type>
</wpt>
<wpt lat="49.279283" lon="-123.110805">
<name>British Columbia Regimental Museum</name>
<cmt>monument</cmt>
<desc>Museum / Gallery</desc>
<sym>Dot</sym>
<type>info</type>
</wpt>
<wpt lat="49.209263" lon="-123.116693">
<name>Tim Hortons</name>
<cmt>food</cmt>
<desc>Fast Food / Chain</desc>
<sym>Dot</sym>
<type>food</type>
</wpt>
<wpt lat="49.288874" lon="-123.131730">
<name>Sura Korean</name>
<cmt>food</cmt>
<desc>Restaurant</desc>
<sym>Dot</sym>
<type>food</type>
</wpt>
<wpt lat="49.268264" lon="-123.110155">
<name>Restaurant Kavita</name>
<cmt>food</cmt>
<desc>Restaurant</desc>
<sym>Dot</sym>
<type>food</type>
</wpt>
<wpt lat="49.280291" lon="-123.131574">
<name>Thai Basil</name>
<cmt>food</cmt>
<desc>Restaurant</desc>
<sym>Dot</sym>
<type>food</type>
</wpt>
<wpt lat="49.290939" lon="-123.136538">
<name>Milano Coffee</name>
<cmt>coffee</cmt>
<desc>Café / Coffee</desc>
<sym>Dot</sym>
<type>food</type>
</wpt>
<wpt lat="49.282229" lon="-123.109209">
<name>Donair Dude</name>
<cmt>food</cmt>
<desc>Fast Food / Chain</desc>
<sym>Dot</sym>
<type>food</type>
</wpt>
<wpt lat="49.276495" lon="-123.121680">
<name>7-Eleven</name>
<cmt>convenience_store</cmt>
<desc>Convenience Store</desc>
<sym>Dot</sym>
<type>store</type>
</wpt>
<wpt lat="49.280931" lon="-123.132305">
<name>Pho Goodness</name>
<cmt>food</cmt>
<desc>Fast Food / Chain</desc>
<sym>Dot</sym>
<type>food</type>
</wpt>
<wpt lat="49.287217" lon="-123.128558">
<name>Bella Gelateria</name>
<cmt>food</cmt>
<desc>Ice Cream</desc>
<sym>Dot</sym>
<type>food</type>
</wpt>
<wpt lat="49.288680" lon="-123.131453">
<name>Perfecto</name>
<cmt>coffee</cmt>
<desc>Café / Coffee</desc>
<sym>Dot</sym>
<type>food</type>
</wpt>
<wpt lat="49.290778" lon="-123.136235">
<name>True Confections</name>
<cmt>coffee</cmt>
<desc>Café / Coffee</desc>
<sym>Dot</sym>
<type>food</type>
</wpt>
<wpt lat="49.268263" lon="-123.110034">
<name>The Skript Kitchen</name>
<cmt>coffee</cmt>
<desc>Café / Coffee</desc>
<sym>Dot</sym>
<type>food</type>
</wpt>
<wpt lat="49.282145" lon="-123.133706">
<name>Sainam</name>
<cmt>food</cmt>
<desc>Restaurant</desc>
<sym>Dot</sym>
<type>food</type>
</wpt>
<wpt lat="49.283066" lon="-123.116454">
<name>Tim Hortons</name>
<cmt>food</cmt>
<desc>Fast Food / Chain</desc>
<sym>Dot</sym>
<type>food</type>
</wpt>
<wpt lat="49.278708" lon="-123.100055">
<name>Dalina</name>
<cmt>coffee</cmt>
<desc>Café / Coffee</desc>
<sym>Dot</sym>
<type>food</type>
</wpt>
<wpt lat="49.268197" lon="-123.166161">
<name>Sazón Mexican Restaurant</name>
<cmt>food</cmt>
<desc>Restaurant</desc>
<sym>Dot</sym>
<type>food</type>
</wpt>
<wpt lat="49.267246" lon="-123.113114">
<name>Yume Dining</name>
<cmt>food</cmt>
<desc>Restaurant</desc>
<sym>Dot</sym>
<type>food</type>
</wpt>
<wpt lat="49.268474" lon="-123.185965">
<name>A&amp;W</name>
<cmt>food</cmt>
<desc>Fast Food / Chain</desc>
<sym>Dot</sym>
<type>food</type>
</wpt>
<wpt lat="49.282119" lon="-123.133662">
<name>NeNe Chicken</name>
<cmt>food</cmt>
<desc>Restaurant</desc>
<sym>Dot</sym>
<type>food</type>
</wpt>
<wpt lat="49.266347" lon="-123.139679">
<name>Grapes and Soda</name>
<cmt>food</cmt>
<desc>Restaurant</desc>
<sym>Dot</sym>
<type>food</type>
</wpt>
<wpt lat="49.277017" lon="-123.115107">
<name>Rocanini Coffee Roasters</name>
<cmt>coffee</cmt>
<desc>Café / Coffee</desc>
<sym>Dot</sym>
<type>food</type>
</wpt>
<wpt lat="49.278440" lon="-123.099511">
<name>London Pub</name>
<cmt>bar</cmt>
<desc>Brewery / Pub</desc>
<sym>Dot</sym>
<type>food</type>
</wpt>
<wpt lat="49.276519" lon="-123.127442">
<name>Sake Dining HASHIGO by Zakkushi</name>
<cmt>food</cmt>
<desc>Restaurant</desc>
<sym>Dot</sym>
<type>food</type>
</wpt>
<wpt lat="49.282217" lon="-123.109151">
<name>Krave Smoke - Vape &amp; Convenience</name>
<cmt>convenience_store</cmt>
<desc>Convenience Store</desc>
<sym>Dot</sym>
<type>store</type>
</wpt>
<wpt lat="49.282055" lon="-123.133565">
<name>La Belle Patate/Poutine</name>
<cmt>food</cmt>
<desc>Fast Food / Chain</desc>
<sym>Dot</sym>
<type>food</type>
</wpt>
<wpt lat="49.263624" lon="-123.129850">
<name>Tojos</name>
<cmt>food</cmt>
<desc>Restaurant</desc>
<sym>Dot</sym>
<type>food</type>
</wpt>
<wpt lat="49.268448" lon="-123.183494">
<name>Aphrodite's</name>
<cmt>coffee</cmt>
<desc>Café / Coffee</desc>
<sym>Dot</sym>
<type>food</type>
</wpt>
<wpt lat="49.285202" lon="-123.120343">
<name>Grain Tasting Bar</name>
<cmt>bar</cmt>
<desc>Brewery / Pub</desc>
<sym>Dot</sym>
<type>food</type>
</wpt>
<wpt lat="49.280702" lon="-123.131961">
<name>Stepho's Greek Restaurant</name>
<cmt>food</cmt>
<desc>Restaurant</desc>
<sym>Dot</sym>
<type>food</type>
</wpt>
<wpt lat="49.283390" lon="-123.117124">
<name>Slo Coffee</name>
<cmt>coffee</cmt>
<desc>Café / Coffee</desc>
<sym>Dot</sym>
<type>food</type>
</wpt>
<wpt lat="49.271488" lon="-123.205365">
<name>West Point Grey Community Centre</name>
<cmt>rest_stop</cmt>
<desc>Community Centre</desc>
<sym>Dot</sym>
<type>rest_area</type>
</wpt>
<wpt lat="49.263961" lon="-123.118250">
<name>Kamei on Broadway</name>
<cmt>food</cmt>
<desc>Restaurant</desc>
<sym>Dot</sym>
<type>food</type>
</wpt>
<wpt lat="49.288329" lon="-123.130955">
<name>Yunqueen Rice Noodles</name>
<cmt>food</cmt>
<desc>Restaurant</desc>
<sym>Dot</sym>
<type>food</type>
</wpt>
<wpt lat="49.282263" lon="-123.133768">
<name>Guu Davie</name>
<cmt>bar</cmt>
<desc>Brewery / Pub</desc>
<sym>Dot</sym>
<type>food</type>
</wpt>
<wpt lat="49.281997" lon="-123.133455">
<name>Akihana Sushi</name>
<cmt>food</cmt>
<desc>Restaurant</desc>
<sym>Dot</sym>
<type>food</type>
</wpt>
<wpt lat="49.269131" lon="-123.099973">
<name>West Point Cycles</name>
<cmt>bike_shop</cmt>
<desc>Repair Shop</desc>
<sym>Dot</sym>
<type>gear</type>
</wpt>
<wpt lat="49.209350" lon="-123.116774">
<name>A&amp;W</name>
<cmt>food</cmt>
<desc>Fast Food / Chain</desc>
<sym>Dot</sym>
<type>food</type>
</wpt>
<wpt lat="49.266348" lon="-123.139745">
<name>Atomic Bike Shop</name>
<cmt>bike_shop</cmt>
<desc>Repair Shop</desc>
<sym>Dot</sym>
<type>gear</type>
</wpt>
<wpt lat="49.280624" lon="-123.131832">
<name>theVenti Coffee</name>
<cmt>coffee</cmt>
<desc>Café / Coffee</desc>
<sym>Dot</sym>
<type>food</type>
</wpt>
<wpt lat="49.288244" lon="-123.130826">
<name>Aisle 24 Market</name>
<cmt>convenience_store</cmt>
<desc>Convenience Store</desc>
<sym>Dot</sym>
<type>store</type>
</wpt>
<wpt lat="49.280579" lon="-123.131764">
<name>Hellcrust Pizza</name>
<cmt>food</cmt>
<desc>Fast Food / Chain</desc>
<sym>Dot</sym>
<type>food</type>
</wpt>
<wpt lat="49.281964" lon="-123.133384">
<name>Blenz Coffee</name>
<cmt>coffee</cmt>
<desc>Café / Coffee</desc>
<sym>Dot</sym>
<type>food</type>
</wpt>
<wpt lat="49.289283" lon="-123.132900">
<name>Divino Wine Shop</name>
<cmt>convenience_store</cmt>
<desc>Liquor Store</desc>
<sym>Dot</sym>
<type>store</type>
</wpt>
<wpt lat="49.280538" lon="-123.131698">
<name>Samurai Japanese Restaurant</name>
<cmt>food</cmt>
<desc>Restaurant</desc>
<sym>Dot</sym>
<type>food</type>
</wpt>
<wpt lat="49.283678" lon="-123.105877">
<name>World Wrap Place</name>
<cmt>food</cmt>
<desc>Fast Food / Chain</desc>
<sym>Dot</sym>
<type>food</type>
</wpt>
<wpt lat="49.283423" lon="-123.106411">
<name>Petrichor French Farmhouse Restaurant</name>
<cmt>food</cmt>
<desc>Restaurant</desc>
<sym>Dot</sym>
<type>food</type>
</wpt>
<wpt lat="49.283031" lon="-123.116545">
<name>St. Regis Fine Wines &amp; Spirits</name>
<cmt>convenience_store</cmt>
<desc>Liquor Store</desc>
<sym>Dot</sym>
<type>store</type>
</wpt>
<wpt lat="49.280511" lon="-123.131653">
<name>Takis' Taverna</name>
<cmt>food</cmt>
<desc>Restaurant</desc>
<sym>Dot</sym>
<type>food</type>
</wpt>
<wpt lat="49.280477" lon="-123.131611">
<name>Mi Tierra Latina</name>
<cmt>convenience_store</cmt>
<desc>Grocery Store</desc>
<sym>Dot</sym>
<type>store</type>
</wpt>
<wpt lat="49.282187" lon="-123.109047">
<name>Aureliana</name>
<cmt>food</cmt>
<desc>Restaurant</desc>
<sym>Dot</sym>
<type>food</type>
</wpt>
<wpt lat="49.281717" lon="-123.133062">
<name>BangKoK Bistro</name>
<cmt>food</cmt>
<desc>Restaurant</desc>
<sym>Dot</sym>
<type>food</type>
</wpt>
<wpt lat="49.293631" lon="-123.142719">
<name>Ted and Mary Greig Rhododendron Garden</name>
<cmt>park</cmt>
<desc>Park / Nature</desc>
<sym>Dot</sym>
<type>rest_area</type>
</wpt>
<wpt lat="49.209369" lon="-123.116590">
<name>Starbucks</name>
<cmt>food</cmt>
<desc>Fast Food / Chain</desc>
<sym>Dot</sym>
<type>food</type>
</wpt>
<wpt lat="49.242207" lon="-123.170405">
<name>Butter Baked Goods</name>
<cmt>food</cmt>
<desc>Bakery / Donuts</desc>
<sym>Dot</sym>
<type>food</type>
</wpt>
<wpt lat="49.287563" lon="-123.129718">
<name>Cora</name>
<cmt>food</cmt>
<desc>Restaurant</desc>
<sym>Dot</sym>
<type>food</type>
</wpt>
<wpt lat="49.281632" lon="-123.132944">
<name>Disco Cheetah</name>
<cmt>food</cmt>
<desc>Fast Food / Chain</desc>
<sym>Dot</sym>
<type>food</type>
</wpt>
<wpt lat="49.287046" lon="-123.128297">
<name>Tim Hortons</name>
<cmt>food</cmt>
<desc>Fast Food / Chain</desc>
<sym>Dot</sym>
<type>food</type>
</wpt>
<wpt lat="49.282607" lon="-123.108081">
<name>Goldcorp Centre for the Arts</name>
<cmt>monument</cmt>
<desc>Museum / Gallery</desc>
<sym>Dot</sym>
<type>info</type>
</wpt>
<wpt lat="49.281603" lon="-123.132897">
<name>1181 Lounge</name>
<cmt>bar</cmt>
<desc>Brewery / Pub</desc>
<sym>Dot</sym>
<type>food</type>
</wpt>
<wpt lat="49.267802" lon="-123.142857">
<name>No Frills</name>
<cmt>convenience_store</cmt>
<desc>Grocery Store</desc>
<sym>Dot</sym>
<type>store</type>
</wpt>
<wpt lat="49.281540" lon="-123.132811">
<name>Tom Sushi</name>
<cmt>food</cmt>
<desc>Restaurant</desc>
<sym>Dot</sym>
<type>food</type>
</wpt>
<wpt lat="49.272699" lon="-123.147278">
<name>Siegel's Bagels</name>
<cmt>food</cmt>
<desc>Bakery / Donuts</desc>
<sym>Dot</sym>
<type>food</type>
</wpt>
<wpt lat="49.281495" lon="-123.132742">
<name>Pumpjack</name>
<cmt>bar</cmt>
<desc>Brewery / Pub</desc>
<sym>Dot</sym>
<type>food</type>
</wpt>
<wpt lat="49.286575" lon="-123.122858">
<name>Sushi California</name>
<cmt>food</cmt>
<desc>Restaurant</desc>
<sym>Dot</sym>
<type>food</type>
</wpt>
<wpt lat="49.277800" lon="-123.113986">
<name>Artigiano</name>
<cmt>coffee</cmt>
<desc>Café / Coffee</desc>
<sym>Dot</sym>
<type>food</type>
</wpt>
<wpt lat="49.286932" lon="-123.124661">
<name>Freshii</name>
<cmt>food</cmt>
<desc>Restaurant</desc>
<sym>Dot</sym>
<type>food</type>
</wpt>
<wpt lat="49.287464" lon="-123.129581">
<name>The Den</name>
<cmt>bar</cmt>
<desc>Brewery / Pub</desc>
<sym>Dot</sym>
<type>food</type>
</wpt>
<wpt lat="49.285625" lon="-123.121026">
<name>Cookies by George</name>
<cmt>food</cmt>
<desc>Bakery / Donuts</desc>
<sym>Dot</sym>
<type>food</type>
</wpt>
<wpt lat="49.275920" lon="-123.124555">
<name>Nuba</name>
<cmt>food</cmt>
<desc>Restaurant</desc>
<sym>Dot</sym>
<type>food</type>
</wpt>
<wpt lat="49.268464" lon="-123.185452">
<name>Blenz Coffee</name>
<cmt>coffee</cmt>
<desc>Café / Coffee</desc>
<sym>Dot</sym>
<type>food</type>
</wpt>
<wpt lat="49.287376" lon="-123.129410">
<name>Barclay Hotel</name>
<cmt>lodging</cmt>
<desc>Hotel / Motel</desc>
<sym>Dot</sym>
<type>shelter</type>
</wpt>
<wpt lat="49.280210" lon="-123.131197">
<name>Denny's</name>
<cmt>food</cmt>
<desc>Restaurant</desc>
<sym>Dot</sym>
<type>food</type>
</wpt>
<wpt lat="49.282376" lon="-123.108485">
<name>Subway</name>
<cmt>food</cmt>
<desc>Fast Food / Chain</desc>
<sym>Dot</sym>
<type>food</type>
</wpt>
<wpt lat="49.272644" lon="-123.147279">
<name>Triple-O's</name>
<cmt>food</cmt>
<desc>Restaurant</desc>
<sym>Dot</sym>
<type>food</type>
</wpt>
<wpt lat="49.281433" lon="-123.132631">
<name>The Hestia Veggie</name>
<cmt>food</cmt>
<desc>Restaurant</desc>
<sym>Dot</sym>
<type>food</type>
</wpt>
<wpt lat="49.268470" lon="-123.185387">
<name>Irori Sushi</name>
<cmt>food</cmt>
<desc>Restaurant</desc>
<sym>Dot</sym>
<type>food</type>
</wpt>
<wpt lat="49.286233" lon="-123.136878">
<name>SUD Café</name>
<cmt>coffee</cmt>
<desc>Café / Coffee</desc>
<sym>Dot</sym>
<type>food</type>
</wpt>
<wpt lat="49.279691" lon="-123.109841">
<name>Tim Hortons</name>
<cmt>food</cmt>
<desc>Fast Food / Chain</desc>
<sym>Dot</sym>
<type>food</type>
</wpt>
<wpt lat="49.278196" lon="-123.113353">
<name>Frankie's Italian Kitchen &amp; Bar</name>
<cmt>food</cmt>
<desc>Restaurant</desc>
<sym>Dot</sym>
<type>food</type>
</wpt>
<wpt lat="49.263717" lon="-123.134164">
<name>Anecdote</name>
<cmt>coffee</cmt>
<desc>Café / Coffee</desc>
<sym>Dot</sym>
<type>food</type>
</wpt>
<wpt lat="49.290237" lon="-123.137573">
<name>Blenz Coffee</name>
<cmt>coffee</cmt>
<desc>Café / Coffee</desc>
<sym>Dot</sym>
<type>food</type>
</wpt>
<wpt lat="49.283828" lon="-123.105368">
<name>The Old Spaghetti Factory</name>
<cmt>food</cmt>
<desc>Restaurant</desc>
<sym>Dot</sym>
<type>food</type>
</wpt>
<wpt lat="49.268470" lon="-123.185304">
<name>Beyond Bread Artisan Bakery</name>
<cmt>food</cmt>
<desc>Bakery / Donuts</desc>
<sym>Dot</sym>
<type>food</type>
</wpt>
<wpt lat="49.284458" lon="-123.119332">
<name>Bill Reid Gallery of Northwest Coast Art</name>
<cmt>monument</cmt>
<desc>Museum / Gallery</desc>
<sym>Dot</sym>
<type>info</type>
</wpt>
<wpt lat="49.283064" lon="-123.106967">
<name>La Casita</name>
<cmt>food</cmt>
<desc>Restaurant</desc>
<sym>Dot</sym>
<type>food</type>
</wpt>
<wpt lat="49.281359" lon="-123.132504">
<name>Davie's The Best</name>
<cmt>food</cmt>
<desc>Restaurant</desc>
<sym>Dot</sym>
<type>food</type>
</wpt>
<wpt lat="49.278370" lon="-123.113100">
<name>Hotel Willo</name>
<cmt>lodging</cmt>
<desc>Hotel / Motel</desc>
<sym>Dot</sym>
<type>shelter</type>
</wpt>
<wpt lat="49.278434" lon="-123.099185">
<name>Fiorino</name>
<cmt>coffee</cmt>
<desc>Café / Coffee</desc>
<sym>Dot</sym>
<type>food</type>
</wpt>
<wpt lat="49.283273" lon="-123.106489">
<name>Centre of International Contemporary Art Vancouver</name>
<cmt>monument</cmt>
<desc>Museum / Gallery</desc>
<sym>Dot</sym>
<type>info</type>
</wpt>
<wpt lat="49.278204" lon="-123.113409">
<name>Frankie's Jazz Club</name>
<cmt>monument</cmt>
<desc>Museum / Gallery</desc>
<sym>Dot</sym>
<type>info</type>
</wpt>
<wpt lat="49.284271" lon="-123.119025">
<name>Cycle City</name>
<cmt>bike_shop</cmt>
<desc>Repair Shop</desc>
<sym>Dot</sym>
<type>gear</type>
</wpt>
<wpt lat="49.277793" lon="-123.098359">
<name>Bar Gobo</name>
<cmt>bar</cmt>
<desc>Brewery / Pub</desc>
<sym>Dot</sym>
<type>food</type>
</wpt>
<wpt lat="49.268149" lon="-123.103239">
<name>Fife Bakery</name>
<cmt>food</cmt>
<desc>Bakery / Donuts</desc>
<sym>Dot</sym>
<type>food</type>
</wpt>
<wpt lat="49.280044" lon="-123.130923">
<name>Pokébar</name>
<cmt>food</cmt>
<desc>Fast Food / Chain</desc>
<sym>Dot</sym>
<type>food</type>
</wpt>
<wpt lat="49.234534" lon="-123.161902">
<name>Lok's Chinese Restaurant</name>
<cmt>food</cmt>
<desc>Restaurant</desc>
<sym>Dot</sym>
<type>food</type>
</wpt>
<wpt lat="49.275962" lon="-123.124659">
<name>Craffles</name>
<cmt>coffee</cmt>
<desc>Café / Coffee</desc>
<sym>Dot</sym>
<type>food</type>
</wpt>
<wpt lat="49.286924" lon="-123.124392">
<name>Mansion Nightclub</name>
<cmt>bar</cmt>
<desc>Brewery / Pub</desc>
<sym>Dot</sym>
<type>food</type>
</wpt>
<wpt lat="49.281233" lon="-123.132309">
<name>KFC</name>
<cmt>food</cmt>
<desc>Fast Food / Chain</desc>
<sym>Dot</sym>
<type>food</type>
</wpt>
<wpt lat="49.268327" lon="-123.101781">
<name>Swiss Bakery</name>
<cmt>food</cmt>
<desc>Bakery / Donuts</desc>
<sym>Dot</sym>
<type>food</type>
</wpt>
<wpt lat="49.286895" lon="-123.124521">
<name>Mott 32</name>
<cmt>food</cmt>
<desc>Restaurant</desc>
<sym>Dot</sym>
<type>food</type>
</wpt>
<wpt lat="49.278081" lon="-123.113659">
<name>Georgian Court Hotel</name>
<cmt>lodging</cmt>
<desc>Hotel / Motel</desc>
<sym>Dot</sym>
<type>shelter</type>
</wpt>
<wpt lat="49.263340" lon="-123.132654">
<name>Fufú Café</name>
<cmt>coffee</cmt>
<desc>Café / Coffee</desc>
<sym>Dot</sym>
<type>food</type>
</wpt>
<wpt lat="49.285185" lon="-123.120638">
<name>Hyatt Regency Vancouver</name>
<cmt>lodging</cmt>
<desc>Hotel / Motel</desc>
<sym>Dot</sym>
<type>shelter</type>
</wpt>
<wpt lat="49.281185" lon="-123.132227">
<name>Momo Factory Davie</name>
<cmt>food</cmt>
<desc>Restaurant</desc>
<sym>Dot</sym>
<type>food</type>
</wpt>
<wpt lat="49.268174" lon="-123.165639">
<name>Amberdo Cafe and Bakery</name>
<cmt>food</cmt>
<desc>Bakery / Donuts</desc>
<sym>Dot</sym>
<type>food</type>
</wpt>
<wpt lat="49.284016" lon="-123.118624">
<name>Metropolitan Hotel Vancouver</name>
<cmt>lodging</cmt>
<desc>Hotel / Motel</desc>
<sym>Dot</sym>
<type>shelter</type>
</wpt>
<wpt lat="49.209470" lon="-123.116561">
<name>Subway</name>
<cmt>food</cmt>
<desc>Fast Food / Chain</desc>
<sym>Dot</sym>
<type>food</type>
</wpt>
<wpt lat="49.289069" lon="-123.132592">
<name>Kosoo</name>
<cmt>food</cmt>
<desc>Restaurant</desc>
<sym>Dot</sym>
<type>food</type>
</wpt>
<wpt lat="49.277285" lon="-123.127686">
<name>4 Brothers Pizza</name>
<cmt>food</cmt>
<desc>Fast Food / Chain</desc>
<sym>Dot</sym>
<type>food</type>
</wpt>
<wpt lat="49.277907" lon="-123.113987">
<name>Hampton Inn &amp; Suites by Hilton Vancouver-Downtown</name>
<cmt>lodging</cmt>
<desc>Hotel / Motel</desc>
<sym>Dot</sym>
<type>shelter</type>
</wpt>
<wpt lat="49.290775" lon="-123.136750">
<name>Khaghan Restaurant</name>
<cmt>food</cmt>
<desc>Restaurant</desc>
<sym>Dot</sym>
<type>food</type>
</wpt>
<wpt lat="49.283056" lon="-123.116898">
<name>Winners</name>
<cmt>convenience_store</cmt>
<desc>Grocery Store</desc>
<sym>Dot</sym>
<type>store</type>
</wpt>
<wpt lat="49.278688" lon="-123.099504">
<name>Straight Outta Brooklyn NYC Pizza</name>
<cmt>food</cmt>
<desc>Restaurant</desc>
<sym>Dot</sym>
<type>food</type>
</wpt>
<wpt lat="49.276670" lon="-123.127211">
<name>Subway</name>
<cmt>food</cmt>
<desc>Fast Food / Chain</desc>
<sym>Dot</sym>
<type>food</type>
</wpt>
<wpt lat="49.263716" lon="-123.134421">
<name>Namiya</name>
<cmt>food</cmt>
<desc>Restaurant</desc>
<sym>Dot</sym>
<type>food</type>
</wpt>
<wpt lat="49.263333" lon="-123.132836">
<name>Panago</name>
<cmt>food</cmt>
<desc>Fast Food / Chain</desc>
<sym>Dot</sym>
<type>food</type>
</wpt>
<wpt lat="49.209442" lon="-123.116161">
<name>Dublin Crossing Irish Pub</name>
<cmt>bar</cmt>
<desc>Brewery / Pub</desc>
<sym>Dot</sym>
<type>food</type>
</wpt>
<wpt lat="49.279767" lon="-123.130488">
<name>Subway</name>
<cmt>food</cmt>
<desc>Fast Food / Chain</desc>
<sym>Dot</sym>
<type>food</type>
</wpt>
<wpt lat="49.268441" lon="-123.164751">
<name>Dark Table</name>
<cmt>food</cmt>
<desc>Restaurant</desc>
<sym>Dot</sym>
<type>food</type>
</wpt>
<wpt lat="49.263332" lon="-123.132918">
<name>Subway</name>
<cmt>food</cmt>
<desc>Fast Food / Chain</desc>
<sym>Dot</sym>
<type>food</type>
</wpt>
<wpt lat="49.279699" lon="-123.130399">
<name>Numbers Cabaret</name>
<cmt>bar</cmt>
<desc>Brewery / Pub</desc>
<sym>Dot</sym>
<type>food</type>
</wpt>
<wpt lat="49.277885" lon="-123.114105">
<name>District</name>
<cmt>bar</cmt>
<desc>Brewery / Pub</desc>
<sym>Dot</sym>
<type>food</type>
</wpt>
<wpt lat="49.268238" lon="-123.186006">
<name>Yuji's from Japan</name>
<cmt>food</cmt>
<desc>Restaurant</desc>
<sym>Dot</sym>
<type>food</type>
</wpt>
<wpt lat="49.286925" lon="-123.124051">
<name>Paradox Hotel Vancouver</name>
<cmt>lodging</cmt>
<desc>Hotel / Motel</desc>
<sym>Dot</sym>
<type>shelter</type>
</wpt>
<wpt lat="49.286386" lon="-123.122710">
<name>Mangez Mangez</name>
<cmt>food</cmt>
<desc>Restaurant</desc>
<sym>Dot</sym>
<type>food</type>
</wpt>
<wpt lat="49.279619" lon="-123.130273">
<name>Marquis Wine Cellars</name>
<cmt>convenience_store</cmt>
<desc>Liquor Store</desc>
<sym>Dot</sym>
<type>store</type>
</wpt>
<wpt lat="49.283101" lon="-123.117103">
<name>Mr Shawarma</name>
<cmt>food</cmt>
<desc>Fast Food / Chain</desc>
<sym>Dot</sym>
<type>food</type>
</wpt>
<wpt lat="49.279936" lon="-123.108137">
<name>大統華 T&amp;T Supermarket</name>
<cmt>convenience_store</cmt>
<desc>Grocery Store</desc>
<sym>Dot</sym>
<type>store</type>
</wpt>
<wpt lat="49.277785" lon="-123.098183">
<name>Harvest Community Foods</name>
<cmt>coffee</cmt>
<desc>Café / Coffee</desc>
<sym>Dot</sym>
<type>food</type>
</wpt>
<wpt lat="49.264752" lon="-123.115081">
<name>Sushi Tendo</name>
<cmt>food</cmt>
<desc>Restaurant</desc>
<sym>Dot</sym>
<type>food</type>
</wpt>
<wpt lat="49.270546" lon="-123.146073">
<name>Bento Cafe</name>
<cmt>food</cmt>
<desc>Restaurant</desc>
<sym>Dot</sym>
<type>food</type>
</wpt>
<wpt lat="49.279519" lon="-123.130102">
<name>Vera's Burger Shack</name>
<cmt>food</cmt>
<desc>Fast Food / Chain</desc>
<sym>Dot</sym>
<type>food</type>
</wpt>
<wpt lat="49.285035" lon="-123.120612">
<name>Starbucks</name>
<cmt>food</cmt>
<desc>Fast Food / Chain</desc>
<sym>Dot</sym>
<type>food</type>
</wpt>
<wpt lat="49.277157" lon="-123.116319">
<name>Cafe Dilli</name>
<cmt>coffee</cmt>
<desc>Café / Coffee</desc>
<sym>Dot</sym>
<type>food</type>
</wpt>
<wpt lat="49.279885" lon="-123.106803">
<name>Torimaru</name>
<cmt>food</cmt>
<desc>Fast Food / Chain</desc>
<sym>Dot</sym>
<type>food</type>
</wpt>
<wpt lat="49.278782" lon="-123.099504">
<name>Ba Le Sandwich Shop</name>
<cmt>food</cmt>
<desc>Restaurant</desc>
<sym>Dot</sym>
<type>food</type>
</wpt>
<wpt lat="49.268110" lon="-123.186346">
<name>Jason's No Frills</name>
<cmt>convenience_store</cmt>
<desc>Grocery Store</desc>
<sym>Dot</sym>
<type>store</type>
</wpt>
<wpt lat="49.279962" lon="-123.108756">
<name>Charisma Social Club House</name>
<cmt>coffee</cmt>
<desc>Café / Coffee</desc>
<sym>Dot</sym>
<type>food</type>
</wpt>
<wpt lat="49.281926" lon="-123.132907">
<name>Fresco Foods</name>
<cmt>convenience_store</cmt>
<desc>Grocery Store</desc>
<sym>Dot</sym>
<type>store</type>
</wpt>
<wpt lat="49.283151" lon="-123.106410">
<name>Arcana Spirit Lounge</name>
<cmt>food</cmt>
<desc>Restaurant</desc>
<sym>Dot</sym>
<type>food</type>
</wpt>
<wpt lat="49.264548" lon="-123.115359">
<name>BC Liquor Store</name>
<cmt>convenience_store</cmt>
<desc>Liquor Store</desc>
<sym>Dot</sym>
<type>store</type>
</wpt>
<wpt lat="49.263719" lon="-123.134700">
<name>Boston Pizza</name>
<cmt>food</cmt>
<desc>Fast Food / Chain</desc>
<sym>Dot</sym>
<type>food</type>
</wpt>
<wpt lat="49.268023" lon="-123.186687">
<name>BC Liquor Store</name>
<cmt>convenience_store</cmt>
<desc>Liquor Store</desc>
<sym>Dot</sym>
<type>store</type>
</wpt>
<wpt lat="49.209966" lon="-123.118155">
<name>Joy Cafe Vancouver</name>
<cmt>food</cmt>
<desc>Restaurant</desc>
<sym>Dot</sym>
<type>food</type>
</wpt>
<wpt lat="49.280622" lon="-123.131343">
<name>Transylvanian Traditions Bakery</name>
<cmt>food</cmt>
<desc>Bakery / Donuts</desc>
<sym>Dot</sym>
<type>food</type>
</wpt>
<wpt lat="49.286785" lon="-123.124396">
<name>Karma Lounge</name>
<cmt>food</cmt>
<desc>Restaurant</desc>
<sym>Dot</sym>
<type>food</type>
</wpt>
<wpt lat="49.278436" lon="-123.098864">
<name>Access Gallery</name>
<cmt>monument</cmt>
<desc>Museum / Gallery</desc>
<sym>Dot</sym>
<type>info</type>
</wpt>
<wpt lat="49.278680" lon="-123.099249">
<name>Cantina Di Luigi</name>
<cmt>food</cmt>
<desc>Restaurant</desc>
<sym>Dot</sym>
<type>food</type>
</wpt>
<wpt lat="49.278761" lon="-123.112795">
<name>Shark Club</name>
<cmt>bar</cmt>
<desc>Brewery / Pub</desc>
<sym>Dot</sym>
<type>food</type>
</wpt>
<wpt lat="49.282109" lon="-123.108552">
<name>The Gallery George</name>
<cmt>monument</cmt>
<desc>Museum / Gallery</desc>
<sym>Dot</sym>
<type>info</type>
</wpt>
<wpt lat="49.263582" lon="-123.128836">
<name>Waves Coffee House</name>
<cmt>coffee</cmt>
<desc>Café / Coffee</desc>
<sym>Dot</sym>
<type>food</type>
</wpt>
<wpt lat="49.277256" lon="-123.118737">
<name>Ignite Pizzeria</name>
<cmt>food</cmt>
<desc>Restaurant</desc>
<sym>Dot</sym>
<type>food</type>
</wpt>
<wpt lat="49.290679" lon="-123.136893">
<name>The Sauce Pasta Cafe</name>
<cmt>food</cmt>
<desc>Restaurant</desc>
<sym>Dot</sym>
<type>food</type>
</wpt>
<wpt lat="49.264291" lon="-123.115808">
<name>COBS Bread</name>
<cmt>food</cmt>
<desc>Bakery / Donuts</desc>
<sym>Dot</sym>
<type>food</type>
</wpt>
<wpt lat="49.280009" lon="-123.108690">
<name>Pappa Roti</name>
<cmt>coffee</cmt>
<desc>Café / Coffee</desc>
<sym>Dot</sym>
<type>food</type>
</wpt>
<wpt lat="49.281209" lon="-123.131973">
<name>Gurkha Himalayan Kitchen</name>
<cmt>food</cmt>
<desc>Restaurant</desc>
<sym>Dot</sym>
<type>food</type>
</wpt>
<wpt lat="49.279928" lon="-123.106678">
<name>Taco Time</name>
<cmt>food</cmt>
<desc>Fast Food / Chain</desc>
<sym>Dot</sym>
<type>food</type>
</wpt>
<wpt lat="49.290505" lon="-123.136560">
<name>Joe Fortes Library Branch</name>
<cmt>library</cmt>
<desc>Library</desc>
<sym>Dot</sym>
<type>info</type>
</wpt>
<wpt lat="49.264635" lon="-123.115076">
<name>Pho &amp; Roll by Wooden Fish</name>
<cmt>food</cmt>
<desc>Restaurant</desc>
<sym>Dot</sym>
<type>food</type>
</wpt>
<wpt lat="49.268145" lon="-123.101775">
<name>Nuba</name>
<cmt>food</cmt>
<desc>Restaurant</desc>
<sym>Dot</sym>
<type>food</type>
</wpt>
<wpt lat="49.209573" lon="-123.116153">
<name>Marine Gateway Liquor Store</name>
<cmt>convenience_store</cmt>
<desc>Liquor Store</desc>
<sym>Dot</sym>
<type>store</type>
</wpt>
<wpt lat="49.263701" lon="-123.121474">
<name>Dynasty Seafood Restaurant</name>
<cmt>food</cmt>
<desc>Restaurant</desc>
<sym>Dot</sym>
<type>food</type>
</wpt>
<wpt lat="49.263304" lon="-123.129740">
<name>Salmon n' Bannock</name>
<cmt>food</cmt>
<desc>Restaurant</desc>
<sym>Dot</sym>
<type>food</type>
</wpt>
<wpt lat="49.286819" lon="-123.128521">
<name>Coco Rico Café</name>
<cmt>coffee</cmt>
<desc>Café / Coffee</desc>
<sym>Dot</sym>
<type>food</type>
</wpt>
<wpt lat="49.280042" lon="-123.108598">
<name>Pizzeria Ludica</name>
<cmt>food</cmt>
<desc>Restaurant</desc>
<sym>Dot</sym>
<type>food</type>
</wpt>
<wpt lat="49.280385" lon="-123.130937">
<name>Starbucks</name>
<cmt>food</cmt>
<desc>Fast Food / Chain</desc>
<sym>Dot</sym>
<type>food</type>
</wpt>
<wpt lat="49.278707" lon="-123.128947">
<name>Yolks</name>
<cmt>food</cmt>
<desc>Restaurant</desc>
<sym>Dot</sym>
<type>food</type>
</wpt>
<wpt lat="49.263227" lon="-123.130017">
<name>Tamarind Tales</name>
<cmt>food</cmt>
<desc>Restaurant</desc>
<sym>Dot</sym>
<type>food</type>
</wpt>
<wpt lat="49.265132" lon="-123.114299">
<name>Canadian Tire</name>
<cmt>convenience_store</cmt>
<desc>General merchandise</desc>
<sym>Dot</sym>
<type>store</type>
</wpt>
<wpt lat="49.283575" lon="-123.105268">
<name>Waffleland Café</name>
<cmt>food</cmt>
<desc>Restaurant</desc>
<sym>Dot</sym>
<type>food</type>
</wpt>
<wpt lat="49.280256" lon="-123.130747">
<name>Amoka</name>
<cmt>coffee</cmt>
<desc>Café / Coffee</desc>
<sym>Dot</sym>
<type>food</type>
</wpt>
<wpt lat="49.280226" lon="-123.130709">
<name>Fatburger</name>
<cmt>food</cmt>
<desc>Fast Food / Chain</desc>
<sym>Dot</sym>
<type>food</type>
</wpt>
<wpt lat="49.268772" lon="-123.145147">
<name>TV Dinner Market &amp; Café</name>
<cmt>coffee</cmt>
<desc>Café / Coffee</desc>
<sym>Dot</sym>
<type>food</type>
</wpt>
<wpt lat="49.283188" lon="-123.117592">
<name>OPA! of Greece</name>
<cmt>food</cmt>
<desc>Restaurant</desc>
<sym>Dot</sym>
<type>food</type>
</wpt>
<wpt lat="49.283222" lon="-123.117663">
<name>A&amp;W</name>
<cmt>food</cmt>
<desc>Fast Food / Chain</desc>
<sym>Dot</sym>
<type>food</type>
</wpt>
<wpt lat="49.284395" lon="-123.119803">
<name>Bread x Butter</name>
<cmt>coffee</cmt>
<desc>Café / Coffee</desc>
<sym>Dot</sym>
<type>food</type>
</wpt>
<wpt lat="49.280202" lon="-123.130670">
<name>Kadoya</name>
<cmt>food</cmt>
<desc>Restaurant</desc>
<sym>Dot</sym>
<type>food</type>
</wpt>
<wpt lat="49.290419" lon="-123.137277">
<name>Winter Bear Dessert &amp; Teahouse</name>
<cmt>coffee</cmt>
<desc>Café / Coffee</desc>
<sym>Dot</sym>
<type>food</type>
</wpt>
<wpt lat="49.280667" lon="-123.131210">
<name>Latin Square</name>
<cmt>coffee</cmt>
<desc>Café / Coffee</desc>
<sym>Dot</sym>
<type>food</type>
</wpt>
<wpt lat="49.290626" lon="-123.136971">
<name>Damso Modern Korean Cuisine</name>
<cmt>food</cmt>
<desc>Restaurant</desc>
<sym>Dot</sym>
<type>food</type>
</wpt>
<wpt lat="49.290159" lon="-123.135966">
<name>West End Ice Rink</name>
<cmt>rest_stop</cmt>
<desc>Community Centre</desc>
<sym>Dot</sym>
<type>rest_area</type>
</wpt>
<wpt lat="49.286717" lon="-123.128356">
<name>Ban Bu Xian Szechuan</name>
<cmt>food</cmt>
<desc>Restaurant</desc>
<sym>Dot</sym>
<type>food</type>
</wpt>
<wpt lat="49.279986" lon="-123.130351">
<name>Bonta Italian Ristorante</name>
<cmt>food</cmt>
<desc>Restaurant</desc>
<sym>Dot</sym>
<type>food</type>
</wpt>
<wpt lat="49.266490" lon="-123.140722">
<name>Beaucoup Bakery &amp; Cafe</name>
<cmt>food</cmt>
<desc>Bakery / Donuts</desc>
<sym>Dot</sym>
<type>food</type>
</wpt>
<wpt lat="49.268943" lon="-123.158972">
<name>Safeway</name>
<cmt>convenience_store</cmt>
<desc>Grocery Store</desc>
<sym>Dot</sym>
<type>store</type>
</wpt>
<wpt lat="49.278678" lon="-123.098952">
<name>Fat Mao Noodles</name>
<cmt>food</cmt>
<desc>Restaurant</desc>
<sym>Dot</sym>
<type>food</type>
</wpt>
<wpt lat="49.281300" lon="-123.111673">
<name>JJ's Restaurant</name>
<cmt>food</cmt>
<desc>Restaurant</desc>
<sym>Dot</sym>
<type>food</type>
</wpt>
<wpt lat="49.279761" lon="-123.102540">
<name>Chinese Cultural Centre Museum</name>
<cmt>monument</cmt>
<desc>Museum / Gallery</desc>
<sym>Dot</sym>
<type>info</type>
</wpt>
<wpt lat="49.263640" lon="-123.122080">
<name>Aidan's Coffee &amp; Food</name>
<cmt>coffee</cmt>
<desc>Café / Coffee</desc>
<sym>Dot</sym>
<type>food</type>
</wpt>
<wpt lat="49.286462" lon="-123.125865">
<name>JJ Bean</name>
<cmt>coffee</cmt>
<desc>Café / Coffee</desc>
<sym>Dot</sym>
<type>food</type>
</wpt>
<wpt lat="49.280638" lon="-123.131087">
<name>Cazba</name>
<cmt>food</cmt>
<desc>Restaurant</desc>
<sym>Dot</sym>
<type>food</type>
</wpt>
<wpt lat="49.279933" lon="-123.130252">
<name>Banana Leaf</name>
<cmt>food</cmt>
<desc>Restaurant</desc>
<sym>Dot</sym>
<type>food</type>
</wpt>
<wpt lat="49.269674" lon="-123.145961">
<name>Subway</name>
<cmt>food</cmt>
<desc>Fast Food / Chain</desc>
<sym>Dot</sym>
<type>food</type>
</wpt>
<wpt lat="49.267571" lon="-123.108605">
<name>Nana's Green Tea</name>
<cmt>coffee</cmt>
<desc>Café / Coffee</desc>
<sym>Dot</sym>
<type>food</type>
</wpt>
<wpt lat="49.268193" lon="-123.164725">
<name>Cafe Lokal</name>
<cmt>coffee</cmt>
<desc>Café / Coffee</desc>
<sym>Dot</sym>
<type>food</type>
</wpt>
<wpt lat="49.279848" lon="-123.103615">
<name>Doctor Sun Yat-Sen Classical Chinese Garden</name>
<cmt>park</cmt>
<desc>Park / Nature</desc>
<sym>Dot</sym>
<type>rest_area</type>
</wpt>
<wpt lat="49.279841" lon="-123.130120">
<name>Chipotle</name>
<cmt>food</cmt>
<desc>Fast Food / Chain</desc>
<sym>Dot</sym>
<type>food</type>
</wpt>
<wpt lat="49.279620" lon="-123.101326">
<name>The Keefer Bar</name>
<cmt>bar</cmt>
<desc>Brewery / Pub</desc>
<sym>Dot</sym>
<type>food</type>
</wpt>
<wpt lat="49.280053" lon="-123.106469">
<name>Zenya</name>
<cmt>food</cmt>
<desc>Fast Food / Chain</desc>
<sym>Dot</sym>
<type>food</type>
</wpt>
<wpt lat="49.279349" lon="-123.100307">
<name>Juke</name>
<cmt>food</cmt>
<desc>Restaurant</desc>
<sym>Dot</sym>
<type>food</type>
</wpt>
<wpt lat="49.263603" lon="-123.122019">
<name>Kisokoma Japanese Restaurant</name>
<cmt>food</cmt>
<desc>Restaurant</desc>
<sym>Dot</sym>
<type>food</type>
</wpt>
<wpt lat="49.286614" lon="-123.128193">
<name>Hello Kitty Cafe</name>
<cmt>coffee</cmt>
<desc>Café / Coffee</desc>
<sym>Dot</sym>
<type>food</type>
</wpt>
<wpt lat="49.278065" lon="-123.114372">
<name>Guffo Cafe</name>
<cmt>coffee</cmt>
<desc>Café / Coffee</desc>
<sym>Dot</sym>
<type>food</type>
</wpt>
<wpt lat="49.263363" lon="-123.134258">
<name>Domino's</name>
<cmt>food</cmt>
<desc>Fast Food / Chain</desc>
<sym>Dot</sym>
<type>food</type>
</wpt>
<wpt lat="49.282540" lon="-123.116622">
<name>Starbucks</name>
<cmt>food</cmt>
<desc>Fast Food / Chain</desc>
<sym>Dot</sym>
<type>food</type>
</wpt>
<wpt lat="49.290566" lon="-123.137056">
<name>Kingyo</name>
<cmt>food</cmt>
<desc>Restaurant</desc>
<sym>Dot</sym>
<type>food</type>
</wpt>
<wpt lat="49.282558" lon="-123.107174">
<name>Nesters Market</name>
<cmt>convenience_store</cmt>
<desc>Grocery Store</desc>
<sym>Dot</sym>
<type>store</type>
</wpt>
<wpt lat="49.286464" lon="-123.127255">
<name>Blue Horizon Hotel</name>
<cmt>lodging</cmt>
<desc>Hotel / Motel</desc>
<sym>Dot</sym>
<type>shelter</type>
</wpt>
<wpt lat="49.263521" lon="-123.120439">
<name>Holiday Inn Vancouver-Centre (Broadway)</name>
<cmt>lodging</cmt>
<desc>Hotel / Motel</desc>
<sym>Dot</sym>
<type>shelter</type>
</wpt>
<wpt lat="49.206451" lon="-123.142482">
<name>Colbourne House</name>
<cmt>monument</cmt>
<desc>Museum / Gallery</desc>
<sym>Dot</sym>
<type>info</type>
</wpt>
<wpt lat="49.263493" lon="-123.120204">
<name>Stages Bistro &amp; Lounge</name>
<cmt>food</cmt>
<desc>Restaurant</desc>
<sym>Dot</sym>
<type>food</type>
</wpt>
<wpt lat="49.263552" lon="-123.117754">
<name>Tractor</name>
<cmt>food</cmt>
<desc>Restaurant</desc>
<sym>Dot</sym>
<type>food</type>
</wpt>
<wpt lat="49.286553" lon="-123.128081">
<name>Chongqing on Robson</name>
<cmt>food</cmt>
<desc>Fast Food / Chain</desc>
<sym>Dot</sym>
<type>food</type>
</wpt>
<wpt lat="49.280093" lon="-123.106431">
<name>Tashkent</name>
<cmt>food</cmt>
<desc>Fast Food / Chain</desc>
<sym>Dot</sym>
<type>food</type>
</wpt>
<wpt lat="49.279771" lon="-123.129926">
<name>The Basic</name>
<cmt>food</cmt>
<desc>Restaurant</desc>
<sym>Dot</sym>
<type>food</type>
</wpt>
<wpt lat="49.263452" lon="-123.119719">
<name>Blenz Coffee</name>
<cmt>coffee</cmt>
<desc>Café / Coffee</desc>
<sym>Dot</sym>
<type>food</type>
</wpt>
<wpt lat="49.277908" lon="-123.127732">
<name>Subway</name>
<cmt>food</cmt>
<desc>Fast Food / Chain</desc>
<sym>Dot</sym>
<type>food</type>
</wpt>
<wpt lat="49.278281" lon="-123.128161">
<name>The Landis Hotel &amp; Suites</name>
<cmt>lodging</cmt>
<desc>Hotel / Motel</desc>
<sym>Dot</sym>
<type>shelter</type>
</wpt>
<wpt lat="49.210104" lon="-123.117799">
<name>Panago</name>
<cmt>food</cmt>
<desc>Fast Food / Chain</desc>
<sym>Dot</sym>
<type>food</type>
</wpt>
<wpt lat="49.279626" lon="-123.101080">
<name>El Torito Mexican Restaurant</name>
<cmt>food</cmt>
<desc>Restaurant</desc>
<sym>Dot</sym>
<type>food</type>
</wpt>
<wpt lat="49.209749" lon="-123.116122">
<name>大統華 T&amp;T Supermarket</name>
<cmt>convenience_store</cmt>
<desc>Grocery Store</desc>
<sym>Dot</sym>
<type>store</type>
</wpt>
<wpt lat="49.281302" lon="-123.113332">
<name>Deville Coffee</name>
<cmt>coffee</cmt>
<desc>Café / Coffee</desc>
<sym>Dot</sym>
<type>food</type>
</wpt>
<wpt lat="49.263595" lon="-123.128174">
<name>Chun Fun How</name>
<cmt>coffee</cmt>
<desc>Café / Coffee</desc>
<sym>Dot</sym>
<type>food</type>
</wpt>
<wpt lat="49.263515" lon="-123.121366">
<name>A&amp;W</name>
<cmt>food</cmt>
<desc>Fast Food / Chain</desc>
<sym>Dot</sym>
<type>food</type>
</wpt>
<wpt lat="49.277845" lon="-123.127630">
<name>Nando's</name>
<cmt>food</cmt>
<desc>Restaurant</desc>
<sym>Dot</sym>
<type>food</type>
</wpt>
<wpt lat="49.286515" lon="-123.128029">
<name>Ole Chicken</name>
<cmt>food</cmt>
<desc>Restaurant</desc>
<sym>Dot</sym>
<type>food</type>
</wpt>
<wpt lat="49.278685" lon="-123.098736">
<name>The Ramen Butcher</name>
<cmt>food</cmt>
<desc>Restaurant</desc>
<sym>Dot</sym>
<type>food</type>
</wpt>
<wpt lat="49.279654" lon="-123.129730">
<name>The Fountainhead Pub</name>
<cmt>bar</cmt>
<desc>Brewery / Pub</desc>
<sym>Dot</sym>
<type>food</type>
</wpt>
<wpt lat="49.209836" lon="-123.116556">
<name>Express News</name>
<cmt>convenience_store</cmt>
<desc>Convenience Store</desc>
<sym>Dot</sym>
<type>store</type>
</wpt>
<wpt lat="49.277774" lon="-123.127520">
<name>Firecrust Neopolitan Pizzeria</name>
<cmt>food</cmt>
<desc>Restaurant</desc>
<sym>Dot</sym>
<type>food</type>
</wpt>
<wpt lat="49.268329" lon="-123.100376">
<name>The Narrow Lounge</name>
<cmt>bar</cmt>
<desc>Brewery / Pub</desc>
<sym>Dot</sym>
<type>food</type>
</wpt>
<wpt lat="49.283032" lon="-123.117697">
<name>Orange Julius</name>
<cmt>food</cmt>
<desc>Fast Food / Chain</desc>
<sym>Dot</sym>
<type>food</type>
</wpt>
<wpt lat="49.280133" lon="-123.106397">
<name>Don José</name>
<cmt>food</cmt>
<desc>Fast Food / Chain</desc>
<sym>Dot</sym>
<type>food</type>
</wpt>
<wpt lat="49.286385" lon="-123.127239">
<name>Abode</name>
<cmt>coffee</cmt>
<desc>Café / Coffee</desc>
<sym>Dot</sym>
<type>food</type>
</wpt>
<wpt lat="49.284848" lon="-123.120957">
<name>Tim Hortons</name>
<cmt>food</cmt>
<desc>Fast Food / Chain</desc>
<sym>Dot</sym>
<type>food</type>
</wpt>
<wpt lat="49.283743" lon="-123.104435">
<name>Monarca</name>
<cmt>food</cmt>
<desc>Restaurant</desc>
<sym>Dot</sym>
<type>food</type>
</wpt>
<wpt lat="49.263585" lon="-123.128061">
<name>John 3:16 Malaysian Delights</name>
<cmt>food</cmt>
<desc>Restaurant</desc>
<sym>Dot</sym>
<type>food</type>
</wpt>
<wpt lat="49.280223" lon="-123.107405">
<name>Crosstown Liquor Store</name>
<cmt>convenience_store</cmt>
<desc>Liquor Store</desc>
<sym>Dot</sym>
<type>store</type>
</wpt>
<wpt lat="49.280151" lon="-123.109872">
<name>Chambar</name>
<cmt>food</cmt>
<desc>Restaurant</desc>
<sym>Dot</sym>
<type>food</type>
</wpt>
<wpt lat="49.278160" lon="-123.114459">
<name>Blu Hotel</name>
<cmt>lodging</cmt>
<desc>Hotel / Motel</desc>
<sym>Dot</sym>
<type>shelter</type>
</wpt>
<wpt lat="49.282010" lon="-123.108032">
<name>Cielito Lindo</name>
<cmt>food</cmt>
<desc>Restaurant</desc>
<sym>Dot</sym>
<type>food</type>
</wpt>
<wpt lat="49.281299" lon="-123.113769">
<name>Oakberry Acai</name>
<cmt>food</cmt>
<desc>Restaurant</desc>
<sym>Dot</sym>
<type>food</type>
</wpt>
<wpt lat="49.280175" lon="-123.106364">
<name>Little Bangkok</name>
<cmt>food</cmt>
<desc>Fast Food / Chain</desc>
<sym>Dot</sym>
<type>food</type>
</wpt>
<wpt lat="49.209911" lon="-123.116682">
<name>Neptune Palace Seafood</name>
<cmt>food</cmt>
<desc>Restaurant</desc>
<sym>Dot</sym>
<type>food</type>
</wpt>
<wpt lat="49.270826" lon="-123.146765">
<name>Annalena</name>
<cmt>food</cmt>
<desc>Restaurant</desc>
<sym>Dot</sym>
<type>food</type>
</wpt>
<wpt lat="49.277602" lon="-123.127219">
<name>Tim Hortons</name>
<cmt>food</cmt>
<desc>Fast Food / Chain</desc>
<sym>Dot</sym>
<type>food</type>
</wpt>
<wpt lat="49.278455" lon="-123.098247">
<name>Phnom Penh Restaurant</name>
<cmt>food</cmt>
<desc>Restaurant</desc>
<sym>Dot</sym>
<type>food</type>
</wpt>
<wpt lat="49.286293" lon="-123.125596">
<name>Kirin Restaurant</name>
<cmt>food</cmt>
<desc>Restaurant</desc>
<sym>Dot</sym>
<type>food</type>
</wpt>
<wpt lat="49.263540" lon="-123.123896">
<name>Legendary Noodle</name>
<cmt>food</cmt>
<desc>Restaurant</desc>
<sym>Dot</sym>
<type>food</type>
</wpt>
<wpt lat="49.269248" lon="-123.145988">
<name>Sushi Flamingo</name>
<cmt>food</cmt>
<desc>Restaurant</desc>
<sym>Dot</sym>
<type>food</type>
</wpt>
<wpt lat="49.263512" lon="-123.123390">
<name>Tim Hortons</name>
<cmt>food</cmt>
<desc>Fast Food / Chain</desc>
<sym>Dot</sym>
<type>food</type>
</wpt>
<wpt lat="49.281993" lon="-123.107973">
<name>Hoxton Gastown</name>
<cmt>food</cmt>
<desc>Restaurant</desc>
<sym>Dot</sym>
<type>food</type>
</wpt>
<wpt lat="49.280214" lon="-123.106334">
<name>Bali Thai</name>
<cmt>food</cmt>
<desc>Fast Food / Chain</desc>
<sym>Dot</sym>
<type>food</type>
</wpt>
<wpt lat="49.279620" lon="-123.100570">
<name>Bao Bei</name>
<cmt>food</cmt>
<desc>Restaurant</desc>
<sym>Dot</sym>
<type>food</type>
</wpt>
<wpt lat="49.286036" lon="-123.123030">
<name>49th Parallel Café &amp; Lucky's Doughnuts</name>
<cmt>food</cmt>
<desc>Bakery / Donuts</desc>
<sym>Dot</sym>
<type>food</type>
</wpt>
<wpt lat="49.286379" lon="-123.127863">
<name>Konbiniya Japan Centre</name>
<cmt>convenience_store</cmt>
<desc>Convenience Store</desc>
<sym>Dot</sym>
<type>store</type>
</wpt>
<wpt lat="49.280288" lon="-123.107400">
<name>7-Eleven</name>
<cmt>convenience_store</cmt>
<desc>Convenience Store</desc>
<sym>Dot</sym>
<type>store</type>
</wpt>
<wpt lat="49.283483" lon="-123.104772">
<name>Buro Coffee Bar</name>
<cmt>coffee</cmt>
<desc>Café / Coffee</desc>
<sym>Dot</sym>
<type>food</type>
</wpt>
<wpt lat="49.277516" lon="-123.127083">
<name>Sushi Howe</name>
<cmt>food</cmt>
<desc>Fast Food / Chain</desc>
<sym>Dot</sym>
<type>food</type>
</wpt>
<wpt lat="49.279005" lon="-123.113157">
<name>Moxie's</name>
<cmt>food</cmt>
<desc>Restaurant</desc>
<sym>Dot</sym>
<type>food</type>
</wpt>
<wpt lat="49.282511" lon="-123.106806">
<name>The Metropole Community Pub</name>
<cmt>bar</cmt>
<desc>Brewery / Pub</desc>
<sym>Dot</sym>
<type>food</type>
</wpt>
<wpt lat="49.281070" lon="-123.111782">
<name>Seiffert Market and Bakeshop</name>
<cmt>food</cmt>
<desc>Bakery / Donuts</desc>
<sym>Dot</sym>
<type>food</type>
</wpt>
<wpt lat="49.264573" lon="-123.114471">
<name>Red Burrito</name>
<cmt>food</cmt>
<desc>Fast Food / Chain</desc>
<sym>Dot</sym>
<type>food</type>
</wpt>
<wpt lat="49.286343" lon="-123.127790">
<name>Rice &amp; Noodle</name>
<cmt>food</cmt>
<desc>Restaurant</desc>
<sym>Dot</sym>
<type>food</type>
</wpt>
<wpt lat="49.263639" lon="-123.126978">
<name>Privé</name>
<cmt>food</cmt>
<desc>Restaurant</desc>
<sym>Dot</sym>
<type>food</type>
</wpt>
<wpt lat="49.284768" lon="-123.121069">
<name>McDonald's</name>
<cmt>food</cmt>
<desc>Fast Food / Chain</desc>
<sym>Dot</sym>
<type>food</type>
</wpt>
<wpt lat="49.270827" lon="-123.146857">
<name>Okanagan Estate Wine Cellars</name>
<cmt>winery</cmt>
<desc>Winery / Cidery</desc>
<sym>Dot</sym>
<type>food</type>
</wpt>
<wpt lat="49.280266" lon="-123.109748">
<name>Devil's Elbow Ale and Smoke House</name>
<cmt>bar</cmt>
<desc>Brewery / Pub</desc>
<sym>Dot</sym>
<type>food</type>
</wpt>
<wpt lat="49.278419" lon="-123.098090">
<name>The Irish Heather Shebeen</name>
<cmt>bar</cmt>
<desc>Brewery / Pub</desc>
<sym>Dot</sym>
<type>food</type>
</wpt>
<wpt lat="49.277439" lon="-123.126960">
<name>Urban Choice Market</name>
<cmt>convenience_store</cmt>
<desc>Convenience Store</desc>
<sym>Dot</sym>
<type>store</type>
</wpt>
<wpt lat="49.286316" lon="-123.127733">
<name>Chicko Chicken</name>
<cmt>food</cmt>
<desc>Fast Food / Chain</desc>
<sym>Dot</sym>
<type>food</type>
</wpt>
<wpt lat="49.286237" lon="-123.125507">
<name>Red Burrito</name>
<cmt>food</cmt>
<desc>Restaurant</desc>
<sym>Dot</sym>
<type>food</type>
</wpt>
<wpt lat="49.263551" lon="-123.125484">
<name>Chef's Choice Chinese Cuisine</name>
<cmt>food</cmt>
<desc>Restaurant</desc>
<sym>Dot</sym>
<type>food</type>
</wpt>
<wpt lat="49.278669" lon="-123.128290">
<name>Sushi Mugen</name>
<cmt>food</cmt>
<desc>Restaurant</desc>
<sym>Dot</sym>
<type>food</type>
</wpt>
<wpt lat="49.280319" lon="-123.107113">
<name>Carnitas Don Jose</name>
<cmt>food</cmt>
<desc>Fast Food / Chain</desc>
<sym>Dot</sym>
<type>food</type>
</wpt>
<wpt lat="49.265489" lon="-123.139888">
<name>Café salade de fruits</name>
<cmt>coffee</cmt>
<desc>Café / Coffee</desc>
<sym>Dot</sym>
<type>food</type>
</wpt>
<wpt lat="49.283499" lon="-123.118883">
<name>Prophecy Cocktail Bar</name>
<cmt>bar</cmt>
<desc>Brewery / Pub</desc>
<sym>Dot</sym>
<type>food</type>
</wpt>
<wpt lat="49.263554" lon="-123.125692">
<name>Tozen Sushi Bar</name>
<cmt>food</cmt>
<desc>Restaurant</desc>
<sym>Dot</sym>
<type>food</type>
</wpt>
<wpt lat="49.209994" lon="-123.116590">
<name>Baskin-Robbins</name>
<cmt>food</cmt>
<desc>Ice Cream</desc>
<sym>Dot</sym>
<type>food</type>
</wpt>
<wpt lat="49.281218" lon="-123.113903">
<name>Body Energy Club</name>
<cmt>convenience_store</cmt>
<desc>Specialty / Health Food</desc>
<sym>Dot</sym>
<type>store</type>
</wpt>
<wpt lat="49.263424" lon="-123.117312">
<name>Cactus Club Cafe</name>
<cmt>food</cmt>
<desc>Restaurant</desc>
<sym>Dot</sym>
<type>food</type>
</wpt>
<wpt lat="49.264675" lon="-123.114244">
<name>Save-On-Foods</name>
<cmt>convenience_store</cmt>
<desc>Grocery Store</desc>
<sym>Dot</sym>
<type>store</type>
</wpt>
<wpt lat="49.280308" lon="-123.109681">
<name>Jam Cafe</name>
<cmt>coffee</cmt>
<desc>Café / Coffee</desc>
<sym>Dot</sym>
<type>food</type>
</wpt>
<wpt lat="49.276776" lon="-123.126463">
<name>Tequila Cocina</name>
<cmt>food</cmt>
<desc>Restaurant</desc>
<sym>Dot</sym>
<type>food</type>
</wpt>
<wpt lat="49.286283" lon="-123.127685">
<name>Raclette Steaks</name>
<cmt>food</cmt>
<desc>Restaurant</desc>
<sym>Dot</sym>
<type>food</type>
</wpt>
<wpt lat="49.206463" lon="-123.147683">
<name>Ho Yuen Cafe</name>
<cmt>coffee</cmt>
<desc>Café / Coffee</desc>
<sym>Dot</sym>
<type>food</type>
</wpt>
<wpt lat="49.278776" lon="-123.128352">
<name>El Paisano</name>
<cmt>convenience_store</cmt>
<desc>Grocery Store</desc>
<sym>Dot</sym>
<type>store</type>
</wpt>
<wpt lat="49.282920" lon="-123.117907">
<name>La Prep</name>
<cmt>food</cmt>
<desc>Fast Food / Chain</desc>
<sym>Dot</sym>
<type>food</type>
</wpt>
<wpt lat="49.286253" lon="-123.127635">
<name>Momo Sushi</name>
<cmt>food</cmt>
<desc>Restaurant</desc>
<sym>Dot</sym>
<type>food</type>
</wpt>
<wpt lat="49.280383" lon="-123.107405">
<name>Tokyo In April</name>
<cmt>food</cmt>
<desc>Restaurant</desc>
<sym>Dot</sym>
<type>food</type>
</wpt>
<wpt lat="49.263581" lon="-123.127202">
<name>Minato Japanese Restaurant</name>
<cmt>food</cmt>
<desc>Restaurant</desc>
<sym>Dot</sym>
<type>food</type>
</wpt>
<wpt lat="49.278444" lon="-123.114328">
<name>JINMI</name>
<cmt>food</cmt>
<desc>Restaurant</desc>
<sym>Dot</sym>
<type>food</type>
</wpt>
<wpt lat="49.278414" lon="-123.127896">
<name>Breka Bakery &amp; Café</name>
<cmt>food</cmt>
<desc>Bakery / Donuts</desc>
<sym>Dot</sym>
<type>food</type>
</wpt>
<wpt lat="49.268614" lon="-123.158778">
<name>Starbucks</name>
<cmt>food</cmt>
<desc>Fast Food / Chain</desc>
<sym>Dot</sym>
<type>food</type>
</wpt>
<wpt lat="49.210053" lon="-123.116731">
<name>Freshslice Pizza</name>
<cmt>food</cmt>
<desc>Fast Food / Chain</desc>
<sym>Dot</sym>
<type>food</type>
</wpt>
<wpt lat="49.278575" lon="-123.114112">
<name>Fanny Bay Oyster Bar</name>
<cmt>food</cmt>
<desc>Restaurant</desc>
<sym>Dot</sym>
<type>food</type>
</wpt>
<wpt lat="49.286150" lon="-123.126496">
<name>Beest</name>
<cmt>food</cmt>
<desc>Restaurant</desc>
<sym>Dot</sym>
<type>food</type>
</wpt>
<wpt lat="49.286181" lon="-123.125417">
<name>Dragon Bowl</name>
<cmt>food</cmt>
<desc>Fast Food / Chain</desc>
<sym>Dot</sym>
<type>food</type>
</wpt>
<wpt lat="49.265488" lon="-123.140006">
<name>Centre culturel francophone</name>
<cmt>monument</cmt>
<desc>Museum / Gallery</desc>
<sym>Dot</sym>
<type>info</type>
</wpt>
<wpt lat="49.277074" lon="-123.126565">
<name>Quality Inn &amp; Suites Downtown Vancouver</name>
<cmt>lodging</cmt>
<desc>Hotel / Motel</desc>
<sym>Dot</sym>
<type>shelter</type>
</wpt>
<wpt lat="49.283657" lon="-123.104122">
<name>Guilt &amp; Co</name>
<cmt>bar</cmt>
<desc>Brewery / Pub</desc>
<sym>Dot</sym>
<type>food</type>
</wpt>
<wpt lat="49.264000" lon="-123.115281">
<name>Whole Foods Market</name>
<cmt>convenience_store</cmt>
<desc>Grocery Store</desc>
<sym>Dot</sym>
<type>store</type>
</wpt>
<wpt lat="49.278781" lon="-123.128286">
<name>Twins Chinese Kitchen</name>
<cmt>food</cmt>
<desc>Restaurant</desc>
<sym>Dot</sym>
<type>food</type>
</wpt>
<wpt lat="49.278283" lon="-123.127696">
<name>Canadian Music Centre in BC</name>
<cmt>monument</cmt>
<desc>Museum / Gallery</desc>
<sym>Dot</sym>
<type>info</type>
</wpt>
<wpt lat="49.281025" lon="-123.113094">
<name>Gong Cha</name>
<cmt>coffee</cmt>
<desc>Café / Coffee</desc>
<sym>Dot</sym>
<type>food</type>
</wpt>
<wpt lat="49.279027" lon="-123.113405">
<name>Sandman Hotel Vancouver City Centre</name>
<cmt>lodging</cmt>
<desc>Hotel / Motel</desc>
<sym>Dot</sym>
<type>shelter</type>
</wpt>
<wpt lat="49.263412" lon="-123.116998">
<name>Pizza Rubato Napoletana</name>
<cmt>food</cmt>
<desc>Restaurant</desc>
<sym>Dot</sym>
<type>food</type>
</wpt>
<wpt lat="49.287020" lon="-123.135782">
<name>Cardero Cafe</name>
<cmt>coffee</cmt>
<desc>Café / Coffee</desc>
<sym>Dot</sym>
<type>food</type>
</wpt>
<wpt lat="49.286191" lon="-123.127545">
<name>Horin Ramen + Sake</name>
<cmt>food</cmt>
<desc>Restaurant</desc>
<sym>Dot</sym>
<type>food</type>
</wpt>
<wpt lat="49.277295" lon="-123.126667">
<name>Fritz's European Fry House/Poutine</name>
<cmt>food</cmt>
<desc>Fast Food / Chain</desc>
<sym>Dot</sym>
<type>food</type>
</wpt>
<wpt lat="49.270829" lon="-123.147043">
<name>New Fuji</name>
<cmt>food</cmt>
<desc>Restaurant</desc>
<sym>Dot</sym>
<type>food</type>
</wpt>
<wpt lat="49.282087" lon="-123.116542">
<name>Dingding Restaurant</name>
<cmt>food</cmt>
<desc>Restaurant</desc>
<sym>Dot</sym>
<type>food</type>
</wpt>
<wpt lat="49.268347" lon="-123.156548">
<name>JAK's Beer Wine Spirits</name>
<cmt>convenience_store</cmt>
<desc>Liquor Store</desc>
<sym>Dot</sym>
<type>store</type>
</wpt>
<wpt lat="49.268209" lon="-123.145272">
<name>Comor Sports</name>
<cmt>bike_shop</cmt>
<desc>Repair Shop</desc>
<sym>Dot</sym>
<type>gear</type>
</wpt>
<wpt lat="49.279346" lon="-123.099337">
<name>Tim Hortons</name>
<cmt>food</cmt>
<desc>Fast Food / Chain</desc>
<sym>Dot</sym>
<type>food</type>
</wpt>
<wpt lat="49.267902" lon="-123.144844">
<name>Comor Sports Outlet Store</name>
<cmt>bike_shop</cmt>
<desc>Repair Shop</desc>
<sym>Dot</sym>
<type>gear</type>
</wpt>
<wpt lat="49.283431" lon="-123.104482">
<name>Oku Izakaya</name>
<cmt>food</cmt>
<desc>Restaurant</desc>
<sym>Dot</sym>
<type>food</type>
</wpt>
<wpt lat="49.281945" lon="-123.107631">
<name>Santo Taco</name>
<cmt>food</cmt>
<desc>Restaurant</desc>
<sym>Dot</sym>
<type>food</type>
</wpt>
<wpt lat="49.286159" lon="-123.127500">
<name>D'oro Gelato e Caffè</name>
<cmt>food</cmt>
<desc>Ice Cream</desc>
<sym>Dot</sym>
<type>food</type>
</wpt>
<wpt lat="49.277736" lon="-123.097161">
<name>Hunnybee Bruncheonette</name>
<cmt>food</cmt>
<desc>Restaurant</desc>
<sym>Dot</sym>
<type>food</type>
</wpt>
<wpt lat="49.268277" lon="-123.154035">
<name>Jam Café</name>
<cmt>coffee</cmt>
<desc>Café / Coffee</desc>
<sym>Dot</sym>
<type>food</type>
</wpt>
<wpt lat="49.263494" lon="-123.116493">
<name>Onigiri Ya</name>
<cmt>food</cmt>
<desc>Restaurant</desc>
<sym>Dot</sym>
<type>food</type>
</wpt>
<wpt lat="49.268375" lon="-123.157099">
<name>Whole Foods Market</name>
<cmt>convenience_store</cmt>
<desc>Grocery Store</desc>
<sym>Dot</sym>
<type>store</type>
</wpt>
<wpt lat="49.268277" lon="-123.153963">
<name>Tutto Belle Il Gelato</name>
<cmt>food</cmt>
<desc>Ice Cream</desc>
<sym>Dot</sym>
<type>food</type>
</wpt>
<wpt lat="49.263132" lon="-123.119462">
<name>Avik Bakery</name>
<cmt>food</cmt>
<desc>Bakery / Donuts</desc>
<sym>Dot</sym>
<type>food</type>
</wpt>
<wpt lat="49.280262" lon="-123.104193">
<name>8EAST</name>
<cmt>rest_stop</cmt>
<desc>Community Centre</desc>
<sym>Dot</sym>
<type>rest_area</type>
</wpt>
<wpt lat="49.277160" lon="-123.126493">
<name>Blenz Coffee</name>
<cmt>coffee</cmt>
<desc>Café / Coffee</desc>
<sym>Dot</sym>
<type>food</type>
</wpt>
<wpt lat="49.277206" lon="-123.126521">
<name>Numero Uno Pizza</name>
<cmt>food</cmt>
<desc>Fast Food / Chain</desc>
<sym>Dot</sym>
<type>food</type>
</wpt>
<wpt lat="49.276914" lon="-123.126335">
<name>Ambassador Hotel</name>
<cmt>lodging</cmt>
<desc>Hotel / Motel</desc>
<sym>Dot</sym>
<type>shelter</type>
</wpt>
<wpt lat="48.634860" lon="-123.406944">
<name>Salish Sea Beach House</name>
<cmt>lodging</cmt>
<desc>B&amp;B / Inn</desc>
<sym>Dot</sym>
<type>shelter</type>
</wpt>
<wpt lat="48.675134" lon="-123.424637">
<name>Smonećten (McDonald) Campground</name>
<cmt>camping</cmt>
<desc>Public Campground</desc>
<sym>Dot</sym>
<type>campsite</type>
</wpt>
<wpt lat="48.663885" lon="-123.417504">
<name>Co-op</name>
<cmt>convenience_store</cmt>
<desc>Convenience Store</desc>
<sym>Dot</sym>
<type>store</type>
</wpt>
<wpt lat="48.687032" lon="-123.409736">
<name>Lands End Café</name>
<cmt>coffee</cmt>
<desc>Café / Coffee</desc>
<sym>Dot</sym>
<type>food</type>
</wpt>
<wpt lat="48.661674" lon="-123.417225">
<name>Firehouse Subs</name>
<cmt>food</cmt>
<desc>Fast Food / Chain</desc>
<sym>Dot</sym>
<type>food</type>
</wpt>
<wpt lat="48.661565" lon="-123.417235">
<name>Noodlebox</name>
<cmt>food</cmt>
<desc>Fast Food / Chain</desc>
<sym>Dot</sym>
<type>food</type>
</wpt>
<wpt lat="48.661586" lon="-123.417966">
<name>Red Barn Market</name>
<cmt>convenience_store</cmt>
<desc>Grocery Store</desc>
<sym>Dot</sym>
<type>store</type>
</wpt>
<wpt lat="48.662391" lon="-123.418633">
<name>Popeyes Louisiana Chicken</name>
<cmt>food</cmt>
<desc>Fast Food / Chain</desc>
<sym>Dot</sym>
<type>food</type>
</wpt>
<wpt lat="48.662314" lon="-123.418629">
<name>Domino's</name>
<cmt>food</cmt>
<desc>Fast Food / Chain</desc>
<sym>Dot</sym>
<type>food</type>
</wpt>
<wpt lat="48.662138" lon="-123.418629">
<name>barBURRITO</name>
<cmt>food</cmt>
<desc>Fast Food / Chain</desc>
<sym>Dot</sym>
<type>food</type>
</wpt>
<wpt lat="48.661941" lon="-123.418619">
<name>Sandown Liquor Store</name>
<cmt>convenience_store</cmt>
<desc>Liquor Store</desc>
<sym>Dot</sym>
<type>store</type>
</wpt>
<wpt lat="48.661229" lon="-123.418752">
<name>Canadian Tire</name>
<cmt>convenience_store</cmt>
<desc>General merchandise</desc>
<sym>Dot</sym>
<type>store</type>
</wpt>
<wpt lat="48.664465" lon="-123.419821">
<name>Patricia Bay Visitor Centre</name>
<cmt>generic</cmt>
<desc>Visitor Centre</desc>
<sym>Dot</sym>
<type>generic</type>
</wpt>
<wpt lat="48.682643" lon="-123.406965">
<name>Stonehouse Pub</name>
<cmt>bar</cmt>
<desc>Brewery / Pub</desc>
<sym>Dot</sym>
<type>food</type>
</wpt>
<wpt lat="49.193326" lon="-123.129722">
<name>Daily Delicious</name>
<cmt>food</cmt>
<desc>Bakery / Donuts</desc>
<sym>Dot</sym>
<type>food</type>
</wpt>
<wpt lat="49.193049" lon="-123.129690">
<name>Uno Beef Noodle</name>
<cmt>food</cmt>
<desc>Restaurant</desc>
<sym>Dot</sym>
<type>food</type>
</wpt>
<wpt lat="49.196180" lon="-123.127549">
<name>Privé Bar</name>
<cmt>bar</cmt>
<desc>Brewery / Pub</desc>
<sym>Dot</sym>
<type>food</type>
</wpt>
<wpt lat="49.125344" lon="-123.192265">
<name>Garry Point Grill &amp; Fish 'N' Chips</name>
<cmt>food</cmt>
<desc>Fast Food / Chain</desc>
<sym>Dot</sym>
<type>food</type>
</wpt>
<wpt lat="49.125087" lon="-123.185619">
<name>Steveston Pizza Co.</name>
<cmt>food</cmt>
<desc>Restaurant</desc>
<sym>Dot</sym>
<type>food</type>
</wpt>
<wpt lat="49.124172" lon="-123.182947">
<name>Waves Coffee House</name>
<cmt>coffee</cmt>
<desc>Café / Coffee</desc>
<sym>Dot</sym>
<type>food</type>
</wpt>
<wpt lat="49.124303" lon="-123.183936">
<name>Britannia Brewing Company</name>
<cmt>bar</cmt>
<desc>Brewery / Pub</desc>
<sym>Dot</sym>
<type>food</type>
</wpt>
<wpt lat="49.193073" lon="-123.129836">
<name>The Jade Seafood Restaurant</name>
<cmt>food</cmt>
<desc>Restaurant</desc>
<sym>Dot</sym>
<type>food</type>
</wpt>
<wpt lat="49.124201" lon="-123.183063">
<name>Sprinkles Gelato and Dessert House</name>
<cmt>food</cmt>
<desc>Ice Cream</desc>
<sym>Dot</sym>
<type>food</type>
</wpt>
<wpt lat="49.124414" lon="-123.184633">
<name>G-Men at Steveston Ramen Shop</name>
<cmt>food</cmt>
<desc>Restaurant</desc>
<sym>Dot</sym>
<type>food</type>
</wpt>
<wpt lat="49.125335" lon="-123.185970">
<name>The Steveston Cafe &amp; Hotel</name>
<cmt>lodging</cmt>
<desc>Hotel / Motel</desc>
<sym>Dot</sym>
<type>shelter</type>
</wpt>
<wpt lat="49.124353" lon="-123.184033">
<name>Koji Mini Mart</name>
<cmt>convenience_store</cmt>
<desc>Grocery Store</desc>
<sym>Dot</sym>
<type>store</type>
</wpt>
<wpt lat="49.187251" lon="-123.136690">
<name>Oui Patisserie</name>
<cmt>food</cmt>
<desc>Bakery / Donuts</desc>
<sym>Dot</sym>
<type>food</type>
</wpt>
<wpt lat="49.124360" lon="-123.184002">
<name>CHJ Bistro</name>
<cmt>food</cmt>
<desc>Restaurant</desc>
<sym>Dot</sym>
<type>food</type>
</wpt>
<wpt lat="49.196607" lon="-123.127204">
<name>River Rock Casino Gift Shop</name>
<cmt>convenience_store</cmt>
<desc>Convenience Store</desc>
<sym>Dot</sym>
<type>store</type>
</wpt>
<wpt lat="49.124738" lon="-123.185942">
<name>Screamers Soft Serve &amp; Treats</name>
<cmt>food</cmt>
<desc>Ice Cream</desc>
<sym>Dot</sym>
<type>food</type>
</wpt>
<wpt lat="49.124313" lon="-123.183375">
<name>Timmy Kitchen</name>
<cmt>food</cmt>
<desc>Restaurant</desc>
<sym>Dot</sym>
<type>food</type>
</wpt>
<wpt lat="49.189446" lon="-123.131698">
<name>Trees Organic Coffee</name>
<cmt>coffee</cmt>
<desc>Café / Coffee</desc>
<sym>Dot</sym>
<type>food</type>
</wpt>
<wpt lat="49.124043" lon="-123.184348">
<name>Timothy's Frozen Yogurt</name>
<cmt>food</cmt>
<desc>Ice Cream</desc>
<sym>Dot</sym>
<type>food</type>
</wpt>
<wpt lat="49.123773" lon="-123.182158">
<name>Blenz Coffee</name>
<cmt>coffee</cmt>
<desc>Café / Coffee</desc>
<sym>Dot</sym>
<type>food</type>
</wpt>
<wpt lat="49.124036" lon="-123.180895">
<name>Starbucks</name>
<cmt>food</cmt>
<desc>Fast Food / Chain</desc>
<sym>Dot</sym>
<type>food</type>
</wpt>
<wpt lat="49.117584" lon="-123.157774">
<name>Diplomat Bakery</name>
<cmt>food</cmt>
<desc>Bakery / Donuts</desc>
<sym>Dot</sym>
<type>food</type>
</wpt>
<wpt lat="49.124000" lon="-123.184344">
<name>Timothy's Frozen Yogurt</name>
<cmt>food</cmt>
<desc>Ice Cream</desc>
<sym>Dot</sym>
<type>food</type>
</wpt>
<wpt lat="49.123889" lon="-123.183553">
<name>Nyonya House Malaysian Restaurant</name>
<cmt>food</cmt>
<desc>Restaurant</desc>
<sym>Dot</sym>
<type>food</type>
</wpt>
<wpt lat="49.123718" lon="-123.182180">
<name>Aloha Hawaiian Grill</name>
<cmt>food</cmt>
<desc>Restaurant</desc>
<sym>Dot</sym>
<type>food</type>
</wpt>
<wpt lat="49.124471" lon="-123.184010">
<name>Vancouver Whale Watch</name>
<cmt>viewpoint</cmt>
<desc>Activity / Experience</desc>
<sym>Dot</sym>
<type>overlook</type>
</wpt>
<wpt lat="49.125088" lon="-123.185311">
<name>Kisamos Greek Taverna</name>
<cmt>food</cmt>
<desc>Restaurant</desc>
<sym>Dot</sym>
<type>food</type>
</wpt>
<wpt lat="49.123951" lon="-123.184348">
<name>The Village Burgery</name>
<cmt>food</cmt>
<desc>Fast Food / Chain</desc>
<sym>Dot</sym>
<type>food</type>
</wpt>
<wpt lat="49.123575" lon="-123.181229">
<name>Steveston Seabreeze Adventures</name>
<cmt>viewpoint</cmt>
<desc>Activity / Experience</desc>
<sym>Dot</sym>
<type>overlook</type>
</wpt>
<wpt lat="49.124503" lon="-123.184034">
<name>Sally's Homemade Ice Cream</name>
<cmt>food</cmt>
<desc>Ice Cream</desc>
<sym>Dot</sym>
<type>food</type>
</wpt>
<wpt lat="49.195981" lon="-123.128395">
<name>Zio's</name>
<cmt>food</cmt>
<desc>Fast Food / Chain</desc>
<sym>Dot</sym>
<type>food</type>
</wpt>
<wpt lat="49.123837" lon="-123.183576">
<name>Freshslice Pizza</name>
<cmt>food</cmt>
<desc>Fast Food / Chain</desc>
<sym>Dot</sym>
<type>food</type>
</wpt>
<wpt lat="49.123685" lon="-123.182329">
<name>Hog Shack Cook House</name>
<cmt>food</cmt>
<desc>Restaurant</desc>
<sym>Dot</sym>
<type>food</type>
</wpt>
<wpt lat="49.123666" lon="-123.182181">
<name>Milky Snow</name>
<cmt>food</cmt>
<desc>Restaurant</desc>
<sym>Dot</sym>
<type>food</type>
</wpt>
<wpt lat="49.124521" lon="-123.184039">
<name>Outpost Mini Donut Company</name>
<cmt>food</cmt>
<desc>Bakery / Donuts</desc>
<sym>Dot</sym>
<type>food</type>
</wpt>
<wpt lat="49.137261" lon="-123.194430">
<name>Seabreeze Guest House</name>
<cmt>lodging</cmt>
<desc>B&amp;B / Inn</desc>
<sym>Dot</sym>
<type>shelter</type>
</wpt>
<wpt lat="49.123937" lon="-123.184610">
<name>Lavash Seaside Grill</name>
<cmt>food</cmt>
<desc>Restaurant</desc>
<sym>Dot</sym>
<type>food</type>
</wpt>
<wpt lat="49.124172" lon="-123.180952">
<name>Steveston Built Local Taphouse</name>
<cmt>bar</cmt>
<desc>Brewery / Pub</desc>
<sym>Dot</sym>
<type>food</type>
</wpt>
<wpt lat="49.164016" lon="-122.989566">
<name>Tugboat Annie's Pub</name>
<cmt>food</cmt>
<desc>Restaurant</desc>
<sym>Dot</sym>
<type>food</type>
</wpt>
<wpt lat="49.123829" lon="-123.183906">
<name>Shady Island Seafood Bar &amp; Grill</name>
<cmt>food</cmt>
<desc>Restaurant</desc>
<sym>Dot</sym>
<type>food</type>
</wpt>
<wpt lat="49.123774" lon="-123.183594">
<name>Catch Kitchen + Bar</name>
<cmt>bar</cmt>
<desc>Brewery / Pub</desc>
<sym>Dot</sym>
<type>food</type>
</wpt>
<wpt lat="49.125081" lon="-123.185169">
<name>Dave's Fish &amp; Chips</name>
<cmt>food</cmt>
<desc>Restaurant</desc>
<sym>Dot</sym>
<type>food</type>
</wpt>
<wpt lat="49.196737" lon="-123.127475">
<name>Miku Richmond</name>
<cmt>food</cmt>
<desc>Restaurant</desc>
<sym>Dot</sym>
<type>food</type>
</wpt>
<wpt lat="49.196599" lon="-123.127681">
<name>Gordon Ramsay Steak</name>
<cmt>food</cmt>
<desc>Restaurant</desc>
<sym>Dot</sym>
<type>food</type>
</wpt>
<wpt lat="49.124229" lon="-123.180952">
<name>Breakfast Table</name>
<cmt>food</cmt>
<desc>Restaurant</desc>
<sym>Dot</sym>
<type>food</type>
</wpt>
<wpt lat="49.113663" lon="-123.114240">
<name>Finn Slough (Tidal Community)</name>
<cmt>viewpoint</cmt>
<desc>Activity / Experience</desc>
<sym>Dot</sym>
<type>overlook</type>
</wpt>
<wpt lat="49.169484" lon="-123.036794">
<name>Lulu Island Winery</name>
<cmt>winery</cmt>
<desc>Winery / Cidery</desc>
<sym>Dot</sym>
<type>food</type>
</wpt>
<wpt lat="49.123726" lon="-123.183614">
<name>Blue Canoe</name>
<cmt>food</cmt>
<desc>Restaurant</desc>
<sym>Dot</sym>
<type>food</type>
</wpt>
<wpt lat="49.124651" lon="-123.183985">
<name>B&amp;P Ice Cream Coffee</name>
<cmt>food</cmt>
<desc>Ice Cream</desc>
<sym>Dot</sym>
<type>food</type>
</wpt>
<wpt lat="49.122813" lon="-123.176210">
<name>Steveston Waterfront Hotel</name>
<cmt>lodging</cmt>
<desc>Hotel / Motel</desc>
<sym>Dot</sym>
<type>shelter</type>
</wpt>
<wpt lat="49.123558" lon="-123.182611">
<name>Kove Kitchen</name>
<cmt>food</cmt>
<desc>Restaurant</desc>
<sym>Dot</sym>
<type>food</type>
</wpt>
<wpt lat="49.196204" lon="-123.126456">
<name>Sea Harbour Restaurant</name>
<cmt>food</cmt>
<desc>Restaurant</desc>
<sym>Dot</sym>
<type>food</type>
</wpt>
<wpt lat="49.123475" lon="-123.182143">
<name>Kari House Restaurant</name>
<cmt>food</cmt>
<desc>Restaurant</desc>
<sym>Dot</sym>
<type>food</type>
</wpt>
<wpt lat="49.123038" lon="-123.178547">
<name>Baan Lao Fine Thai Cuisine</name>
<cmt>food</cmt>
<desc>Restaurant</desc>
<sym>Dot</sym>
<type>food</type>
</wpt>
<wpt lat="49.124460" lon="-123.181872">
<name>Enishi Japanese Kitchen</name>
<cmt>food</cmt>
<desc>Restaurant</desc>
<sym>Dot</sym>
<type>food</type>
</wpt>
<wpt lat="49.191260" lon="-123.129409">
<name>Starbucks</name>
<cmt>food</cmt>
<desc>Fast Food / Chain</desc>
<sym>Dot</sym>
<type>food</type>
</wpt>
<wpt lat="49.122964" lon="-123.178264">
<name>Lee's Donuts</name>
<cmt>food</cmt>
<desc>Bakery / Donuts</desc>
<sym>Dot</sym>
<type>food</type>
</wpt>
<wpt lat="49.191633" lon="-123.130960">
<name>Italian Tomato Restaurant</name>
<cmt>food</cmt>
<desc>Restaurant</desc>
<sym>Dot</sym>
<type>food</type>
</wpt>
<wpt lat="49.191643" lon="-123.128930">
<name>Doner Dude</name>
<cmt>food</cmt>
<desc>Fast Food / Chain</desc>
<sym>Dot</sym>
<type>food</type>
</wpt>
<wpt lat="49.125303" lon="-123.184916">
<name>Steveston Coffee Co.</name>
<cmt>coffee</cmt>
<desc>Café / Coffee</desc>
<sym>Dot</sym>
<type>food</type>
</wpt>
<wpt lat="49.177667" lon="-123.146301">
<name>Wasuta Pasta</name>
<cmt>food</cmt>
<desc>Restaurant</desc>
<sym>Dot</sym>
<type>food</type>
</wpt>
<wpt lat="49.125085" lon="-123.184836">
<name>Kun's Omakase Bar</name>
<cmt>food</cmt>
<desc>Restaurant</desc>
<sym>Dot</sym>
<type>food</type>
</wpt>
<wpt lat="49.191641" lon="-123.128783">
<name>KFC</name>
<cmt>food</cmt>
<desc>Fast Food / Chain</desc>
<sym>Dot</sym>
<type>food</type>
</wpt>
<wpt lat="49.114320" lon="-123.151140">
<name>London Farm</name>
<cmt>monument</cmt>
<desc>Museum / Gallery</desc>
<sym>Dot</sym>
<type>info</type>
</wpt>
<wpt lat="49.124617" lon="-123.181633">
<name>Vogue Cafe</name>
<cmt>food</cmt>
<desc>Restaurant</desc>
<sym>Dot</sym>
<type>food</type>
</wpt>
<wpt lat="49.125874" lon="-123.185577">
<name>Save-On-Foods</name>
<cmt>convenience_store</cmt>
<desc>Grocery Store</desc>
<sym>Dot</sym>
<type>store</type>
</wpt>
<wpt lat="49.123913" lon="-123.186367">
<name>Pajo's Fish and Chips</name>
<cmt>food</cmt>
<desc>Fast Food / Chain</desc>
<sym>Dot</sym>
<type>food</type>
</wpt>
<wpt lat="49.125065" lon="-123.194296">
<name>Kuno Garden</name>
<cmt>park</cmt>
<desc>Park / Nature</desc>
<sym>Dot</sym>
<type>rest_area</type>
</wpt>
<wpt lat="49.157125" lon="-123.081670">
<name>Sanduz Estate Wines Inc.</name>
<cmt>winery</cmt>
<desc>Winery / Cidery</desc>
<sym>Dot</sym>
<type>food</type>
</wpt>
<wpt lat="49.191644" lon="-123.128623">
<name>Subway</name>
<cmt>food</cmt>
<desc>Fast Food / Chain</desc>
<sym>Dot</sym>
<type>food</type>
</wpt>
<wpt lat="49.118663" lon="-123.158638">
<name>Sanctuary Cafe</name>
<cmt>coffee</cmt>
<desc>Café / Coffee</desc>
<sym>Dot</sym>
<type>food</type>
</wpt>
<wpt lat="49.195700" lon="-123.126585">
<name>The Hotel at River Rock</name>
<cmt>lodging</cmt>
<desc>Hotel / Motel</desc>
<sym>Dot</sym>
<type>shelter</type>
</wpt>
<wpt lat="49.125987" lon="-123.186040">
<name>Lavash Seaside Grill</name>
<cmt>food</cmt>
<desc>Restaurant</desc>
<sym>Dot</sym>
<type>food</type>
</wpt>
<wpt lat="49.124389" lon="-123.187320">
<name>Gulf of Georgia Cannery National Historic Site</name>
<cmt>monument</cmt>
<desc>Museum / Gallery</desc>
<sym>Dot</sym>
<type>info</type>
</wpt>
<wpt lat="49.118732" lon="-123.158637">
<name>Village Sushi</name>
<cmt>food</cmt>
<desc>Restaurant</desc>
<sym>Dot</sym>
<type>food</type>
</wpt>
<wpt lat="49.191645" lon="-123.128461">
<name>Jak's Liquor</name>
<cmt>convenience_store</cmt>
<desc>Liquor Store</desc>
<sym>Dot</sym>
<type>store</type>
</wpt>
<wpt lat="49.120784" lon="-123.169143">
<name>Britannia Shipyards National Historic Site</name>
<cmt>monument</cmt>
<desc>Museum / Gallery</desc>
<sym>Dot</sym>
<type>info</type>
</wpt>
<wpt lat="49.124726" lon="-123.181042">
<name>The Chef's Playground Eatery</name>
<cmt>food</cmt>
<desc>Restaurant</desc>
<sym>Dot</sym>
<type>food</type>
</wpt>
<wpt lat="49.124783" lon="-123.181362">
<name>Steveston Bakery</name>
<cmt>food</cmt>
<desc>Bakery / Donuts</desc>
<sym>Dot</sym>
<type>food</type>
</wpt>
<wpt lat="49.125082" lon="-123.183624">
<name>Moncton Pizzeria</name>
<cmt>food</cmt>
<desc>Fast Food / Chain</desc>
<sym>Dot</sym>
<type>food</type>
</wpt>
<wpt lat="49.186595" lon="-123.135832">
<name>Tin Tin Seafood Harbour</name>
<cmt>food</cmt>
<desc>Restaurant</desc>
<sym>Dot</sym>
<type>food</type>
</wpt>
<wpt lat="49.191250" lon="-123.128660">
<name>Burger King</name>
<cmt>food</cmt>
<desc>Fast Food / Chain</desc>
<sym>Dot</sym>
<type>food</type>
</wpt>
<wpt lat="49.188006" lon="-123.132162">
<name>Canadian Tire</name>
<cmt>convenience_store</cmt>
<desc>General merchandise</desc>
<sym>Dot</sym>
<type>store</type>
</wpt>
<wpt lat="49.124796" lon="-123.181047">
<name>Something Sweet</name>
<cmt>food</cmt>
<desc>Restaurant</desc>
<sym>Dot</sym>
<type>food</type>
</wpt>
<wpt lat="49.124843" lon="-123.181045">
<name>Oretachi Curry</name>
<cmt>food</cmt>
<desc>Restaurant</desc>
<sym>Dot</sym>
<type>food</type>
</wpt>
<wpt lat="49.124900" lon="-123.181380">
<name>Sweet Surrender Gelato</name>
<cmt>food</cmt>
<desc>Ice Cream</desc>
<sym>Dot</sym>
<type>food</type>
</wpt>
<wpt lat="49.125066" lon="-123.182568">
<name>Toast to Coast Brunch Bar</name>
<cmt>food</cmt>
<desc>Restaurant</desc>
<sym>Dot</sym>
<type>food</type>
</wpt>
<wpt lat="49.125298" lon="-123.183907">
<name>Ora Sushi</name>
<cmt>food</cmt>
<desc>Restaurant</desc>
<sym>Dot</sym>
<type>food</type>
</wpt>
<wpt lat="49.124974" lon="-123.181038">
<name>John's Pan Pizza</name>
<cmt>food</cmt>
<desc>Restaurant</desc>
<sym>Dot</sym>
<type>food</type>
</wpt>
<wpt lat="49.123846" lon="-123.100967">
<name>The London Cafe</name>
<cmt>coffee</cmt>
<desc>Café / Coffee</desc>
<sym>Dot</sym>
<type>food</type>
</wpt>
<wpt lat="49.125067" lon="-123.181380">
<name>Rocanini Coffee Roasters</name>
<cmt>coffee</cmt>
<desc>Café / Coffee</desc>
<sym>Dot</sym>
<type>food</type>
</wpt>
<wpt lat="49.183766" lon="-123.137262">
<name>Tim Hortons</name>
<cmt>food</cmt>
<desc>Fast Food / Chain</desc>
<sym>Dot</sym>
<type>food</type>
</wpt>
<wpt lat="49.193584" lon="-123.127928">
<name>The Story Café</name>
<cmt>bar</cmt>
<desc>Brewery / Pub</desc>
<sym>Dot</sym>
<type>food</type>
</wpt>
<wpt lat="49.125366" lon="-123.183634">
<name>Cannery Café</name>
<cmt>food</cmt>
<desc>Restaurant</desc>
<sym>Dot</sym>
<type>food</type>
</wpt>
<wpt lat="49.192637" lon="-123.127731">
<name>Days Inn by Wyndham Vancouver Airport</name>
<cmt>lodging</cmt>
<desc>Hotel / Motel</desc>
<sym>Dot</sym>
<type>shelter</type>
</wpt>
<wpt lat="49.125322" lon="-123.182933">
<name>Steveston Village</name>
<cmt>viewpoint</cmt>
<desc>Activity / Experience</desc>
<sym>Dot</sym>
<type>overlook</type>
</wpt>
<wpt lat="49.192247" lon="-123.131630">
<name>Bruno</name>
<cmt>food</cmt>
<desc>Restaurant</desc>
<sym>Dot</sym>
<type>food</type>
</wpt>
<wpt lat="49.125354" lon="-123.182980">
<name>Steveston Museum</name>
<cmt>monument</cmt>
<desc>Museum / Gallery</desc>
<sym>Dot</sym>
<type>info</type>
</wpt>
<wpt lat="49.188055" lon="-123.131073">
<name>Pho 37</name>
<cmt>food</cmt>
<desc>Restaurant</desc>
<sym>Dot</sym>
<type>food</type>
</wpt>
<wpt lat="49.174350" lon="-123.151881">
<name>Time Out Cafe</name>
<cmt>coffee</cmt>
<desc>Café / Coffee</desc>
<sym>Dot</sym>
<type>food</type>
</wpt>
<wpt lat="49.125304" lon="-123.182093">
<name>Village Bikes</name>
<cmt>bike_shop</cmt>
<desc>Repair Shop</desc>
<sym>Dot</sym>
<type>gear</type>
</wpt>
<wpt lat="49.192372" lon="-123.131619">
<name>Versante Hotel</name>
<cmt>lodging</cmt>
<desc>Hotel / Motel</desc>
<sym>Dot</sym>
<type>shelter</type>
</wpt>
<wpt lat="49.125301" lon="-123.181675">
<name>Steveston Seafood House</name>
<cmt>food</cmt>
<desc>Restaurant</desc>
<sym>Dot</sym>
<type>food</type>
</wpt>
<wpt lat="49.192215" lon="-123.127450">
<name>Hampton Inn Vancouver Airport</name>
<cmt>lodging</cmt>
<desc>Hotel / Motel</desc>
<sym>Dot</sym>
<type>shelter</type>
</wpt>
<wpt lat="49.126243" lon="-123.184440">
<name>Ichiro Japanese Restaurant</name>
<cmt>food</cmt>
<desc>Fast Food / Chain</desc>
<sym>Dot</sym>
<type>food</type>
</wpt>
<wpt lat="49.125728" lon="-123.183849">
<name>Super Grocer</name>
<cmt>convenience_store</cmt>
<desc>Grocery Store</desc>
<sym>Dot</sym>
<type>store</type>
</wpt>
<wpt lat="49.190769" lon="-123.133265">
<name>The Westin Wall Centre Vancouver Airport</name>
<cmt>lodging</cmt>
<desc>Hotel / Motel</desc>
<sym>Dot</sym>
<type>shelter</type>
</wpt>
<wpt lat="49.125484" lon="-123.182919">
<name>Japanese Fishermen's Benevolent Society Building</name>
<cmt>viewpoint</cmt>
<desc>Activity / Experience</desc>
<sym>Dot</sym>
<type>overlook</type>
</wpt>
<wpt lat="49.187909" lon="-123.131070">
<name>Meet Fresh</name>
<cmt>food</cmt>
<desc>Restaurant</desc>
<sym>Dot</sym>
<type>food</type>
</wpt>
<wpt lat="49.126659" lon="-123.190641">
<name>Mega Sushi</name>
<cmt>food</cmt>
<desc>Restaurant</desc>
<sym>Dot</sym>
<type>food</type>
</wpt>
<wpt lat="49.126661" lon="-123.190482">
<name>Little Mexico Cantina</name>
<cmt>food</cmt>
<desc>Restaurant</desc>
<sym>Dot</sym>
<type>food</type>
</wpt>
<wpt lat="49.174408" lon="-123.151333">
<name>Richmond Olympic Experience</name>
<cmt>monument</cmt>
<desc>Museum / Gallery</desc>
<sym>Dot</sym>
<type>info</type>
</wpt>
<wpt lat="49.125016" lon="-123.178549">
<name>Richmond Public Library, Steveston Branch (Easthope Hub)</name>
<cmt>library</cmt>
<desc>Library</desc>
<sym>Dot</sym>
<type>info</type>
</wpt>
<wpt lat="49.181531" lon="-123.138644">
<name>Q1 Billiards</name>
<cmt>rest_stop</cmt>
<desc>Community Centre</desc>
<sym>Dot</sym>
<type>rest_area</type>
</wpt>
<wpt lat="49.181882" lon="-123.138243">
<name>Top 147 Snooker</name>
<cmt>rest_stop</cmt>
<desc>Community Centre</desc>
<sym>Dot</sym>
<type>rest_area</type>
</wpt>
<wpt lat="49.190773" lon="-123.133513">
<name>the apron</name>
<cmt>food</cmt>
<desc>Restaurant</desc>
<sym>Dot</sym>
<type>food</type>
</wpt>
<wpt lat="49.187509" lon="-123.131616">
<name>Heytea</name>
<cmt>coffee</cmt>
<desc>Café / Coffee</desc>
<sym>Dot</sym>
<type>food</type>
</wpt>
<wpt lat="49.126140" lon="-123.183955">
<name>Subway</name>
<cmt>food</cmt>
<desc>Fast Food / Chain</desc>
<sym>Dot</sym>
<type>food</type>
</wpt>
<wpt lat="49.187505" lon="-123.131522">
<name>Flour Dance Bakery</name>
<cmt>food</cmt>
<desc>Bakery / Donuts</desc>
<sym>Dot</sym>
<type>food</type>
</wpt>
<wpt lat="49.192737" lon="-123.132010">
<name>Cask Whisky Vault</name>
<cmt>bar</cmt>
<desc>Brewery / Pub</desc>
<sym>Dot</sym>
<type>food</type>
</wpt>
<wpt lat="49.191801" lon="-123.127183">
<name>Foody World</name>
<cmt>convenience_store</cmt>
<desc>Grocery Store</desc>
<sym>Dot</sym>
<type>store</type>
</wpt>
<wpt lat="49.187358" lon="-123.133503">
<name>The Meat Up</name>
<cmt>food</cmt>
<desc>Restaurant</desc>
<sym>Dot</sym>
<type>food</type>
</wpt>
<wpt lat="49.185165" lon="-123.135546">
<name>Hampton Inn by Hilton Vancouver-Airport/Richmond</name>
<cmt>lodging</cmt>
<desc>Hotel / Motel</desc>
<sym>Dot</sym>
<type>shelter</type>
</wpt>
<wpt lat="49.187499" lon="-123.131210">
<name>Kyabia Japanese Restaurant</name>
<cmt>food</cmt>
<desc>Restaurant</desc>
<sym>Dot</sym>
<type>food</type>
</wpt>
<wpt lat="49.185053" lon="-123.135539">
<name>Radisson Hotel Vancouver Airport</name>
<cmt>lodging</cmt>
<desc>Hotel / Motel</desc>
<sym>Dot</sym>
<type>shelter</type>
</wpt>
<wpt lat="49.192243" lon="-123.132470">
<name>Masa Ishibashi</name>
<cmt>food</cmt>
<desc>Restaurant</desc>
<sym>Dot</sym>
<type>food</type>
</wpt>
<wpt lat="49.187238" lon="-123.131880">
<name>JiangNan Wok</name>
<cmt>food</cmt>
<desc>Restaurant</desc>
<sym>Dot</sym>
<type>food</type>
</wpt>
<wpt lat="49.125853" lon="-123.182566">
<name>Pizza Factory</name>
<cmt>food</cmt>
<desc>Fast Food / Chain</desc>
<sym>Dot</sym>
<type>food</type>
</wpt>
<wpt lat="49.182389" lon="-123.137239">
<name>Hestia Kitchen + Bar</name>
<cmt>food</cmt>
<desc>Restaurant</desc>
<sym>Dot</sym>
<type>food</type>
</wpt>
<wpt lat="49.187242" lon="-123.131495">
<name>The Captain's Boil</name>
<cmt>food</cmt>
<desc>Restaurant</desc>
<sym>Dot</sym>
<type>food</type>
</wpt>
<wpt lat="49.187753" lon="-123.130403">
<name>U Town Hot Pot</name>
<cmt>food</cmt>
<desc>Restaurant</desc>
<sym>Dot</sym>
<type>food</type>
</wpt>
<wpt lat="49.187251" lon="-123.131302">
<name>101 BOBA</name>
<cmt>coffee</cmt>
<desc>Café / Coffee</desc>
<sym>Dot</sym>
<type>food</type>
</wpt>
<wpt lat="49.183890" lon="-123.136056">
<name>Unique Bakery</name>
<cmt>food</cmt>
<desc>Bakery / Donuts</desc>
<sym>Dot</sym>
<type>food</type>
</wpt>
<wpt lat="49.187696" lon="-123.130419">
<name>SWEET7</name>
<cmt>coffee</cmt>
<desc>Café / Coffee</desc>
<sym>Dot</sym>
<type>food</type>
</wpt>
<wpt lat="49.187251" lon="-123.131239">
<name>Spicy Pro Hot Pot</name>
<cmt>food</cmt>
<desc>Restaurant</desc>
<sym>Dot</sym>
<type>food</type>
</wpt>
<wpt lat="49.125700" lon="-123.180652">
<name>Steveston Museum and Post Office</name>
<cmt>monument</cmt>
<desc>Museum / Gallery</desc>
<sym>Dot</sym>
<type>info</type>
</wpt>
<wpt lat="49.182296" lon="-123.137135">
<name>OZ Korean Cuisine</name>
<cmt>food</cmt>
<desc>Restaurant</desc>
<sym>Dot</sym>
<type>food</type>
</wpt>
<wpt lat="49.181530" lon="-123.137827">
<name>V-Zone Tactical Laser Tag</name>
<cmt>rest_stop</cmt>
<desc>Community Centre</desc>
<sym>Dot</sym>
<type>rest_area</type>
</wpt>
<wpt lat="49.126016" lon="-123.182920">
<name>Village Books &amp; Coffee House</name>
<cmt>coffee</cmt>
<desc>Café / Coffee</desc>
<sym>Dot</sym>
<type>food</type>
</wpt>
<wpt lat="49.183982" lon="-123.135866">
<name>Ice Queen</name>
<cmt>food</cmt>
<desc>Ice Cream</desc>
<sym>Dot</sym>
<type>food</type>
</wpt>
<wpt lat="49.186980" lon="-123.133223">
<name>Chucila Restaurant</name>
<cmt>food</cmt>
<desc>Restaurant</desc>
<sym>Dot</sym>
<type>food</type>
</wpt>
<wpt lat="49.129736" lon="-123.100217">
<name>Mama's Dumpling &amp; Coffee</name>
<cmt>food</cmt>
<desc>Restaurant</desc>
<sym>Dot</sym>
<type>food</type>
</wpt>
<wpt lat="49.175367" lon="-123.147756">
<name>Just Poké</name>
<cmt>food</cmt>
<desc>Restaurant</desc>
<sym>Dot</sym>
<type>food</type>
</wpt>
<wpt lat="49.175155" lon="-123.148206">
<name>CoCo Fresh Tea &amp; Juice</name>
<cmt>coffee</cmt>
<desc>Café / Coffee</desc>
<sym>Dot</sym>
<type>food</type>
</wpt>
<wpt lat="49.183493" lon="-123.136072">
<name>Dragon Bowl</name>
<cmt>food</cmt>
<desc>Fast Food / Chain</desc>
<sym>Dot</sym>
<type>food</type>
</wpt>
<wpt lat="49.183285" lon="-123.136197">
<name>Nong Geng Ji Hunan Cuisine</name>
<cmt>food</cmt>
<desc>Restaurant</desc>
<sym>Dot</sym>
<type>food</type>
</wpt>
<wpt lat="49.187497" lon="-123.130213">
<name>Hanlin Tea House</name>
<cmt>coffee</cmt>
<desc>Café / Coffee</desc>
<sym>Dot</sym>
<type>food</type>
</wpt>
<wpt lat="49.185303" lon="-123.134737">
<name>Red Star Seafood Restaurant</name>
<cmt>food</cmt>
<desc>Restaurant</desc>
<sym>Dot</sym>
<type>food</type>
</wpt>
<wpt lat="49.179664" lon="-123.139231">
<name>The Bubble Tea Shop</name>
<cmt>coffee</cmt>
<desc>Café / Coffee</desc>
<sym>Dot</sym>
<type>food</type>
</wpt>
<wpt lat="49.187266" lon="-123.130544">
<name>BINGGO Ice Jelly</name>
<cmt>coffee</cmt>
<desc>Café / Coffee</desc>
<sym>Dot</sym>
<type>food</type>
</wpt>
<wpt lat="49.187639" lon="-123.129901">
<name>Janice Cake Shop</name>
<cmt>food</cmt>
<desc>Bakery / Donuts</desc>
<sym>Dot</sym>
<type>food</type>
</wpt>
<wpt lat="49.187595" lon="-123.129903">
<name>CHAYAN</name>
<cmt>coffee</cmt>
<desc>Café / Coffee</desc>
<sym>Dot</sym>
<type>food</type>
</wpt>
<wpt lat="49.122171" lon="-123.093934">
<name>Jamoneria by ARC</name>
<cmt>food</cmt>
<desc>Restaurant</desc>
<sym>Dot</sym>
<type>food</type>
</wpt>
<wpt lat="49.185356" lon="-123.134511">
<name>President Plaza Food Court</name>
<cmt>food</cmt>
<desc>Restaurant</desc>
<sym>Dot</sym>
<type>food</type>
</wpt>
<wpt lat="49.126259" lon="-123.182196">
<name>Kuroki Kaiseki Omakase Kitchen</name>
<cmt>food</cmt>
<desc>Restaurant</desc>
<sym>Dot</sym>
<type>food</type>
</wpt>
<wpt lat="49.187239" lon="-123.130252">
<name>Alfa Tea Concept</name>
<cmt>coffee</cmt>
<desc>Café / Coffee</desc>
<sym>Dot</sym>
<type>food</type>
</wpt>
<wpt lat="49.182735" lon="-123.136123">
<name>The Deluxe Chinese Restaurant</name>
<cmt>food</cmt>
<desc>Restaurant</desc>
<sym>Dot</sym>
<type>food</type>
</wpt>
<wpt lat="49.183228" lon="-123.135801">
<name>Tuan Tuan Food Mart</name>
<cmt>convenience_store</cmt>
<desc>Grocery Store</desc>
<sym>Dot</sym>
<type>store</type>
</wpt>
<wpt lat="49.186098" lon="-123.133922">
<name>Fresh Elements</name>
<cmt>coffee</cmt>
<desc>Café / Coffee</desc>
<sym>Dot</sym>
<type>food</type>
</wpt>
<wpt lat="49.187239" lon="-123.130164">
<name>Blooming Spice Fish House</name>
<cmt>food</cmt>
<desc>Restaurant</desc>
<sym>Dot</sym>
<type>food</type>
</wpt>
<wpt lat="49.180113" lon="-123.138428">
<name>Big Crazy Supermarket</name>
<cmt>convenience_store</cmt>
<desc>Grocery Store</desc>
<sym>Dot</sym>
<type>store</type>
</wpt>
<wpt lat="49.183264" lon="-123.135680">
<name>Master Rice Roll</name>
<cmt>food</cmt>
<desc>Restaurant</desc>
<sym>Dot</sym>
<type>food</type>
</wpt>
<wpt lat="49.187238" lon="-123.130068">
<name>Molly Tea</name>
<cmt>coffee</cmt>
<desc>Café / Coffee</desc>
<sym>Dot</sym>
<type>food</type>
</wpt>
<wpt lat="49.185898" lon="-123.133943">
<name>Datang BBQ Express</name>
<cmt>food</cmt>
<desc>Fast Food / Chain</desc>
<sym>Dot</sym>
<type>food</type>
</wpt>
<wpt lat="49.186583" lon="-123.133339">
<name>And Drinks</name>
<cmt>coffee</cmt>
<desc>Café / Coffee</desc>
<sym>Dot</sym>
<type>food</type>
</wpt>
<wpt lat="49.175122" lon="-123.147256">
<name>SYU Japanese Cuisine &amp; Sushi Bar</name>
<cmt>food</cmt>
<desc>Restaurant</desc>
<sym>Dot</sym>
<type>food</type>
</wpt>
<wpt lat="49.185346" lon="-123.134287">
<name>Little Fox Bakehouse</name>
<cmt>food</cmt>
<desc>Bakery / Donuts</desc>
<sym>Dot</sym>
<type>food</type>
</wpt>
<wpt lat="49.174045" lon="-123.149648">
<name>Deer Garden Signatures</name>
<cmt>food</cmt>
<desc>Restaurant</desc>
<sym>Dot</sym>
<type>food</type>
</wpt>
<wpt lat="49.187237" lon="-123.129987">
<name>Wahaha Tea</name>
<cmt>coffee</cmt>
<desc>Café / Coffee</desc>
<sym>Dot</sym>
<type>food</type>
</wpt>
<wpt lat="49.186303" lon="-123.133622">
<name>Osaka Supermarket</name>
<cmt>convenience_store</cmt>
<desc>Grocery Store</desc>
<sym>Dot</sym>
<type>store</type>
</wpt>
<wpt lat="49.185841" lon="-123.133897">
<name>Yaohan Centre Food Court</name>
<cmt>food</cmt>
<desc>Restaurant</desc>
<sym>Dot</sym>
<type>food</type>
</wpt>
<wpt lat="49.182495" lon="-123.136084">
<name>Birdie Indoor Golf Center</name>
<cmt>rest_stop</cmt>
<desc>Community Centre</desc>
<sym>Dot</sym>
<type>rest_area</type>
</wpt>
<wpt lat="49.183467" lon="-123.135392">
<name>Daimanya</name>
<cmt>food</cmt>
<desc>Restaurant</desc>
<sym>Dot</sym>
<type>food</type>
</wpt>
<wpt lat="49.123360" lon="-123.095306">
<name>Britannia Brewing</name>
<cmt>bar</cmt>
<desc>Brewery / Pub</desc>
<sym>Dot</sym>
<type>food</type>
</wpt>
<wpt lat="49.174157" lon="-123.149140">
<name>Fortune Terrace Chinese Cuisine</name>
<cmt>food</cmt>
<desc>Restaurant</desc>
<sym>Dot</sym>
<type>food</type>
</wpt>
<wpt lat="49.182209" lon="-123.136242">
<name>Kam Do Bakery</name>
<cmt>food</cmt>
<desc>Bakery / Donuts</desc>
<sym>Dot</sym>
<type>food</type>
</wpt>
<wpt lat="49.179759" lon="-123.138515">
<name>Real Canadian Superstore</name>
<cmt>convenience_store</cmt>
<desc>Grocery Store</desc>
<sym>Dot</sym>
<type>store</type>
</wpt>
<wpt lat="49.183017" lon="-123.135621">
<name>Double East Cuisine</name>
<cmt>food</cmt>
<desc>Restaurant</desc>
<sym>Dot</sym>
<type>food</type>
</wpt>
<wpt lat="49.174485" lon="-123.148240">
<name>Pho Capital</name>
<cmt>food</cmt>
<desc>Restaurant</desc>
<sym>Dot</sym>
<type>food</type>
</wpt>
<wpt lat="49.185905" lon="-123.133641">
<name>Cha Don</name>
<cmt>food</cmt>
<desc>Fast Food / Chain</desc>
<sym>Dot</sym>
<type>food</type>
</wpt>
<wpt lat="49.186008" lon="-123.133546">
<name>Golden Rice Bowl</name>
<cmt>food</cmt>
<desc>Fast Food / Chain</desc>
<sym>Dot</sym>
<type>food</type>
</wpt>
<wpt lat="49.172540" lon="-123.072195">
<name>Big Bang Sushi</name>
<cmt>food</cmt>
<desc>Restaurant</desc>
<sym>Dot</sym>
<type>food</type>
</wpt>
<wpt lat="49.131506" lon="-123.099287">
<name>Big Star Sandwich Co.</name>
<cmt>food</cmt>
<desc>Fast Food / Chain</desc>
<sym>Dot</sym>
<type>food</type>
</wpt>
<wpt lat="49.186056" lon="-123.133495">
<name>Pak Tak</name>
<cmt>food</cmt>
<desc>Fast Food / Chain</desc>
<sym>Dot</sym>
<type>food</type>
</wpt>
<wpt lat="49.132022" lon="-123.099199">
<name>Coppersmith Farm Market</name>
<cmt>convenience_store</cmt>
<desc>Farmers' Market</desc>
<sym>Dot</sym>
<type>store</type>
</wpt>
<wpt lat="49.132705" lon="-123.099186">
<name>Nando's</name>
<cmt>food</cmt>
<desc>Restaurant</desc>
<sym>Dot</sym>
<type>food</type>
</wpt>
<wpt lat="49.126650" lon="-123.182470">
<name>Best Bite Indian Cuisine</name>
<cmt>food</cmt>
<desc>Restaurant</desc>
<sym>Dot</sym>
<type>food</type>
</wpt>
<wpt lat="49.132095" lon="-123.099192">
<name>Cora</name>
<cmt>food</cmt>
<desc>Restaurant</desc>
<sym>Dot</sym>
<type>food</type>
</wpt>
<wpt lat="49.185946" lon="-123.133453">
<name>A Whole Mango</name>
<cmt>coffee</cmt>
<desc>Café / Coffee</desc>
<sym>Dot</sym>
<type>food</type>
</wpt>
<wpt lat="49.182733" lon="-123.135534">
<name>Hao's Lamb Restaurant</name>
<cmt>food</cmt>
<desc>Restaurant</desc>
<sym>Dot</sym>
<type>food</type>
</wpt>
<wpt lat="49.126210" lon="-123.178408">
<name>Steveston Outdoor Pool</name>
<cmt>rest_stop</cmt>
<desc>Community Centre</desc>
<sym>Dot</sym>
<type>rest_area</type>
</wpt>
<wpt lat="49.126644" lon="-123.181881">
<name>Damien's Belgian Waffles</name>
<cmt>food</cmt>
<desc>Restaurant</desc>
<sym>Dot</sym>
<type>food</type>
</wpt>
<wpt lat="49.131896" lon="-123.099096">
<name>Bulk Barn</name>
<cmt>convenience_store</cmt>
<desc>Grocery Store</desc>
<sym>Dot</sym>
<type>store</type>
</wpt>
<wpt lat="49.182199" lon="-123.135820">
<name>Chicko Chicken</name>
<cmt>food</cmt>
<desc>Fast Food / Chain</desc>
<sym>Dot</sym>
<type>food</type>
</wpt>
<wpt lat="49.181888" lon="-123.136014">
<name>Shun Feng Seafood Restaurant</name>
<cmt>food</cmt>
<desc>Restaurant</desc>
<sym>Dot</sym>
<type>food</type>
</wpt>
<wpt lat="49.187220" lon="-123.129250">
<name>2000 Supermarket</name>
<cmt>convenience_store</cmt>
<desc>Grocery Store</desc>
<sym>Dot</sym>
<type>store</type>
</wpt>
<wpt lat="49.182200" lon="-123.135674">
<name>Paragon Tea Room</name>
<cmt>coffee</cmt>
<desc>Café / Coffee</desc>
<sym>Dot</sym>
<type>food</type>
</wpt>
<wpt lat="49.179687" lon="-123.137991">
<name>Paul's Kitchen</name>
<cmt>food</cmt>
<desc>Fast Food / Chain</desc>
<sym>Dot</sym>
<type>food</type>
</wpt>
<wpt lat="49.180686" lon="-123.137039">
<name>Kuo Hua Trading Co</name>
<cmt>convenience_store</cmt>
<desc>Grocery Store</desc>
<sym>Dot</sym>
<type>store</type>
</wpt>
<wpt lat="49.190695" lon="-123.139231">
<name>The Deck Kitchen + Bar</name>
<cmt>food</cmt>
<desc>Restaurant</desc>
<sym>Dot</sym>
<type>food</type>
</wpt>
<wpt lat="49.182194" lon="-123.135486">
<name>Sanpoutei Ramen</name>
<cmt>food</cmt>
<desc>Restaurant</desc>
<sym>Dot</sym>
<type>food</type>
</wpt>
<wpt lat="49.174258" lon="-123.147625">
<name>Sushi Mura</name>
<cmt>food</cmt>
<desc>Restaurant</desc>
<sym>Dot</sym>
<type>food</type>
</wpt>
<wpt lat="49.179690" lon="-123.137736">
<name>HK B.B.Q. Master</name>
<cmt>food</cmt>
<desc>Restaurant</desc>
<sym>Dot</sym>
<type>food</type>
</wpt>
<wpt lat="49.187509" lon="-123.128632">
<name>Cantonese BBQ</name>
<cmt>food</cmt>
<desc>Restaurant</desc>
<sym>Dot</sym>
<type>food</type>
</wpt>
<wpt lat="49.187245" lon="-123.128850">
<name>Yah-Yah-Ya</name>
<cmt>food</cmt>
<desc>Restaurant</desc>
<sym>Dot</sym>
<type>food</type>
</wpt>
<wpt lat="49.187379" lon="-123.128645">
<name>G &amp; R Ginseng Trading Ltd</name>
<cmt>convenience_store</cmt>
<desc>Specialty / Health Food</desc>
<sym>Dot</sym>
<type>store</type>
</wpt>
<wpt lat="49.184430" lon="-123.133778">
<name>CHOCHO Hot Pot</name>
<cmt>food</cmt>
<desc>Restaurant</desc>
<sym>Dot</sym>
<type>food</type>
</wpt>
<wpt lat="49.187273" lon="-123.128619">
<name>Richmond Ninkazu</name>
<cmt>food</cmt>
<desc>Restaurant</desc>
<sym>Dot</sym>
<type>food</type>
</wpt>
<wpt lat="49.179705" lon="-123.137476">
<name>Pho 68</name>
<cmt>food</cmt>
<desc>Restaurant</desc>
<sym>Dot</sym>
<type>food</type>
</wpt>
<wpt lat="49.184949" lon="-123.133340">
<name>Baking Factory</name>
<cmt>food</cmt>
<desc>Bakery / Donuts</desc>
<sym>Dot</sym>
<type>food</type>
</wpt>
<wpt lat="49.183503" lon="-123.134274">
<name>H Mart</name>
<cmt>convenience_store</cmt>
<desc>Grocery Store</desc>
<sym>Dot</sym>
<type>store</type>
</wpt>
<wpt lat="49.183611" lon="-123.134162">
<name>Saint Germain Bakery</name>
<cmt>food</cmt>
<desc>Bakery / Donuts</desc>
<sym>Dot</sym>
<type>food</type>
</wpt>
<wpt lat="49.184957" lon="-123.133246">
<name>12 Baskets Nutrition &amp; Health Co</name>
<cmt>convenience_store</cmt>
<desc>Specialty / Health Food</desc>
<sym>Dot</sym>
<type>store</type>
</wpt>
<wpt lat="49.183373" lon="-123.134254">
<name>Osmanthus Chinese Fusion Restaurant</name>
<cmt>food</cmt>
<desc>Restaurant</desc>
<sym>Dot</sym>
<type>food</type>
</wpt>
<wpt lat="49.179539" lon="-123.137474">
<name>FuKuRoKu Sushi Express</name>
<cmt>food</cmt>
<desc>Restaurant</desc>
<sym>Dot</sym>
<type>food</type>
</wpt>
<wpt lat="49.183412" lon="-123.134175">
<name>Fisherman's Terrace Seafood Restaurant</name>
<cmt>food</cmt>
<desc>Restaurant</desc>
<sym>Dot</sym>
<type>food</type>
</wpt>
<wpt lat="49.132978" lon="-123.098221">
<name>Tim Hortons</name>
<cmt>food</cmt>
<desc>Fast Food / Chain</desc>
<sym>Dot</sym>
<type>food</type>
</wpt>
<wpt lat="49.183495" lon="-123.134009">
<name>Ramen Taka</name>
<cmt>food</cmt>
<desc>Restaurant</desc>
<sym>Dot</sym>
<type>food</type>
</wpt>
<wpt lat="49.181672" lon="-123.135204">
<name>Yummy Yummy</name>
<cmt>food</cmt>
<desc>Fast Food / Chain</desc>
<sym>Dot</sym>
<type>food</type>
</wpt>
<wpt lat="49.132976" lon="-123.098082">
<name>Nobi Nobi Obanzai</name>
<cmt>food</cmt>
<desc>Restaurant</desc>
<sym>Dot</sym>
<type>food</type>
</wpt>
<wpt lat="49.181444" lon="-123.135410">
<name>Red Label Produce</name>
<cmt>convenience_store</cmt>
<desc>Grocery Store</desc>
<sym>Dot</sym>
<type>store</type>
</wpt>
<wpt lat="49.170977" lon="-123.182489">
<name>Pizza Hut</name>
<cmt>food</cmt>
<desc>Fast Food / Chain</desc>
<sym>Dot</sym>
<type>food</type>
</wpt>
<wpt lat="49.170889" lon="-123.181551">
<name>Popeyes</name>
<cmt>food</cmt>
<desc>Fast Food / Chain</desc>
<sym>Dot</sym>
<type>food</type>
</wpt>
<wpt lat="49.181577" lon="-123.135202">
<name>Tak Fook Noodle &amp; Congee Shop</name>
<cmt>food</cmt>
<desc>Fast Food / Chain</desc>
<sym>Dot</sym>
<type>food</type>
</wpt>
<wpt lat="49.170949" lon="-123.182574">
<name>Shanghai Dumpling King</name>
<cmt>food</cmt>
<desc>Restaurant</desc>
<sym>Dot</sym>
<type>food</type>
</wpt>
<wpt lat="49.180852" lon="-123.135848">
<name>Fruit Box</name>
<cmt>coffee</cmt>
<desc>Café / Coffee</desc>
<sym>Dot</sym>
<type>food</type>
</wpt>
<wpt lat="49.181517" lon="-123.135203">
<name>One Cafe</name>
<cmt>food</cmt>
<desc>Fast Food / Chain</desc>
<sym>Dot</sym>
<type>food</type>
</wpt>
<wpt lat="49.183554" lon="-123.133718">
<name>Great Mountain Ginseng</name>
<cmt>convenience_store</cmt>
<desc>Specialty / Health Food</desc>
<sym>Dot</sym>
<type>store</type>
</wpt>
<wpt lat="49.180503" lon="-123.136094">
<name>Chef Tony Seafood Restaurant</name>
<cmt>food</cmt>
<desc>Restaurant</desc>
<sym>Dot</sym>
<type>food</type>
</wpt>
<wpt lat="49.183375" lon="-123.133769">
<name>Man Ri Sung Korean Restaurant</name>
<cmt>food</cmt>
<desc>Restaurant</desc>
<sym>Dot</sym>
<type>food</type>
</wpt>
<wpt lat="49.181440" lon="-123.135198">
<name>Pine House Bread &amp; Cake Shop</name>
<cmt>food</cmt>
<desc>Bakery / Donuts</desc>
<sym>Dot</sym>
<type>food</type>
</wpt>
<wpt lat="49.183668" lon="-123.133571">
<name>Nature's Essence</name>
<cmt>convenience_store</cmt>
<desc>Specialty / Health Food</desc>
<sym>Dot</sym>
<type>store</type>
</wpt>
<wpt lat="49.184264" lon="-123.133172">
<name>Saboten</name>
<cmt>food</cmt>
<desc>Fast Food / Chain</desc>
<sym>Dot</sym>
<type>food</type>
</wpt>
<wpt lat="49.181671" lon="-123.134956">
<name>Macau Cafe</name>
<cmt>food</cmt>
<desc>Fast Food / Chain</desc>
<sym>Dot</sym>
<type>food</type>
</wpt>
<wpt lat="49.132036" lon="-123.097868">
<name>Canadian Tire</name>
<cmt>convenience_store</cmt>
<desc>General merchandise</desc>
<sym>Dot</sym>
<type>store</type>
</wpt>
<wpt lat="49.182663" lon="-123.134169">
<name>Excellent Tofu &amp; Snacks</name>
<cmt>coffee</cmt>
<desc>Café / Coffee</desc>
<sym>Dot</sym>
<type>food</type>
</wpt>
<wpt lat="49.182621" lon="-123.134169">
<name>Mango Mama</name>
<cmt>food</cmt>
<desc>Fast Food / Chain</desc>
<sym>Dot</sym>
<type>food</type>
</wpt>
<wpt lat="49.183328" lon="-123.133708">
<name>SURA Korean BBQ</name>
<cmt>food</cmt>
<desc>Restaurant</desc>
<sym>Dot</sym>
<type>food</type>
</wpt>
<wpt lat="49.177519" lon="-123.138878">
<name>Cheng Du Street Food</name>
<cmt>food</cmt>
<desc>Restaurant</desc>
<sym>Dot</sym>
<type>food</type>
</wpt>
<wpt lat="49.180852" lon="-123.135604">
<name>Up Tea</name>
<cmt>coffee</cmt>
<desc>Café / Coffee</desc>
<sym>Dot</sym>
<type>food</type>
</wpt>
<wpt lat="49.182547" lon="-123.134172">
<name>Lido Restaurant</name>
<cmt>food</cmt>
<desc>Restaurant</desc>
<sym>Dot</sym>
<type>food</type>
</wpt>
<wpt lat="49.183452" lon="-123.133580">
<name>Chef Hung Taiwanese Beef Noodle</name>
<cmt>food</cmt>
<desc>Restaurant</desc>
<sym>Dot</sym>
<type>food</type>
</wpt>
<wpt lat="49.179939" lon="-123.152347">
<name>McDonald's</name>
<cmt>food</cmt>
<desc>Fast Food / Chain</desc>
<sym>Dot</sym>
<type>food</type>
</wpt>
<wpt lat="49.173675" lon="-123.147281">
<name>JJang Korean BBQ and Social House</name>
<cmt>food</cmt>
<desc>Restaurant</desc>
<sym>Dot</sym>
<type>food</type>
</wpt>
<wpt lat="49.185602" lon="-123.130556">
<name>Kam Tou Seafood Restaurant</name>
<cmt>food</cmt>
<desc>Restaurant</desc>
<sym>Dot</sym>
<type>food</type>
</wpt>
<wpt lat="49.181433" lon="-123.134969">
<name>Joy's Taiwanese Food</name>
<cmt>food</cmt>
<desc>Fast Food / Chain</desc>
<sym>Dot</sym>
<type>food</type>
</wpt>
<wpt lat="49.183920" lon="-123.133158">
<name>Uncle Tetsu's Japanese Cheesecake</name>
<cmt>food</cmt>
<desc>Bakery / Donuts</desc>
<sym>Dot</sym>
<type>food</type>
</wpt>
<wpt lat="49.173552" lon="-123.147381">
<name>Freshii</name>
<cmt>food</cmt>
<desc>Restaurant</desc>
<sym>Dot</sym>
<type>food</type>
</wpt>
<wpt lat="49.177377" lon="-123.138899">
<name>Dumpling King</name>
<cmt>food</cmt>
<desc>Restaurant</desc>
<sym>Dot</sym>
<type>food</type>
</wpt>
<wpt lat="49.177853" lon="-123.138258">
<name>Izumiya Japanese Marketplace</name>
<cmt>convenience_store</cmt>
<desc>Grocery Store</desc>
<sym>Dot</sym>
<type>store</type>
</wpt>
<wpt lat="49.181009" lon="-123.135285">
<name>Rice Holic</name>
<cmt>food</cmt>
<desc>Fast Food / Chain</desc>
<sym>Dot</sym>
<type>food</type>
</wpt>
<wpt lat="49.185691" lon="-123.130027">
<name>Dinesty Dumpling House</name>
<cmt>food</cmt>
<desc>Restaurant</desc>
<sym>Dot</sym>
<type>food</type>
</wpt>
<wpt lat="49.170738" lon="-123.182930">
<name>Save-On-Foods</name>
<cmt>convenience_store</cmt>
<desc>Grocery Store</desc>
<sym>Dot</sym>
<type>store</type>
</wpt>
<wpt lat="49.185691" lon="-123.129851">
<name>YOTEA</name>
<cmt>coffee</cmt>
<desc>Café / Coffee</desc>
<sym>Dot</sym>
<type>food</type>
</wpt>
<wpt lat="49.177295" lon="-123.168284">
<name>Flying Beaver Bar &amp; Grill</name>
<cmt>bar</cmt>
<desc>Brewery / Pub</desc>
<sym>Dot</sym>
<type>food</type>
</wpt>
<wpt lat="49.173723" lon="-123.146720">
<name>Penguin Bros.</name>
<cmt>coffee</cmt>
<desc>Café / Coffee</desc>
<sym>Dot</sym>
<type>food</type>
</wpt>
<wpt lat="49.173429" lon="-123.147379">
<name>Protein Go Smoothie Bar Food and Drinks</name>
<cmt>food</cmt>
<desc>Fast Food / Chain</desc>
<sym>Dot</sym>
<type>food</type>
</wpt>
<wpt lat="49.177720" lon="-123.138225">
<name>ManTung Cafe</name>
<cmt>food</cmt>
<desc>Restaurant</desc>
<sym>Dot</sym>
<type>food</type>
</wpt>
<wpt lat="49.182462" lon="-123.133914">
<name>Two Horns Korean BBQ House</name>
<cmt>food</cmt>
<desc>Restaurant</desc>
<sym>Dot</sym>
<type>food</type>
</wpt>
<wpt lat="49.191633" lon="-123.123903">
<name>7-Eleven</name>
<cmt>convenience_store</cmt>
<desc>Convenience Store</desc>
<sym>Dot</sym>
<type>store</type>
</wpt>
<wpt lat="49.177536" lon="-123.138348">
<name>Gyu-Kaku Japanese BBQ</name>
<cmt>food</cmt>
<desc>Restaurant</desc>
<sym>Dot</sym>
<type>food</type>
</wpt>
<wpt lat="49.180998" lon="-123.135043">
<name>Cha Don</name>
<cmt>food</cmt>
<desc>Fast Food / Chain</desc>
<sym>Dot</sym>
<type>food</type>
</wpt>
<wpt lat="49.182504" lon="-123.133790">
<name>Harmony Bakery</name>
<cmt>food</cmt>
<desc>Bakery / Donuts</desc>
<sym>Dot</sym>
<type>food</type>
</wpt>
<wpt lat="49.185685" lon="-123.129441">
<name>Pearl Castle Cafe</name>
<cmt>food</cmt>
<desc>Restaurant</desc>
<sym>Dot</sym>
<type>food</type>
</wpt>
<wpt lat="49.132998" lon="-123.097312">
<name>Burger King</name>
<cmt>food</cmt>
<desc>Fast Food / Chain</desc>
<sym>Dot</sym>
<type>food</type>
</wpt>
<wpt lat="49.190605" lon="-123.141091">
<name>Radisson Blu Vancouver Airport Hotel &amp; Marina</name>
<cmt>lodging</cmt>
<desc>Hotel / Motel</desc>
<sym>Dot</sym>
<type>shelter</type>
</wpt>
<wpt lat="49.181937" lon="-123.134044">
<name>Xiang Yuan Qiao</name>
<cmt>food</cmt>
<desc>Restaurant</desc>
<sym>Dot</sym>
<type>food</type>
</wpt>
<wpt lat="49.193822" lon="-123.122802">
<name>Ba Ba Tang</name>
<cmt>food</cmt>
<desc>Restaurant</desc>
<sym>Dot</sym>
<type>food</type>
</wpt>
<wpt lat="49.180907" lon="-123.134926">
<name>Prata-Man Singapore Cuisine</name>
<cmt>food</cmt>
<desc>Fast Food / Chain</desc>
<sym>Dot</sym>
<type>food</type>
</wpt>
<wpt lat="49.180858" lon="-123.134946">
<name>Sunny M Coffee &amp; Tea</name>
<cmt>coffee</cmt>
<desc>Café / Coffee</desc>
<sym>Dot</sym>
<type>food</type>
</wpt>
<wpt lat="49.170357" lon="-123.181554">
<name>Edokko Nigiri Sushi</name>
<cmt>food</cmt>
<desc>Restaurant</desc>
<sym>Dot</sym>
<type>food</type>
</wpt>
<wpt lat="49.185688" lon="-123.129247">
<name>Dolpan Seoul BBQ</name>
<cmt>food</cmt>
<desc>Restaurant</desc>
<sym>Dot</sym>
<type>food</type>
</wpt>
<wpt lat="49.185688" lon="-123.129186">
<name>Yuu Japanese Tapas</name>
<cmt>food</cmt>
<desc>Restaurant</desc>
<sym>Dot</sym>
<type>food</type>
</wpt>
<wpt lat="49.180906" lon="-123.134842">
<name>Lai Leung</name>
<cmt>food</cmt>
<desc>Fast Food / Chain</desc>
<sym>Dot</sym>
<type>food</type>
</wpt>
<wpt lat="49.173917" lon="-123.070903">
<name>BG Urban Cafe</name>
<cmt>coffee</cmt>
<desc>Café / Coffee</desc>
<sym>Dot</sym>
<type>food</type>
</wpt>
<wpt lat="49.170411" lon="-123.182983">
<name>Terra Nova Liquor Store</name>
<cmt>convenience_store</cmt>
<desc>Liquor Store</desc>
<sym>Dot</sym>
<type>store</type>
</wpt>
<wpt lat="49.181495" lon="-123.134153">
<name>The Regalia Restaurant</name>
<cmt>food</cmt>
<desc>Restaurant</desc>
<sym>Dot</sym>
<type>food</type>
</wpt>
<wpt lat="49.170335" lon="-123.182966">
<name>Presotea</name>
<cmt>coffee</cmt>
<desc>Café / Coffee</desc>
<sym>Dot</sym>
<type>food</type>
</wpt>
<wpt lat="49.170259" lon="-123.182530">
<name>L'aromas Coffee Terra Nova</name>
<cmt>coffee</cmt>
<desc>Café / Coffee</desc>
<sym>Dot</sym>
<type>food</type>
</wpt>
<wpt lat="49.185274" lon="-123.129719">
<name>Snackshot</name>
<cmt>coffee</cmt>
<desc>Café / Coffee</desc>
<sym>Dot</sym>
<type>food</type>
</wpt>
<wpt lat="49.185696" lon="-123.128713">
<name>Lamb Hot Pot</name>
<cmt>food</cmt>
<desc>Restaurant</desc>
<sym>Dot</sym>
<type>food</type>
</wpt>
<wpt lat="49.180034" lon="-123.135347">
<name>Lu Charcoal Grill</name>
<cmt>food</cmt>
<desc>Restaurant</desc>
<sym>Dot</sym>
<type>food</type>
</wpt>
<wpt lat="49.180784" lon="-123.134614">
<name>Shawn's Chicken</name>
<cmt>food</cmt>
<desc>Fast Food / Chain</desc>
<sym>Dot</sym>
<type>food</type>
</wpt>
<wpt lat="49.180499" lon="-123.134878">
<name>Double Double</name>
<cmt>food</cmt>
<desc>Restaurant</desc>
<sym>Dot</sym>
<type>food</type>
</wpt>
<wpt lat="49.179122" lon="-123.136142">
<name>Baoguette Vietnamese Bistro</name>
<cmt>food</cmt>
<desc>Restaurant</desc>
<sym>Dot</sym>
<type>food</type>
</wpt>
<wpt lat="49.185278" lon="-123.129511">
<name>Gyo-O</name>
<cmt>food</cmt>
<desc>Restaurant</desc>
<sym>Dot</sym>
<type>food</type>
</wpt>
<wpt lat="49.173312" lon="-123.146425">
<name>Lattea</name>
<cmt>coffee</cmt>
<desc>Café / Coffee</desc>
<sym>Dot</sym>
<type>food</type>
</wpt>
<wpt lat="49.185056" lon="-123.130180">
<name>Geng Shi Ji</name>
<cmt>food</cmt>
<desc>Restaurant</desc>
<sym>Dot</sym>
<type>food</type>
</wpt>
<wpt lat="49.185692" lon="-123.128543">
<name>Uncle Lu Restaurant</name>
<cmt>food</cmt>
<desc>Restaurant</desc>
<sym>Dot</sym>
<type>food</type>
</wpt>
<wpt lat="49.185276" lon="-123.129456">
<name>Gokudo Shabu Shabu</name>
<cmt>food</cmt>
<desc>Restaurant</desc>
<sym>Dot</sym>
<type>food</type>
</wpt>
<wpt lat="49.180040" lon="-123.135184">
<name>Pound Steak</name>
<cmt>food</cmt>
<desc>Restaurant</desc>
<sym>Dot</sym>
<type>food</type>
</wpt>
<wpt lat="49.177621" lon="-123.137393">
<name>Home BBQ Lab</name>
<cmt>food</cmt>
<desc>Restaurant</desc>
<sym>Dot</sym>
<type>food</type>
</wpt>
<wpt lat="49.180502" lon="-123.134682">
<name>Chahalo</name>
<cmt>coffee</cmt>
<desc>Café / Coffee</desc>
<sym>Dot</sym>
<type>food</type>
</wpt>
<wpt lat="49.173166" lon="-123.146525">
<name>Dinesty Dumpling House</name>
<cmt>food</cmt>
<desc>Restaurant</desc>
<sym>Dot</sym>
<type>food</type>
</wpt>
<wpt lat="49.170099" lon="-123.183044">
<name>Lucky Hong Kong Restaurant</name>
<cmt>food</cmt>
<desc>Restaurant</desc>
<sym>Dot</sym>
<type>food</type>
</wpt>
<wpt lat="49.177625" lon="-123.137255">
<name>101 BoBA</name>
<cmt>coffee</cmt>
<desc>Café / Coffee</desc>
<sym>Dot</sym>
<type>food</type>
</wpt>
<wpt lat="49.169975" lon="-123.181858">
<name>Katsu San</name>
<cmt>food</cmt>
<desc>Restaurant</desc>
<sym>Dot</sym>
<type>food</type>
</wpt>
<wpt lat="49.180973" lon="-123.133950">
<name>Loon Fong Hotpot</name>
<cmt>food</cmt>
<desc>Restaurant</desc>
<sym>Dot</sym>
<type>food</type>
</wpt>
<wpt lat="49.180858" lon="-123.133951">
<name>Royal Garden Seafood Restaurant</name>
<cmt>food</cmt>
<desc>Restaurant</desc>
<sym>Dot</sym>
<type>food</type>
</wpt>
<wpt lat="49.179117" lon="-123.135554">
<name>Boiling Point</name>
<cmt>food</cmt>
<desc>Restaurant</desc>
<sym>Dot</sym>
<type>food</type>
</wpt>
<wpt lat="49.133003" lon="-123.096357">
<name>Bubble Waffle Cafe</name>
<cmt>coffee</cmt>
<desc>Café / Coffee</desc>
<sym>Dot</sym>
<type>food</type>
</wpt>
<wpt lat="49.184952" lon="-123.129405">
<name>YouNMi Rice Noodle</name>
<cmt>food</cmt>
<desc>Restaurant</desc>
<sym>Dot</sym>
<type>food</type>
</wpt>
<wpt lat="49.174130" lon="-123.143635">
<name>Co'm Vietnamese</name>
<cmt>food</cmt>
<desc>Restaurant</desc>
<sym>Dot</sym>
<type>food</type>
</wpt>
<wpt lat="49.326962" lon="-123.154865">
<name>Ferry Building Gallery</name>
<cmt>monument</cmt>
<desc>Museum / Gallery</desc>
<sym>Dot</sym>
<type>info</type>
</wpt>
<wpt lat="49.364221" lon="-123.278056">
<name>Gleneagles Community Centre</name>
<cmt>rest_stop</cmt>
<desc>Community Centre</desc>
<sym>Dot</sym>
<type>rest_area</type>
</wpt>
<wpt lat="49.373735" lon="-123.274675">
<name>Subway</name>
<cmt>food</cmt>
<desc>Fast Food / Chain</desc>
<sym>Dot</sym>
<type>food</type>
</wpt>
<wpt lat="49.327098" lon="-123.155936">
<name>Argyle Village Pollinator Garden</name>
<cmt>park</cmt>
<desc>Park / Nature</desc>
<sym>Dot</sym>
<type>rest_area</type>
</wpt>
<wpt lat="49.373832" lon="-123.274601">
<name>Horseshoe Bay Chinese Restaurant</name>
<cmt>food</cmt>
<desc>Restaurant</desc>
<sym>Dot</sym>
<type>food</type>
</wpt>
<wpt lat="49.373866" lon="-123.274560">
<name>Pudgie's Pizza &amp; Pasta</name>
<cmt>food</cmt>
<desc>Restaurant</desc>
<sym>Dot</sym>
<type>food</type>
</wpt>
<wpt lat="49.323937" lon="-123.131247">
<name>Capilano RV Park</name>
<cmt>camping</cmt>
<desc>Private Campground</desc>
<sym>Dot</sym>
<type>campsite</type>
</wpt>
<wpt lat="49.373344" lon="-123.274863">
<name>Horseshoe Bay Motel</name>
<cmt>lodging</cmt>
<desc>Hotel / Motel</desc>
<sym>Dot</sym>
<type>shelter</type>
</wpt>
<wpt lat="49.358938" lon="-123.267010">
<name>JJ's Kitchen</name>
<cmt>food</cmt>
<desc>Restaurant</desc>
<sym>Dot</sym>
<type>food</type>
</wpt>
<wpt lat="49.373971" lon="-123.274435">
<name>C Lovers</name>
<cmt>food</cmt>
<desc>Restaurant</desc>
<sym>Dot</sym>
<type>food</type>
</wpt>
<wpt lat="49.374068" lon="-123.274785">
<name>Seaside Village Cafe</name>
<cmt>coffee</cmt>
<desc>Café / Coffee</desc>
<sym>Dot</sym>
<type>food</type>
</wpt>
<wpt lat="49.327545" lon="-123.156972">
<name>TCBY</name>
<cmt>food</cmt>
<desc>Ice Cream</desc>
<sym>Dot</sym>
<type>food</type>
</wpt>
<wpt lat="49.327519" lon="-123.156601">
<name>Crema Cafe &amp; Bar</name>
<cmt>coffee</cmt>
<desc>Café / Coffee</desc>
<sym>Dot</sym>
<type>food</type>
</wpt>
<wpt lat="49.374216" lon="-123.273054">
<name>Blenz</name>
<cmt>coffee</cmt>
<desc>Café / Coffee</desc>
<sym>Dot</sym>
<type>food</type>
</wpt>
<wpt lat="49.326805" lon="-123.158234">
<name>Silk Purse</name>
<cmt>monument</cmt>
<desc>Museum / Gallery</desc>
<sym>Dot</sym>
<type>info</type>
</wpt>
<wpt lat="49.327502" lon="-123.156267">
<name>Fred's</name>
<cmt>food</cmt>
<desc>Restaurant</desc>
<sym>Dot</sym>
<type>food</type>
</wpt>
<wpt lat="49.331003" lon="-123.172299">
<name>Zen Japanese Restaurant</name>
<cmt>food</cmt>
<desc>Restaurant</desc>
<sym>Dot</sym>
<type>food</type>
</wpt>
<wpt lat="49.325188" lon="-123.133820">
<name>Oceanside Liquor Store</name>
<cmt>convenience_store</cmt>
<desc>Liquor Store</desc>
<sym>Dot</sym>
<type>store</type>
</wpt>
<wpt lat="49.327243" lon="-123.152888">
<name>Thierry</name>
<cmt>coffee</cmt>
<desc>Café / Coffee</desc>
<sym>Dot</sym>
<type>food</type>
</wpt>
<wpt lat="49.331072" lon="-123.172360">
<name>The Modern Pantry</name>
<cmt>food</cmt>
<desc>Bakery / Donuts</desc>
<sym>Dot</sym>
<type>food</type>
</wpt>
<wpt lat="49.374243" lon="-123.273188">
<name>Baskin-Robbins</name>
<cmt>food</cmt>
<desc>Ice Cream</desc>
<sym>Dot</sym>
<type>food</type>
</wpt>
<wpt lat="49.327348" lon="-123.153330">
<name>Ancora</name>
<cmt>food</cmt>
<desc>Restaurant</desc>
<sym>Dot</sym>
<type>food</type>
</wpt>
<wpt lat="49.327633" lon="-123.156601">
<name>Patisserie Le Pont</name>
<cmt>food</cmt>
<desc>Bakery / Donuts</desc>
<sym>Dot</sym>
<type>food</type>
</wpt>
<wpt lat="49.327463" lon="-123.153993">
<name>Earls</name>
<cmt>food</cmt>
<desc>Restaurant</desc>
<sym>Dot</sym>
<type>food</type>
</wpt>
<wpt lat="49.328159" lon="-123.161922">
<name>Kin Sushi</name>
<cmt>food</cmt>
<desc>Restaurant</desc>
<sym>Dot</sym>
<type>food</type>
</wpt>
<wpt lat="49.328162" lon="-123.161789">
<name>Panago</name>
<cmt>food</cmt>
<desc>Fast Food / Chain</desc>
<sym>Dot</sym>
<type>food</type>
</wpt>
<wpt lat="49.333184" lon="-123.182328">
<name>Beach House Restaurant</name>
<cmt>food</cmt>
<desc>Restaurant</desc>
<sym>Dot</sym>
<type>food</type>
</wpt>
<wpt lat="49.327889" lon="-123.158346">
<name>16th Street Liquor Store</name>
<cmt>convenience_store</cmt>
<desc>Liquor Store</desc>
<sym>Dot</sym>
<type>store</type>
</wpt>
<wpt lat="49.346057" lon="-123.217784">
<name>Chevron</name>
<cmt>convenience_store</cmt>
<desc>Convenience Store</desc>
<sym>Dot</sym>
<type>store</type>
</wpt>
<wpt lat="49.328050" lon="-123.159900">
<name>Okanagan Estate Wine Cellar</name>
<cmt>winery</cmt>
<desc>Winery / Cidery</desc>
<sym>Dot</sym>
<type>food</type>
</wpt>
<wpt lat="49.374281" lon="-123.274115">
<name>Starbucks</name>
<cmt>food</cmt>
<desc>Fast Food / Chain</desc>
<sym>Dot</sym>
<type>food</type>
</wpt>
<wpt lat="49.328101" lon="-123.160036">
<name>Fresh St. Market</name>
<cmt>convenience_store</cmt>
<desc>Grocery Store</desc>
<sym>Dot</sym>
<type>store</type>
</wpt>
<wpt lat="49.374276" lon="-123.273828">
<name>Fresh Bay Pizza</name>
<cmt>food</cmt>
<desc>Restaurant</desc>
<sym>Dot</sym>
<type>food</type>
</wpt>
<wpt lat="49.374261" lon="-123.273524">
<name>Troller Ale House</name>
<cmt>bar</cmt>
<desc>Brewery / Pub</desc>
<sym>Dot</sym>
<type>food</type>
</wpt>
<wpt lat="49.328891" lon="-123.165460">
<name>West Vancouver Memorial Library</name>
<cmt>library</cmt>
<desc>Library</desc>
<sym>Dot</sym>
<type>info</type>
</wpt>
<wpt lat="49.328436" lon="-123.163550">
<name>Raku Japanese Kitchen</name>
<cmt>food</cmt>
<desc>Restaurant</desc>
<sym>Dot</sym>
<type>food</type>
</wpt>
<wpt lat="49.334145" lon="-123.180058">
<name>Delany's Coffee House</name>
<cmt>coffee</cmt>
<desc>Café / Coffee</desc>
<sym>Dot</sym>
<type>food</type>
</wpt>
<wpt lat="49.327566" lon="-123.153123">
<name>ABURI Market</name>
<cmt>convenience_store</cmt>
<desc>Convenience Store</desc>
<sym>Dot</sym>
<type>store</type>
</wpt>
<wpt lat="49.374433" lon="-123.274436">
<name>Troll's</name>
<cmt>food</cmt>
<desc>Restaurant</desc>
<sym>Dot</sym>
<type>food</type>
</wpt>
<wpt lat="49.334793" lon="-123.182934">
<name>Vina Vietnamese Restaurant</name>
<cmt>food</cmt>
<desc>Restaurant</desc>
<sym>Dot</sym>
<type>food</type>
</wpt>
<wpt lat="49.327644" lon="-123.153644">
<name>BLAH</name>
<cmt>monument</cmt>
<desc>Museum / Gallery</desc>
<sym>Dot</sym>
<type>info</type>
</wpt>
<wpt lat="49.328498" lon="-123.163355">
<name>Cindy's</name>
<cmt>food</cmt>
<desc>Restaurant</desc>
<sym>Dot</sym>
<type>food</type>
</wpt>
<wpt lat="49.324857" lon="-123.136360">
<name>New York Fries</name>
<cmt>food</cmt>
<desc>Fast Food / Chain</desc>
<sym>Dot</sym>
<type>food</type>
</wpt>
<wpt lat="49.374596" lon="-123.274800">
<name>Olive &amp; Anchor</name>
<cmt>food</cmt>
<desc>Restaurant</desc>
<sym>Dot</sym>
<type>food</type>
</wpt>
<wpt lat="49.324923" lon="-123.136254">
<name>Subway</name>
<cmt>food</cmt>
<desc>Fast Food / Chain</desc>
<sym>Dot</sym>
<type>food</type>
</wpt>
<wpt lat="49.324857" lon="-123.136475">
<name>Thaigo</name>
<cmt>food</cmt>
<desc>Fast Food / Chain</desc>
<sym>Dot</sym>
<type>food</type>
</wpt>
<wpt lat="49.324980" lon="-123.136254">
<name>Vina Vietnamese</name>
<cmt>food</cmt>
<desc>Fast Food / Chain</desc>
<sym>Dot</sym>
<type>food</type>
</wpt>
<wpt lat="49.324857" lon="-123.136630">
<name>Chatime</name>
<cmt>coffee</cmt>
<desc>Café / Coffee</desc>
<sym>Dot</sym>
<type>food</type>
</wpt>
<wpt lat="49.328494" lon="-123.161600">
<name>Dairy Queen</name>
<cmt>food</cmt>
<desc>Ice Cream</desc>
<sym>Dot</sym>
<type>food</type>
</wpt>
<wpt lat="49.324729" lon="-123.138618">
<name>Osaka - Park Royal</name>
<cmt>convenience_store</cmt>
<desc>Grocery Store</desc>
<sym>Dot</sym>
<type>store</type>
</wpt>
<wpt lat="49.331079" lon="-123.171312">
<name>Casa Mia</name>
<cmt>food</cmt>
<desc>Restaurant</desc>
<sym>Dot</sym>
<type>food</type>
</wpt>
<wpt lat="49.324953" lon="-123.136467">
<name>Mr. Pretzels</name>
<cmt>food</cmt>
<desc>Fast Food / Chain</desc>
<sym>Dot</sym>
<type>food</type>
</wpt>
<wpt lat="49.325052" lon="-123.150682">
<name>The Boatshed Ambleside</name>
<cmt>food</cmt>
<desc>Restaurant</desc>
<sym>Dot</sym>
<type>food</type>
</wpt>
<wpt lat="49.325036" lon="-123.136254">
<name>A&amp;W</name>
<cmt>food</cmt>
<desc>Fast Food / Chain</desc>
<sym>Dot</sym>
<type>food</type>
</wpt>
<wpt lat="49.328008" lon="-123.155488">
<name>Carmelo's</name>
<cmt>food</cmt>
<desc>Restaurant</desc>
<sym>Dot</sym>
<type>food</type>
</wpt>
<wpt lat="49.328008" lon="-123.155488">
<name>BC Liquor Store</name>
<cmt>convenience_store</cmt>
<desc>Liquor Store</desc>
<sym>Dot</sym>
<type>store</type>
</wpt>
<wpt lat="49.328501" lon="-123.161089">
<name>Swad Indian Kitchen</name>
<cmt>food</cmt>
<desc>Restaurant</desc>
<sym>Dot</sym>
<type>food</type>
</wpt>
<wpt lat="49.328042" lon="-123.155809">
<name>Golestan Bakery</name>
<cmt>food</cmt>
<desc>Bakery / Donuts</desc>
<sym>Dot</sym>
<type>food</type>
</wpt>
<wpt lat="49.328484" lon="-123.160865">
<name>Starbucks</name>
<cmt>food</cmt>
<desc>Fast Food / Chain</desc>
<sym>Dot</sym>
<type>food</type>
</wpt>
<wpt lat="49.324774" lon="-123.137165">
<name>Winners</name>
<cmt>convenience_store</cmt>
<desc>Grocery Store</desc>
<sym>Dot</sym>
<type>store</type>
</wpt>
<wpt lat="49.328089" lon="-123.156079">
<name>Thai Pudpong</name>
<cmt>food</cmt>
<desc>Restaurant</desc>
<sym>Dot</sym>
<type>food</type>
</wpt>
<wpt lat="49.325093" lon="-123.136254">
<name>OPA! of Greece</name>
<cmt>food</cmt>
<desc>Restaurant</desc>
<sym>Dot</sym>
<type>food</type>
</wpt>
<wpt lat="49.334171" lon="-123.178624">
<name>Sorrento's Pizza</name>
<cmt>food</cmt>
<desc>Restaurant</desc>
<sym>Dot</sym>
<type>food</type>
</wpt>
<wpt lat="49.328271" lon="-123.157384">
<name>Bean Around The World Coffees</name>
<cmt>coffee</cmt>
<desc>Café / Coffee</desc>
<sym>Dot</sym>
<type>food</type>
</wpt>
<wpt lat="49.325130" lon="-123.136319">
<name>Park Royal South Food Court</name>
<cmt>food</cmt>
<desc>Restaurant</desc>
<sym>Dot</sym>
<type>food</type>
</wpt>
<wpt lat="49.325153" lon="-123.136253">
<name>Bourbon St. Grill</name>
<cmt>food</cmt>
<desc>Fast Food / Chain</desc>
<sym>Dot</sym>
<type>food</type>
</wpt>
<wpt lat="49.334568" lon="-123.180363">
<name>The Red Lion Bar &amp; Grill</name>
<cmt>food</cmt>
<desc>Restaurant</desc>
<sym>Dot</sym>
<type>food</type>
</wpt>
<wpt lat="49.328271" lon="-123.157314">
<name>The Anchor Eatery</name>
<cmt>coffee</cmt>
<desc>Café / Coffee</desc>
<sym>Dot</sym>
<type>food</type>
</wpt>
<wpt lat="49.321939" lon="-123.129913">
<name>Talaysay Tours</name>
<cmt>viewpoint</cmt>
<desc>Activity / Experience</desc>
<sym>Dot</sym>
<type>overlook</type>
</wpt>
<wpt lat="49.328315" lon="-123.157649">
<name>KI-ISU Japanese Restaurant</name>
<cmt>food</cmt>
<desc>Restaurant</desc>
<sym>Dot</sym>
<type>food</type>
</wpt>
<wpt lat="49.328395" lon="-123.158427">
<name>Bene Sushi Lounge</name>
<cmt>food</cmt>
<desc>Restaurant</desc>
<sym>Dot</sym>
<type>food</type>
</wpt>
<wpt lat="49.334731" lon="-123.180938">
<name>The Bakehouse</name>
<cmt>food</cmt>
<desc>Bakery / Donuts</desc>
<sym>Dot</sym>
<type>food</type>
</wpt>
<wpt lat="49.328010" lon="-123.153944">
<name>Freshslice Pizza</name>
<cmt>food</cmt>
<desc>Fast Food / Chain</desc>
<sym>Dot</sym>
<type>food</type>
</wpt>
<wpt lat="49.328377" lon="-123.158127">
<name>The Bridge</name>
<cmt>food</cmt>
<desc>Restaurant</desc>
<sym>Dot</sym>
<type>food</type>
</wpt>
<wpt lat="49.328044" lon="-123.154183">
<name>7-Eleven</name>
<cmt>convenience_store</cmt>
<desc>Convenience Store</desc>
<sym>Dot</sym>
<type>store</type>
</wpt>
<wpt lat="49.325209" lon="-123.136253">
<name>KFC</name>
<cmt>food</cmt>
<desc>Fast Food / Chain</desc>
<sym>Dot</sym>
<type>food</type>
</wpt>
<wpt lat="49.328093" lon="-123.154578">
<name>Wooden Fish</name>
<cmt>food</cmt>
<desc>Restaurant</desc>
<sym>Dot</sym>
<type>food</type>
</wpt>
<wpt lat="49.325084" lon="-123.136728">
<name>Orange Julius</name>
<cmt>food</cmt>
<desc>Fast Food / Chain</desc>
<sym>Dot</sym>
<type>food</type>
</wpt>
<wpt lat="49.335074" lon="-123.182179">
<name>IGA</name>
<cmt>convenience_store</cmt>
<desc>Grocery Store</desc>
<sym>Dot</sym>
<type>store</type>
</wpt>
<wpt lat="49.328218" lon="-123.155112">
<name>Lao Cai Chinese Cuisine</name>
<cmt>food</cmt>
<desc>Restaurant</desc>
<sym>Dot</sym>
<type>food</type>
</wpt>
<wpt lat="49.327998" lon="-123.152581">
<name>Shell Select</name>
<cmt>convenience_store</cmt>
<desc>Convenience Store</desc>
<sym>Dot</sym>
<type>store</type>
</wpt>
<wpt lat="49.325355" lon="-123.136174">
<name>Tim Hortons</name>
<cmt>food</cmt>
<desc>Fast Food / Chain</desc>
<sym>Dot</sym>
<type>food</type>
</wpt>
<wpt lat="49.325284" lon="-123.136386">
<name>Booster Juice</name>
<cmt>food</cmt>
<desc>Fast Food / Chain</desc>
<sym>Dot</sym>
<type>food</type>
</wpt>
<wpt lat="49.328774" lon="-123.161237">
<name>Hatam</name>
<cmt>food</cmt>
<desc>Restaurant</desc>
<sym>Dot</sym>
<type>food</type>
</wpt>
<wpt lat="49.328773" lon="-123.161118">
<name>SSal Sushi &amp; Grill</name>
<cmt>food</cmt>
<desc>Restaurant</desc>
<sym>Dot</sym>
<type>food</type>
</wpt>
<wpt lat="49.328773" lon="-123.160993">
<name>Gandoum Bakery</name>
<cmt>food</cmt>
<desc>Bakery / Donuts</desc>
<sym>Dot</sym>
<type>food</type>
</wpt>
<wpt lat="49.325679" lon="-123.135353">
<name>Starbucks</name>
<cmt>food</cmt>
<desc>Fast Food / Chain</desc>
<sym>Dot</sym>
<type>food</type>
</wpt>
<wpt lat="49.330988" lon="-123.170201">
<name>West Vancouver Recreation Centre</name>
<cmt>rest_stop</cmt>
<desc>Community Centre</desc>
<sym>Dot</sym>
<type>rest_area</type>
</wpt>
<wpt lat="49.328355" lon="-123.155971">
<name>Persia Foods Produce Markets</name>
<cmt>convenience_store</cmt>
<desc>Grocery Store</desc>
<sym>Dot</sym>
<type>store</type>
</wpt>
<wpt lat="49.335070" lon="-123.181239">
<name>Angry Otter Liquor</name>
<cmt>convenience_store</cmt>
<desc>Liquor Store</desc>
<sym>Dot</sym>
<type>store</type>
</wpt>
<wpt lat="49.328597" lon="-123.157583">
<name>Savary Island Pie Company</name>
<cmt>food</cmt>
<desc>Bakery / Donuts</desc>
<sym>Dot</sym>
<type>food</type>
</wpt>
<wpt lat="49.328377" lon="-123.155020">
<name>Squarerigger Pub</name>
<cmt>bar</cmt>
<desc>Brewery / Pub</desc>
<sym>Dot</sym>
<type>food</type>
</wpt>
<wpt lat="49.328537" lon="-123.156626">
<name>Subway</name>
<cmt>food</cmt>
<desc>Fast Food / Chain</desc>
<sym>Dot</sym>
<type>food</type>
</wpt>
<wpt lat="49.328482" lon="-123.155004">
<name>Mani</name>
<cmt>food</cmt>
<desc>Restaurant</desc>
<sym>Dot</sym>
<type>food</type>
</wpt>
<wpt lat="49.328694" lon="-123.157425">
<name>Esso</name>
<cmt>convenience_store</cmt>
<desc>Convenience Store</desc>
<sym>Dot</sym>
<type>store</type>
</wpt>
<wpt lat="49.328529" lon="-123.154561">
<name>Cafe C'est si bon</name>
<cmt>coffee</cmt>
<desc>Café / Coffee</desc>
<sym>Dot</sym>
<type>food</type>
</wpt>
<wpt lat="49.325409" lon="-123.138475">
<name>Freshly Squeezed</name>
<cmt>food</cmt>
<desc>Fast Food / Chain</desc>
<sym>Dot</sym>
<type>food</type>
</wpt>
<wpt lat="49.325408" lon="-123.138338">
<name>Sport Chek</name>
<cmt>convenience_store</cmt>
<desc>Outdoor Gear</desc>
<sym>Dot</sym>
<type>store</type>
</wpt>
<wpt lat="49.329031" lon="-123.159483">
<name>Chevron Convenience Store</name>
<cmt>convenience_store</cmt>
<desc>Convenience Store</desc>
<sym>Dot</sym>
<type>store</type>
</wpt>
<wpt lat="49.326226" lon="-123.135169">
<name>Pizza Garden</name>
<cmt>food</cmt>
<desc>Fast Food / Chain</desc>
<sym>Dot</sym>
<type>food</type>
</wpt>
<wpt lat="49.351062" lon="-123.253184">
<name>Safeway</name>
<cmt>convenience_store</cmt>
<desc>Grocery Store</desc>
<sym>Dot</sym>
<type>store</type>
</wpt>
<wpt lat="49.328910" lon="-123.156216">
<name>Mereon</name>
<cmt>food</cmt>
<desc>Restaurant</desc>
<sym>Dot</sym>
<type>food</type>
</wpt>
<wpt lat="49.351148" lon="-123.253673">
<name>Subway</name>
<cmt>food</cmt>
<desc>Fast Food / Chain</desc>
<sym>Dot</sym>
<type>food</type>
</wpt>
<wpt lat="49.328899" lon="-123.155834">
<name>Mitra's Market</name>
<cmt>convenience_store</cmt>
<desc>Grocery Store</desc>
<sym>Dot</sym>
<type>store</type>
</wpt>
<wpt lat="49.328861" lon="-123.155239">
<name>More Bikes West Van</name>
<cmt>bike_shop</cmt>
<desc>Repair Shop</desc>
<sym>Dot</sym>
<type>gear</type>
</wpt>
<wpt lat="49.325274" lon="-123.142900">
<name>The Village Taphouse Fine Wines Spirits &amp; Ales</name>
<cmt>winery</cmt>
<desc>Winery / Cidery</desc>
<sym>Dot</sym>
<type>food</type>
</wpt>
<wpt lat="49.326226" lon="-123.136137">
<name>Nando's</name>
<cmt>food</cmt>
<desc>Restaurant</desc>
<sym>Dot</sym>
<type>food</type>
</wpt>
<wpt lat="49.325262" lon="-123.142612">
<name>The Village Taphouse</name>
<cmt>bar</cmt>
<desc>Brewery / Pub</desc>
<sym>Dot</sym>
<type>food</type>
</wpt>
<wpt lat="49.325733" lon="-123.143593">
<name>Deville Coffee</name>
<cmt>coffee</cmt>
<desc>Café / Coffee</desc>
<sym>Dot</sym>
<type>food</type>
</wpt>
<wpt lat="49.325669" lon="-123.140706">
<name>Starbucks</name>
<cmt>food</cmt>
<desc>Fast Food / Chain</desc>
<sym>Dot</sym>
<type>food</type>
</wpt>
<wpt lat="49.326226" lon="-123.136463">
<name>Five Guys</name>
<cmt>food</cmt>
<desc>Fast Food / Chain</desc>
<sym>Dot</sym>
<type>food</type>
</wpt>
<wpt lat="49.375750" lon="-123.275880">
<name>Goldie's Donuts and Bakery</name>
<cmt>food</cmt>
<desc>Bakery / Donuts</desc>
<sym>Dot</sym>
<type>food</type>
</wpt>
<wpt lat="49.350935" lon="-123.254445">
<name>BC Liquor Store</name>
<cmt>convenience_store</cmt>
<desc>Liquor Store</desc>
<sym>Dot</sym>
<type>store</type>
</wpt>
<wpt lat="49.332466" lon="-123.170664">
<name>West Vancouver Ice Arena</name>
<cmt>rest_stop</cmt>
<desc>Community Centre</desc>
<sym>Dot</sym>
<type>rest_area</type>
</wpt>
<wpt lat="49.326033" lon="-123.139484">
<name>Big Way Hot Pot</name>
<cmt>food</cmt>
<desc>Restaurant</desc>
<sym>Dot</sym>
<type>food</type>
</wpt>
<wpt lat="49.326147" lon="-123.139359">
<name>Angus T</name>
<cmt>food</cmt>
<desc>Bakery / Donuts</desc>
<sym>Dot</sym>
<type>food</type>
</wpt>
<wpt lat="49.326148" lon="-123.139096">
<name>ZUBU Ramen</name>
<cmt>food</cmt>
<desc>Restaurant</desc>
<sym>Dot</sym>
<type>food</type>
</wpt>
<wpt lat="49.326091" lon="-123.143486">
<name>Whole Foods Market</name>
<cmt>convenience_store</cmt>
<desc>Grocery Store</desc>
<sym>Dot</sym>
<type>store</type>
</wpt>
<wpt lat="49.326203" lon="-123.139009">
<name>Tractor</name>
<cmt>food</cmt>
<desc>Restaurant</desc>
<sym>Dot</sym>
<type>food</type>
</wpt>
<wpt lat="49.326303" lon="-123.143709">
<name>Milestones</name>
<cmt>food</cmt>
<desc>Restaurant</desc>
<sym>Dot</sym>
<type>food</type>
</wpt>
<wpt lat="49.348265" lon="-123.222567">
<name>The Shed Cypress</name>
<cmt>food</cmt>
<desc>Restaurant</desc>
<sym>Dot</sym>
<type>food</type>
</wpt>
<wpt lat="49.326481" lon="-123.137474">
<name>Hello Nori</name>
<cmt>food</cmt>
<desc>Restaurant</desc>
<sym>Dot</sym>
<type>food</type>
</wpt>
<wpt lat="49.325981" lon="-123.142336">
<name>Cactus Club Cafe</name>
<cmt>food</cmt>
<desc>Restaurant</desc>
<sym>Dot</sym>
<type>food</type>
</wpt>
<wpt lat="49.326635" lon="-123.139869">
<name>McDonald's</name>
<cmt>food</cmt>
<desc>Fast Food / Chain</desc>
<sym>Dot</sym>
<type>food</type>
</wpt>
<wpt lat="49.326773" lon="-123.137509">
<name>The Keg</name>
<cmt>food</cmt>
<desc>Restaurant</desc>
<sym>Dot</sym>
<type>food</type>
</wpt>
<wpt lat="49.330400" lon="-123.159861">
<name>West Vancouver Art Museum</name>
<cmt>monument</cmt>
<desc>Museum / Gallery</desc>
<sym>Dot</sym>
<type>info</type>
</wpt>
<wpt lat="49.327770" lon="-123.135348">
<name>Pizza Rubato</name>
<cmt>food</cmt>
<desc>Restaurant</desc>
<sym>Dot</sym>
<type>food</type>
</wpt>
<wpt lat="49.327585" lon="-123.139419">
<name>Loblaws</name>
<cmt>convenience_store</cmt>
<desc>Grocery Store</desc>
<sym>Dot</sym>
<type>store</type>
</wpt>
<wpt lat="49.327740" lon="-123.139511">
<name>Chipotle</name>
<cmt>food</cmt>
<desc>Fast Food / Chain</desc>
<sym>Dot</sym>
<type>food</type>
</wpt>
<wpt lat="49.327769" lon="-123.139677">
<name>Popeyes</name>
<cmt>food</cmt>
<desc>Fast Food / Chain</desc>
<sym>Dot</sym>
<type>food</type>
</wpt>
<wpt lat="49.328402" lon="-123.137317">
<name>BC Liquor Store</name>
<cmt>convenience_store</cmt>
<desc>Liquor Store</desc>
<sym>Dot</sym>
<type>store</type>
</wpt>
<wpt lat="49.310083" lon="-123.083185">
<name>Starbucks</name>
<cmt>food</cmt>
<desc>Fast Food / Chain</desc>
<sym>Dot</sym>
<type>food</type>
</wpt>
<wpt lat="49.310175" lon="-123.082887">
<name>Little Tokyo Sushi</name>
<cmt>food</cmt>
<desc>Restaurant</desc>
<sym>Dot</sym>
<type>food</type>
</wpt>
<wpt lat="49.310230" lon="-123.083600">
<name>McDonald's</name>
<cmt>food</cmt>
<desc>Fast Food / Chain</desc>
<sym>Dot</sym>
<type>food</type>
</wpt>
<wpt lat="49.310129" lon="-123.082774">
<name>Ross Crepe &amp; Cafe</name>
<cmt>coffee</cmt>
<desc>Café / Coffee</desc>
<sym>Dot</sym>
<type>food</type>
</wpt>
<wpt lat="49.309972" lon="-123.082792">
<name>Dex Burger Bar &amp; Vinam Vietnamese Cuisine</name>
<cmt>food</cmt>
<desc>Fast Food / Chain</desc>
<sym>Dot</sym>
<type>food</type>
</wpt>
<wpt lat="49.317236" lon="-123.108254">
<name>Pemberton Station Pub</name>
<cmt>bar</cmt>
<desc>Brewery / Pub</desc>
<sym>Dot</sym>
<type>food</type>
</wpt>
<wpt lat="49.318679" lon="-123.099257">
<name>SABOOS BREAD</name>
<cmt>food</cmt>
<desc>Bakery / Donuts</desc>
<sym>Dot</sym>
<type>food</type>
</wpt>
<wpt lat="49.317244" lon="-123.114632">
<name>Climb Base5</name>
<cmt>rest_stop</cmt>
<desc>Community Centre</desc>
<sym>Dot</sym>
<type>rest_area</type>
</wpt>
<wpt lat="49.310231" lon="-123.082379">
<name>Strathcona North</name>
<cmt>bar</cmt>
<desc>Brewery / Pub</desc>
<sym>Dot</sym>
<type>food</type>
</wpt>
<wpt lat="49.312319" lon="-123.083135">
<name>Cit-E Cycles</name>
<cmt>bike_shop</cmt>
<desc>Repair Shop</desc>
<sym>Dot</sym>
<type>gear</type>
</wpt>
<wpt lat="49.310148" lon="-123.082279">
<name>Hell Crust Pizza</name>
<cmt>food</cmt>
<desc>Fast Food / Chain</desc>
<sym>Dot</sym>
<type>food</type>
</wpt>
<wpt lat="49.317058" lon="-123.092641">
<name>Black Kettle Tasting Lounge</name>
<cmt>bar</cmt>
<desc>Brewery / Pub</desc>
<sym>Dot</sym>
<type>food</type>
</wpt>
<wpt lat="49.310246" lon="-123.082195">
<name>Muffin Delight</name>
<cmt>food</cmt>
<desc>Bakery / Donuts</desc>
<sym>Dot</sym>
<type>food</type>
</wpt>
<wpt lat="49.317074" lon="-123.092766">
<name>Black Kettle Brewing</name>
<cmt>bar</cmt>
<desc>Brewery / Pub</desc>
<sym>Dot</sym>
<type>food</type>
</wpt>
<wpt lat="49.309919" lon="-123.082226">
<name>King Taps</name>
<cmt>food</cmt>
<desc>Restaurant</desc>
<sym>Dot</sym>
<type>food</type>
</wpt>
<wpt lat="49.310178" lon="-123.082107">
<name>WELA Healthy Foods</name>
<cmt>food</cmt>
<desc>Fast Food / Chain</desc>
<sym>Dot</sym>
<type>food</type>
</wpt>
<wpt lat="49.310349" lon="-123.082103">
<name>Just Fold</name>
<cmt>coffee</cmt>
<desc>Café / Coffee</desc>
<sym>Dot</sym>
<type>food</type>
</wpt>
<wpt lat="49.310128" lon="-123.082086">
<name>Fiorino</name>
<cmt>food</cmt>
<desc>Restaurant</desc>
<sym>Dot</sym>
<type>food</type>
</wpt>
<wpt lat="49.310325" lon="-123.082060">
<name>El Dorado Pies &amp; Treats</name>
<cmt>food</cmt>
<desc>Bakery / Donuts</desc>
<sym>Dot</sym>
<type>food</type>
</wpt>
<wpt lat="49.310153" lon="-123.082030">
<name>Heritage Asian Eatery</name>
<cmt>food</cmt>
<desc>Fast Food / Chain</desc>
<sym>Dot</sym>
<type>food</type>
</wpt>
<wpt lat="49.310267" lon="-123.082023">
<name>Cilantro &amp; Jalapeño</name>
<cmt>food</cmt>
<desc>Fast Food / Chain</desc>
<sym>Dot</sym>
<type>food</type>
</wpt>
<wpt lat="49.310038" lon="-123.082053">
<name>Brazil Gourmet</name>
<cmt>food</cmt>
<desc>Fast Food / Chain</desc>
<sym>Dot</sym>
<type>food</type>
</wpt>
<wpt lat="49.310394" lon="-123.082022">
<name>Artisan Wine Shop</name>
<cmt>convenience_store</cmt>
<desc>Liquor Store</desc>
<sym>Dot</sym>
<type>store</type>
</wpt>
<wpt lat="49.310538" lon="-123.082037">
<name>COBS Bread</name>
<cmt>food</cmt>
<desc>Bakery / Donuts</desc>
<sym>Dot</sym>
<type>food</type>
</wpt>
<wpt lat="49.310236" lon="-123.081947">
<name>Le Coq Frit</name>
<cmt>food</cmt>
<desc>Fast Food / Chain</desc>
<sym>Dot</sym>
<type>food</type>
</wpt>
<wpt lat="49.310275" lon="-123.081921">
<name>Lonsdale Quay Hotel</name>
<cmt>lodging</cmt>
<desc>Hotel / Motel</desc>
<sym>Dot</sym>
<type>shelter</type>
</wpt>
<wpt lat="49.310181" lon="-123.081878">
<name>The Mainstay</name>
<cmt>bar</cmt>
<desc>Brewery / Pub</desc>
<sym>Dot</sym>
<type>food</type>
</wpt>
<wpt lat="49.310423" lon="-123.081738">
<name>Tokyo Wagyu Works</name>
<cmt>food</cmt>
<desc>Restaurant</desc>
<sym>Dot</sym>
<type>food</type>
</wpt>
<wpt lat="49.312650" lon="-123.082668">
<name>Perfecto Cafe</name>
<cmt>food</cmt>
<desc>Bakery / Donuts</desc>
<sym>Dot</sym>
<type>food</type>
</wpt>
<wpt lat="49.310473" lon="-123.081652">
<name>Krave Kulture Yogurt</name>
<cmt>food</cmt>
<desc>Ice Cream</desc>
<sym>Dot</sym>
<type>food</type>
</wpt>
<wpt lat="49.310457" lon="-123.081609">
<name>Butter Lane Bake Shop</name>
<cmt>food</cmt>
<desc>Bakery / Donuts</desc>
<sym>Dot</sym>
<type>food</type>
</wpt>
<wpt lat="49.312433" lon="-123.082210">
<name>Freshii</name>
<cmt>food</cmt>
<desc>Restaurant</desc>
<sym>Dot</sym>
<type>food</type>
</wpt>
<wpt lat="49.312566" lon="-123.082213">
<name>Boston Pizza</name>
<cmt>food</cmt>
<desc>Fast Food / Chain</desc>
<sym>Dot</sym>
<type>food</type>
</wpt>
<wpt lat="49.312303" lon="-123.081870">
<name>Fresh St. Market</name>
<cmt>convenience_store</cmt>
<desc>Grocery Store</desc>
<sym>Dot</sym>
<type>store</type>
</wpt>
<wpt lat="49.310698" lon="-123.081298">
<name>Shipyards Coffee</name>
<cmt>coffee</cmt>
<desc>Café / Coffee</desc>
<sym>Dot</sym>
<type>food</type>
</wpt>
<wpt lat="49.313516" lon="-123.083343">
<name>Sailor Hägar's</name>
<cmt>bar</cmt>
<desc>Brewery / Pub</desc>
<sym>Dot</sym>
<type>food</type>
</wpt>
<wpt lat="49.310516" lon="-123.080919">
<name>The Polygon Gallery</name>
<cmt>monument</cmt>
<desc>Museum / Gallery</desc>
<sym>Dot</sym>
<type>info</type>
</wpt>
<wpt lat="49.311082" lon="-123.081236">
<name>Catch 122</name>
<cmt>food</cmt>
<desc>Restaurant</desc>
<sym>Dot</sym>
<type>food</type>
</wpt>
<wpt lat="49.310452" lon="-123.080813">
<name>Nemesis</name>
<cmt>coffee</cmt>
<desc>Café / Coffee</desc>
<sym>Dot</sym>
<type>food</type>
</wpt>
<wpt lat="49.310978" lon="-123.080987">
<name>Inuit Gallery Of Vancouver</name>
<cmt>monument</cmt>
<desc>Museum / Gallery</desc>
<sym>Dot</sym>
<type>info</type>
</wpt>
<wpt lat="49.319982" lon="-123.101901">
<name>The Cheese​ Man</name>
<cmt>convenience_store</cmt>
<desc>Grocery Store</desc>
<sym>Dot</sym>
<type>store</type>
</wpt>
<wpt lat="49.310568" lon="-123.080334">
<name>Sempre Uno</name>
<cmt>food</cmt>
<desc>Restaurant</desc>
<sym>Dot</sym>
<type>food</type>
</wpt>
<wpt lat="49.311734" lon="-123.080515">
<name>BC Liquor</name>
<cmt>convenience_store</cmt>
<desc>Liquor Store</desc>
<sym>Dot</sym>
<type>store</type>
</wpt>
<wpt lat="49.312434" lon="-123.080647">
<name>John Braithwaite Community Centre</name>
<cmt>rest_stop</cmt>
<desc>Community Centre</desc>
<sym>Dot</sym>
<type>rest_area</type>
</wpt>
<wpt lat="49.311702" lon="-123.080430">
<name>Tim Hortons</name>
<cmt>food</cmt>
<desc>Fast Food / Chain</desc>
<sym>Dot</sym>
<type>food</type>
</wpt>
<wpt lat="49.309668" lon="-123.080315">
<name>Pier 7</name>
<cmt>bar</cmt>
<desc>Brewery / Pub</desc>
<sym>Dot</sym>
<type>food</type>
</wpt>
<wpt lat="49.311281" lon="-123.080481">
<name>Museum Of North Vancouver</name>
<cmt>monument</cmt>
<desc>Museum / Gallery</desc>
<sym>Dot</sym>
<type>info</type>
</wpt>
<wpt lat="49.310685" lon="-123.080197">
<name>Anatoli Souvlaki</name>
<cmt>food</cmt>
<desc>Restaurant</desc>
<sym>Dot</sym>
<type>food</type>
</wpt>
<wpt lat="49.311654" lon="-123.080344">
<name>Freshslice Pizza</name>
<cmt>food</cmt>
<desc>Fast Food / Chain</desc>
<sym>Dot</sym>
<type>food</type>
</wpt>
<wpt lat="49.310159" lon="-123.080058">
<name>Tap &amp; Barrel</name>
<cmt>food</cmt>
<desc>Restaurant</desc>
<sym>Dot</sym>
<type>food</type>
</wpt>
<wpt lat="49.320091" lon="-123.104001">
<name>North Vancouver Tennis Centre</name>
<cmt>rest_stop</cmt>
<desc>Community Centre</desc>
<sym>Dot</sym>
<type>rest_area</type>
</wpt>
<wpt lat="49.320275" lon="-123.092594">
<name>Pizza Pizza</name>
<cmt>food</cmt>
<desc>Fast Food / Chain</desc>
<sym>Dot</sym>
<type>food</type>
</wpt>
<wpt lat="49.311534" lon="-123.080150">
<name>Big Way Hot Pot</name>
<cmt>food</cmt>
<desc>Restaurant</desc>
<sym>Dot</sym>
<type>food</type>
</wpt>
<wpt lat="49.310885" lon="-123.079982">
<name>Raglan's Bistro</name>
<cmt>food</cmt>
<desc>Restaurant</desc>
<sym>Dot</sym>
<type>food</type>
</wpt>
<wpt lat="49.320550" lon="-123.095484">
<name>Choices Markets</name>
<cmt>convenience_store</cmt>
<desc>Grocery Store</desc>
<sym>Dot</sym>
<type>store</type>
</wpt>
<wpt lat="49.319676" lon="-123.090292">
<name>On the Run</name>
<cmt>convenience_store</cmt>
<desc>Convenience Store</desc>
<sym>Dot</sym>
<type>store</type>
</wpt>
<wpt lat="49.312196" lon="-123.079891">
<name>Earnest Ice Cream</name>
<cmt>food</cmt>
<desc>Ice Cream</desc>
<sym>Dot</sym>
<type>food</type>
</wpt>
<wpt lat="49.320097" lon="-123.107641">
<name>The Workshop Vegetarian Café</name>
<cmt>food</cmt>
<desc>Restaurant</desc>
<sym>Dot</sym>
<type>food</type>
</wpt>
<wpt lat="49.320794" lon="-123.095576">
<name>Burger King</name>
<cmt>food</cmt>
<desc>Fast Food / Chain</desc>
<sym>Dot</sym>
<type>food</type>
</wpt>
<wpt lat="49.312059" lon="-123.079549">
<name>The Green Leaf Aburi Sushi</name>
<cmt>food</cmt>
<desc>Restaurant</desc>
<sym>Dot</sym>
<type>food</type>
</wpt>
<wpt lat="49.312004" lon="-123.079397">
<name>Dave &amp; Mel's Pizzeria</name>
<cmt>food</cmt>
<desc>Fast Food / Chain</desc>
<sym>Dot</sym>
<type>food</type>
</wpt>
<wpt lat="49.320873" lon="-123.101168">
<name>Walmart</name>
<cmt>convenience_store</cmt>
<desc>Grocery Store</desc>
<sym>Dot</sym>
<type>store</type>
</wpt>
<wpt lat="49.309511" lon="-123.079277">
<name>Caffè Artigiano</name>
<cmt>coffee</cmt>
<desc>Café / Coffee</desc>
<sym>Dot</sym>
<type>food</type>
</wpt>
<wpt lat="49.310157" lon="-123.079058">
<name>Nook Restaurant</name>
<cmt>food</cmt>
<desc>Restaurant</desc>
<sym>Dot</sym>
<type>food</type>
</wpt>
<wpt lat="49.309820" lon="-123.079018">
<name>The Shipyards Skate Plaza</name>
<cmt>rest_stop</cmt>
<desc>Community Centre</desc>
<sym>Dot</sym>
<type>rest_area</type>
</wpt>
<wpt lat="49.312362" lon="-123.079310">
<name>Lee's Donuts</name>
<cmt>food</cmt>
<desc>Bakery / Donuts</desc>
<sym>Dot</sym>
<type>food</type>
</wpt>
<wpt lat="49.309410" lon="-123.079117">
<name>Seaside Hotel</name>
<cmt>lodging</cmt>
<desc>Hotel / Motel</desc>
<sym>Dot</sym>
<type>shelter</type>
</wpt>
<wpt lat="49.311725" lon="-123.079095">
<name>Jägerhof</name>
<cmt>food</cmt>
<desc>Restaurant</desc>
<sym>Dot</sym>
<type>food</type>
</wpt>
<wpt lat="49.321083" lon="-123.095632">
<name>Cora</name>
<cmt>food</cmt>
<desc>Restaurant</desc>
<sym>Dot</sym>
<type>food</type>
</wpt>
<wpt lat="49.311744" lon="-123.079078">
<name>Fishworks</name>
<cmt>food</cmt>
<desc>Restaurant</desc>
<sym>Dot</sym>
<type>food</type>
</wpt>
<wpt lat="49.309530" lon="-123.078925">
<name>Joey</name>
<cmt>food</cmt>
<desc>Restaurant</desc>
<sym>Dot</sym>
<type>food</type>
</wpt>
<wpt lat="49.312263" lon="-123.079091">
<name>Foxy Farm Market</name>
<cmt>convenience_store</cmt>
<desc>Farmers' Market</desc>
<sym>Dot</sym>
<type>store</type>
</wpt>
<wpt lat="49.310200" lon="-123.078764">
<name>Reckless Shipyards</name>
<cmt>bike_shop</cmt>
<desc>Repair Shop</desc>
<sym>Dot</sym>
<type>gear</type>
</wpt>
<wpt lat="49.311839" lon="-123.078991">
<name>49th Parallel Coffee Roasters</name>
<cmt>coffee</cmt>
<desc>Café / Coffee</desc>
<sym>Dot</sym>
<type>food</type>
</wpt>
<wpt lat="49.309645" lon="-123.078799">
<name>Carpe Grill &amp; Diner</name>
<cmt>food</cmt>
<desc>Restaurant</desc>
<sym>Dot</sym>
<type>food</type>
</wpt>
<wpt lat="49.321154" lon="-123.101122">
<name>BC Liquor Store</name>
<cmt>convenience_store</cmt>
<desc>Liquor Store</desc>
<sym>Dot</sym>
<type>store</type>
</wpt>
<wpt lat="49.312203" lon="-123.078959">
<name>Buddha-full - Lonsdale</name>
<cmt>food</cmt>
<desc>Restaurant</desc>
<sym>Dot</sym>
<type>food</type>
</wpt>
<wpt lat="49.321211" lon="-123.101453">
<name>Captain's Oven Pizzeria</name>
<cmt>food</cmt>
<desc>Fast Food / Chain</desc>
<sym>Dot</sym>
<type>food</type>
</wpt>
<wpt lat="49.309778" lon="-123.078664">
<name>Welcome Parlour Ice Cream</name>
<cmt>food</cmt>
<desc>Ice Cream</desc>
<sym>Dot</sym>
<type>food</type>
</wpt>
<wpt lat="49.310268" lon="-123.078552">
<name>Pinnacle Hotel at the Pier</name>
<cmt>lodging</cmt>
<desc>Hotel / Motel</desc>
<sym>Dot</sym>
<type>shelter</type>
</wpt>
<wpt lat="49.309863" lon="-123.078566">
<name>Provisions Italiana</name>
<cmt>food</cmt>
<desc>Restaurant</desc>
<sym>Dot</sym>
<type>food</type>
</wpt>
<wpt lat="49.321320" lon="-123.097567">
<name>Save-On-Foods</name>
<cmt>convenience_store</cmt>
<desc>Grocery Store</desc>
<sym>Dot</sym>
<type>store</type>
</wpt>
<wpt lat="49.315145" lon="-123.099791">
<name>Ohm Electric Bikes</name>
<cmt>bike_shop</cmt>
<desc>Repair Shop</desc>
<sym>Dot</sym>
<type>gear</type>
</wpt>
<wpt lat="49.321361" lon="-123.101367">
<name>COBS Bread</name>
<cmt>food</cmt>
<desc>Bakery / Donuts</desc>
<sym>Dot</sym>
<type>food</type>
</wpt>
<wpt lat="49.312177" lon="-123.078633">
<name>Mr. Sushi</name>
<cmt>food</cmt>
<desc>Restaurant</desc>
<sym>Dot</sym>
<type>food</type>
</wpt>
<wpt lat="49.311692" lon="-123.078553">
<name>Lucky's Exotic Bodega</name>
<cmt>convenience_store</cmt>
<desc>Convenience Store</desc>
<sym>Dot</sym>
<type>store</type>
</wpt>
<wpt lat="49.321481" lon="-123.101287">
<name>Kin's Farm Market</name>
<cmt>convenience_store</cmt>
<desc>Farmers' Market</desc>
<sym>Dot</sym>
<type>store</type>
</wpt>
<wpt lat="49.311302" lon="-123.078451">
<name>Cream Pony</name>
<cmt>food</cmt>
<desc>Fast Food / Chain</desc>
<sym>Dot</sym>
<type>food</type>
</wpt>
<wpt lat="49.311905" lon="-123.078315">
<name>Jam Cafe</name>
<cmt>food</cmt>
<desc>Restaurant</desc>
<sym>Dot</sym>
<type>food</type>
</wpt>
<wpt lat="49.314875" lon="-123.100562">
<name>Thomas Haas Chocolates</name>
<cmt>coffee</cmt>
<desc>Café / Coffee</desc>
<sym>Dot</sym>
<type>food</type>
</wpt>
<wpt lat="49.312786" lon="-123.078456">
<name>Dolce Amore - LoLo</name>
<cmt>food</cmt>
<desc>Ice Cream</desc>
<sym>Dot</sym>
<type>food</type>
</wpt>
<wpt lat="49.321666" lon="-123.098158">
<name>Pizza Hut</name>
<cmt>food</cmt>
<desc>Fast Food / Chain</desc>
<sym>Dot</sym>
<type>food</type>
</wpt>
<wpt lat="49.312520" lon="-123.078284">
<name>Quesada</name>
<cmt>food</cmt>
<desc>Fast Food / Chain</desc>
<sym>Dot</sym>
<type>food</type>
</wpt>
<wpt lat="49.311243" lon="-123.078003">
<name>Streetcar Tasting Room</name>
<cmt>bar</cmt>
<desc>Brewery / Pub</desc>
<sym>Dot</sym>
<type>food</type>
</wpt>
<wpt lat="49.312654" lon="-123.078181">
<name>Browns Socialhouse</name>
<cmt>food</cmt>
<desc>Restaurant</desc>
<sym>Dot</sym>
<type>food</type>
</wpt>
<wpt lat="49.311287" lon="-123.077945">
<name>Streetcar Brewing</name>
<cmt>bar</cmt>
<desc>Brewery / Pub</desc>
<sym>Dot</sym>
<type>food</type>
</wpt>
<wpt lat="49.312302" lon="-123.077940">
<name>Kim's Family Korean Restaurant</name>
<cmt>food</cmt>
<desc>Restaurant</desc>
<sym>Dot</sym>
<type>food</type>
</wpt>
<wpt lat="49.312476" lon="-123.077748">
<name>Sushi Bella</name>
<cmt>food</cmt>
<desc>Restaurant</desc>
<sym>Dot</sym>
<type>food</type>
</wpt>
<wpt lat="49.313796" lon="-123.078372">
<name>Minemura Sushi</name>
<cmt>food</cmt>
<desc>Restaurant</desc>
<sym>Dot</sym>
<type>food</type>
</wpt>
<wpt lat="49.314727" lon="-123.079596">
<name>Fraternal Order of Eagles Aerie 2638</name>
<cmt>bar</cmt>
<desc>Brewery / Pub</desc>
<sym>Dot</sym>
<type>food</type>
</wpt>
<wpt lat="49.322142" lon="-123.098658">
<name>Khaghan Restaurant</name>
<cmt>food</cmt>
<desc>Restaurant</desc>
<sym>Dot</sym>
<type>food</type>
</wpt>
<wpt lat="49.312363" lon="-123.077467">
<name>Chicken Box</name>
<cmt>food</cmt>
<desc>Fast Food / Chain</desc>
<sym>Dot</sym>
<type>food</type>
</wpt>
<wpt lat="49.313741" lon="-123.078227">
<name>Golestan Bakery</name>
<cmt>food</cmt>
<desc>Bakery / Donuts</desc>
<sym>Dot</sym>
<type>food</type>
</wpt>
<wpt lat="49.313217" lon="-123.077808">
<name>Mi Tierra Latina</name>
<cmt>convenience_store</cmt>
<desc>Specialty / Health Food</desc>
<sym>Dot</sym>
<type>store</type>
</wpt>
<wpt lat="49.312682" lon="-123.077478">
<name>Gringo</name>
<cmt>food</cmt>
<desc>Restaurant</desc>
<sym>Dot</sym>
<type>food</type>
</wpt>
<wpt lat="49.314964" lon="-123.079798">
<name>7-Eleven</name>
<cmt>convenience_store</cmt>
<desc>Convenience Store</desc>
<sym>Dot</sym>
<type>store</type>
</wpt>
<wpt lat="49.312223" lon="-123.077183">
<name>Farina a Legna</name>
<cmt>food</cmt>
<desc>Restaurant</desc>
<sym>Dot</sym>
<type>food</type>
</wpt>
<wpt lat="49.314328" lon="-123.078187">
<name>Mythos Taverna</name>
<cmt>food</cmt>
<desc>Restaurant</desc>
<sym>Dot</sym>
<type>food</type>
</wpt>
<wpt lat="49.313023" lon="-123.077144">
<name>Tsukiji Kitchen</name>
<cmt>food</cmt>
<desc>Restaurant</desc>
<sym>Dot</sym>
<type>food</type>
</wpt>
<wpt lat="49.321937" lon="-123.107584">
<name>Douce Diner</name>
<cmt>coffee</cmt>
<desc>Café / Coffee</desc>
<sym>Dot</sym>
<type>food</type>
</wpt>
<wpt lat="49.311888" lon="-123.076550">
<name>Coral Court Szechuan Cuisine</name>
<cmt>food</cmt>
<desc>Restaurant</desc>
<sym>Dot</sym>
<type>food</type>
</wpt>
<wpt lat="48.579723" lon="-123.398764">
<name>Heritage Acres</name>
<cmt>monument</cmt>
<desc>Museum / Gallery</desc>
<sym>Dot</sym>
<type>info</type>
</wpt>
<wpt lat="48.593260" lon="-123.397712">
<name>McDonald's</name>
<cmt>food</cmt>
<desc>Fast Food / Chain</desc>
<sym>Dot</sym>
<type>food</type>
</wpt>
<wpt lat="48.597034" lon="-123.394904">
<name>Marigold Cafe</name>
<cmt>coffee</cmt>
<desc>Café / Coffee</desc>
<sym>Dot</sym>
<type>food</type>
</wpt>
<wpt lat="48.593732" lon="-123.397034">
<name>Tim Hortons</name>
<cmt>food</cmt>
<desc>Fast Food / Chain</desc>
<sym>Dot</sym>
<type>food</type>
</wpt>
<wpt lat="48.571838" lon="-123.396201">
<name>Harvest Rd.</name>
<cmt>food</cmt>
<desc>Restaurant</desc>
<sym>Dot</sym>
<type>food</type>
</wpt>
<wpt lat="48.572113" lon="-123.396613">
<name>Michell's Farm Market</name>
<cmt>convenience_store</cmt>
<desc>Farmers' Market</desc>
<sym>Dot</sym>
<type>store</type>
</wpt>
<wpt lat="48.594710" lon="-123.396736">
<name>Quality Inn Waddling Dog</name>
<cmt>lodging</cmt>
<desc>Hotel / Motel</desc>
<sym>Dot</sym>
<type>shelter</type>
</wpt>
<wpt lat="48.592888" lon="-123.397046">
<name>Super 8 Saanichton Victoria Airport</name>
<cmt>lodging</cmt>
<desc>Hotel / Motel</desc>
<sym>Dot</sym>
<type>shelter</type>
</wpt>
<wpt lat="48.592327" lon="-123.400374">
<name>Motel 6 Saanichton, BC - Victoria Airport</name>
<cmt>lodging</cmt>
<desc>Hotel / Motel</desc>
<sym>Dot</sym>
<type>shelter</type>
</wpt>
<wpt lat="48.595074" lon="-123.397015">
<name>Waddling Dog</name>
<cmt>food</cmt>
<desc>Restaurant</desc>
<sym>Dot</sym>
<type>food</type>
</wpt>
<wpt lat="48.575413" lon="-123.402588">
<name>Silver Rill Corn &amp; Produce Market</name>
<cmt>convenience_store</cmt>
<desc>Grocery Store</desc>
<sym>Dot</sym>
<type>store</type>
</wpt>
<wpt lat="48.557315" lon="-123.393079">
<name>Co-op</name>
<cmt>convenience_store</cmt>
<desc>Convenience Store</desc>
<sym>Dot</sym>
<type>store</type>
</wpt>
<wpt lat="48.572305" lon="-123.402668">
<name>Tonolli's Deli &amp; Café</name>
<cmt>food</cmt>
<desc>Restaurant</desc>
<sym>Dot</sym>
<type>food</type>
</wpt>
<wpt lat="49.309860" lon="-123.083615">
<name>Seabus</name>
<cmt>transit</cmt>
<desc>Bus / Public Transit</desc>
<sym>Dot</sym>
<type>transport</type>
</wpt>
<wpt lat="49.148949" lon="-122.935282">
<name>Planet Ice Delta</name>
<cmt>rest_stop</cmt>
<desc>Community Centre</desc>
<sym>Dot</sym>
<type>rest_area</type>
</wpt>
<wpt lat="49.141105" lon="-122.922177">
<name>Delta Nature Reserve</name>
<cmt>park</cmt>
<desc>Park / Nature</desc>
<sym>Dot</sym>
<type>rest_area</type>
</wpt>
<wpt lat="49.031821" lon="-123.080752">
<name>Newman's Fine Foods</name>
<cmt>convenience_store</cmt>
<desc>Grocery Store</desc>
<sym>Dot</sym>
<type>store</type>
</wpt>
<wpt lat="49.031785" lon="-123.080347">
<name>Nat's Coffee House</name>
<cmt>coffee</cmt>
<desc>Café / Coffee</desc>
<sym>Dot</sym>
<type>food</type>
</wpt>
<wpt lat="49.034971" lon="-123.067833">
<name>Gallery 1710</name>
<cmt>monument</cmt>
<desc>Museum / Gallery</desc>
<sym>Dot</sym>
<type>info</type>
</wpt>
<wpt lat="49.008545" lon="-123.129670">
<name>Sweet Thea Bakery</name>
<cmt>food</cmt>
<desc>Bakery / Donuts</desc>
<sym>Dot</sym>
<type>food</type>
</wpt>
<wpt lat="49.008029" lon="-123.130406">
<name>Starbucks</name>
<cmt>food</cmt>
<desc>Fast Food / Chain</desc>
<sym>Dot</sym>
<type>food</type>
</wpt>
<wpt lat="49.008245" lon="-123.130263">
<name>Ali Baba Pizza</name>
<cmt>food</cmt>
<desc>Fast Food / Chain</desc>
<sym>Dot</sym>
<type>food</type>
</wpt>
<wpt lat="49.008504" lon="-123.129904">
<name>On The Go Gelato</name>
<cmt>food</cmt>
<desc>Ice Cream</desc>
<sym>Dot</sym>
<type>food</type>
</wpt>
<wpt lat="49.170288" lon="-122.954911">
<name>McDonald's</name>
<cmt>food</cmt>
<desc>Fast Food / Chain</desc>
<sym>Dot</sym>
<type>food</type>
</wpt>
<wpt lat="49.032572" lon="-123.081231">
<name>Pat Quinn's</name>
<cmt>food</cmt>
<desc>Restaurant</desc>
<sym>Dot</sym>
<type>food</type>
</wpt>
<wpt lat="49.036052" lon="-123.069083">
<name>McDonald's</name>
<cmt>food</cmt>
<desc>Fast Food / Chain</desc>
<sym>Dot</sym>
<type>food</type>
</wpt>
<wpt lat="49.170261" lon="-122.955152">
<name>Shell Select</name>
<cmt>convenience_store</cmt>
<desc>Convenience Store</desc>
<sym>Dot</sym>
<type>store</type>
</wpt>
<wpt lat="49.112745" lon="-122.903071">
<name>Watershed Park</name>
<cmt>park</cmt>
<desc>Park / Nature</desc>
<sym>Dot</sym>
<type>rest_area</type>
</wpt>
<wpt lat="49.156616" lon="-122.940544">
<name>Tide Waters Pub</name>
<cmt>bar</cmt>
<desc>Brewery / Pub</desc>
<sym>Dot</sym>
<type>food</type>
</wpt>
<wpt lat="49.036658" lon="-123.069558">
<name>L'aromas Coffee &amp; Bakehouse</name>
<cmt>food</cmt>
<desc>Bakery / Donuts</desc>
<sym>Dot</sym>
<type>food</type>
</wpt>
<wpt lat="49.033941" lon="-123.069479">
<name>Coast Tsawwassen Inn</name>
<cmt>lodging</cmt>
<desc>Hotel / Motel</desc>
<sym>Dot</sym>
<type>shelter</type>
</wpt>
<wpt lat="49.144911" lon="-122.930896">
<name>Buried Bulldozer</name>
<cmt>viewpoint</cmt>
<desc>Activity / Experience</desc>
<sym>Dot</sym>
<type>overlook</type>
</wpt>
<wpt lat="49.033067" lon="-123.069255">
<name>Browns Socialhouse</name>
<cmt>food</cmt>
<desc>Restaurant</desc>
<sym>Dot</sym>
<type>food</type>
</wpt>
<wpt lat="49.148651" lon="-122.942868">
<name>7-Eleven</name>
<cmt>convenience_store</cmt>
<desc>Convenience Store</desc>
<sym>Dot</sym>
<type>store</type>
</wpt>
<wpt lat="49.171144" lon="-122.946559">
<name>The Kop Coffee Roasters</name>
<cmt>coffee</cmt>
<desc>Café / Coffee</desc>
<sym>Dot</sym>
<type>food</type>
</wpt>
<wpt lat="49.148359" lon="-122.942784">
<name>Tim Hortons</name>
<cmt>food</cmt>
<desc>Fast Food / Chain</desc>
<sym>Dot</sym>
<type>food</type>
</wpt>
<wpt lat="49.171590" lon="-122.947141">
<name>Shaw Donair Bites Ltd</name>
<cmt>food</cmt>
<desc>Restaurant</desc>
<sym>Dot</sym>
<type>food</type>
</wpt>
<wpt lat="49.169214" lon="-122.958515">
<name>Tim Hortons</name>
<cmt>food</cmt>
<desc>Fast Food / Chain</desc>
<sym>Dot</sym>
<type>food</type>
</wpt>
<wpt lat="49.035036" lon="-123.087634">
<name>Montana's</name>
<cmt>food</cmt>
<desc>Restaurant</desc>
<sym>Dot</sym>
<type>food</type>
</wpt>
<wpt lat="49.032216" lon="-123.069306">
<name>M Smart eMobility</name>
<cmt>bike_shop</cmt>
<desc>Repair Shop</desc>
<sym>Dot</sym>
<type>gear</type>
</wpt>
<wpt lat="49.032216" lon="-123.069446">
<name>Pho Fresh</name>
<cmt>food</cmt>
<desc>Restaurant</desc>
<sym>Dot</sym>
<type>food</type>
</wpt>
<wpt lat="49.035151" lon="-123.088867">
<name>Milestones</name>
<cmt>food</cmt>
<desc>Restaurant</desc>
<sym>Dot</sym>
<type>food</type>
</wpt>
<wpt lat="49.035275" lon="-123.088497">
<name>Boston Pizza</name>
<cmt>food</cmt>
<desc>Fast Food / Chain</desc>
<sym>Dot</sym>
<type>food</type>
</wpt>
<wpt lat="49.172015" lon="-122.946137">
<name>Subway</name>
<cmt>food</cmt>
<desc>Fast Food / Chain</desc>
<sym>Dot</sym>
<type>food</type>
</wpt>
<wpt lat="49.031487" lon="-123.069160">
<name>Shell</name>
<cmt>convenience_store</cmt>
<desc>Convenience Store</desc>
<sym>Dot</sym>
<type>store</type>
</wpt>
<wpt lat="49.031303" lon="-123.069181">
<name>7-Eleven</name>
<cmt>convenience_store</cmt>
<desc>Convenience Store</desc>
<sym>Dot</sym>
<type>store</type>
</wpt>
<wpt lat="49.064637" lon="-123.022618">
<name>Kings Links Clubhouse</name>
<cmt>food</cmt>
<desc>Restaurant</desc>
<sym>Dot</sym>
<type>food</type>
</wpt>
<wpt lat="49.031116" lon="-123.069181">
<name>Pizza Hut</name>
<cmt>food</cmt>
<desc>Fast Food / Chain</desc>
<sym>Dot</sym>
<type>food</type>
</wpt>
<wpt lat="49.031038" lon="-123.069180">
<name>Ossie's Deli &amp; Meats</name>
<cmt>food</cmt>
<desc>Fast Food / Chain</desc>
<sym>Dot</sym>
<type>food</type>
</wpt>
<wpt lat="49.030851" lon="-123.069185">
<name>Dairy Queen</name>
<cmt>food</cmt>
<desc>Ice Cream</desc>
<sym>Dot</sym>
<type>food</type>
</wpt>
<wpt lat="48.993870" lon="-123.818060">
<name>Wild Poppy Market</name>
<cmt>food</cmt>
<desc>Bakery / Donuts</desc>
<sym>Dot</sym>
<type>food</type>
</wpt>
<wpt lat="48.993870" lon="-123.818060">
<name>Old Town Ice Cream</name>
<cmt>food</cmt>
<desc>Ice Cream</desc>
<sym>Dot</sym>
<type>food</type>
</wpt>
<wpt lat="48.992588" lon="-123.816139">
<name>Barnacle Barney's Fish and Chips</name>
<cmt>food</cmt>
<desc>Restaurant</desc>
<sym>Dot</sym>
<type>food</type>
</wpt>
<wpt lat="48.996846" lon="-123.822932">
<name>Country Grocer</name>
<cmt>convenience_store</cmt>
<desc>Grocery Store</desc>
<sym>Dot</sym>
<type>store</type>
</wpt>
<wpt lat="48.994123" lon="-123.818340">
<name>Ladysmith Gallery</name>
<cmt>monument</cmt>
<desc>Museum / Gallery</desc>
<sym>Dot</sym>
<type>info</type>
</wpt>
<wpt lat="48.993573" lon="-123.818252">
<name>Appetit Food for Thought</name>
<cmt>food</cmt>
<desc>Restaurant</desc>
<sym>Dot</sym>
<type>food</type>
</wpt>
<wpt lat="48.996740" lon="-123.822938">
<name>The 49th Cafe</name>
<cmt>coffee</cmt>
<desc>Café / Coffee</desc>
<sym>Dot</sym>
<type>food</type>
</wpt>
<wpt lat="48.994238" lon="-123.819260">
<name>The Sportsman Pub</name>
<cmt>bar</cmt>
<desc>Brewery / Pub</desc>
<sym>Dot</sym>
<type>food</type>
</wpt>
<wpt lat="48.998040" lon="-123.823788">
<name>Tim Hortons</name>
<cmt>food</cmt>
<desc>Fast Food / Chain</desc>
<sym>Dot</sym>
<type>food</type>
</wpt>
<wpt lat="48.989430" lon="-123.813638">
<name>Bayview Brewing Company</name>
<cmt>bar</cmt>
<desc>Brewery / Pub</desc>
<sym>Dot</sym>
<type>food</type>
</wpt>
<wpt lat="48.977992" lon="-123.803524">
<name>Sushi Wara</name>
<cmt>food</cmt>
<desc>Restaurant</desc>
<sym>Dot</sym>
<type>food</type>
</wpt>
<wpt lat="48.977992" lon="-123.803524">
<name>KFC</name>
<cmt>food</cmt>
<desc>Fast Food / Chain</desc>
<sym>Dot</sym>
<type>food</type>
</wpt>
<wpt lat="48.993228" lon="-123.817960">
<name>Old Town Bakery</name>
<cmt>food</cmt>
<desc>Bakery / Donuts</desc>
<sym>Dot</sym>
<type>food</type>
</wpt>
<wpt lat="49.015284" lon="-123.852422">
<name>Ladysmith A&amp;W</name>
<cmt>food</cmt>
<desc>Fast Food / Chain</desc>
<sym>Dot</sym>
<type>food</type>
</wpt>
<wpt lat="48.994838" lon="-123.820360">
<name>Ladysmith Library Branch</name>
<cmt>library</cmt>
<desc>Library</desc>
<sym>Dot</sym>
<type>info</type>
</wpt>
<wpt lat="48.977306" lon="-123.802756">
<name>Dairy Queen</name>
<cmt>food</cmt>
<desc>Ice Cream</desc>
<sym>Dot</sym>
<type>food</type>
</wpt>
<wpt lat="48.992972" lon="-123.816047">
<name>Roberts Street Pizza</name>
<cmt>food</cmt>
<desc>Restaurant</desc>
<sym>Dot</sym>
<type>food</type>
</wpt>
<wpt lat="48.978202" lon="-123.803920">
<name>McDonald's</name>
<cmt>food</cmt>
<desc>Fast Food / Chain</desc>
<sym>Dot</sym>
<type>food</type>
</wpt>
<wpt lat="48.978883" lon="-123.804502">
<name>Save-On-Foods</name>
<cmt>convenience_store</cmt>
<desc>Grocery Store</desc>
<sym>Dot</sym>
<type>store</type>
</wpt>
<wpt lat="48.994094" lon="-123.817598">
<name>Budget Blinds</name>
<cmt>convenience_store</cmt>
<desc>Grocery Store</desc>
<sym>Dot</sym>
<type>store</type>
</wpt>
<wpt lat="48.993662" lon="-123.819147">
<name>The Phoenix</name>
<cmt>food</cmt>
<desc>Restaurant</desc>
<sym>Dot</sym>
<type>food</type>
</wpt>
<wpt lat="48.994261" lon="-123.817608">
<name>Fox and Hounds</name>
<cmt>bar</cmt>
<desc>Brewery / Pub</desc>
<sym>Dot</sym>
<type>food</type>
</wpt>
<wpt lat="49.015173" lon="-123.855210">
<name>Tim Hortons</name>
<cmt>food</cmt>
<desc>Fast Food / Chain</desc>
<sym>Dot</sym>
<type>food</type>
</wpt>
<wpt lat="48.978755" lon="-123.804824">
<name>Starbucks</name>
<cmt>food</cmt>
<desc>Fast Food / Chain</desc>
<sym>Dot</sym>
<type>food</type>
</wpt>
<wpt lat="48.977981" lon="-123.804374">
<name>Great Canadian Dollar Store</name>
<cmt>convenience_store</cmt>
<desc>General merchandise</desc>
<sym>Dot</sym>
<type>store</type>
</wpt>
<wpt lat="49.013977" lon="-123.852267">
<name>Microtel Inn &amp; Suites by Wyndham Oyster Bay Ladysmith</name>
<cmt>lodging</cmt>
<desc>Hotel / Motel</desc>
<sym>Dot</sym>
<type>shelter</type>
</wpt>
<wpt lat="48.978277" lon="-123.804734">
<name>Panago</name>
<cmt>food</cmt>
<desc>Fast Food / Chain</desc>
<sym>Dot</sym>
<type>food</type>
</wpt>
<wpt lat="48.978420" lon="-123.804878">
<name>BC Liquor Store</name>
<cmt>convenience_store</cmt>
<desc>Liquor Store</desc>
<sym>Dot</sym>
<type>store</type>
</wpt>
<wpt lat="48.992960" lon="-123.815029">
<name>Dragon City</name>
<cmt>food</cmt>
<desc>Restaurant</desc>
<sym>Dot</sym>
<type>food</type>
</wpt>
<wpt lat="48.993744" lon="-123.816119">
<name>7-Eleven</name>
<cmt>convenience_store</cmt>
<desc>Convenience Store</desc>
<sym>Dot</sym>
<type>store</type>
</wpt>
<wpt lat="48.994158" lon="-123.816580">
<name>Spice Hut Indian Cuisine</name>
<cmt>food</cmt>
<desc>Restaurant</desc>
<sym>Dot</sym>
<type>food</type>
</wpt>
<wpt lat="48.994549" lon="-123.817070">
<name>Holiday House Seaview Motel</name>
<cmt>lodging</cmt>
<desc>Hotel / Motel</desc>
<sym>Dot</sym>
<type>shelter</type>
</wpt>
<wpt lat="48.993577" lon="-123.815640">
<name>Ironworks Café &amp; Crêperie</name>
<cmt>coffee</cmt>
<desc>Café / Coffee</desc>
<sym>Dot</sym>
<type>food</type>
</wpt>
<wpt lat="48.995849" lon="-123.818925">
<name>Subway</name>
<cmt>food</cmt>
<desc>Fast Food / Chain</desc>
<sym>Dot</sym>
<type>food</type>
</wpt>
<wpt lat="48.995788" lon="-123.818810">
<name>Kaede Sushi</name>
<cmt>food</cmt>
<desc>Restaurant</desc>
<sym>Dot</sym>
<type>food</type>
</wpt>
<wpt lat="48.996207" lon="-123.814304">
<name>Ladysmith Maritime Society Museum</name>
<cmt>monument</cmt>
<desc>Museum / Gallery</desc>
<sym>Dot</sym>
<type>info</type>
</wpt>
<wpt lat="48.990471" lon="-123.821440">
<name>Jas Cafe</name>
<cmt>coffee</cmt>
<desc>Café / Coffee</desc>
<sym>Dot</sym>
<type>food</type>
</wpt>
<wpt lat="48.462500" lon="-123.575373">
<name>Goldstream Suspension Bridge</name>
<cmt>viewpoint</cmt>
<desc>Activity / Experience</desc>
<sym>Dot</sym>
<type>overlook</type>
</wpt>
<wpt lat="48.851157" lon="-123.705815">
<name>Teafarm</name>
<cmt>viewpoint</cmt>
<desc>Activity / Experience</desc>
<sym>Dot</sym>
<type>overlook</type>
</wpt>
<wpt lat="48.851124" lon="-123.706856">
<name>Westholme Tea Farm</name>
<cmt>food</cmt>
<desc>Restaurant</desc>
<sym>Dot</sym>
<type>food</type>
</wpt>
<wpt lat="48.791086" lon="-123.737121">
<name>Country Grocer</name>
<cmt>convenience_store</cmt>
<desc>Grocery Store</desc>
<sym>Dot</sym>
<type>store</type>
</wpt>
<wpt lat="48.922045" lon="-123.718197">
<name>Subway</name>
<cmt>food</cmt>
<desc>Fast Food / Chain</desc>
<sym>Dot</sym>
<type>food</type>
</wpt>
<wpt lat="48.921049" lon="-123.717529">
<name>Little Town Pizza</name>
<cmt>food</cmt>
<desc>Restaurant</desc>
<sym>Dot</sym>
<type>food</type>
</wpt>
<wpt lat="48.922300" lon="-123.718492">
<name>BC Liquor Store</name>
<cmt>convenience_store</cmt>
<desc>Liquor Store</desc>
<sym>Dot</sym>
<type>store</type>
</wpt>
<wpt lat="48.925553" lon="-123.727412">
<name>Sawmill TapHouse &amp; Grill</name>
<cmt>food</cmt>
<desc>Restaurant</desc>
<sym>Dot</sym>
<type>food</type>
</wpt>
<wpt lat="48.926523" lon="-123.728171">
<name>Serious Brewing Company</name>
<cmt>bar</cmt>
<desc>Brewery / Pub</desc>
<sym>Dot</sym>
<type>food</type>
</wpt>
<wpt lat="48.926430" lon="-123.728121">
<name>Riot Tasting Room</name>
<cmt>bar</cmt>
<desc>Brewery / Pub</desc>
<sym>Dot</sym>
<type>food</type>
</wpt>
<wpt lat="48.921953" lon="-123.717604">
<name>Bonnie Martin Restaurant</name>
<cmt>food</cmt>
<desc>Restaurant</desc>
<sym>Dot</sym>
<type>food</type>
</wpt>
<wpt lat="48.791957" lon="-123.737085">
<name>Tim Hortons</name>
<cmt>food</cmt>
<desc>Fast Food / Chain</desc>
<sym>Dot</sym>
<type>food</type>
</wpt>
<wpt lat="48.922568" lon="-123.717712">
<name>Citrus Cycles</name>
<cmt>bike_shop</cmt>
<desc>Repair Shop</desc>
<sym>Dot</sym>
<type>gear</type>
</wpt>
<wpt lat="48.921759" lon="-123.716840">
<name>Owl's Nest</name>
<cmt>coffee</cmt>
<desc>Café / Coffee</desc>
<sym>Dot</sym>
<type>food</type>
</wpt>
<wpt lat="48.922764" lon="-123.717547">
<name>Pho Triple 7</name>
<cmt>food</cmt>
<desc>Restaurant</desc>
<sym>Dot</sym>
<type>food</type>
</wpt>
<wpt lat="48.925946" lon="-123.726366">
<name>Country Grocer</name>
<cmt>convenience_store</cmt>
<desc>Grocery Store</desc>
<sym>Dot</sym>
<type>store</type>
</wpt>
<wpt lat="48.921851" lon="-123.716544">
<name>Willow Street Cafe</name>
<cmt>coffee</cmt>
<desc>Café / Coffee</desc>
<sym>Dot</sym>
<type>food</type>
</wpt>
<wpt lat="48.922908" lon="-123.717151">
<name>Scoops by the Sea</name>
<cmt>food</cmt>
<desc>Ice Cream</desc>
<sym>Dot</sym>
<type>food</type>
</wpt>
<wpt lat="48.923478" lon="-123.717158">
<name>Chemainus Valley Museum</name>
<cmt>monument</cmt>
<desc>Museum / Gallery</desc>
<sym>Dot</sym>
<type>info</type>
</wpt>
<wpt lat="48.923455" lon="-123.716983">
<name>Chemainus Visitor Centre</name>
<cmt>generic</cmt>
<desc>Visitor Centre</desc>
<sym>Dot</sym>
<type>generic</type>
</wpt>
<wpt lat="48.924904" lon="-123.718933">
<name>Pacific Shores Inn</name>
<cmt>lodging</cmt>
<desc>Hotel / Motel</desc>
<sym>Dot</sym>
<type>shelter</type>
</wpt>
<wpt lat="48.925512" lon="-123.717005">
<name>Sushi Kuni</name>
<cmt>food</cmt>
<desc>Restaurant</desc>
<sym>Dot</sym>
<type>food</type>
</wpt>
<wpt lat="48.434477" lon="-123.395176">
<name>Driftwood Brewing Co.</name>
<cmt>bar</cmt>
<desc>Brewery / Pub</desc>
<sym>Dot</sym>
<type>food</type>
</wpt>
<wpt lat="48.441736" lon="-123.428615">
<name>Songhees Events and Catering</name>
<cmt>food</cmt>
<desc>Restaurant</desc>
<sym>Dot</sym>
<type>food</type>
</wpt>
<wpt lat="48.436209" lon="-123.419493">
<name>Serious Coffee</name>
<cmt>coffee</cmt>
<desc>Café / Coffee</desc>
<sym>Dot</sym>
<type>food</type>
</wpt>
<wpt lat="48.436323" lon="-123.420681">
<name>CFB Esquimalt Naval &amp; Military Museum - NAD29</name>
<cmt>monument</cmt>
<desc>Museum / Gallery</desc>
<sym>Dot</sym>
<type>info</type>
</wpt>
<wpt lat="48.431383" lon="-123.399244">
<name>A&amp;W</name>
<cmt>food</cmt>
<desc>Fast Food / Chain</desc>
<sym>Dot</sym>
<type>food</type>
</wpt>
<wpt lat="48.441397" lon="-123.401803">
<name>7-Eleven</name>
<cmt>convenience_store</cmt>
<desc>Convenience Store</desc>
<sym>Dot</sym>
<type>store</type>
</wpt>
<wpt lat="48.428842" lon="-123.394581">
<name>Matson Conservation Area</name>
<cmt>park</cmt>
<desc>Park / Nature</desc>
<sym>Dot</sym>
<type>rest_area</type>
</wpt>
<wpt lat="48.469393" lon="-123.361675">
<name>BC Liquor Store</name>
<cmt>convenience_store</cmt>
<desc>Liquor Store</desc>
<sym>Dot</sym>
<type>store</type>
</wpt>
<wpt lat="48.451632" lon="-123.376009">
<name>Red Lion Inn &amp; Suites</name>
<cmt>lodging</cmt>
<desc>Hotel / Motel</desc>
<sym>Dot</sym>
<type>shelter</type>
</wpt>
<wpt lat="48.452330" lon="-123.376239">
<name>Delicious Pizza &amp; Pasta</name>
<cmt>food</cmt>
<desc>Restaurant</desc>
<sym>Dot</sym>
<type>food</type>
</wpt>
<wpt lat="48.471496" lon="-123.361204">
<name>The Monkey Tree Pub</name>
<cmt>bar</cmt>
<desc>Brewery / Pub</desc>
<sym>Dot</sym>
<type>food</type>
</wpt>
<wpt lat="48.457808" lon="-123.376916">
<name>Starbucks</name>
<cmt>food</cmt>
<desc>Fast Food / Chain</desc>
<sym>Dot</sym>
<type>food</type>
</wpt>
<wpt lat="48.470702" lon="-123.360905">
<name>Subway</name>
<cmt>food</cmt>
<desc>Fast Food / Chain</desc>
<sym>Dot</sym>
<type>food</type>
</wpt>
<wpt lat="48.458015" lon="-123.376772">
<name>Big Wheel Burger</name>
<cmt>food</cmt>
<desc>Fast Food / Chain</desc>
<sym>Dot</sym>
<type>food</type>
</wpt>
<wpt lat="48.458369" lon="-123.376427">
<name>Yoshi Sushi</name>
<cmt>food</cmt>
<desc>Restaurant</desc>
<sym>Dot</sym>
<type>food</type>
</wpt>
<wpt lat="48.529570" lon="-123.373317">
<name>Adrienne's Restaurant &amp; Tea Garden</name>
<cmt>coffee</cmt>
<desc>Café / Coffee</desc>
<sym>Dot</sym>
<type>food</type>
</wpt>
<wpt lat="48.529353" lon="-123.372990">
<name>Redbarn Market</name>
<cmt>convenience_store</cmt>
<desc>Grocery Store</desc>
<sym>Dot</sym>
<type>store</type>
</wpt>
<wpt lat="48.453233" lon="-123.376323">
<name>Subway</name>
<cmt>food</cmt>
<desc>Fast Food / Chain</desc>
<sym>Dot</sym>
<type>food</type>
</wpt>
<wpt lat="48.469539" lon="-123.362556">
<name>Ali Baba's</name>
<cmt>food</cmt>
<desc>Fast Food / Chain</desc>
<sym>Dot</sym>
<type>food</type>
</wpt>
<wpt lat="48.470740" lon="-123.360660">
<name>Panago</name>
<cmt>food</cmt>
<desc>Fast Food / Chain</desc>
<sym>Dot</sym>
<type>food</type>
</wpt>
<wpt lat="48.469210" lon="-123.362799">
<name>Starbucks</name>
<cmt>food</cmt>
<desc>Fast Food / Chain</desc>
<sym>Dot</sym>
<type>food</type>
</wpt>
<wpt lat="48.469444" lon="-123.361063">
<name>Tim Hortons</name>
<cmt>food</cmt>
<desc>Fast Food / Chain</desc>
<sym>Dot</sym>
<type>food</type>
</wpt>
<wpt lat="48.468666" lon="-123.363206">
<name>White Spot</name>
<cmt>food</cmt>
<desc>Fast Food / Chain</desc>
<sym>Dot</sym>
<type>food</type>
</wpt>
<wpt lat="48.457345" lon="-123.376006">
<name>Tim Hortons</name>
<cmt>food</cmt>
<desc>Fast Food / Chain</desc>
<sym>Dot</sym>
<type>food</type>
</wpt>
<wpt lat="48.469933" lon="-123.362532">
<name>London Drugs</name>
<cmt>convenience_store</cmt>
<desc>General merchandise</desc>
<sym>Dot</sym>
<type>store</type>
</wpt>
<wpt lat="48.455883" lon="-123.376643">
<name>Brown's Social House</name>
<cmt>food</cmt>
<desc>Restaurant</desc>
<sym>Dot</sym>
<type>food</type>
</wpt>
<wpt lat="48.469222" lon="-123.363191">
<name>Thrifty Foods Quadra</name>
<cmt>convenience_store</cmt>
<desc>Grocery Store</desc>
<sym>Dot</sym>
<type>store</type>
</wpt>
<wpt lat="48.451556" lon="-123.375120">
<name>Jade Fountain Restaurant</name>
<cmt>food</cmt>
<desc>Restaurant</desc>
<sym>Dot</sym>
<type>food</type>
</wpt>
<wpt lat="48.456331" lon="-123.376368">
<name>Whole Foods Market</name>
<cmt>convenience_store</cmt>
<desc>Grocery Store</desc>
<sym>Dot</sym>
<type>store</type>
</wpt>
<wpt lat="48.454442" lon="-123.375862">
<name>Canadian Brewhouse &amp; Grill</name>
<cmt>bar</cmt>
<desc>Brewery / Pub</desc>
<sym>Dot</sym>
<type>food</type>
</wpt>
<wpt lat="48.454240" lon="-123.375719">
<name>The Chopped Leaf</name>
<cmt>food</cmt>
<desc>Restaurant</desc>
<sym>Dot</sym>
<type>food</type>
</wpt>
<wpt lat="48.454084" lon="-123.375639">
<name>Noodle Box</name>
<cmt>food</cmt>
<desc>Restaurant</desc>
<sym>Dot</sym>
<type>food</type>
</wpt>
<wpt lat="48.469885" lon="-123.363343">
<name>Liquor Plus</name>
<cmt>convenience_store</cmt>
<desc>Liquor Store</desc>
<sym>Dot</sym>
<type>store</type>
</wpt>
<wpt lat="48.455359" lon="-123.375731">
<name>Power House Living Foods Co.</name>
<cmt>food</cmt>
<desc>Restaurant</desc>
<sym>Dot</sym>
<type>food</type>
</wpt>
<wpt lat="48.466310" lon="-123.362007">
<name>Phoenix Pub &amp; Grill</name>
<cmt>bar</cmt>
<desc>Brewery / Pub</desc>
<sym>Dot</sym>
<type>food</type>
</wpt>
<wpt lat="48.455280" lon="-123.375664">
<name>Hey Happy</name>
<cmt>coffee</cmt>
<desc>Café / Coffee</desc>
<sym>Dot</sym>
<type>food</type>
</wpt>
<wpt lat="48.455125" lon="-123.375533">
<name>roast</name>
<cmt>food</cmt>
<desc>Fast Food / Chain</desc>
<sym>Dot</sym>
<type>food</type>
</wpt>
<wpt lat="48.455072" lon="-123.375478">
<name>Starbucks</name>
<cmt>food</cmt>
<desc>Fast Food / Chain</desc>
<sym>Dot</sym>
<type>food</type>
</wpt>
<wpt lat="48.450645" lon="-123.373673">
<name>A&amp;W</name>
<cmt>food</cmt>
<desc>Fast Food / Chain</desc>
<sym>Dot</sym>
<type>food</type>
</wpt>
<wpt lat="48.447825" lon="-123.373006">
<name>Domino's</name>
<cmt>food</cmt>
<desc>Fast Food / Chain</desc>
<sym>Dot</sym>
<type>food</type>
</wpt>
<wpt lat="48.455406" lon="-123.375375">
<name>Puerto Vallarta Amigos</name>
<cmt>food</cmt>
<desc>Fast Food / Chain</desc>
<sym>Dot</sym>
<type>food</type>
</wpt>
<wpt lat="48.465871" lon="-123.361936">
<name>The Keg</name>
<cmt>food</cmt>
<desc>Restaurant</desc>
<sym>Dot</sym>
<type>food</type>
</wpt>
<wpt lat="48.455483" lon="-123.375363">
<name>Cascadia Liquor Store</name>
<cmt>convenience_store</cmt>
<desc>Liquor Store</desc>
<sym>Dot</sym>
<type>store</type>
</wpt>
<wpt lat="48.469744" lon="-123.364086">
<name>Dairy Queen</name>
<cmt>food</cmt>
<desc>Ice Cream</desc>
<sym>Dot</sym>
<type>food</type>
</wpt>
<wpt lat="48.455245" lon="-123.375249">
<name>Crust Bakery</name>
<cmt>food</cmt>
<desc>Bakery / Donuts</desc>
<sym>Dot</sym>
<type>food</type>
</wpt>
<wpt lat="48.458247" lon="-123.378884">
<name>Tim Hortons</name>
<cmt>food</cmt>
<desc>Fast Food / Chain</desc>
<sym>Dot</sym>
<type>food</type>
</wpt>
<wpt lat="48.458257" lon="-123.378938">
<name>7-Eleven</name>
<cmt>convenience_store</cmt>
<desc>Convenience Store</desc>
<sym>Dot</sym>
<type>store</type>
</wpt>
<wpt lat="48.466329" lon="-123.361298">
<name>Anar Food and Grocery</name>
<cmt>convenience_store</cmt>
<desc>Convenience Store</desc>
<sym>Dot</sym>
<type>store</type>
</wpt>
<wpt lat="48.454211" lon="-123.374833">
<name>Erito Sushi</name>
<cmt>food</cmt>
<desc>Restaurant</desc>
<sym>Dot</sym>
<type>food</type>
</wpt>
<wpt lat="48.454272" lon="-123.374642">
<name>Ono Poké</name>
<cmt>food</cmt>
<desc>Restaurant</desc>
<sym>Dot</sym>
<type>food</type>
</wpt>
<wpt lat="48.448553" lon="-123.372224">
<name>Tim Hortons</name>
<cmt>food</cmt>
<desc>Fast Food / Chain</desc>
<sym>Dot</sym>
<type>food</type>
</wpt>
<wpt lat="48.454117" lon="-123.374600">
<name>Rhino</name>
<cmt>coffee</cmt>
<desc>Café / Coffee</desc>
<sym>Dot</sym>
<type>food</type>
</wpt>
<wpt lat="48.448129" lon="-123.372196">
<name>7-Eleven</name>
<cmt>convenience_store</cmt>
<desc>Convenience Store</desc>
<sym>Dot</sym>
<type>store</type>
</wpt>
<wpt lat="48.454853" lon="-123.374366">
<name>Walmart</name>
<cmt>convenience_store</cmt>
<desc>Grocery Store</desc>
<sym>Dot</sym>
<type>store</type>
</wpt>
<wpt lat="48.456448" lon="-123.373667">
<name>Boston Pizza</name>
<cmt>food</cmt>
<desc>Fast Food / Chain</desc>
<sym>Dot</sym>
<type>food</type>
</wpt>
<wpt lat="48.455808" lon="-123.373937">
<name>Emily Carr Library Branch</name>
<cmt>library</cmt>
<desc>Library</desc>
<sym>Dot</sym>
<type>info</type>
</wpt>
<wpt lat="48.456289" lon="-123.373367">
<name>The Liquor Co. 1977</name>
<cmt>convenience_store</cmt>
<desc>Liquor Store</desc>
<sym>Dot</sym>
<type>store</type>
</wpt>
<wpt lat="48.454338" lon="-123.373424">
<name>McDonald's</name>
<cmt>food</cmt>
<desc>Fast Food / Chain</desc>
<sym>Dot</sym>
<type>food</type>
</wpt>
<wpt lat="48.452251" lon="-123.381031">
<name>Uptown Bistro</name>
<cmt>food</cmt>
<desc>Restaurant</desc>
<sym>Dot</sym>
<type>food</type>
</wpt>
<wpt lat="48.456780" lon="-123.372297">
<name>Save-On-Foods</name>
<cmt>convenience_store</cmt>
<desc>Grocery Store</desc>
<sym>Dot</sym>
<type>store</type>
</wpt>
<wpt lat="48.486572" lon="-123.355174">
<name>Madrona Farm</name>
<cmt>convenience_store</cmt>
<desc>Farmers' Market</desc>
<sym>Dot</sym>
<type>store</type>
</wpt>
<wpt lat="48.449706" lon="-123.369246">
<name>Lot 1 Pasta Bar</name>
<cmt>food</cmt>
<desc>Restaurant</desc>
<sym>Dot</sym>
<type>food</type>
</wpt>
<wpt lat="48.448445" lon="-123.368945">
<name>Red Robin</name>
<cmt>food</cmt>
<desc>Restaurant</desc>
<sym>Dot</sym>
<type>food</type>
</wpt>
<wpt lat="48.477730" lon="-123.353599">
<name>Galey Farms</name>
<cmt>convenience_store</cmt>
<desc>Farmers' Market</desc>
<sym>Dot</sym>
<type>store</type>
</wpt>
<wpt lat="48.449752" lon="-123.369051">
<name>Royal Spice Fine Indian Cuisine</name>
<cmt>food</cmt>
<desc>Restaurant</desc>
<sym>Dot</sym>
<type>food</type>
</wpt>
<wpt lat="48.443658" lon="-123.467782">
<name>Denny's</name>
<cmt>food</cmt>
<desc>Restaurant</desc>
<sym>Dot</sym>
<type>food</type>
</wpt>
<wpt lat="48.444830" lon="-123.467593">
<name>Edo Japan</name>
<cmt>food</cmt>
<desc>Restaurant</desc>
<sym>Dot</sym>
<type>food</type>
</wpt>
<wpt lat="48.444566" lon="-123.468128">
<name>Tim Hortons</name>
<cmt>food</cmt>
<desc>Fast Food / Chain</desc>
<sym>Dot</sym>
<type>food</type>
</wpt>
<wpt lat="48.444970" lon="-123.467591">
<name>Wendy's</name>
<cmt>food</cmt>
<desc>Fast Food / Chain</desc>
<sym>Dot</sym>
<type>food</type>
</wpt>
<wpt lat="48.440455" lon="-123.469291">
<name>Greenleaf Pho Grill</name>
<cmt>food</cmt>
<desc>Restaurant</desc>
<sym>Dot</sym>
<type>food</type>
</wpt>
<wpt lat="48.440329" lon="-123.469554">
<name>Starbucks</name>
<cmt>food</cmt>
<desc>Fast Food / Chain</desc>
<sym>Dot</sym>
<type>food</type>
</wpt>
<wpt lat="48.445646" lon="-123.469453">
<name>Holiday Inn Express &amp; Suites Victoria - Colwood</name>
<cmt>lodging</cmt>
<desc>Hotel / Motel</desc>
<sym>Dot</sym>
<type>shelter</type>
</wpt>
<wpt lat="48.440589" lon="-123.469837">
<name>Firehouse Subs</name>
<cmt>food</cmt>
<desc>Fast Food / Chain</desc>
<sym>Dot</sym>
<type>food</type>
</wpt>
<wpt lat="48.439798" lon="-123.466731">
<name>Canex</name>
<cmt>convenience_store</cmt>
<desc>Convenience Store</desc>
<sym>Dot</sym>
<type>store</type>
</wpt>
<wpt lat="48.445922" lon="-123.467433">
<name>Subway</name>
<cmt>food</cmt>
<desc>Fast Food / Chain</desc>
<sym>Dot</sym>
<type>food</type>
</wpt>
<wpt lat="48.440818" lon="-123.470131">
<name>Save-on-Foods</name>
<cmt>convenience_store</cmt>
<desc>Grocery Store</desc>
<sym>Dot</sym>
<type>store</type>
</wpt>
<wpt lat="48.441229" lon="-123.469914">
<name>BarBurrito</name>
<cmt>food</cmt>
<desc>Fast Food / Chain</desc>
<sym>Dot</sym>
<type>food</type>
</wpt>
<wpt lat="48.441311" lon="-123.469840">
<name>Opa! of Greece</name>
<cmt>food</cmt>
<desc>Restaurant</desc>
<sym>Dot</sym>
<type>food</type>
</wpt>
<wpt lat="48.441409" lon="-123.469741">
<name>Papa John's</name>
<cmt>food</cmt>
<desc>Fast Food / Chain</desc>
<sym>Dot</sym>
<type>food</type>
</wpt>
<wpt lat="48.441474" lon="-123.469685">
<name>Mary Brown's Chicken</name>
<cmt>food</cmt>
<desc>Fast Food / Chain</desc>
<sym>Dot</sym>
<type>food</type>
</wpt>
<wpt lat="48.441545" lon="-123.469625">
<name>Burger Crush</name>
<cmt>food</cmt>
<desc>Restaurant</desc>
<sym>Dot</sym>
<type>food</type>
</wpt>
<wpt lat="48.443305" lon="-123.470512">
<name>Thrifty Foods</name>
<cmt>convenience_store</cmt>
<desc>Grocery Store</desc>
<sym>Dot</sym>
<type>store</type>
</wpt>
<wpt lat="48.446560" lon="-123.466930">
<name>A&amp;W</name>
<cmt>food</cmt>
<desc>Fast Food / Chain</desc>
<sym>Dot</sym>
<type>food</type>
</wpt>
<wpt lat="48.443194" lon="-123.470674">
<name>House of Nutrition</name>
<cmt>convenience_store</cmt>
<desc>Specialty / Health Food</desc>
<sym>Dot</sym>
<type>store</type>
</wpt>
<wpt lat="48.442836" lon="-123.470857">
<name>Villages Pizza</name>
<cmt>food</cmt>
<desc>Fast Food / Chain</desc>
<sym>Dot</sym>
<type>food</type>
</wpt>
<wpt lat="48.446811" lon="-123.465381">
<name>Juan de Fuca Recreation Centre</name>
<cmt>rest_stop</cmt>
<desc>Community Centre</desc>
<sym>Dot</sym>
<type>rest_area</type>
</wpt>
<wpt lat="48.441836" lon="-123.470463">
<name>Pilgrim Coffee</name>
<cmt>coffee</cmt>
<desc>Café / Coffee</desc>
<sym>Dot</sym>
<type>food</type>
</wpt>
<wpt lat="48.442702" lon="-123.470937">
<name>Momo Sushi Colwood</name>
<cmt>food</cmt>
<desc>Restaurant</desc>
<sym>Dot</sym>
<type>food</type>
</wpt>
<wpt lat="48.448950" lon="-123.465869">
<name>McDonald's</name>
<cmt>food</cmt>
<desc>Fast Food / Chain</desc>
<sym>Dot</sym>
<type>food</type>
</wpt>
<wpt lat="48.442265" lon="-123.470833">
<name>Asian Noodle House</name>
<cmt>food</cmt>
<desc>Restaurant</desc>
<sym>Dot</sym>
<type>food</type>
</wpt>
<wpt lat="48.448253" lon="-123.464725">
<name>Juan de Fuca Library Branch</name>
<cmt>library</cmt>
<desc>Library</desc>
<sym>Dot</sym>
<type>info</type>
</wpt>
<wpt lat="48.435617" lon="-123.472766">
<name>Habitat Cafe</name>
<cmt>coffee</cmt>
<desc>Café / Coffee</desc>
<sym>Dot</sym>
<type>food</type>
</wpt>
<wpt lat="49.104830" lon="-123.859219">
<name>Mahle House Restaurant</name>
<cmt>food</cmt>
<desc>Restaurant</desc>
<sym>Dot</sym>
<type>food</type>
</wpt>
<wpt lat="49.107082" lon="-123.861780">
<name>Aarkul</name>
<cmt>food</cmt>
<desc>Restaurant</desc>
<sym>Dot</sym>
<type>food</type>
</wpt>
<wpt lat="49.107737" lon="-123.862174">
<name>Country Grocer</name>
<cmt>convenience_store</cmt>
<desc>Grocery Store</desc>
<sym>Dot</sym>
<type>store</type>
</wpt>
<wpt lat="48.811559" lon="-123.736473">
<name>Deol Family Estate Winery</name>
<cmt>winery</cmt>
<desc>Winery / Cidery</desc>
<sym>Dot</sym>
<type>food</type>
</wpt>
<wpt lat="48.791374" lon="-123.737546">
<name>Roundabout Pizza</name>
<cmt>food</cmt>
<desc>Fast Food / Chain</desc>
<sym>Dot</sym>
<type>food</type>
</wpt>
<wpt lat="48.791315" lon="-123.737472">
<name>Mid Island Liquor</name>
<cmt>convenience_store</cmt>
<desc>Liquor Store</desc>
<sym>Dot</sym>
<type>store</type>
</wpt>
<wpt lat="48.792506" lon="-123.736782">
<name>Sundays Coffee and Provisions</name>
<cmt>coffee</cmt>
<desc>Café / Coffee</desc>
<sym>Dot</sym>
<type>food</type>
</wpt>
<wpt lat="49.106908" lon="-123.861419">
<name>COCO Cafe</name>
<cmt>coffee</cmt>
<desc>Café / Coffee</desc>
<sym>Dot</sym>
<type>food</type>
</wpt>
<wpt lat="49.180729" lon="-123.951621">
<name>Bluebird Motel</name>
<cmt>lodging</cmt>
<desc>Hotel / Motel</desc>
<sym>Dot</sym>
<type>shelter</type>
</wpt>
<wpt lat="49.181232" lon="-123.952260">
<name>Manvirros Indian Grill</name>
<cmt>food</cmt>
<desc>Restaurant</desc>
<sym>Dot</sym>
<type>food</type>
</wpt>
<wpt lat="49.192585" lon="-123.954037">
<name>Chachi's</name>
<cmt>food</cmt>
<desc>Fast Food / Chain</desc>
<sym>Dot</sym>
<type>food</type>
</wpt>
<wpt lat="49.163926" lon="-123.964348">
<name>Nanaimo Ice Centre</name>
<cmt>rest_stop</cmt>
<desc>Community Centre</desc>
<sym>Dot</sym>
<type>rest_area</type>
</wpt>
<wpt lat="49.172904" lon="-123.956181">
<name>Kin Pool</name>
<cmt>rest_stop</cmt>
<desc>Community Centre</desc>
<sym>Dot</sym>
<type>rest_area</type>
</wpt>
<wpt lat="49.184968" lon="-123.956768">
<name>BC Liquor</name>
<cmt>convenience_store</cmt>
<desc>Liquor Store</desc>
<sym>Dot</sym>
<type>store</type>
</wpt>
<wpt lat="49.184111" lon="-123.955514">
<name>Burger King</name>
<cmt>food</cmt>
<desc>Fast Food / Chain</desc>
<sym>Dot</sym>
<type>food</type>
</wpt>
<wpt lat="49.183410" lon="-123.954490">
<name>Starbucks</name>
<cmt>food</cmt>
<desc>Fast Food / Chain</desc>
<sym>Dot</sym>
<type>food</type>
</wpt>
<wpt lat="49.183018" lon="-123.953900">
<name>McDonald's</name>
<cmt>food</cmt>
<desc>Fast Food / Chain</desc>
<sym>Dot</sym>
<type>food</type>
</wpt>
<wpt lat="49.177456" lon="-123.948304">
<name>Port-O-Call Inn &amp; Suites</name>
<cmt>lodging</cmt>
<desc>Hotel / Motel</desc>
<sym>Dot</sym>
<type>shelter</type>
</wpt>
<wpt lat="49.185052" lon="-123.956573">
<name>Charlie Brown's Health Foods</name>
<cmt>convenience_store</cmt>
<desc>Specialty / Health Food</desc>
<sym>Dot</sym>
<type>store</type>
</wpt>
<wpt lat="49.183792" lon="-123.954552">
<name>Bulk Barn</name>
<cmt>convenience_store</cmt>
<desc>Grocery Store</desc>
<sym>Dot</sym>
<type>store</type>
</wpt>
<wpt lat="49.183920" lon="-123.954725">
<name>Subway</name>
<cmt>food</cmt>
<desc>Fast Food / Chain</desc>
<sym>Dot</sym>
<type>food</type>
</wpt>
<wpt lat="49.185158" lon="-123.956446">
<name>Nesvog's Meats &amp; Sausages Co.</name>
<cmt>convenience_store</cmt>
<desc>Specialty / Health Food</desc>
<sym>Dot</sym>
<type>store</type>
</wpt>
<wpt lat="49.183661" lon="-123.954131">
<name>Pizza Hut</name>
<cmt>food</cmt>
<desc>Fast Food / Chain</desc>
<sym>Dot</sym>
<type>food</type>
</wpt>
<wpt lat="49.180771" lon="-123.950042">
<name>The Spot</name>
<cmt>lodging</cmt>
<desc>Hotel / Motel</desc>
<sym>Dot</sym>
<type>shelter</type>
</wpt>
<wpt lat="49.185238" lon="-123.956329">
<name>COBS Bread</name>
<cmt>food</cmt>
<desc>Bakery / Donuts</desc>
<sym>Dot</sym>
<type>food</type>
</wpt>
<wpt lat="49.176812" lon="-123.947707">
<name>7-Eleven</name>
<cmt>convenience_store</cmt>
<desc>Convenience Store</desc>
<sym>Dot</sym>
<type>store</type>
</wpt>
<wpt lat="49.177451" lon="-123.947726">
<name>Danpung Momiji 310</name>
<cmt>food</cmt>
<desc>Restaurant</desc>
<sym>Dot</sym>
<type>food</type>
</wpt>
<wpt lat="49.183405" lon="-123.953517">
<name>Pita Land Mideast Urban Kitchen</name>
<cmt>food</cmt>
<desc>Restaurant</desc>
<sym>Dot</sym>
<type>food</type>
</wpt>
<wpt lat="49.184230" lon="-123.954670">
<name>Nemo Sushi</name>
<cmt>food</cmt>
<desc>Restaurant</desc>
<sym>Dot</sym>
<type>food</type>
</wpt>
<wpt lat="49.176425" lon="-123.947151">
<name>Cheeky Monkey Glassworks</name>
<cmt>monument</cmt>
<desc>Museum / Gallery</desc>
<sym>Dot</sym>
<type>info</type>
</wpt>
<wpt lat="49.175701" lon="-123.947098">
<name>Ramada by Wyndham Nanaimo</name>
<cmt>lodging</cmt>
<desc>Hotel / Motel</desc>
<sym>Dot</sym>
<type>shelter</type>
</wpt>
<wpt lat="49.189590" lon="-123.963379">
<name>Zougla</name>
<cmt>food</cmt>
<desc>Restaurant</desc>
<sym>Dot</sym>
<type>food</type>
</wpt>
<wpt lat="49.177073" lon="-123.969956">
<name>Quarterway Liquor Store</name>
<cmt>convenience_store</cmt>
<desc>Liquor Store</desc>
<sym>Dot</sym>
<type>store</type>
</wpt>
<wpt lat="49.177258" lon="-123.969930">
<name>Quarterway Pub</name>
<cmt>bar</cmt>
<desc>Brewery / Pub</desc>
<sym>Dot</sym>
<type>food</type>
</wpt>
<wpt lat="49.174841" lon="-123.946631">
<name>Carbone Pizzeria</name>
<cmt>food</cmt>
<desc>Restaurant</desc>
<sym>Dot</sym>
<type>food</type>
</wpt>
<wpt lat="49.156651" lon="-123.964123">
<name>Subway</name>
<cmt>food</cmt>
<desc>Fast Food / Chain</desc>
<sym>Dot</sym>
<type>food</type>
</wpt>
<wpt lat="49.161857" lon="-123.963862">
<name>Nanaimo Aquatic Centre</name>
<cmt>rest_stop</cmt>
<desc>Community Centre</desc>
<sym>Dot</sym>
<type>rest_area</type>
</wpt>
<wpt lat="49.171512" lon="-123.955588">
<name>Billy Lewis Centenary Rose Garden</name>
<cmt>park</cmt>
<desc>Park / Nature</desc>
<sym>Dot</sym>
<type>rest_area</type>
</wpt>
<wpt lat="49.177077" lon="-123.970827">
<name>Wa-Ku Japanese Restaurant</name>
<cmt>food</cmt>
<desc>Restaurant</desc>
<sym>Dot</sym>
<type>food</type>
</wpt>
<wpt lat="49.158055" lon="-123.968241">
<name>Community Peace Garden</name>
<cmt>park</cmt>
<desc>Park / Nature</desc>
<sym>Dot</sym>
<type>rest_area</type>
</wpt>
<wpt lat="49.177078" lon="-123.970930">
<name>Beaufort Pizza &amp; Pasta</name>
<cmt>food</cmt>
<desc>Restaurant</desc>
<sym>Dot</sym>
<type>food</type>
</wpt>
<wpt lat="49.157404" lon="-123.967676">
<name>VIU Library (Building 305)</name>
<cmt>library</cmt>
<desc>Library</desc>
<sym>Dot</sym>
<type>info</type>
</wpt>
<wpt lat="49.179385" lon="-123.944953">
<name>MB Mart</name>
<cmt>convenience_store</cmt>
<desc>Specialty / Health Food</desc>
<sym>Dot</sym>
<type>store</type>
</wpt>
<wpt lat="49.173713" lon="-123.945015">
<name>White Spot</name>
<cmt>food</cmt>
<desc>Fast Food / Chain</desc>
<sym>Dot</sym>
<type>food</type>
</wpt>
<wpt lat="49.157013" lon="-123.969115">
<name>Museum of Natural History</name>
<cmt>monument</cmt>
<desc>Museum / Gallery</desc>
<sym>Dot</sym>
<type>info</type>
</wpt>
<wpt lat="49.177649" lon="-123.973141">
<name>Pho V. Ta Vietnamese Restaurant</name>
<cmt>food</cmt>
<desc>Restaurant</desc>
<sym>Dot</sym>
<type>food</type>
</wpt>
<wpt lat="49.129790" lon="-123.922924">
<name>Country Grocer</name>
<cmt>convenience_store</cmt>
<desc>Grocery Store</desc>
<sym>Dot</sym>
<type>store</type>
</wpt>
<wpt lat="49.190951" lon="-123.966518">
<name>Tim Hortons</name>
<cmt>food</cmt>
<desc>Fast Food / Chain</desc>
<sym>Dot</sym>
<type>food</type>
</wpt>
<wpt lat="49.178306" lon="-123.972978">
<name>7-Eleven</name>
<cmt>convenience_store</cmt>
<desc>Convenience Store</desc>
<sym>Dot</sym>
<type>store</type>
</wpt>
<wpt lat="49.131190" lon="-123.923474">
<name>Tim Hortons</name>
<cmt>food</cmt>
<desc>Fast Food / Chain</desc>
<sym>Dot</sym>
<type>food</type>
</wpt>
<wpt lat="49.130152" lon="-123.923032">
<name>Chase River Liquor Store</name>
<cmt>convenience_store</cmt>
<desc>Liquor Store</desc>
<sym>Dot</sym>
<type>store</type>
</wpt>
<wpt lat="49.185862" lon="-123.947974">
<name>The Buccaneer Inn</name>
<cmt>lodging</cmt>
<desc>Hotel / Motel</desc>
<sym>Dot</sym>
<type>shelter</type>
</wpt>
<wpt lat="49.162549" lon="-123.958653">
<name>The Bee's Knees Cafe</name>
<cmt>coffee</cmt>
<desc>Café / Coffee</desc>
<sym>Dot</sym>
<type>food</type>
</wpt>
<wpt lat="49.131587" lon="-123.923341">
<name>Mary Brown's</name>
<cmt>food</cmt>
<desc>Fast Food / Chain</desc>
<sym>Dot</sym>
<type>food</type>
</wpt>
<wpt lat="49.131686" lon="-123.923339">
<name>Sushi Waa</name>
<cmt>food</cmt>
<desc>Restaurant</desc>
<sym>Dot</sym>
<type>food</type>
</wpt>
<wpt lat="49.177998" lon="-123.973544">
<name>Kim's Korean BBQ House</name>
<cmt>food</cmt>
<desc>Restaurant</desc>
<sym>Dot</sym>
<type>food</type>
</wpt>
<wpt lat="49.138209" lon="-123.931238">
<name>Sea Drift Fish Company</name>
<cmt>convenience_store</cmt>
<desc>Grocery Store</desc>
<sym>Dot</sym>
<type>store</type>
</wpt>
<wpt lat="49.130196" lon="-123.922563">
<name>Maggie's Seafood Market Fish &amp; Chips</name>
<cmt>food</cmt>
<desc>Restaurant</desc>
<sym>Dot</sym>
<type>food</type>
</wpt>
<wpt lat="49.191142" lon="-123.967136">
<name>Booster Juice</name>
<cmt>food</cmt>
<desc>Fast Food / Chain</desc>
<sym>Dot</sym>
<type>food</type>
</wpt>
<wpt lat="49.173433" lon="-123.943343">
<name>Travelodge by Wyndham Nanaimo</name>
<cmt>lodging</cmt>
<desc>Hotel / Motel</desc>
<sym>Dot</sym>
<type>shelter</type>
</wpt>
<wpt lat="49.131800" lon="-123.922779">
<name>Hearthstone Artisan Bakery</name>
<cmt>food</cmt>
<desc>Bakery / Donuts</desc>
<sym>Dot</sym>
<type>food</type>
</wpt>
<wpt lat="48.915009" lon="-123.712985">
<name>Best Western Plus Chemainus Inn</name>
<cmt>lodging</cmt>
<desc>Hotel / Motel</desc>
<sym>Dot</sym>
<type>shelter</type>
</wpt>
<wpt lat="48.923109" lon="-123.718557">
<name>Chemainus Library Branch</name>
<cmt>library</cmt>
<desc>Library</desc>
<sym>Dot</sym>
<type>info</type>
</wpt>
<wpt lat="48.933160" lon="-123.727736">
<name>Eagle Rock Bed and Breakfast</name>
<cmt>lodging</cmt>
<desc>B&amp;B / Inn</desc>
<sym>Dot</sym>
<type>shelter</type>
</wpt>
<wpt lat="49.115326" lon="-123.877902">
<name>The Cranberry Arms Hotel &amp; Pub</name>
<cmt>bar</cmt>
<desc>Brewery / Pub</desc>
<sym>Dot</sym>
<type>food</type>
</wpt>
<wpt lat="49.115333" lon="-123.877860">
<name>Cranberry Arms Pub &amp; Hotel</name>
<cmt>lodging</cmt>
<desc>Hotel / Motel</desc>
<sym>Dot</sym>
<type>shelter</type>
</wpt>
<wpt lat="49.077764" lon="-123.930100">
<name>Jonanco Hobby Workshop</name>
<cmt>monument</cmt>
<desc>Museum / Gallery</desc>
<sym>Dot</sym>
<type>info</type>
</wpt>
<wpt lat="48.649291" lon="-123.406358">
<name>McDonald's</name>
<cmt>food</cmt>
<desc>Fast Food / Chain</desc>
<sym>Dot</sym>
<type>food</type>
</wpt>
<wpt lat="48.649496" lon="-123.406398">
<name>Dickens Liquor Shoppe</name>
<cmt>convenience_store</cmt>
<desc>Liquor Store</desc>
<sym>Dot</sym>
<type>store</type>
</wpt>
<wpt lat="48.648630" lon="-123.405542">
<name>Mary Winspear Centre</name>
<cmt>rest_stop</cmt>
<desc>Community Centre</desc>
<sym>Dot</sym>
<type>rest_area</type>
</wpt>
<wpt lat="48.649494" lon="-123.406096">
<name>Charles Dickens' Pub</name>
<cmt>bar</cmt>
<desc>Brewery / Pub</desc>
<sym>Dot</sym>
<type>food</type>
</wpt>
<wpt lat="48.649632" lon="-123.405863">
<name>Days Inn</name>
<cmt>lodging</cmt>
<desc>Hotel / Motel</desc>
<sym>Dot</sym>
<type>shelter</type>
</wpt>
<wpt lat="48.647277" lon="-123.403548">
<name>Dairy Queen</name>
<cmt>food</cmt>
<desc>Ice Cream</desc>
<sym>Dot</sym>
<type>food</type>
</wpt>
<wpt lat="48.648738" lon="-123.404541">
<name>Sidney Information Centre</name>
<cmt>generic</cmt>
<desc>Visitor Centre</desc>
<sym>Dot</sym>
<type>generic</type>
</wpt>
<wpt lat="48.649229" lon="-123.404191">
<name>Subway</name>
<cmt>food</cmt>
<desc>Fast Food / Chain</desc>
<sym>Dot</sym>
<type>food</type>
</wpt>
<wpt lat="48.649641" lon="-123.404349">
<name>Thrifty Foods Sidney</name>
<cmt>convenience_store</cmt>
<desc>Grocery Store</desc>
<sym>Dot</sym>
<type>store</type>
</wpt>
<wpt lat="48.647416" lon="-123.402602">
<name>Panago</name>
<cmt>food</cmt>
<desc>Fast Food / Chain</desc>
<sym>Dot</sym>
<type>food</type>
</wpt>
<wpt lat="48.648246" lon="-123.403174">
<name>BC Liquor Store</name>
<cmt>convenience_store</cmt>
<desc>Liquor Store</desc>
<sym>Dot</sym>
<type>store</type>
</wpt>
<wpt lat="48.648566" lon="-123.403284">
<name>The Five &amp; Dime Diner</name>
<cmt>food</cmt>
<desc>Restaurant</desc>
<sym>Dot</sym>
<type>food</type>
</wpt>
<wpt lat="48.648566" lon="-123.403194">
<name>J Kitchen Korean &amp; Japanese Restaurant</name>
<cmt>food</cmt>
<desc>Restaurant</desc>
<sym>Dot</sym>
<type>food</type>
</wpt>
<wpt lat="48.648234" lon="-123.402776">
<name>Tim Hortons</name>
<cmt>food</cmt>
<desc>Fast Food / Chain</desc>
<sym>Dot</sym>
<type>food</type>
</wpt>
<wpt lat="48.649400" lon="-123.403497">
<name>Best Western Plus Emerald Isle</name>
<cmt>lodging</cmt>
<desc>Hotel / Motel</desc>
<sym>Dot</sym>
<type>shelter</type>
</wpt>
<wpt lat="48.648143" lon="-123.402325">
<name>Save-On-Foods</name>
<cmt>convenience_store</cmt>
<desc>Grocery Store</desc>
<sym>Dot</sym>
<type>store</type>
</wpt>
<wpt lat="48.648190" lon="-123.402029">
<name>Starbucks</name>
<cmt>food</cmt>
<desc>Fast Food / Chain</desc>
<sym>Dot</sym>
<type>food</type>
</wpt>
<wpt lat="48.649725" lon="-123.402508">
<name>Taste of Tokyo</name>
<cmt>food</cmt>
<desc>Restaurant</desc>
<sym>Dot</sym>
<type>food</type>
</wpt>
<wpt lat="48.650081" lon="-123.402753">
<name>Mariner pizza</name>
<cmt>food</cmt>
<desc>Fast Food / Chain</desc>
<sym>Dot</sym>
<type>food</type>
</wpt>
<wpt lat="48.655007" lon="-123.416401">
<name>Pizza Plus</name>
<cmt>food</cmt>
<desc>Fast Food / Chain</desc>
<sym>Dot</sym>
<type>food</type>
</wpt>
<wpt lat="48.648814" lon="-123.401201">
<name>Thai Corner</name>
<cmt>food</cmt>
<desc>Restaurant</desc>
<sym>Dot</sym>
<type>food</type>
</wpt>
<wpt lat="48.649080" lon="-123.401241">
<name>900 Bistro</name>
<cmt>food</cmt>
<desc>Restaurant</desc>
<sym>Dot</sym>
<type>food</type>
</wpt>
<wpt lat="48.648655" lon="-123.400852">
<name>Alexander's Coffee Bar</name>
<cmt>coffee</cmt>
<desc>Café / Coffee</desc>
<sym>Dot</sym>
<type>food</type>
</wpt>
<wpt lat="48.649078" lon="-123.401057">
<name>The Farmer's Daughter</name>
<cmt>food</cmt>
<desc>Restaurant</desc>
<sym>Dot</sym>
<type>food</type>
</wpt>
<wpt lat="48.648511" lon="-123.400522">
<name>Fresh Tandoori Flavour Indian Restaurant Sidney</name>
<cmt>food</cmt>
<desc>Restaurant</desc>
<sym>Dot</sym>
<type>food</type>
</wpt>
<wpt lat="48.649051" lon="-123.400663">
<name>Scotty's Dog Shack</name>
<cmt>food</cmt>
<desc>Fast Food / Chain</desc>
<sym>Dot</sym>
<type>food</type>
</wpt>
<wpt lat="48.647868" lon="-123.399699">
<name>Russ Hay's The Bicycle Shop</name>
<cmt>bike_shop</cmt>
<desc>Repair Shop</desc>
<sym>Dot</sym>
<type>gear</type>
</wpt>
<wpt lat="48.638232" lon="-123.410875">
<name>Greenglade Community Centre</name>
<cmt>rest_stop</cmt>
<desc>Community Centre</desc>
<sym>Dot</sym>
<type>rest_area</type>
</wpt>
<wpt lat="48.649446" lon="-123.400451">
<name>Fish on 5th</name>
<cmt>food</cmt>
<desc>Restaurant</desc>
<sym>Dot</sym>
<type>food</type>
</wpt>
<wpt lat="48.648804" lon="-123.399608">
<name>Serious Coffee</name>
<cmt>coffee</cmt>
<desc>Café / Coffee</desc>
<sym>Dot</sym>
<type>food</type>
</wpt>
<wpt lat="48.648775" lon="-123.399315">
<name>Sidney Museum and Archives</name>
<cmt>monument</cmt>
<desc>Museum / Gallery</desc>
<sym>Dot</sym>
<type>info</type>
</wpt>
<wpt lat="48.438464" lon="-123.505800">
<name>WestShore Bicycles</name>
<cmt>bike_shop</cmt>
<desc>Repair Shop</desc>
<sym>Dot</sym>
<type>gear</type>
</wpt>
<wpt lat="48.433089" lon="-123.525337">
<name>Green Man Bikes</name>
<cmt>bike_shop</cmt>
<desc>Repair Shop</desc>
<sym>Dot</sym>
<type>gear</type>
</wpt>
<wpt lat="48.438678" lon="-123.506078">
<name>Tacofino</name>
<cmt>food</cmt>
<desc>Restaurant</desc>
<sym>Dot</sym>
<type>food</type>
</wpt>
<wpt lat="48.434485" lon="-123.515355">
<name>My Name Is Sushi</name>
<cmt>food</cmt>
<desc>Restaurant</desc>
<sym>Dot</sym>
<type>food</type>
</wpt>
<wpt lat="48.438740" lon="-123.506191">
<name>Panago</name>
<cmt>food</cmt>
<desc>Fast Food / Chain</desc>
<sym>Dot</sym>
<type>food</type>
</wpt>
<wpt lat="48.437820" lon="-123.510733">
<name>Origin Bakery &amp; Cafe</name>
<cmt>food</cmt>
<desc>Bakery / Donuts</desc>
<sym>Dot</sym>
<type>food</type>
</wpt>
<wpt lat="48.434345" lon="-123.515466">
<name>Circle K</name>
<cmt>convenience_store</cmt>
<desc>Convenience Store</desc>
<sym>Dot</sym>
<type>store</type>
</wpt>
<wpt lat="48.438794" lon="-123.506324">
<name>Bulk Barn</name>
<cmt>convenience_store</cmt>
<desc>Grocery Store</desc>
<sym>Dot</sym>
<type>store</type>
</wpt>
<wpt lat="48.438037" lon="-123.510803">
<name>Baan Thai</name>
<cmt>food</cmt>
<desc>Restaurant</desc>
<sym>Dot</sym>
<type>food</type>
</wpt>
<wpt lat="48.432831" lon="-123.521955">
<name>Glen Lake Liquor &amp; More</name>
<cmt>convenience_store</cmt>
<desc>Liquor Store</desc>
<sym>Dot</sym>
<type>store</type>
</wpt>
<wpt lat="48.432803" lon="-123.522001">
<name>Bucky's Taphouse</name>
<cmt>bar</cmt>
<desc>Brewery / Pub</desc>
<sym>Dot</sym>
<type>food</type>
</wpt>
<wpt lat="48.432778" lon="-123.522085">
<name>Pizzability Glenlake</name>
<cmt>food</cmt>
<desc>Restaurant</desc>
<sym>Dot</sym>
<type>food</type>
</wpt>
<wpt lat="48.438537" lon="-123.509050">
<name>Thrifty Foods Belmont</name>
<cmt>convenience_store</cmt>
<desc>Grocery Store</desc>
<sym>Dot</sym>
<type>store</type>
</wpt>
<wpt lat="48.439231" lon="-123.506283">
<name>COBS Bread</name>
<cmt>food</cmt>
<desc>Bakery / Donuts</desc>
<sym>Dot</sym>
<type>food</type>
</wpt>
<wpt lat="48.439293" lon="-123.506256">
<name>The Chopped Leaf</name>
<cmt>food</cmt>
<desc>Restaurant</desc>
<sym>Dot</sym>
<type>food</type>
</wpt>
<wpt lat="48.439332" lon="-123.506225">
<name>The Noodle Box</name>
<cmt>food</cmt>
<desc>Restaurant</desc>
<sym>Dot</sym>
<type>food</type>
</wpt>
<wpt lat="48.439408" lon="-123.506181">
<name>Sizzling Tandoor</name>
<cmt>food</cmt>
<desc>Restaurant</desc>
<sym>Dot</sym>
<type>food</type>
</wpt>
<wpt lat="48.439511" lon="-123.506121">
<name>Original Joe's</name>
<cmt>food</cmt>
<desc>Restaurant</desc>
<sym>Dot</sym>
<type>food</type>
</wpt>
<wpt lat="48.438137" lon="-123.512227">
<name>Pho Vy</name>
<cmt>food</cmt>
<desc>Restaurant</desc>
<sym>Dot</sym>
<type>food</type>
</wpt>
<wpt lat="48.438163" lon="-123.512329">
<name>OPA! of Greece</name>
<cmt>food</cmt>
<desc>Fast Food / Chain</desc>
<sym>Dot</sym>
<type>food</type>
</wpt>
<wpt lat="48.438196" lon="-123.512459">
<name>KFC</name>
<cmt>food</cmt>
<desc>Fast Food / Chain</desc>
<sym>Dot</sym>
<type>food</type>
</wpt>
<wpt lat="48.438726" lon="-123.512231">
<name>Starbucks</name>
<cmt>food</cmt>
<desc>Fast Food / Chain</desc>
<sym>Dot</sym>
<type>food</type>
</wpt>
<wpt lat="48.439150" lon="-123.510453">
<name>Liberty Kitchen</name>
<cmt>food</cmt>
<desc>Restaurant</desc>
<sym>Dot</sym>
<type>food</type>
</wpt>
<wpt lat="48.440576" lon="-123.506063">
<name>Big Wheel Burger</name>
<cmt>food</cmt>
<desc>Fast Food / Chain</desc>
<sym>Dot</sym>
<type>food</type>
</wpt>
<wpt lat="48.439070" lon="-123.511783">
<name>A&amp;W</name>
<cmt>food</cmt>
<desc>Fast Food / Chain</desc>
<sym>Dot</sym>
<type>food</type>
</wpt>
<wpt lat="48.439157" lon="-123.511696">
<name>Sushi Langford</name>
<cmt>food</cmt>
<desc>Restaurant</desc>
<sym>Dot</sym>
<type>food</type>
</wpt>
<wpt lat="48.440680" lon="-123.506478">
<name>BCLIQUOR Westshore</name>
<cmt>convenience_store</cmt>
<desc>Liquor Store</desc>
<sym>Dot</sym>
<type>store</type>
</wpt>
<wpt lat="48.439249" lon="-123.511663">
<name>Mucho Burrito</name>
<cmt>food</cmt>
<desc>Fast Food / Chain</desc>
<sym>Dot</sym>
<type>food</type>
</wpt>
<wpt lat="48.439463" lon="-123.511106">
<name>Fatburger</name>
<cmt>food</cmt>
<desc>Fast Food / Chain</desc>
<sym>Dot</sym>
<type>food</type>
</wpt>
<wpt lat="48.439498" lon="-123.510992">
<name>Edo Japan</name>
<cmt>food</cmt>
<desc>Fast Food / Chain</desc>
<sym>Dot</sym>
<type>food</type>
</wpt>
<wpt lat="48.439521" lon="-123.510914">
<name>Freshii</name>
<cmt>food</cmt>
<desc>Restaurant</desc>
<sym>Dot</sym>
<type>food</type>
</wpt>
<wpt lat="48.440250" lon="-123.509022">
<name>Romeo's</name>
<cmt>food</cmt>
<desc>Fast Food / Chain</desc>
<sym>Dot</sym>
<type>food</type>
</wpt>
<wpt lat="48.440574" lon="-123.508261">
<name>Orange Julius</name>
<cmt>food</cmt>
<desc>Fast Food / Chain</desc>
<sym>Dot</sym>
<type>food</type>
</wpt>
<wpt lat="48.440899" lon="-123.507732">
<name>Winners</name>
<cmt>convenience_store</cmt>
<desc>Grocery Store</desc>
<sym>Dot</sym>
<type>store</type>
</wpt>
<wpt lat="48.440639" lon="-123.508305">
<name>Vina Taste</name>
<cmt>food</cmt>
<desc>Restaurant</desc>
<sym>Dot</sym>
<type>food</type>
</wpt>
<wpt lat="48.440594" lon="-123.508556">
<name>Subway</name>
<cmt>food</cmt>
<desc>Fast Food / Chain</desc>
<sym>Dot</sym>
<type>food</type>
</wpt>
<wpt lat="48.464409" lon="-123.563458">
<name>Goldstream Campground</name>
<cmt>camping</cmt>
<desc>Public Campground</desc>
<sym>Dot</sym>
<type>campsite</type>
</wpt>
<wpt lat="48.440652" lon="-123.508412">
<name>Kitchen Story Sushi &amp; Korean Chicken</name>
<cmt>food</cmt>
<desc>Fast Food / Chain</desc>
<sym>Dot</sym>
<type>food</type>
</wpt>
<wpt lat="48.442024" lon="-123.504672">
<name>Real Canadian Superstore</name>
<cmt>convenience_store</cmt>
<desc>Grocery Store</desc>
<sym>Dot</sym>
<type>store</type>
</wpt>
<wpt lat="48.443193" lon="-123.525849">
<name>BoulderHouse Langford</name>
<cmt>rest_stop</cmt>
<desc>Community Centre</desc>
<sym>Dot</sym>
<type>rest_area</type>
</wpt>
<wpt lat="48.440551" lon="-123.511160">
<name>Tim Hortons</name>
<cmt>food</cmt>
<desc>Fast Food / Chain</desc>
<sym>Dot</sym>
<type>food</type>
</wpt>
<wpt lat="48.442443" lon="-123.504111">
<name>McDonald's</name>
<cmt>food</cmt>
<desc>Fast Food / Chain</desc>
<sym>Dot</sym>
<type>food</type>
</wpt>
<wpt lat="48.445644" lon="-123.533565">
<name>Langford Heritage Library Branch</name>
<cmt>library</cmt>
<desc>Library</desc>
<sym>Dot</sym>
<type>info</type>
</wpt>
<wpt lat="48.445913" lon="-123.534167">
<name>YMCA/YWCA Westhills</name>
<cmt>rest_stop</cmt>
<desc>Community Centre</desc>
<sym>Dot</sym>
<type>rest_area</type>
</wpt>
<wpt lat="48.757320" lon="-123.793499">
<name>Glenora Trails Head Park</name>
<cmt>park</cmt>
<desc>Park / Nature</desc>
<sym>Dot</sym>
<type>rest_area</type>
</wpt>
<wpt lat="48.447357" lon="-123.426943">
<name>Apple Tree Family Restaurant</name>
<cmt>food</cmt>
<desc>Restaurant</desc>
<sym>Dot</sym>
<type>food</type>
</wpt>
<wpt lat="48.447442" lon="-123.428545">
<name>Thrifty Foods Admirals Walk</name>
<cmt>convenience_store</cmt>
<desc>Grocery Store</desc>
<sym>Dot</sym>
<type>store</type>
</wpt>
<wpt lat="48.447437" lon="-123.427317">
<name>Subway</name>
<cmt>food</cmt>
<desc>Fast Food / Chain</desc>
<sym>Dot</sym>
<type>food</type>
</wpt>
<wpt lat="48.447439" lon="-123.427457">
<name>Kinder Cup</name>
<cmt>coffee</cmt>
<desc>Café / Coffee</desc>
<sym>Dot</sym>
<type>food</type>
</wpt>
<wpt lat="48.447975" lon="-123.426655">
<name>Clover Sushi</name>
<cmt>food</cmt>
<desc>Restaurant</desc>
<sym>Dot</sym>
<type>food</type>
</wpt>
<wpt lat="48.452206" lon="-123.433784">
<name>4 Mile Pub</name>
<cmt>bar</cmt>
<desc>Brewery / Pub</desc>
<sym>Dot</sym>
<type>food</type>
</wpt>
<wpt lat="48.452301" lon="-123.433841">
<name>4 Mile Restaurant &amp; Brewpub</name>
<cmt>bar</cmt>
<desc>Brewery / Pub</desc>
<sym>Dot</sym>
<type>food</type>
</wpt>
<wpt lat="48.452368" lon="-123.433830">
<name>4 Mile Restaurant &amp; Brewpub</name>
<cmt>food</cmt>
<desc>Restaurant</desc>
<sym>Dot</sym>
<type>food</type>
</wpt>
<wpt lat="48.456989" lon="-123.459716">
<name>Six Mile Liquor Store</name>
<cmt>convenience_store</cmt>
<desc>Liquor Store</desc>
<sym>Dot</sym>
<type>store</type>
</wpt>
<wpt lat="48.456876" lon="-123.459194">
<name>Six Mile Pub</name>
<cmt>bar</cmt>
<desc>Brewery / Pub</desc>
<sym>Dot</sym>
<type>food</type>
</wpt>
<wpt lat="48.456754" lon="-123.459235">
<name>Six Mile Pub &amp; Eatery</name>
<cmt>bar</cmt>
<desc>Brewery / Pub</desc>
<sym>Dot</sym>
<type>food</type>
</wpt>
<wpt lat="48.448654" lon="-123.427031">
<name>Domino's</name>
<cmt>food</cmt>
<desc>Fast Food / Chain</desc>
<sym>Dot</sym>
<type>food</type>
</wpt>
<wpt lat="48.460259" lon="-123.465555">
<name>Nest at the Lake</name>
<cmt>coffee</cmt>
<desc>Café / Coffee</desc>
<sym>Dot</sym>
<type>food</type>
</wpt>
<wpt lat="48.449030" lon="-123.426594">
<name>Mary Brown's</name>
<cmt>food</cmt>
<desc>Fast Food / Chain</desc>
<sym>Dot</sym>
<type>food</type>
</wpt>
<wpt lat="48.455347" lon="-123.461112">
<name>Coastal Cycles</name>
<cmt>bike_shop</cmt>
<desc>Repair Shop</desc>
<sym>Dot</sym>
<type>gear</type>
</wpt>
<wpt lat="48.451417" lon="-123.426357">
<name>Canadian Tire</name>
<cmt>convenience_store</cmt>
<desc>General merchandise</desc>
<sym>Dot</sym>
<type>store</type>
</wpt>
<wpt lat="48.449962" lon="-123.426342">
<name>Gyrosa</name>
<cmt>food</cmt>
<desc>Restaurant</desc>
<sym>Dot</sym>
<type>food</type>
</wpt>
<wpt lat="48.449935" lon="-123.426171">
<name>Dairy Queen</name>
<cmt>food</cmt>
<desc>Ice Cream</desc>
<sym>Dot</sym>
<type>food</type>
</wpt>
<wpt lat="48.451420" lon="-123.463062">
<name>Serious Coffee</name>
<cmt>coffee</cmt>
<desc>Café / Coffee</desc>
<sym>Dot</sym>
<type>food</type>
</wpt>
<wpt lat="49.033064" lon="-123.092280">
<name>Big Splash Water Slide Park</name>
<cmt>park</cmt>
<desc>Park / Nature</desc>
<sym>Dot</sym>
<type>rest_area</type>
</wpt>
<wpt lat="49.033520" lon="-123.095712">
<name>ParkCanada RV Park</name>
<cmt>camping</cmt>
<desc>Private Campground</desc>
<sym>Dot</sym>
<type>campsite</type>
</wpt>
<wpt lat="49.036014" lon="-123.088186">
<name>Big Orange</name>
<cmt>coffee</cmt>
<desc>Café / Coffee</desc>
<sym>Dot</sym>
<type>food</type>
</wpt>
<wpt lat="48.957668" lon="-123.779197">
<name>Campers Corner</name>
<cmt>camping</cmt>
<desc>Private Campground</desc>
<sym>Dot</sym>
<type>campsite</type>
</wpt>
<wpt lat="49.264791" lon="-123.228036">
<name>Westward Ho</name>
<cmt>food</cmt>
<desc>Restaurant</desc>
<sym>Dot</sym>
<type>food</type>
</wpt>
<wpt lat="49.266682" lon="-123.242507">
<name>McDonald's</name>
<cmt>food</cmt>
<desc>Fast Food / Chain</desc>
<sym>Dot</sym>
<type>food</type>
</wpt>
<wpt lat="49.266234" lon="-123.242167">
<name>Big Way Hot Pot</name>
<cmt>food</cmt>
<desc>Restaurant</desc>
<sym>Dot</sym>
<type>food</type>
</wpt>
<wpt lat="49.266111" lon="-123.242086">
<name>Pita Pit</name>
<cmt>food</cmt>
<desc>Fast Food / Chain</desc>
<sym>Dot</sym>
<type>food</type>
</wpt>
<wpt lat="48.777268" lon="-123.942525">
<name>Horseshoe Bend Group Campsite</name>
<cmt>camping</cmt>
<desc>Public Campground</desc>
<sym>Dot</sym>
<type>campsite</type>
</wpt>
<wpt lat="48.770999" lon="-123.892223">
<name>Stoltz Pool Group Campground</name>
<cmt>camping</cmt>
<desc>Public Campground</desc>
<sym>Dot</sym>
<type>campsite</type>
</wpt>
<wpt lat="48.827072" lon="-124.050747">
<name>Lakeside Sushi</name>
<cmt>food</cmt>
<desc>Restaurant</desc>
<sym>Dot</sym>
<type>food</type>
</wpt>
<wpt lat="48.828225" lon="-124.050507">
<name>Country Grocer</name>
<cmt>convenience_store</cmt>
<desc>Grocery Store</desc>
<sym>Dot</sym>
<type>store</type>
</wpt>
<wpt lat="48.826492" lon="-124.052380">
<name>River Cafe</name>
<cmt>coffee</cmt>
<desc>Café / Coffee</desc>
<sym>Dot</sym>
<type>food</type>
</wpt>
<wpt lat="48.826623" lon="-124.052548">
<name>Riverside Inn</name>
<cmt>lodging</cmt>
<desc>Hotel / Motel</desc>
<sym>Dot</sym>
<type>shelter</type>
</wpt>
<wpt lat="48.826860" lon="-124.052803">
<name>Best Buy Liquor Store</name>
<cmt>convenience_store</cmt>
<desc>Liquor Store</desc>
<sym>Dot</sym>
<type>store</type>
</wpt>
<wpt lat="48.827365" lon="-124.052751">
<name>Tim Hortons</name>
<cmt>food</cmt>
<desc>Fast Food / Chain</desc>
<sym>Dot</sym>
<type>food</type>
</wpt>
<wpt lat="49.071534" lon="-123.882532">
<name>WildPlay Element Park</name>
<cmt>viewpoint</cmt>
<desc>Activity / Experience</desc>
<sym>Dot</sym>
<type>overlook</type>
</wpt>
<wpt lat="48.655818" lon="-123.668584">
<name>The Lakehouse at Shawnigan</name>
<cmt>food</cmt>
<desc>Restaurant</desc>
<sym>Dot</sym>
<type>food</type>
</wpt>
<wpt lat="49.390488" lon="-123.277936">
<name>Spirit Gallery</name>
<cmt>monument</cmt>
<desc>Museum / Gallery</desc>
<sym>Dot</sym>
<type>info</type>
</wpt>
</gpx>