{"type": "FeatureCollection", "features": [{"type": "Feature", "properties": {}, "geometry": {"type": "MultiPolygon", "coordinates": [[[[-122.18280271040898, 48.02674882323184], [-122.18280972266358, 48.026747830501066], [-122.18281680381382, 48.02674795108585], [-122.18403966449276, 48.026865533843605], [-122.18459786535483, 48.016550952699035], [-122.17527961861892, 48.002134502905975], [-122.17527636988217, 48.002128529666024], [-122.17527405894646, 48.00212213486641], [-122.17290589488401, 47.99360162705385], [-122.17290446225701, 47.99359392241915], [-122.17290438904385, 47.9935860860643], [-122.17290567746797, 47.99357835600743], [-122.17290828839562, 47.993570967037826], [-122.17291214252357, 47.99356414358455], [-122.17291712278822, 47.993558092900244], [-122.17292307792123, 47.99355299876571], [-122.17292982704409, 47.99354901590793], [-122.17293716516203, 47.99354626530037], [-122.17294486939012, 47.993544830488716], [-122.17295270572383, 47.99354475505341], [-122.17296043614574, 47.9935460412856], [-122.17296782585547, 47.993548650117944], [-122.17455181767025, 47.99426864639743], [-122.17818852170079, 47.990874389302306], [-122.18403627727274, 47.982516971963875], [-122.18308498496843, 47.965271749934644], [-122.18308491671006, 47.96526927325017], [-122.18308566205269, 47.96526112727791], [-122.18403787269672, 47.96030473489962], [-122.18403960011884, 47.960298334024586], [-122.18404224995145, 47.960292256724685], [-122.18404576458998, 47.96028663511423], [-122.18405006762951, 47.96028159140148], [-122.18634498950453, 47.957962255463954], [-122.18635080153327, 47.957957303332975], [-122.18635736764757, 47.95795340597216], [-122.18938074471592, 47.95649048158431], [-122.19244543862577, 47.95417979966827], [-122.19512104952261, 47.94914478643507], [-122.19512104952261, 47.92698802325019], [-122.19512167205167, 47.92698056685184], [-122.19512352240203, 47.92697331691237], [-122.19512654933966, 47.92696647417408], [-122.19729940090207, 47.92298698198657], [-122.19730271489621, 47.922981792286166], [-122.19730670681643, 47.92297710398999], [-122.20463092556632, 47.915481986802476], [-122.20463668895032, 47.91547701127307], [-122.20464320917735, 47.915473079463354], [-122.20465029930227, 47.91547030410457], [-122.20465775603999, 47.915468764770495], [-122.20466536559431, 47.915468505596195], [-122.20467290978722, 47.91546953401276], [-122.20623100880405, 47.91581836215086], [-122.20088658220669, 47.89978508235886], [-122.18235862391029, 47.86836810770397], [-122.18235560743807, 47.86836188338718], [-122.18235358134872, 47.8683552700533], [-122.18235259359093, 47.868348424210936], [-122.18235266754067, 47.86834150787125], [-122.18403723785325, 47.849176468808665], [-122.18403848797298, 47.849169184058], [-122.18404091457377, 47.849162202510925], [-122.18404445209205, 47.849155712799316], [-122.1840490049489, 47.8491498902667], [-122.18405445013222, 47.84914489223006], [-122.18406064052043, 47.849140853729594], [-122.18406740885743, 47.84913788388026], [-122.18407457227191, 47.849136062923364], [-122.18408193721808, 47.849135440058674], [-122.24245600767148, 47.84901336969703], [-122.24246300002031, 47.84901390927847], [-122.24246982342437, 47.84901552954007], [-122.2424763119031, 47.849018191068765], [-122.24248230762294, 47.84902182912235], [-122.24248766473707, 47.84902635520446], [-122.24249225293258, 47.84903165921732], [-122.25074085625829, 47.86022445429067], [-122.26060958072604, 47.85232461327591], [-122.27168655959086, 47.83253732283633], [-122.27778527895371, 47.80997206119416], [-122.2729157577868, 47.793732208102526], [-122.2618164062499, 47.793732208102526], [-122.26180888558493, 47.79373157471896], [-122.26180157678905, 47.793729692411844], [-122.26179468576291, 47.79372661420864], [-122.26178840663759, 47.79372242682736], [-122.26178291630612, 47.793717248233165], [-122.26177836944004, 47.79371122431546], [-122.26177489413163, 47.79370452477745], [-122.26177258828608, 47.79369733835604], [-122.26177151686268, 47.79368986750411], [-122.26177171004512, 47.79368232268753], [-122.2617731623912, 47.793674916455885], [-122.26321359207873, 47.78862120551834], [-122.26321574120786, 47.788615278021084], [-122.26321869831051, 47.788609709401484], [-122.26322240524607, 47.78860460914571], [-122.26683570183752, 47.78430771588212], [-122.26684121353395, 47.78430221002979], [-122.26684583752944, 47.78429880836045], [-122.27072767346694, 47.78180857398549], [-122.270733548188, 47.78180539476175], [-122.27073982906391, 47.78180312090829], [-122.27074637749007, 47.781801802603795], [-122.27075304895772, 47.78180146894023], [-122.27075969624275, 47.78180212728081], [-122.27076617265504, 47.78180376309744], [-122.2728574124299, 47.78250084302242], [-122.26517402858927, 47.76788544726229], [-122.25609824224965, 47.75990753830253], [-122.25609289266914, 47.75990194978995], [-122.24986730673162, 47.752162691977375], [-122.24986354963725, 47.75215724453746], [-122.24986063272574, 47.752151304673205], [-122.2498586191702, 47.752145001027245], [-122.24985755257902, 47.7521384701205], [-122.24985745605206, 47.75213185339608], [-122.25068753417696, 47.738093767458665], [-122.2506886096612, 47.738086300408995], [-122.25069091836376, 47.73807911825129], [-122.25069439529965, 47.738072423147614], [-122.25069894260085, 47.73806640355055], [-122.25070443227064, 47.738061228898616], [-122.25071070978674, 47.738057044847025], [-122.25071759845088, 47.738053969167666], [-122.25072490436204, 47.73805208843423], [-122.25073242187487, 47.738051455585364], [-122.27294921874996, 47.738051455585364], [-122.27295564927665, 47.738051917769965], [-122.27296194761085, 47.73805329482293], [-122.27296798427749, 47.738055558436045], [-122.27865646084, 47.74066786312345], [-122.2786620832365, 47.74067094834565], [-122.27866720954086, 47.74067480203779], [-122.27867173547524, 47.740679345809], [-122.27867556897426, 47.740684487231405], [-122.2806286939744, 47.743736245043905], [-122.28063167874168, 47.743741708162574], [-122.28063388037992, 47.74374753115923], [-122.28153380478426, 47.74673917174677], [-122.284050165236, 47.74915874910427], [-122.30224338623896, 47.7480613027971], [-122.30225075174796, 47.74806146311987], [-122.30225799221957, 47.748062824001224], [-122.3062618984694, 47.749161456813695], [-122.30626894482171, 47.749164039687614], [-122.30627546345765, 47.749167758518624], [-122.30628127279768, 47.749172509716985], [-122.30628621102022, 47.749178160935955], [-122.30629014056882, 47.749184554758486], [-122.30629295198419, 47.74919151308164], [-122.30629456695314, 47.74919884207843], [-122.3062949404899, 47.749206337596334], [-122.30597772326061, 47.75860084784837], [-122.30628787893501, 47.76027091686355], [-122.34907556380203, 47.76341778764349], [-122.34908277697912, 47.76341891235752], [-122.34908971309612, 47.76342118945787], [-122.34909618932971, 47.763424558924285], [-122.36184032995475, 47.771432371424126], [-122.36184650612827, 47.77143703932204], [-122.3618517900851, 47.7714426974304], [-122.36185602519886, 47.77144917803234], [-122.36185908593293, 47.77145628903061], [-122.36186088156138, 47.77146381964202], [-122.36186135885833, 47.77147154664526], [-122.36186050367601, 47.77147924099724], [-122.35822280836356, 47.78971654568481], [-122.35822086291034, 47.78972340744771], [-122.35821785699048, 47.78972987529316], [-122.35821386622739, 47.789735786501936], [-122.32850520155488, 47.82698757145697], [-122.32233449349417, 47.84001191179051], [-122.32172483700292, 47.85198556527787], [-122.32543501929143, 47.8750277500168], [-122.32543558825373, 47.87503439212536], [-122.32543516894923, 47.87504104535823], [-122.32543377059383, 47.875047563481175], [-122.32543142392281, 47.875053803229534], [-122.3254281805145, 47.875059627457134], [-122.32542411165726, 47.875064908150776], [-122.32142428466462, 47.87952812973403], [-122.31220243533289, 47.8981182069583], [-122.31166594918822, 47.90575094165361], [-122.31166504861261, 47.9057572715122], [-122.31166325939327, 47.90576340965863], [-122.31166061770328, 47.905769231996814], [-122.31165717695018, 47.90577462081525], [-122.31165300669635, 47.90577946716748], [-122.30506120982135, 47.91242009216758], [-122.30505618418135, 47.912424455808136], [-122.30505056940923, 47.91242802970673], [-122.30504448854897, 47.91243073554391], [-122.2951810196603, 47.91592201383578], [-122.29517996316133, 47.915922373106085], [-122.2894254810394, 47.91779989481539], [-122.27981407517593, 47.925118192466115], [-122.27981235326844, 47.92511944013903], [-122.27980676400018, 47.92512316945941], [-122.27980065017714, 47.925125956737375], [-122.27979416923664, 47.925127730197445], [-122.27979296624542, 47.925128017705944], [-122.2508587199196, 47.93105637537364], [-122.2453574301676, 47.94042804154439], [-122.24530863778271, 47.95701745237788], [-122.2453079548411, 47.957025128406926], [-122.245307598296, 47.95702693365159], [-122.24372068423344, 47.96427791021425], [-122.24371838371064, 47.9642853035967], [-122.24371484890415, 47.964292192693264], [-122.24371018462745, 47.96429837322988], [-122.24370452918485, 47.964303661942196], [-122.24369805027047, 47.964307902010304], [-122.24369093999596, 47.9643109677085], [-122.24368340919385, 47.9643127681333], [-122.22965486224105, 47.966410950808], [-122.22093967579173, 47.97201009294035], [-122.21899403526596, 47.98421896783789], [-122.21279863199992, 47.98680247600005], [-122.20913652299987, 47.99970123900006], [-122.2073461579998, 48.01439036700005], [-122.20083574099998, 48.01898834800018], [-122.19627844999994, 48.02265045800006], [-122.19172115799981, 48.026312567], [-122.19351152299988, 48.03095123900012], [-122.20177161399997, 48.033677476], [-122.20750891799985, 48.037543036], [-122.2109081725218, 48.0376904023902], [-122.21090695708712, 48.03769547951488], [-122.20416867583708, 48.05810563576496], [-122.2041663695691, 48.05811129628775], [-122.20416331694348, 48.058116591745076], [-122.19520335600602, 48.071471083932735], [-122.1951987860226, 48.07147682150581], [-122.19519334401257, 48.071481739739184], [-122.19518717478886, 48.071485707757816], [-122.19518044251562, 48.071488619971845], [-122.19517332634007, 48.07149039888664], [-122.19516601562492, 48.07149099716504], [-122.16181640624997, 48.07149099716504], [-122.1618091517305, 48.07149040810974], [-122.16180208727924, 48.07148865637721], [-122.16179539798453, 48.07148578786261], [-122.16178925910579, 48.071481877721155], [-122.16178383148149, 48.07147702839826], [-122.16177925731502, 48.07147136694617], [-122.16177565644955, 48.07146504169462], [-122.16177312322765, 48.07145821836518], [-122.1617717240196, 48.07145107572866], [-122.16177149548464, 48.071443800922125], [-122.16177244361039, 48.0714365845452], [-122.16303570905455, 48.06555754151715], [-122.15898921798247, 48.06272257471842], [-122.15072016990696, 48.060380897387276], [-122.1507131267663, 48.06037824849817], [-122.15070662396357, 48.06037446220732], [-122.15070084360222, 48.0603696445455], [-122.15069594755484, 48.06036393042591], [-122.15069207292967, 48.060357479866], [-122.15068932823134, 48.06035047350652], [-122.1506877903219, 48.06034310755261], [-122.15068750226885, 48.0603355882795], [-122.15068847213881, 48.06032812625598], [-122.1523730424513, 48.05254004031839], [-122.15237507645848, 48.05253326719064], [-122.15237814724078, 48.05252689673226], [-122.1523821788433, 48.05252108651497], [-122.15238707154536, 48.052515980253006], [-122.15890562623287, 48.04670543337805], [-122.15891179865845, 48.04670081640565], [-122.17291982228147, 48.03798850903037], [-122.18277871421488, 48.026763038017194], [-122.18278379221788, 48.02675810130633], [-122.18278958235655, 48.02675402312978], [-122.18279594099843, 48.02675090465222], [-122.18280271040898, 48.02674882323184]]], [[[-122.33727967689425, 48.41100750022095], [-122.34306448237493, 48.41461996847313], [-122.34306577568812, 48.41462083005452], [-122.34307089584087, 48.414624475654975], [-122.34307653008105, 48.414630128581976], [-122.35044017634056, 48.42357866342347], [-122.37857492117452, 48.430313433218814], [-122.37858152976624, 48.430315566535896], [-122.37858773107051, 48.43031869197215], [-122.37859337718253, 48.430322734984216], [-122.38381800696183, 48.43471728337589], [-122.3838232084758, 48.43472243760148], [-122.38382750444418, 48.43472836773172], [-122.38383078093847, 48.434734916500545], [-122.38383295106672, 48.43474191023573], [-122.38383395727747, 48.43474916346467], [-122.38456637915245, 48.44773744471466], [-122.38456627676564, 48.4477439250568], [-122.38456524383243, 48.44775032336649], [-122.38456330181167, 48.447756506721035], [-122.38456049104813, 48.44776234666334], [-122.3845568699345, 48.44776772187073], [-122.37781858868455, 48.45636147187072], [-122.37781438830308, 48.456366121359494], [-122.37780958238768, 48.456370141823115], [-122.36161093267499, 48.46810440464212], [-122.35944431473375, 48.47528589107664], [-122.35937113578792, 48.482701357598], [-122.35937045484097, 48.482708722156914], [-122.3593689943695, 48.48271463190373], [-122.35756235374457, 48.48835428034123], [-122.35755951037841, 48.488361144334974], [-122.35755557558406, 48.48836744644065], [-122.35755065678117, 48.48837301461093], [-122.35754488825286, 48.488377696835144], [-122.3575384274797, 48.48838136528876], [-122.35753145084043, 48.48838391982322], [-122.35042695865299, 48.49033704482308], [-122.35042103060312, 48.49033825245361], [-122.35041499409786, 48.49033865339236], [-122.35040895840663, 48.49033824038183], [-122.35040303278379, 48.49033702089805], [-122.32943135309628, 48.4845264740231], [-122.3294249477419, 48.48452416438663], [-122.32941896459522, 48.484520914011185], [-122.3294135408685, 48.484516797438246], [-122.32940880094493, 48.484511909073504], [-122.31725048542283, 48.469790094368605], [-122.31724634728305, 48.469784172298844], [-122.31724321096722, 48.46977766394782], [-122.31724115743698, 48.469770737323486], [-122.31724023970256, 48.469763571231496], [-122.3161171928276, 48.44586220404402], [-122.31611730105578, 48.445856329935154], [-122.31611817421022, 48.44585052007547], [-122.31611979738514, 48.445844873645555], [-122.32810713091024, 48.41251959863526], [-122.32810990817195, 48.412513421778996], [-122.3281135816756, 48.41250773212978], [-122.32811806807698, 48.41250265877402], [-122.32812326558908, 48.41249831681547], [-122.32812905629122, 48.41249480476414], [-122.32813530880449, 48.41249220230098], [-122.32814188127247, 48.41249056847069], [-122.33724860207695, 48.41100126384491], [-122.33725504827014, 48.411000681651345], [-122.33726151126845, 48.411001030949265], [-122.33726785716638, 48.41100230450154], [-122.33727395448469, 48.41100447592193], [-122.33727967689425, 48.41100750022095]]], [[[-123.41906047522684, 48.43462104937042], [-123.41905877359191, 48.43462532020247], [-123.4190343595295, 48.43467414832746], [-123.41898553140449, 48.434771804577494], [-123.41898387061458, 48.434774829993856], [-123.41891062842707, 48.43489690030647], [-123.41890804319415, 48.43490074509903], [-123.41883480100681, 48.43499840134906], [-123.41883062396082, 48.435003217523544], [-123.41873522737134, 48.435098614113016], [-123.41866390256928, 48.4351937138491], [-123.41865972552328, 48.435198530023584], [-123.41856206927326, 48.43529618627342], [-123.41855725309878, 48.43530036331951], [-123.41846015878939, 48.43537318405153], [-123.41833863697633, 48.43547040150197], [-123.41833302992605, 48.43547423066208], [-123.41833065632721, 48.435475507779685], [-123.41823454467684, 48.435523563604974], [-123.41811395518111, 48.43559591730222], [-123.41810752030351, 48.43559910916552], [-123.41798544999108, 48.43564793729054], [-123.41786337967855, 48.43569676541556], [-123.41786205900014, 48.4356972697522], [-123.41785549826561, 48.43569910832862], [-123.41773747621276, 48.43572271273929], [-123.4176192390536, 48.43577000760298], [-123.41761791837517, 48.43577051193962], [-123.41761135764055, 48.43577235051622], [-123.41748928732812, 48.435796764578626], [-123.41748827703165, 48.43579695465378], [-123.4174804687499, 48.43579763779], [-123.41733398437495, 48.43579763779], [-123.41721191406243, 48.43579763779], [-123.41708984374999, 48.43579763779], [-123.41694335937497, 48.43579763779], [-123.4169355510932, 48.43579695465378], [-123.41693454079665, 48.435796764578626], [-123.41681247048422, 48.43577235051622], [-123.4168059097496, 48.43577051193962], [-123.41680458907128, 48.43577000760298], [-123.41668703180468, 48.43572298469634], [-123.41654513404315, 48.43569933406572], [-123.41653735506213, 48.4356972697522], [-123.41653262492265, 48.43569523434233], [-123.4164366415606, 48.43564724266129], [-123.41631762437292, 48.4355996238189], [-123.41631633093823, 48.43559905959113], [-123.41631052476127, 48.435596300974524], [-123.41630812177155, 48.43559469232069], [-123.41630402860646, 48.435591918549235], [-123.41623678062771, 48.435547250260456], [-123.415333968782, 48.43507327404147], [-123.41693873761359, 48.456956485381184], [-123.42816534752836, 48.479775790316765], [-123.42816790903741, 48.47978219559495], [-123.42816946055375, 48.4797889173294], [-123.42816996555503, 48.4797957972924], [-123.4280967228204, 48.490294001022036], [-123.42809598643176, 48.49030179831017], [-123.42809390818547, 48.490309349526186], [-123.42809055113821, 48.49031642555643], [-123.42808601714698, 48.4903228117051], [-123.42808044377908, 48.490328314208185], [-123.42807400013747, 48.49033276611273], [-123.40927493128643, 48.50087977812579], [-123.40926897114464, 48.50088256971675], [-123.40926266734652, 48.50088446138268], [-123.4092561549384, 48.50088541259824], [-123.3695344752508, 48.5037418579107], [-123.3695312499999, 48.50374197372757], [-123.36952447467648, 48.50374146035672], [-123.32355279498903, 48.49673462441929], [-123.32354571898179, 48.49673295125014], [-123.32353900515487, 48.49673015949399], [-123.3180804338806, 48.49392289426713], [-123.3022354809999, 48.484198309000035], [-123.28718014199988, 48.4683291690002], [-123.2806290359999, 48.44839101800012], [-123.2870987619999, 48.42413971600003], [-123.30247962099985, 48.41429271000011], [-123.3303930329998, 48.40477122600011], [-123.357045051, 48.40058014500018], [-123.41906047522684, 48.43462104937042]]], [[[-122.52107972140729, 48.763246733980694], [-122.52107717513299, 48.76324982373653], [-122.51610196596994, 48.76837136258074], [-122.50697592901358, 48.787843284251366], [-122.50697421665888, 48.78784690602784], [-122.50697143177118, 48.787852113637015], [-122.50696794676298, 48.78785688118471], [-122.50696382996817, 48.787861115189074], [-122.50695916210856, 48.78786473263007], [-122.50695612069798, 48.78786687207851], [-122.48911254074766, 48.800242745616586], [-122.48910706779242, 48.80024599342288], [-122.48910119113982, 48.80024843605234], [-122.48909502850454, 48.800250024576954], [-122.48908870332966, 48.80025072717707], [-122.46150081270464, 48.801349359989516], [-122.46149383853353, 48.80134909567455], [-122.46148698926721, 48.8013477553482], [-122.46148042990484, 48.80134537129926], [-122.46147431846201, 48.80134200095934], [-122.43381318564957, 48.78315352439695], [-122.43380723649142, 48.78314885112131], [-122.43380215507426, 48.783143246552854], [-122.43379808525698, 48.78313686936103], [-122.43379514225914, 48.78312990008901], [-122.43379340939924, 48.78312253604231], [-122.43379293573591, 48.78311498570248], [-122.43379373467886, 48.7831074628255], [-122.4337957836094, 48.783100180389695], [-122.44375686840836, 48.757245294967035], [-122.44375958285293, 48.757239511741304], [-122.44376308947966, 48.75723417156554], [-122.44376731750586, 48.757229382233234], [-122.443772181587, 48.75722524041923], [-122.44377758353957, 48.75722182972767], [-122.4766144976021, 48.73961929066506], [-122.47662036287463, 48.739616667373085], [-122.47662793390572, 48.739614638721505], [-122.47663574218738, 48.73961395558531], [-122.47663751641393, 48.73961399060174], [-122.49946969729722, 48.7405155815225], [-122.50861568899995, 48.75568268400009], [-122.52107972140729, 48.763246733980694]]], [[[-122.78368327260868, 49.02346578646787], [-122.78368819868174, 49.023461329980776], [-122.79162276899427, 49.01728457216818], [-122.79162929311578, 49.017280344986645], [-122.7916364478119, 49.017277304666024], [-122.79164401923886, 49.0172755420772], [-122.8040951911139, 49.015493315514775], [-122.8041015624999, 49.01549286183537], [-122.80410869199414, 49.015493430632816], [-122.81748793763786, 49.0176419253023], [-122.81749584806272, 49.01764401112324], [-122.81750201354764, 49.01764679681669], [-122.82814054138089, 49.023454261103026], [-122.8281465225353, 49.023457391433354], [-122.8281528822248, 49.023461555173796], [-122.82815843528716, 49.023466746116426], [-122.8281630177906, 49.02347281101949], [-122.82816649445508, 49.02347957084116], [-122.8281687626463, 49.02348682602518], [-122.82816931023149, 49.023488997807206], [-122.82868153385517, 49.025732899438836], [-122.8286824379327, 49.02573842853077], [-122.82868264743773, 49.025744027130756], [-122.82868215911786, 49.0257496083275], [-122.82768242277287, 49.03238200554348], [-122.82816115664194, 49.03456024464775], [-122.83925781249987, 49.03456024464775], [-122.8392654942193, 49.03456090565395], [-122.83927295009478, 49.0345628692388], [-122.8392799609219, 49.034566077672494], [-122.83928632058101, 49.03457043662648], [-122.83929184209678, 49.034575817946674], [-122.8392963631357, 49.03458206342121], [-122.83929975077814, 49.034588989431725], [-122.83930190542695, 49.03459639235233], [-122.83930276373478, 49.03460405453548], [-122.8393023004674, 49.03461175071162], [-122.83930052924494, 49.0346192546116], [-122.83637084174505, 49.04353038742407], [-122.83636779923765, 49.04353750733388], [-122.83636358040606, 49.04354399974697], [-122.83635831033679, 49.04354967216604], [-122.82005879907476, 49.05831195407244], [-122.81703510866755, 49.0679926402954], [-122.81703231770346, 49.067999520072405], [-122.81702843274142, 49.06800584683178], [-122.81702355969021, 49.068011448098176], [-122.81701783139513, 49.068016171174506], [-122.81701140401651, 49.06801988730378], [-122.8170044527724, 49.0680224951799], [-122.81699716716206, 49.068023923709134], [-122.81698974580004, 49.06802413394779], [-122.81698239100184, 49.06802312016477], [-122.81697530326798, 49.06802090999692], [-122.81696867581873, 49.06801756369599], [-122.7998544180062, 49.05751951682099], [-122.799849026034, 49.0575156333454], [-122.79984798952349, 49.05751473633565], [-122.78759213014847, 49.04657723633572], [-122.78758827270157, 49.0465733465753], [-122.78758491688453, 49.046569016606995], [-122.78758211250505, 49.046564310697036], [-122.781722737505, 49.03521177163462], [-122.78171995536098, 49.03520512132825], [-122.7817182716924, 49.035198111894786], [-122.78171772977184, 49.035190923485985], [-122.78171834352729, 49.035183740853896], [-122.78367150293678, 49.023489204473734], [-122.7836731071309, 49.02348275830941], [-122.78367564357315, 49.023476618852285], [-122.7836790569002, 49.02347092010929], [-122.78368327260868, 49.02346578646787]]], [[[-122.24734355687204, 49.05161322462173], [-122.24734559911583, 49.05160600533365], [-122.24734881327161, 49.051599226094524], [-122.24735310986065, 49.051593075630834], [-122.24735836927081, 49.05158772516488], [-122.24736444508586, 49.05158332364779], [-122.24737116816165, 49.05157999361295], [-122.28813658024433, 49.035469294767736], [-122.28814267727823, 49.03546676542213], [-122.28814736220819, 49.035465027652535], [-122.28815225035115, 49.03546399108642], [-122.28815723736372, 49.0354636778505], [-122.28815917877228, 49.035463543861866], [-122.3489482468074, 49.03282688844733], [-122.34895538402017, 49.03282714657986], [-122.34896239034076, 49.03282853146656], [-122.3948852419033, 49.045767984591535], [-122.3948924298934, 49.04577069144405], [-122.39489905234701, 49.04577458212019], [-122.39490491604144, 49.04577954310186], [-122.39490984989227, 49.045785429643146], [-122.394913709945, 49.04579206999303], [-122.39491638357511, 49.04579927040645], [-122.39491779277454, 49.04580682079778], [-122.39491789642717, 49.045814500869895], [-122.39491669150861, 49.045822086542174], [-122.39491421317481, 49.045829356488056], [-122.39491053373574, 49.04583609859317], [-122.39490576054617, 49.04584211614362], [-122.37469091679623, 49.067277663018714], [-122.37468544984844, 49.06728258336365], [-122.37467925388638, 49.067286546615705], [-122.37467249469628, 49.0672894467297], [-122.37466535313455, 49.06729120610687], [-122.37465802028883, 49.06729177767146], [-122.29060969024432, 49.06660826019221], [-122.26156565248345, 49.07912892521007], [-122.26155854679781, 49.07913130827394], [-122.26155114399863, 49.07913247802874], [-122.26154364973556, 49.079132401978526], [-122.2615362721992, 49.079131082236174], [-122.26152921633752, 49.07912855546407], [-122.2615226781622, 49.07912489185587], [-122.26151683930364, 49.07912019318651], [-122.26151186196536, 49.07911458998514], [-122.26150788441782, 49.079108237908585], [-122.2473477281677, 49.051642417596085], [-122.24734485848276, 49.05163548551202], [-122.24734318132818, 49.05162817278118], [-122.24734274339404, 49.051620682981806], [-122.24734355687204, 49.05161322462173]]], [[[-122.73923578642002, 49.10126832408879], [-122.73924118513733, 49.10127304381463], [-122.73924576492925, 49.10127856173695], [-122.73924940932328, 49.10128473752455], [-122.73925202563561, 49.101291414115835], [-122.7392535473286, 49.10129842171246], [-122.73925393570273, 49.10130558209836], [-122.73883889664023, 49.117492105535874], [-122.7388380611307, 49.117499655895486], [-122.73883596594872, 49.117506957691106], [-122.73883267094996, 49.11751380232333], [-122.73368108761333, 49.12605909053282], [-122.73367731300107, 49.126064430700595], [-122.73367280373184, 49.126069166899484], [-122.73366765517844, 49.126073198956945], [-122.7336619762349, 49.12607644159324], [-122.73365588701333, 49.126078826225196], [-122.70592589178084, 49.13467121911431], [-122.70163972149406, 49.13703348342007], [-122.69513471776061, 49.144293749759115], [-122.69486844770296, 49.145746131891556], [-122.69486648869321, 49.14575335955509], [-122.69486335736734, 49.145760161881086], [-122.69485914056976, 49.14576635021349], [-122.69485395524924, 49.14577175292503], [-122.69484794521561, 49.14577622017647], [-122.69484127715147, 49.145779628073214], [-122.69483413598887, 49.14578188210022], [-122.69482671978132, 49.14578291974449], [-122.69481923421013, 49.14578271222781], [-122.67577626546007, 49.143658688790325], [-122.67576938763891, 49.14365737301556], [-122.6757627974999, 49.143655005368416], [-122.65672287683154, 49.13508697397985], [-122.65671987020139, 49.135085580537506], [-122.65671476729902, 49.13508300871395], [-122.65671009487889, 49.13507971897535], [-122.65670595320618, 49.13507578191606], [-122.65670379752088, 49.135073603816934], [-122.6428631127314, 49.12069596614059], [-122.64285892654925, 49.120690929896895], [-122.64285551629726, 49.12068533900684], [-122.6428529543109, 49.120679312059266], [-122.64285129493284, 49.12067297689275], [-122.63926239270198, 49.10131243155605], [-122.63926168371009, 49.10130532186305], [-122.63926210981803, 49.10129818962382], [-122.63926366026723, 49.10129121491873], [-122.63926629591057, 49.10128457385041], [-122.6392699502015, 49.10127843409769], [-122.63927453087351, 49.101272950681945], [-122.63927992227018, 49.10126826205264], [-122.63928598826561, 49.1012644865918], [-122.63929257570065, 49.10126171962524], [-122.63929951825065, 49.10126003101546], [-122.6393066406249, 49.10125946339785], [-122.73920898437491, 49.10125946339785], [-122.73921613245304, 49.10126003518367], [-122.73922309874227, 49.101261735999586], [-122.73922970607687, 49.10126452259074], [-122.73923578642002, 49.10126832408879]]], [[[-123.00584571884572, 49.134605695563536], [-123.00585044893333, 49.13459945220667], [-123.00585619068013, 49.13459412439498], [-123.00586276986098, 49.134589873793416], [-123.02156101204848, 49.1262890925435], [-123.02156821790689, 49.126286051718765], [-123.02157584166682, 49.12628430549567], [-123.021583652683, 49.12628390670348], [-123.04052213072498, 49.12696725384929], [-123.05423623510909, 49.123233698741174], [-123.05424346302985, 49.1232323538966], [-123.05425081348741, 49.12323220483866], [-123.054258089987, 49.12323325555205], [-123.05426509801076, 49.123235477948796], [-123.05426937099291, 49.123237652633875], [-123.04285630050057, 49.14657635618441], [-123.04223602941356, 49.14781703065016], [-123.042243623063, 49.1478176348068], [-123.04224866515668, 49.14781891585905], [-123.04067949099984, 49.15102773600002], [-123.06649528623159, 49.136561541062505], [-123.06675989370201, 49.13692236943113], [-123.06676343367859, 49.13692803608991], [-123.06676609489553, 49.13693416474224], [-123.06676781859609, 49.13694062007433], [-123.0667685667228, 49.13694725955939], [-123.06676832275787, 49.13695393660488], [-123.06676709208773, 49.13696050378901], [-123.06146924052521, 49.156906792851586], [-123.06146686151871, 49.15691353553338], [-123.06146344365885, 49.15691981579316], [-123.06145907339257, 49.15692547478615], [-123.0614538612558, 49.156930369381016], [-123.06144793907758, 49.15693437578024], [-123.04469956697915, 49.166236317773254], [-123.04469305550138, 49.16623928307247], [-123.04468615611881, 49.16624117802918], [-123.04467904351195, 49.16624195466635], [-123.02456185601203, 49.16682789216647], [-123.02455517424187, 49.16682758910754], [-123.0245486113472, 49.16682629825105], [-123.02454231253932, 49.16682404815852], [-123.02453641718631, 49.166820888615845], [-123.00891141718633, 49.15688436517836], [-123.00890522683294, 49.15687962779266], [-123.00889994765211, 49.156873892503015], [-123.00889573829295, 49.15686733166508], [-123.00889272525424, 49.1568601424443], [-123.00889099908348, 49.156852540889716], [-123.00583924127098, 49.13463574401483], [-123.0058388552626, 49.13462792070153], [-123.00583983270712, 49.13462014909702], [-123.00584214394526, 49.13461266501976], [-123.00584571884572, 49.134605695563536]]], [[[-121.99497494452858, 49.134594972040574], [-121.99498034937474, 49.13460026760767], [-121.99498478973794, 49.13460639448037], [-121.99498813988086, 49.134613179164305], [-121.99499030493779, 49.1346204295382], [-121.99499122360098, 49.13462794029395], [-121.995967786101, 49.16067774498133], [-121.99596741498524, 49.16068543380719], [-121.99596573788305, 49.16069294666924], [-121.99596280394383, 49.16070006339406], [-121.99595869915044, 49.160706575416796], [-121.9959535437989, 49.16071229189477], [-121.98301409067393, 49.172797252832325], [-121.98300959165526, 49.17280093993388], [-121.98300465431211, 49.1728040154061], [-121.98299936126726, 49.17280642778324], [-121.96493861107969, 49.17966463157053], [-121.95049037331394, 49.19020794021053], [-121.95048402626358, 49.19021181105445], [-121.95047712818024, 49.1902145832244], [-121.9504698676176, 49.190216180945114], [-121.9504624430378, 49.190216560544215], [-121.95045505738607, 49.19021571164559], [-121.95044791254357, 49.190213657453214], [-121.9504412038092, 49.19021045411695], [-121.95043511456107, 49.190206189197525], [-121.933320781235, 49.17597272767789], [-121.9333157682058, 49.175967828001845], [-121.93331157758516, 49.17596220875065], [-121.93330831121425, 49.17595600648421], [-121.93330604847333, 49.17594937193148], [-121.93330484435172, 49.175942466326674], [-121.93330472811243, 49.17593545749121], [-121.93330570258031, 49.17592851575513], [-121.93330774407352, 49.17592180981809], [-121.94114465813601, 49.1559266926307], [-121.9411474817419, 49.155920792265604], [-121.94115113152016, 49.15591536398982], [-121.94115553023657, 49.15591052267261], [-121.94116058480888, 49.15590637076242], [-121.96483921547478, 49.139184958900685], [-121.96484228383378, 49.13918282135383], [-121.9648481967084, 49.13917920007883], [-121.96485462129726, 49.13917659232543], [-121.96486138533469, 49.139175068016655], [-121.96486811222067, 49.13917416273601], [-121.99493950587407, 49.13458517328054], [-121.99494705552911, 49.13458466524328], [-121.99495458348026, 49.13458543032222], [-121.99496187655903, 49.134587446852734], [-121.99496872824803, 49.134590657732915], [-121.99497494452858, 49.134594972040574]]], [[[-123.93906920009756, 49.156879527864064], [-123.93907228898155, 49.156872936237264], [-123.93907640099336, 49.15686692939887], [-123.93908142836626, 49.15686166477438], [-123.93908723934437, 49.156857280337945], [-123.93909368163489, 49.156853890995606], [-123.9391005864, 49.15685158557433], [-123.93910777268154, 49.156850424494124], [-123.9391150521431, 49.15685043818415], [-123.93912223400665, 49.1568516262857], [-123.9472277027566, 49.158877993473325], [-123.94723482591921, 49.158880423506574], [-123.947241444002, 49.15888400756681], [-123.94724737160085, 49.15888864524727], [-123.94725244265518, 49.15889420662434], [-123.95269677859272, 49.16597428474937], [-123.95270095811514, 49.16598081701191], [-123.95692203973591, 49.17403259120188], [-123.96134967870071, 49.179019766958774], [-123.99971045381936, 49.18194807040304], [-123.99971610428089, 49.18194886482685], [-123.9997216086423, 49.18195036843254], [-123.99972687826863, 49.181952557008074], [-124.01476594076858, 49.189350017945586], [-124.01477249691675, 49.189353968880184], [-124.01477828794228, 49.1893589745754], [-124.01478314603051, 49.18936488997407], [-124.01478693040147, 49.189371543657174], [-124.01478953139014, 49.18937874281134], [-124.01479087362384, 49.189386278816315], [-124.01689048299882, 49.21238432569139], [-124.01689055411171, 49.21239162935841], [-124.01688944184357, 49.212398848185714], [-124.01688717554131, 49.21240579170667], [-124.01688381500067, 49.21241227671821], [-124.01687944888849, 49.21241813211519], [-124.01687419240363, 49.212423203404526], [-124.01686818423687, 49.21242735678156], [-124.01686158291206, 49.21243048266065], [-124.01685456260346, 49.212432498566315], [-124.01684730853988, 49.21243335130946], [-124.01684001211792, 49.21243301839068], [-123.97321208243032, 49.206866612140615], [-123.97320519562827, 49.20686517878549], [-123.9731986166391, 49.20686268891602], [-123.96400132653305, 49.20253168987138], [-123.96214758999997, 49.197007554000166], [-123.96045687212582, 49.19507079883503], [-123.9618931416574, 49.18377518566622], [-123.9612874245729, 49.179099049772944], [-123.95712650251063, 49.17801043644282], [-123.94864062170797, 49.179302820111516], [-123.94863957904015, 49.179302942531635], [-123.94863888210404, 49.17930299563342], [-123.93963428592308, 49.16127590109532], [-123.93906673569785, 49.15690103477614], [-123.93906638658778, 49.15689376367784], [-123.93906721529386, 49.15688653152766], [-123.93906920009756, 49.156879527864064]]], [[[-122.7170082270798, 49.268010004580574], [-122.71700367254749, 49.268004282562956], [-122.71700010585265, 49.26799789789861], [-122.71699762135026, 49.26799101949045], [-122.71699628476671, 49.26798382930308], [-122.71699613146036, 49.267976517548945], [-122.71699716548692, 49.2679692776568], [-122.7169993594919, 49.26796230115387], [-122.7170026554339, 49.267955772599905], [-122.72857492105886, 49.249034874162376], [-122.72857879987089, 49.24902947427303], [-122.72858343251663, 49.24902470535487], [-122.72858871771699, 49.24902067166629], [-122.74711899115454, 49.2369357107289], [-122.74712493996283, 49.236932442644715], [-122.74713131289425, 49.23693010717058], [-122.79469902872815, 49.223471686288846], [-122.78869485478772, 49.2157243650753], [-122.77748443546226, 49.213043612627914], [-122.75031637304686, 49.212433368638344], [-122.7503092231158, 49.21243263343773], [-122.7503022816699, 49.21243076840089], [-122.75029572606716, 49.212427821180924], [-122.75028972380714, 49.212423867080744], [-122.75028442825106, 49.21241900713018], [-122.75027997470367, 49.21241336550362], [-122.7502764769557, 49.21240708634822], [-122.75027402437676, 49.21240033010004], [-122.75027267963156, 49.212393269385174], [-122.75027247707919, 49.21238608460921], [-122.75027342189497, 49.212378959347305], [-122.7502754899384, 49.21237207565433], [-122.75503368679776, 49.20017157088661], [-122.75698637242837, 49.16909946079103], [-122.75698696703363, 49.169094472780856], [-122.75698900949273, 49.1690868639203], [-122.76145679673742, 49.156879794840464], [-122.76145938443388, 49.156874020122174], [-122.76146275715767, 49.15686866584541], [-122.76146684811395, 49.156863838048665], [-122.76147157628372, 49.15685963234354], [-122.76828309972127, 49.151610608905955], [-122.76828855925028, 49.1516070027251], [-122.7682944843259, 49.15160422703137], [-122.76830074949589, 49.15160234059478], [-122.79475904986474, 49.14569559826164], [-122.80004441016305, 49.14269974887584], [-122.80171947933825, 49.14078191605209], [-122.80269328445638, 49.13859085453639], [-122.80269543321303, 49.138586633948975], [-122.80269922033004, 49.13858107953338], [-122.80587304845507, 49.13460158734587], [-122.80587830434261, 49.1345960389054], [-122.80588442393785, 49.134591460685286], [-122.81540590831274, 49.12865884349772], [-122.81541181353501, 49.128655746605645], [-122.81541811180314, 49.12865355703711], [-122.81542466461912, 49.12865232294065], [-122.86145028831992, 49.12347871094461], [-122.8628994903034, 49.1215464416331], [-122.86421557034434, 49.11793940744674], [-122.86421887071303, 49.11793233707401], [-122.86422138470978, 49.117928457908576], [-122.8669069315848, 49.11421752040853], [-122.8669115830456, 49.11421206729476], [-122.86691704186079, 49.11420742252638], [-122.86692316933612, 49.11420370411493], [-122.86692980978813, 49.114201006535595], [-122.87256945822571, 49.1124187799732], [-122.87257495373997, 49.11241741714004], [-122.87258057695148, 49.11241675571439], [-122.87258623870423, 49.11241680618316], [-122.89834307464173, 49.114272274933185], [-122.89834765203157, 49.11427284184647], [-122.89835465845475, 49.11427466924904], [-122.90877974544611, 49.11791246518625], [-122.90878713148857, 49.11791587833831], [-122.90878979438469, 49.117917542361184], [-122.91704174750977, 49.12348394861108], [-122.91704663665396, 49.123487762310376], [-122.91705095467138, 49.12349221233963], [-122.91705461945337, 49.12349721407999], [-122.91705756131302, 49.12350267242185], [-122.92540526581293, 49.1419310844026], [-122.92815090878635, 49.14569723184398], [-122.9382338220123, 49.14764562087312], [-122.96205474466812, 49.14454597212584], [-122.96206054687484, 49.144545596210364], [-122.96206543267576, 49.14454586243225], [-122.97256347955077, 49.14569332336974], [-122.9725702571298, 49.14569459610534], [-122.97257676038001, 49.145696890265654], [-122.97258283633636, 49.14570015188907], [-122.97258834208485, 49.1457043042581], [-122.97259314812308, 49.145709249703586], [-122.97596239708841, 49.1497865282477], [-122.97596667616186, 49.14979268863654], [-122.97597007092082, 49.149800022177416], [-122.98094861081779, 49.16395469044086], [-122.98369225085463, 49.16791233049405], [-122.9888422932684, 49.16847106151069], [-123.001044007872, 49.16688483861223], [-123.00105159718926, 49.1668844991397], [-123.00105913534283, 49.166885442124325], [-123.00589311971784, 49.16791083274937], [-123.00589935431397, 49.16791263395085], [-123.00590526470685, 49.16791531383383], [-123.00591072779079, 49.16791881657993], [-123.00591562977716, 49.16792306923166], [-123.00591986856408, 49.167927983211925], [-123.01768387495542, 49.18374349387905], [-123.02579681879998, 49.190126650897824], [-123.03919755546661, 49.190126650897824], [-123.0678389550733, 49.17456173356469], [-123.09910679376192, 49.12305028636477], [-123.12340247299989, 49.115871486000046], [-123.16714433499986, 49.11562734600001], [-123.21198482999979, 49.129950262000094], [-123.21198482999979, 49.13670482000002], [-123.20010331899984, 49.14850495000009], [-123.20470130099987, 49.189846096000124], [-123.19842714125026, 49.20535166322007], [-123.19831173738815, 49.205634134311325], [-123.17979895699993, 49.209865627000184], [-123.15697180899991, 49.205308335000055], [-123.1376033189999, 49.19570547100007], [-123.14338131399995, 49.20746491100006], [-123.17536373599995, 49.223700262000094], [-123.20123457933644, 49.23309173322737], [-123.18793176347815, 49.263236646227384], [-123.18792956678679, 49.26324097505126], [-123.1879271299906, 49.2632447472095], [-123.17979724717804, 49.274548458146896], [-123.17979268530166, 49.27455385080965], [-123.1797873352306, 49.27455846256258], [-123.17978132897743, 49.27456217961121], [-123.1757716361854, 49.276627051348456], [-123.17528235599997, 49.27659739800005], [-123.14305579299993, 49.280096747000144], [-123.15204962969568, 49.28957516510944], [-123.15204741851812, 49.289576585388645], [-123.15204049965105, 49.289579538888844], [-123.15203318521985, 49.28958129757616], [-123.1226145316987, 49.29409410926904], [-123.1086319649999, 49.28876373900003], [-123.09044348899991, 49.28864166900006], [-123.07420813699987, 49.294378973000036], [-123.06737219999985, 49.287543036000116], [-123.05654863199986, 49.29425690300006], [-123.03941809799983, 49.295884507], [-123.0209854809998, 49.29340241100006], [-123.00649980399984, 49.287543036000116], [-122.9608455069999, 49.28188711100013], [-122.95002104148966, 49.28680114676554], [-122.94549434826985, 49.28538053559559], [-122.94548924557336, 49.28537858649666], [-122.94548441685585, 49.28537603307048], [-122.91700951344981, 49.26802757006992], [-122.88737047747308, 49.27578494738732], [-122.82980714608367, 49.30805751909922], [-122.82980156197742, 49.30806016317128], [-122.82979566813974, 49.3080620168263], [-122.82978957584302, 49.30806304506804], [-122.77639602115558, 49.31333648256806], [-122.77638874910524, 49.31333660972483], [-122.7763815516817, 49.31333556283407], [-122.7725485438692, 49.312456656584075], [-122.77254141363049, 49.31245438267625], [-122.77253475931482, 49.312450957614956], [-122.77252876526512, 49.31244647628374], [-122.77252359753284, 49.312441062827915], [-122.77251939927838, 49.31243486721492], [-122.7725162868049, 49.312428061080155], [-122.76997717167448, 49.30529900865976], [-122.769975637346, 49.30529368260737], [-122.76997476993026, 49.30528820825005], [-122.7699745826066, 49.30528266876375], [-122.77016972976813, 49.298281764342775], [-122.768858526602, 49.29279413627704], [-122.75574730934682, 49.28835874307906], [-122.75574066499206, 49.288355880977846], [-122.75573456562323, 49.288351990377194], [-122.74607266325101, 49.281032367367985], [-122.73348224785667, 49.27695756238565], [-122.73347701331063, 49.27695549822356], [-122.73347207754053, 49.27695279648118], [-122.73346751783458, 49.27694949946449], [-122.72395548358482, 49.26912036358196], [-122.71703359292442, 49.268023581690855], [-122.71702650189302, 49.268021792131165], [-122.71701979476101, 49.26801887671853], [-122.71701364896204, 49.26801491257858], [-122.7170082270798, 49.268010004580574]]], [[[-122.57501486470177, 49.232207744915215], [-122.57500820817151, 49.23220574874246], [-122.57500193871758, 49.23220275073528], [-122.57499620608516, 49.23219882250085], [-122.57499114719764, 49.2321940578647], [-122.57498688288624, 49.232188570629674], [-122.57498351500355, 49.23218249185787], [-122.5749811239911, 49.232175966740286], [-122.57497976695812, 49.23216915112873], [-122.57261160289568, 49.21239376050379], [-122.57261133967334, 49.212386174919615], [-122.57261235605739, 49.21237865312888], [-122.57261462308857, 49.21237140944599], [-122.57261807617358, 49.21236465026139], [-122.57262261692536, 49.21235856816098], [-122.57262811596676, 49.21235333643888], [-122.57263441661637, 49.21234910415983], [-122.57264133935324, 49.212345991911874], [-122.57264868693125, 49.212344088370614], [-122.57265624999991, 49.21234344777291], [-122.65034280865368, 49.21234344777291], [-122.6492237807913, 49.19414708166373], [-122.62931469500955, 49.17518953307005], [-122.62931020002871, 49.17518456349906], [-122.62930649346575, 49.175178981126905], [-122.62930365763249, 49.175172909921415], [-122.62930175550409, 49.17516648470577], [-122.6293008293214, 49.17515984816502], [-122.62812895432124, 49.15689812941504], [-122.62812907594724, 49.15689086883562], [-122.62813036467335, 49.156883722508425], [-122.62813278689062, 49.15687687680399], [-122.62813627942958, 49.15687051025243], [-122.62814075120774, 49.15686478888834], [-122.62814608560475, 49.15685986192027], [-122.62815214350391, 49.15685585783929], [-122.62815876692021, 49.15685288106873], [-122.62816578312037, 49.15685100924016], [-122.62817300912762, 49.156850291169505], [-122.65363728581373, 49.15638642025253], [-122.65364550359415, 49.156387099658915], [-122.65365122544381, 49.15638850039214], [-122.6915592809976, 49.168349187592085], [-122.71704055882375, 49.16790988151472], [-122.71704802745178, 49.167910413282314], [-122.7170553027962, 49.167912183181826], [-122.71706218107477, 49.167915141638346], [-122.71706846962702, 49.16791920578548], [-122.71707399231057, 49.167924261786524], [-122.7170785944353, 49.167930168023005], [-122.7170821470956, 49.167936759061305], [-122.71708455078156, 49.167943850286505], [-122.71708573816589, 49.16795124307352], [-122.71708605310143, 49.167954814415324], [-122.71781826039773, 49.17710650773084], [-122.71781823254508, 49.177114012017185], [-122.71781695706687, 49.17712140716718], [-122.71781446948758, 49.17712848721236], [-122.71527540698759, 49.18279254971226], [-122.71527196232836, 49.18279883688696], [-122.71526756226876, 49.18280449672072], [-122.71526231865015, 49.18280938535112], [-122.7059361467752, 49.1902068462886], [-122.70593068617603, 49.190210558787], [-122.7059283125772, 49.190211835904805], [-122.68375181172837, 49.20130008632931], [-122.69652455530691, 49.22672369616215], [-122.69652737056178, 49.22673071706343], [-122.696528969095, 49.22673811053387], [-122.69652930567013, 49.22674566734746], [-122.69652837076232, 49.226753173655666], [-122.69486821451234, 49.234614501780655], [-122.69486617187393, 49.2346213936345], [-122.69486305714253, 49.23462787194207], [-122.69485894991365, 49.23463377115324], [-122.69485395514567, 49.23463894051632], [-122.69484820047765, 49.23464324793055], [-122.69484183296757, 49.234646583322004], [-122.69483501533409, 49.23464886145611], [-122.68565532783408, 49.23691936926865], [-122.68564966595538, 49.23692039053536], [-122.68564392002028, 49.23692068051041], [-122.68563818409113, 49.2369202344468], [-122.66030257595675, 49.23330783559918], [-122.65046211559445, 49.234640902889524], [-122.65789762257906, 49.247932479100726], [-122.66660920812542, 49.256790477849265], [-122.66661320715346, 49.256795142790324], [-122.66661653289252, 49.25680030935207], [-122.66661912324419, 49.25680588106452], [-122.67006164581049, 49.26576621562613], [-122.67006357431593, 49.265772909694974], [-122.67006444554711, 49.26577982132643], [-122.67006423858618, 49.26578678457703], [-122.6700629584023, 49.265793632264334], [-122.67006063573172, 49.26580019998029], [-122.67005732634001, 49.2658063300389], [-122.66151240446506, 49.27906316597635], [-122.66150762880572, 49.27906932772986], [-122.66150186067539, 49.27907457204107], [-122.66149527344774, 49.279078741280856], [-122.66148806511639, 49.27908171013358], [-122.66148045234331, 49.27908338936392], [-122.66147266394707, 49.27908372849895], [-122.66146493402495, 49.27908271734522], [-122.66145749491659, 49.279080386295206], [-122.65344968241665, 49.27578448785765], [-122.65344490783619, 49.275782184814474], [-122.65344043746482, 49.27577933588368], [-122.65343633343082, 49.27577598065916], [-122.64786992718084, 49.27064902753416], [-122.64786497306336, 49.27064365757086], [-122.64786095397484, 49.27063755620095], [-122.62814585746644, 49.23464774512455], [-122.61181709504984, 49.23311235403172], [-122.59109443807749, 49.235699635114244], [-122.59108684916701, 49.235699936233985], [-122.59107931782667, 49.23569895585261], [-122.57501486470177, 49.232207744915215]]], [[[-123.16144600834524, 49.34574341930396], [-123.16144456361486, 49.34575051400752], [-123.16144199895295, 49.34575728486972], [-123.1614383808522, 49.34576355634577], [-123.16143380311722, 49.34576916583838], [-123.1614283844326, 49.345773967913104], [-123.16142226528572, 49.345777838069026], [-123.1614156043247, 49.345780675966594], [-123.16140857424472, 49.345782408029166], [-123.16140135731118, 49.34578298935038], [-123.05024412087266, 49.34573416122306], [-123.0502365768247, 49.34573352050485], [-123.05022924721382, 49.34573162314267], [-123.05022233983765, 49.34572852292756], [-123.05021605052342, 49.34572430775198], [-123.03739866771106, 49.33547040150201], [-123.03739450098712, 49.33546661690379], [-123.0373908397884, 49.33546234134592], [-123.0373877414969, 49.33545764183934], [-123.0211768039969, 49.306942016839415], [-123.02117351974331, 49.30693491494797], [-123.02117151633102, 49.30692735125022], [-123.02117141799226, 49.30692619293863], [-123.15879027970166, 49.332769973208244], [-123.16144541819118, 49.34572899776249], [-123.16144629568721, 49.345736184699646], [-123.16144600834524, 49.34574341930396]]], [[[-122.16750130345247, 52.12584957457163], [-122.16750728498755, 52.12585340339574], [-122.16750939482776, 52.12585491430785], [-122.18857667056689, 52.14155157468734], [-122.18858246378674, 52.14155672415414], [-122.18858728660373, 52.14156279200729], [-122.18859099571692, 52.141569597952085], [-122.18859348091723, 52.141576939762885], [-122.19494113716729, 52.167504674137845], [-122.19494232990742, 52.16751241303963], [-122.19494216204968, 52.1675202415167], [-122.19494063868407, 52.1675279221799], [-122.19493780600492, 52.167535222122254], [-122.19493374990972, 52.16754191998176], [-122.19492859339478, 52.16754781265381], [-122.19492249282531, 52.16755272145018], [-122.19491563319369, 52.16755649751748], [-122.19490822251015, 52.16755902635087], [-122.19490048549468, 52.167560231266705], [-122.17099911830711, 52.16917155939167], [-122.17099308541329, 52.169171560482354], [-122.17098710667062, 52.16917075398091], [-122.17098128969847, 52.16916915440471], [-122.15452592394278, 52.163431747234725], [-122.15451853257375, 52.16342833222457], [-122.1545155512559, 52.16342645141795], [-122.12822160594337, 52.145360045168005], [-122.12821595432854, 52.14535544564022], [-122.12821111981921, 52.145349993674856], [-122.12820722936975, 52.1453438324405], [-122.1282043851432, 52.14533712373107], [-122.128202661829, 52.14533004371735], [-122.12820210468134, 52.14532277832045], [-122.12820272833082, 52.145315518329525], [-122.1282045164007, 52.145308454392094], [-122.12820742193597, 52.14530177200696], [-122.12821136863742, 52.145295646653565], [-122.14337250145009, 52.12549584196604], [-122.14337694088415, 52.12549085887734], [-122.14338206896629, 52.125486587750956], [-122.14338777273458, 52.12548312267161], [-122.14339392654583, 52.12548053996859], [-122.1434003948432, 52.12547889653395], [-122.14340854511956, 52.12547821599922], [-122.16748081678143, 52.12584444014071], [-122.16748789396445, 52.125845033551386], [-122.16749478292266, 52.12584676008272], [-122.16750130345247, 52.12584957457163]]], [[[-122.53527397514883, 52.99928665128202], [-122.53527998876874, 52.999290261837146], [-122.53528536771483, 52.99929476368921], [-122.53528998109641, 52.99930004729059], [-122.5352937166521, 52.99930598407063], [-122.53529648348109, 52.99931242956437], [-122.53529821425582, 52.99931922692802], [-122.53930214554553, 53.02292777013729], [-122.53930277855802, 53.02293535189729], [-122.5393021242956, 53.02294293185325], [-122.53930020148836, 53.022950293008236], [-122.53929706518176, 53.022957224629366], [-122.53929280516125, 53.0229635282803], [-122.53928754338116, 53.022969023502], [-122.53928143047436, 53.02297355297888], [-122.53927464143916, 53.0229769870425], [-122.53926737063023, 53.0229792273834], [-122.49471170656771, 53.032671610195834], [-122.49470486958882, 53.032672555378426], [-122.49469796849898, 53.03267244309002], [-122.49469116588949, 53.032671275976426], [-122.4946846220315, 53.03266908153499], [-122.47766802046891, 53.02546693309735], [-122.47766159809588, 53.02546358118413], [-122.47765579734285, 53.02545924143057], [-122.47765076877523, 53.02545402648043], [-122.47764664291584, 53.02544807169407], [-122.47764352685626, 53.02544153163517], [-122.47764150147782, 53.025434576059055], [-122.47256337647777, 53.00072754480901], [-122.47256249209755, 53.00072029906029], [-122.47256279171947, 53.00071300569137], [-122.47256426744781, 53.000705856899216], [-122.47256688039367, 53.00069904107086], [-122.47257056170004, 53.000692737818824], [-122.472575214356, 53.000687113248134], [-122.47258071575364, 53.00068231557911], [-122.47258692091837, 53.000678471241386], [-122.49150781935592, 52.990986088428784], [-122.4915135662721, 52.99098363250407], [-122.49151959819639, 52.99098199711402], [-122.49152579860841, 52.99098121384982], [-122.51586132351233, 52.98961448150136], [-122.51586662707481, 52.98961411954913], [-122.51587245024076, 52.9896141005746], [-122.51587822096626, 52.98961488054182], [-122.51588383015634, 52.98961644470562], [-122.51588917176981, 52.98961876349567], [-122.51589164231437, 52.989619942529984], [-122.53527397514883, 52.99928665128202]]], [[[-122.7886750034943, 53.8810540420037], [-122.82815254255677, 53.91164486231612], [-122.82815825230837, 53.911650136699635], [-122.82816296840682, 53.911656315599075], [-122.82816654992466, 53.911663214375366], [-122.82816888983807, 53.91167062687752], [-122.82816991822531, 53.91167833160354], [-122.82816960435585, 53.911686098319095], [-122.82816795760884, 53.911693694937256], [-122.82816502719267, 53.911700894454256], [-122.82816090067479, 53.91170748173245], [-122.81385426004981, 53.930677208294995], [-122.81384985850534, 53.9306822224233], [-122.81384476347881, 53.93068653006536], [-122.81383908714199, 53.930690036384775], [-122.81383295446442, 53.93069266418665], [-122.81382650046272, 53.930694355617376], [-122.81381986722761, 53.93069507343883], [-122.7170425234777, 53.933942143751366], [-122.7170352163214, 53.93394179350203], [-122.7170280626617, 53.93394026302478], [-122.71702125184258, 53.93393759282826], [-122.71701496413338, 53.93393385358762], [-122.71700936595795, 53.933929144273534], [-122.7170046054894, 53.9339235895326], [-122.71700080872844, 53.93391733638829], [-122.71699807616805, 53.93391055034952], [-122.71699648013407, 53.93390341103007], [-122.71699606287034, 53.93389610739415], [-122.71699683542117, 53.93388883275513], [-122.71699877733855, 53.933881779659075], [-122.71700183722369, 53.93387513478801], [-122.71700593408698, 53.933869074019256], [-122.75582429346198, 53.885455988081745], [-122.7558293507595, 53.88545064319935], [-122.75583521204972, 53.88544619468222], [-122.75584172037826, 53.88544276165361], [-122.77253604709209, 53.87831611996687], [-122.77254097810403, 53.878313938987375], [-122.7725432144371, 53.87831295643575], [-122.77255078546811, 53.878310927784], [-122.77255859374996, 53.87831024464781], [-122.7725662649681, 53.87831090405295], [-122.7886551321556, 53.88104527905297], [-122.7886622036596, 53.88104710514985], [-122.78866888621607, 53.88105005205311], [-122.7886750034943, 53.8810540420037]]], [[[-120.86954256551515, 56.23602653551721], [-120.86954844974301, 56.23602850840571], [-120.8695540061499, 56.23603127296177], [-120.88400740424878, 56.2446495972725], [-120.88401334270856, 56.24465382638023], [-120.8840185196993, 56.24465895954934], [-120.88402279913414, 56.24466486184504], [-120.8840260685206, 56.24467137811472], [-120.88402824191664, 56.24467833706625], [-120.88402926219064, 56.244685555771], [-120.88402910252289, 56.24469284447211], [-120.88402776711058, 56.244700011572704], [-120.88402529105736, 56.244706868672566], [-120.8768475566823, 56.26045393898501], [-120.87684419881197, 56.26046001402297], [-120.87683994596163, 56.26046549988142], [-120.87683489947298, 56.26047026583696], [-120.87682917959978, 56.26047419832089], [-120.87682292264172, 56.26047720362534], [-120.86117305722712, 56.26655647497016], [-120.86116624752232, 56.266558442106216], [-120.86115921312019, 56.266559313248834], [-120.8611521292713, 56.26655906669505], [-120.84296365270883, 56.26448387138255], [-120.84295749153193, 56.26448272886678], [-120.84295154913922, 56.26448074054814], [-120.8429459410399, 56.264477945075996], [-120.82841924794366, 56.25576193292737], [-120.82841333641585, 56.25575770056402], [-120.82840818423664, 56.255752570835895], [-120.82840392609747, 56.25574667784748], [-120.82840067331728, 56.25574017565698], [-120.82839851093208, 56.25573323424855], [-120.82839749547244, 56.255726035088614], [-120.82839765348507, 56.25571876638226], [-120.82839898083904, 56.25571161815226], [-120.82840144283391, 56.255704777272044], [-120.83555476314645, 56.23995770695943], [-120.8355581432494, 56.23995158191711], [-120.83556243248788, 56.23994605528408], [-120.83556752704092, 56.23994126083231], [-120.83557330359527, 56.23993731461137], [-120.83557962232933, 56.23993431213931], [-120.85132698837444, 56.23390395266888], [-120.85133496515571, 56.23390174809653], [-120.85134277343738, 56.23390106496031], [-120.8513479814873, 56.23390145513015], [-120.8513505861468, 56.23390171018126], [-120.86953646563197, 56.23602539190345], [-120.86954256551515, 56.23602653551721]]], [[[-114.27383249134049, 48.22368540915279], [-114.27383389753388, 48.22367915691247], [-114.27383617823048, 48.2236731680636], [-114.27642406885548, 48.21810676181353], [-114.27642703748269, 48.21810137443579], [-114.27643071357537, 48.21809644260769], [-114.2764350283431, 48.218092058617984], [-114.2764399010441, 48.218088304504064], [-114.27966255729413, 48.215939867003996], [-114.27966501694875, 48.21593833927581], [-114.27967200083253, 48.2159350705643], [-114.28278734241421, 48.214791156077254], [-114.28496728560383, 48.21253854811469], [-114.28706485065187, 48.19768486073967], [-114.28706609029156, 48.19767896693814], [-114.28706810645461, 48.197673291668096], [-114.28926537207961, 48.19259516666797], [-114.28926897026581, 48.192588469342056], [-114.28927364532757, 48.192582473934166], [-114.28927926361972, 48.19257735183392], [-114.2892856645333, 48.192573249465696], [-114.2892926650864, 48.192570284103326], [-114.30211958637987, 48.188375929611865], [-114.304499665515, 48.18478152438739], [-114.30552314827548, 48.18117496608845], [-114.30552531369418, 48.18116898410135], [-114.30552830171298, 48.18116336761223], [-114.30553205251283, 48.18115822906104], [-114.30719230105859, 48.17920499477508], [-114.30719711052812, 48.17920013859954], [-114.30720260043114, 48.1791960674323], [-114.30720864393365, 48.179192875330344], [-114.30721510141157, 48.17919063604104], [-114.30722182367681, 48.17918940129924], [-114.30722865542388, 48.17918919963121], [-114.31404017886145, 48.17950658244369], [-114.31404777247465, 48.179507589433925], [-114.31405508498462, 48.17950987070314], [-114.31406190418237, 48.17951336004903], [-114.3140680321746, 48.1795179562106], [-114.31407329112726, 48.17952352580748], [-114.31407752842541, 48.17952990720981], [-114.31590858311284, 48.18287463377219], [-114.31591127768381, 48.182880528648425], [-114.3159130967687, 48.182886749678076], [-114.31591400257194, 48.18289316760605], [-114.31620612299251, 48.18717760044301], [-114.31838229438857, 48.190296779443955], [-114.33710155935654, 48.18968765475974], [-114.33710791786564, 48.18968728822823], [-114.33710937499997, 48.189687197772955], [-114.33711721539434, 48.18968788660736], [-114.34053524836976, 48.19029824956665], [-114.34054225134662, 48.19030009240247], [-114.34054886770643, 48.190303035447144], [-114.340554925859, 48.190307002375064], [-114.34056026869068, 48.190311890307], [-114.34056475763936, 48.19031757247818], [-114.34056827628758, 48.19032390152579], [-114.34057073338184, 48.190330713310956], [-114.34057206519934, 48.1903378311752], [-114.34186601051192, 48.20269134680005], [-114.34186625516476, 48.202696031062644], [-114.34186550251997, 48.20270421486826], [-114.33922871426148, 48.21630322320458], [-114.33922682462689, 48.2163100431879], [-114.33922619405166, 48.21631167606735], [-114.33441662373924, 48.22807925419225], [-114.3344139417868, 48.2280847250514], [-114.3344111770636, 48.22808894725087], [-114.32945512237616, 48.234802814438424], [-114.329450687656, 48.23480795842595], [-114.32944552878845, 48.23481237582742], [-114.32943976346415, 48.23481596586733], [-114.32943352320916, 48.23481864664508], [-114.32942695038439, 48.23482035700316], [-114.31714657855171, 48.2370420542661], [-114.3171386718749, 48.23704275497742], [-114.31713332281583, 48.23704243568828], [-114.30185410110522, 48.23521185800739], [-114.289409972236, 48.23594243308783], [-114.28505092675623, 48.24585378230721], [-114.28504720829815, 48.24586057923058], [-114.2850423782894, 48.24586663696242], [-114.28503658011724, 48.245871775668334], [-114.28502998591037, 48.245875842796906], [-114.28502279142936, 48.24587871760859], [-114.28501521025474, 48.24588031475936], [-114.28500746744683, 48.24588058683513], [-114.28499979286435, 48.24587952575892], [-114.2849924143406, 48.24587716303053], [-114.27991428934045, 48.24375313959304], [-114.27990839498958, 48.24375014750068], [-114.2799030029958, 48.243746323577184], [-114.27989822988447, 48.24374175046056], [-114.27989417880633, 48.24373652697953], [-114.27598792880633, 48.23785273791698], [-114.27598464939919, 48.23784689600113], [-114.27598227435031, 48.237840631686666], [-114.27378500872531, 48.230418756686745], [-114.27378384203377, 48.23041380028185], [-114.2737831594922, 48.23040582849153], [-114.27383198821165, 48.22369179779513], [-114.27383249134049, 48.22368540915279]]], [[[-117.84757762099865, 48.37164942964337], [-117.84758248706886, 48.371652078910685], [-117.86120413168103, 48.38019613901348], [-117.86120549832934, 48.38019705164841], [-117.8612109537404, 48.38020099164687], [-117.86121571412671, 48.380205748097225], [-117.86121965863632, 48.38021120024733], [-117.86122059584041, 48.3802126020707], [-117.86981346057057, 48.39388303888258], [-117.86981612054885, 48.39388791538339], [-117.86981815897286, 48.393893082643174], [-117.86981954473539, 48.39389846180738], [-117.87340847635075, 48.412526740731764], [-117.87340921209217, 48.412533915912476], [-117.87340879109391, 48.41254111641909], [-117.87340722418891, 48.412548156969095], [-117.87340455169672, 48.412554856395886], [-117.87340084238538, 48.412561042310855], [-117.87339619170243, 48.41256655553896], [-117.87339071931872, 48.41257125421437], [-117.87338456604874, 48.41257501743148], [-117.8733778902276, 48.41257774835576], [-117.87337086363674, 48.41257937671544], [-117.87336366708334, 48.41257986060968], [-117.87335648574808, 48.412579187587156], [-117.85443556920183, 48.40925887190183], [-117.85442798006211, 48.40925684006474], [-117.85442654881739, 48.4092562913314], [-117.83855740819244, 48.40285980695653], [-117.83855195873458, 48.402857171083056], [-117.83854691270174, 48.40285382713749], [-117.8385423615447, 48.4028498357231], [-117.83853838774554, 48.40284526917738], [-117.82896807524546, 48.39022319886489], [-117.8289641759738, 48.390217089446125], [-117.82896130887595, 48.39021043294055], [-117.82895954843775, 48.390203402281045], [-117.82895894039463, 48.39019618012067], [-117.82888569808357, 48.36810137902917], [-117.82888622786574, 48.368094421852575], [-117.82888782755315, 48.368087630389184], [-117.82889045862974, 48.36808116815949], [-117.82889405774594, 48.36807519075718], [-117.8288985382445, 48.36806984210243], [-117.82890379224679, 48.36806525097673], [-117.82890969325021, 48.36806152792231], [-117.8289160991741, 48.368058762580674], [-117.82892285578066, 48.368057021533915], [-117.82893066406241, 48.368056338397864], [-117.8289388215808, 48.36805708596184], [-117.8475671005051, 48.37164601757719], [-117.84757246605658, 48.37164739892209], [-117.84757762099865, 48.37164942964337]]], [[[-118.47324302742581, 49.034568006094176], [-118.47324893813196, 49.03457279605949], [-118.47325395671963, 49.03457851392558], [-118.47325793952714, 49.03458499601315], [-118.48075305671466, 49.04947757413818], [-118.48075582393231, 49.049484421521115], [-118.48075743285438, 49.04949162953865], [-118.4807578400689, 49.049499003704554], [-118.48075703458842, 49.04950634504961], [-118.48075503814648, 49.0495134554903], [-118.47533500947864, 49.06379596935521], [-118.47533226689737, 49.06380186963547], [-118.47532870150192, 49.06380731233831], [-118.47532438794362, 49.06381218350596], [-118.47531941653864, 49.063816381147106], [-118.46054890872615, 49.07455856864716], [-118.46054370093356, 49.074561836420074], [-118.46053809606889, 49.074564363262894], [-118.46053219891253, 49.074566101937606], [-118.439951144225, 49.07913153162524], [-118.43994395791675, 49.07913252627013], [-118.4399367051873, 49.07913235231179], [-118.43992957482887, 49.079131014278445], [-118.43992275244808, 49.07912854699963], [-118.4399164156347, 49.079125014699926], [-118.43991072933908, 49.0791205093267], [-118.4399058415784, 49.07911514815716], [-118.43990187958322, 49.07910907074488], [-118.43989894648625, 49.07910243528808], [-118.43989711863753, 49.079095414510775], [-118.4398964436167, 49.07908819116726], [-118.43965230125713, 49.05943459158375], [-118.43965298265881, 49.059426504030895], [-118.43965443964801, 49.059420605159104], [-118.44436635371049, 49.04469892547171], [-118.44436881755935, 49.04469281220706], [-118.4443721486075, 49.0446871247935], [-118.44437627528588, 49.04468198542769], [-118.44438110893074, 49.04467750453132], [-118.45519570169907, 49.03603560343383], [-118.45519656333126, 49.03603496170042], [-118.45520203315922, 49.036031167495636], [-118.45520801995659, 49.036028256608276], [-118.45521438220892, 49.036026297845], [-118.45522096952689, 49.0360253375067], [-118.45522460335897, 49.03602501450446], [-118.47321412476768, 49.03456039292364], [-118.47322173262673, 49.03456041928682], [-118.4732292271504, 49.03456172784753], [-118.47323639380069, 49.034564281146814], [-118.47324302742581, 49.034568006094176]]], [[[-117.74777456296765, 49.09352522033886], [-117.74778026304513, 49.093528779192965], [-117.74778534915534, 49.09353317098187], [-117.74778842489677, 49.093536194134956], [-117.76182350789985, 49.107327043487416], [-117.7618280883811, 49.107332302542105], [-117.76183180056027, 49.10733820662459], [-117.76183455514031, 49.10734461371082], [-117.76183628585899, 49.10735136967692], [-117.76183695108358, 49.10735831200655], [-117.76232523593666, 49.134629222315894], [-117.76232464368871, 49.13463691307264], [-117.76232274563927, 49.134644389429056], [-117.7623195976494, 49.13465143135035], [-117.76231529236661, 49.13465783158766], [-117.76230995649877, 49.13466340177713], [-117.76230374708436, 49.134667977983995], [-117.76229684687107, 49.13467142552706], [-117.76228945893725, 49.13467364294256], [-117.76228180071546, 49.134674564970325], [-117.73354644915297, 49.135651127470354], [-117.73354492187484, 49.13565115341494], [-117.73353691886442, 49.13565043505854], [-117.71009922413576, 49.13130469671337], [-117.71009278984319, 49.131303003054015], [-117.7100866759045, 49.131300378486245], [-117.71008101617831, 49.13129688047236], [-117.71007593457863, 49.131292585597876], [-117.6960378486412, 49.11752305434773], [-117.69603325883612, 49.11751779307774], [-117.69602953881521, 49.117511884717786], [-117.6960267782645, 49.1175054717129], [-117.69602504373819, 49.11749870867435], [-117.69602437705406, 49.11749175865246], [-117.69553609219459, 49.090245262045116], [-117.69553668443302, 49.090237570960184], [-117.69553858258381, 49.090230094292636], [-117.69554173077832, 49.09022305210509], [-117.69554603635493, 49.09021665167192], [-117.69555137258646, 49.09021108137871], [-117.69555758241042, 49.09020650517725], [-117.69556448305146, 49.090203057759894], [-117.69557187140147, 49.0902008405953], [-117.69557952999719, 49.09019991894196], [-117.7243637096846, 49.089223356441934], [-117.72436523437493, 49.089223330585284], [-117.72437320102458, 49.08922404223078], [-117.74776187289955, 49.09352091723078], [-117.74776838408162, 49.09352257880637], [-117.74777456296765, 49.09352522033886]]], [[[-119.62306749770374, 49.47052716639057], [-119.62307339275434, 49.47053081009041], [-119.64189663494184, 49.48427592727795], [-119.64190202438026, 49.484280557912584], [-119.6419066170846, 49.48428597971035], [-119.64191029837347, 49.484292057286936], [-119.6419129763237, 49.484298638883004], [-119.65082410913605, 49.51237481075803], [-119.65082580917678, 49.512382378139776], [-119.6508261835296, 49.51239012509184], [-119.65082522105683, 49.51239782113315], [-119.65082295039335, 49.51240523729736], [-119.65081943909401, 49.51241215294506], [-119.65081479162414, 49.51241836232741], [-119.65080914625143, 49.51242368070807], [-119.64158063062642, 49.519723485395545], [-119.64157517300158, 49.5197271859641], [-119.64156923285817, 49.51973004858057], [-119.64156293793253, 49.519732011687225], [-119.64155642359032, 49.51973303306967], [-119.5952991737278, 49.52354101775494], [-119.58940839945897, 49.52609693221065], [-119.58793210189612, 49.52800885856247], [-119.58734841196683, 49.530440899934675], [-119.58734659078638, 49.53044671755971], [-119.58734399946474, 49.530452235395515], [-119.5873406856278, 49.53045735202964], [-119.58421568562778, 49.534632156717194], [-119.58421171909943, 49.53463676906104], [-119.58420716630769, 49.53464080380398], [-119.58420211058073, 49.5346441870994], [-119.58419664445185, 49.53464685702413], [-119.56920641007692, 49.54075037264913], [-119.56920042385659, 49.540752333638196], [-119.56919422233827, 49.540753438844874], [-119.5691879272253, 49.54075366657976], [-119.54689941362291, 49.53999686948153], [-119.54689789324743, 49.53999677252425], [-119.54689160578071, 49.53999617340385], [-119.54688576656574, 49.53999466518398], [-119.54688402920472, 49.53999416213536], [-119.49529883515389, 49.52353965180775], [-119.49529196917001, 49.52353681775459], [-119.49528566341729, 49.52353289206032], [-119.4952800899627, 49.523527981846755], [-119.49527540089109, 49.52352222110029], [-119.49527172415448, 49.523515767016264], [-119.49526916008108, 49.52350879570936], [-119.49526777863768, 49.523501497407764], [-119.49392500520017, 49.510684114595236], [-119.49392481891906, 49.510677137356524], [-119.4939257146358, 49.51067021534432], [-119.4939276707691, 49.510663515336645], [-119.49393064018821, 49.51065719876236], [-119.4939345513484, 49.51065141781207], [-119.49393931001484, 49.51064631177097], [-119.49394480153283, 49.510642003663506], [-119.49395089359062, 49.510638597288235], [-119.49395743940723, 49.5106361747181], [-119.50452872846967, 49.50763324503059], [-119.5045332073432, 49.50763221684649], [-119.50453921841795, 49.50763156964011], [-119.52162307973644, 49.50694821518745], [-119.53976701007656, 49.50124165645131], [-119.5596068908485, 49.47329988094852], [-119.55961096960202, 49.4732949273852], [-119.55961571190252, 49.47329060481569], [-119.55962102117998, 49.47328700126285], [-119.55962678931893, 49.47328419010772], [-119.573054523694, 49.46788868229511], [-119.57306159341844, 49.46788649769381], [-119.57306892569652, 49.46788550211117], [-119.59858162100907, 49.466542728673645], [-119.59858398437493, 49.46654266652284], [-119.59859120431291, 49.46654324993882], [-119.62305438910981, 49.47052279198654], [-119.6230611125461, 49.470524472335896], [-119.62306749770374, 49.47052716639057]]], [[[-115.8038739465329, 49.50878214106545], [-115.80388046596732, 49.508785348314845], [-115.8038863837621, 49.50878956366522], [-115.80389154541419, 49.5087946770614], [-115.80389581616231, 49.50880055500194], [-115.81163507397478, 49.52149586750188], [-115.81163803216003, 49.52150161189813], [-115.81164013650526, 49.52150772096347], [-115.81164134356025, 49.5215140685588], [-115.81164162840183, 49.52152052361991], [-115.81164098514864, 49.52152695286354], [-115.80878452858865, 49.538006509385255], [-115.80878298581136, 49.53801270331728], [-115.80878058151087, 49.53801861637869], [-115.80877736413962, 49.538024129406764], [-115.79593556726458, 49.55682295753188], [-115.79593174544776, 49.556827801689835], [-115.79592729646187, 49.556832077046536], [-115.79592230407847, 49.55683570309931], [-115.78625433532845, 49.56289039059932], [-115.78624815953116, 49.56289362095377], [-115.78624155872778, 49.56289585815229], [-115.76993296497784, 49.56704624877743], [-115.76992968328159, 49.56704695465386], [-115.76992268010737, 49.5670476305818], [-115.71811570857847, 49.567975343587946], [-115.71810844934302, 49.56797483580071], [-115.71810136722938, 49.56797316307474], [-115.71809464792923, 49.567970369268764], [-115.7180884676216, 49.56796652763579], [-115.71808298835309, 49.56796173890275], [-115.71807835378934, 49.5679561286296], [-115.7180746854477, 49.56794984391668], [-115.71807207951161, 49.567943049548134], [-115.71807060430828, 49.56793592367127], [-115.71807029851715, 49.56792865312532], [-115.71807117015618, 49.5679214285429], [-115.71807319637111, 49.56791443935127], [-115.71807632403484, 49.567907868805904], [-115.72708214214697, 49.552458863231536], [-115.73350148360511, 49.52846565922643], [-115.73350266756034, 49.528461901749964], [-115.73350556101755, 49.52845554001253], [-115.74239248930273, 49.51236630182457], [-115.74239650370461, 49.512360354453776], [-115.74240141386835, 49.512355122156706], [-115.74240709450751, 49.51235073843914], [-115.75852037575751, 49.50185269156414], [-115.75852581388071, 49.50184966276309], [-115.75853161817207, 49.50184741398114], [-115.7585376774035, 49.50184598831167], [-115.75854387546138, 49.5018454130752], [-115.78476457858639, 49.50123506151267], [-115.78477055778265, 49.50123532071741], [-115.78477644959679, 49.50123637166989], [-115.78478214965793, 49.50123819575292], [-115.8038739465329, 49.50878214106545]]], [[[-119.6619901937505, 49.84565346712925], [-119.66199577163799, 49.84565852283576], [-119.66200042790767, 49.8456644382522], [-119.66200403204945, 49.84567104757586], [-119.66200648304334, 49.84567816555496], [-119.66200771219061, 49.84568559268054], [-119.66200768503981, 49.84569312077859], [-119.66200640235189, 49.84570053884504], [-119.66200390007901, 49.84570763895975], [-119.66200024835733, 49.84571422211447], [-119.66199554954026, 49.84572010379078], [-119.64173187766522, 49.8671312366033], [-119.64172708374628, 49.86713561947114], [-119.64172170838008, 49.86713926592539], [-119.64171586373237, 49.86714209987694], [-119.64170967176074, 49.86714406219117], [-119.57450700567713, 49.88320630493824], [-119.55088175471731, 49.901218118170064], [-119.55087576143988, 49.90122197697731], [-119.55086923368563, 49.90122484022571], [-119.55086233549099, 49.90122663596428], [-119.55085524020122, 49.901227319067985], [-119.55084812611464, 49.90122687237083], [-119.55084117200154, 49.90122530709802], [-119.55083455261268, 49.901222662583464], [-119.54155720886266, 49.896632818833396], [-119.54155151526258, 49.896629459865025], [-119.54154637566414, 49.89662530242866], [-119.5343930553517, 49.8899114352413], [-119.53438928411903, 49.88990743474021], [-119.53438602928583, 49.889903003909055], [-119.53438333950872, 49.889898208984235], [-119.52984232388377, 49.88049879492168], [-119.52984031376637, 49.880493924592756], [-119.52983888714176, 49.880488852569684], [-119.52983806359707, 49.88048364848949], [-119.52859294640967, 49.867861578177], [-119.5285928121441, 49.86785443412141], [-119.5285938112076, 49.86784735899384], [-119.52859591837314, 49.86784053144588], [-119.52859908043362, 49.86783412387753], [-119.52860321754473, 49.86782829808409], [-119.52860822524191, 49.86782320117062], [-119.52861397707746, 49.86781896183747], [-119.52862032781375, 49.86781568713049], [-119.5927508844554, 49.84096258618176], [-119.5927561062829, 49.84096029618691], [-119.59275805818714, 49.84095944081069], [-119.5927652788862, 49.84095749048812], [-119.62738442349863, 49.83429243696746], [-119.62739186725749, 49.8342916956601], [-119.6273993308507, 49.83429219950453], [-119.62740660743927, 49.83429393453771], [-119.66197691993929, 49.8456464736003], [-119.66198385058699, 49.8456494128384], [-119.6619901937505, 49.84565346712925]]], [[[-119.3746638100764, 49.894260774641836], [-119.3746659281225, 49.89425494537643], [-119.37466882813223, 49.89424946300481], [-119.38414073594934, 49.87899190132531], [-119.38414152983448, 49.87899070576823], [-119.38414486074834, 49.87898594922568], [-119.38414882778952, 49.87898170867511], [-119.38415335202738, 49.878978068488905], [-119.38415713354222, 49.87897535084856], [-119.39098923135593, 49.8740219307242], [-119.39099427564999, 49.874018761066125], [-119.39099969469271, 49.87401628606922], [-119.39100539336287, 49.87401454917743], [-119.41753834040962, 49.86781457811021], [-119.46190958046239, 49.84565336470648], [-119.46438644482267, 49.84256942574804], [-119.46499478695853, 49.83913837610187], [-119.46499610835637, 49.83913292630358], [-119.46499809779867, 49.83912768335465], [-119.46500072434476, 49.8391227287962], [-119.46685619309478, 49.83609538504611], [-119.46686026449152, 49.83608976665663], [-119.46686515177853, 49.83608484151749], [-119.46687073858982, 49.83608072689587], [-119.4668768919035, 49.83607752076087], [-119.46688346520948, 49.83607529945054], [-119.47313346520951, 49.834488385388156], [-119.47313672296819, 49.83448768559647], [-119.47314453124996, 49.83448700246042], [-119.48422851562499, 49.83448700246042], [-119.48423541912302, 49.834487535556136], [-119.48424215893228, 49.83448912220321], [-119.4842485752449, 49.83449172478048], [-119.4842545159238, 49.834495281578356], [-119.4842598401095, 49.83449970826153], [-119.4842644215601, 49.834504899868946], [-119.50206227312259, 49.85811329830655], [-119.50206624075388, 49.85811958121043], [-119.50206911948705, 49.8581264317488], [-119.50853884604953, 49.87797506456117], [-119.50854050143167, 49.877981935242175], [-119.508541059848, 49.87798898043336], [-119.5085405075045, 49.877996026103276], [-119.50853885804517, 49.87800289820855], [-119.50282596742016, 49.89558102320858], [-119.50282378673218, 49.895586487693905], [-119.50282091124869, 49.895591620684726], [-119.50281739019822, 49.89559633430373], [-119.50281328386151, 49.89560054785325], [-119.48426199156283, 49.912296710922064], [-119.481732167202, 49.915726568949864], [-119.48119669572488, 49.91913408948618], [-119.48119537981519, 49.91913972632331], [-119.48119334983483, 49.91914514709187], [-119.4811906395049, 49.91915026174367], [-119.4794328270049, 49.92200670705613], [-119.47942860475898, 49.922012482324746], [-119.47942352001941, 49.92201751487006], [-119.47941770149491, 49.92202167730447], [-119.47941129646817, 49.922024864265566], [-119.47940446706792, 49.922026995082504], [-119.4731544670679, 49.92344301070743], [-119.47314858887663, 49.92344393871595], [-119.47314263961634, 49.92344408235881], [-119.46387075656106, 49.923053687282746], [-119.46197036359985, 49.923438576996446], [-119.45683193633083, 49.935249653894275], [-119.45666117205336, 49.946715255383864], [-119.45666049390356, 49.94672239403194], [-119.4566595156983, 49.94672669558268], [-119.4536077578858, 49.9576397815202], [-119.45360516160892, 49.95764677063251], [-119.45360144615653, 49.9576532346682], [-119.45359671367545, 49.95765899591525], [-119.45359109427326, 49.957663895982975], [-119.43974832083579, 49.96784456004549], [-119.43974416273855, 49.96784727753699], [-119.43974070387699, 49.96784907922289], [-119.42091746168957, 49.976638141722916], [-119.42091381681263, 49.97663965256466], [-119.42090903943041, 49.9766410966417], [-119.40933677380536, 49.97944871382934], [-119.40933073094715, 49.97944974982285], [-119.40932460333265, 49.97944995417406], [-119.39533534552014, 49.978961672924115], [-119.3953276572924, 49.97896073717122], [-119.39532024368195, 49.97895849599759], [-119.39531332462569, 49.978955015891145], [-119.39530710538884, 49.97895040009523], [-119.39530177047526, 49.97894478554481], [-119.38883204391277, 49.97083931679494], [-119.38882855810913, 49.97083428109586], [-119.38882578891715, 49.97082881843461], [-119.38882378770808, 49.97082303014868], [-119.38882259160619, 49.97081702361625], [-119.38413573698658, 49.934518311016475], [-119.37461596866122, 49.90857083969787], [-119.37461392015878, 49.90856321434437], [-119.37461323715392, 49.908555329197966], [-119.37466206541039, 49.89427302577077], [-119.37466251428847, 49.89426683990267], [-119.3746638100764, 49.894260774641836]]], [[[-120.85070277927723, 50.12335848831255], [-120.85070949979443, 50.1233624024613], [-120.85071544534178, 50.12336741608068], [-120.85072043806029, 50.12337337919014], [-120.85072432859458, 50.123380113405474], [-120.8507270005607, 50.123387417274884], [-120.85072837402781, 50.123395072305996], [-120.85072840790916, 50.12340284950115], [-120.85072710119114, 50.12341051620841], [-120.8507244929638, 50.123417843081015], [-120.85072066125126, 50.12342461093833], [-120.83734368586423, 50.14290409984149], [-120.83734167300351, 50.14290697539799], [-120.83733729575002, 50.142912468018736], [-120.83733210468786, 50.14291719899158], [-120.83732623055761, 50.14292104916352], [-120.83731982130341, 50.14292392156513], [-120.83731303834708, 50.14292574385313], [-120.83730605252218, 50.14292647013163], [-120.83730468781756, 50.142926554467536], [-120.81567519778787, 50.14358570286278], [-120.81566816011626, 50.143585365068915], [-120.8156612616057, 50.14358393207304], [-120.81565467162825, 50.143581439058195], [-120.77288123412823, 50.12343983749558], [-120.77287451676708, 50.12343593232988], [-120.7728685719714, 50.12343092906444], [-120.7728635772466, 50.123424977091375], [-120.77285968172953, 50.123418254130186], [-120.77285700173623, 50.123410960921305], [-120.77285561728839, 50.12340331523207], [-120.77285556972421, 50.12339554535443], [-120.7728568604639, 50.123387883288686], [-120.77285945096727, 50.12338055781585], [-120.77286326388472, 50.123373787666694], [-120.7862421701347, 50.10379370954162], [-120.78624659907875, 50.103788210406506], [-120.78625183426526, 50.103783472384364], [-120.78625774660831, 50.10377961230249], [-120.78626419032481, 50.10377672534044], [-120.78627100652947, 50.10377488268314], [-120.78627802715249, 50.10377412976577], [-120.80788447246505, 50.10316377820324], [-120.80789148692428, 50.10316412874779], [-120.80789836124059, 50.10316556725259], [-120.80790492771472, 50.103168058625116], [-120.85070277927723, 50.12335848831255]]], [[[-119.30648693351571, 50.24559882339513], [-119.30649364931998, 50.24560229270399], [-119.30649968909293, 50.24560683795117], [-119.30650488215713, 50.24561233069299], [-119.30650908176233, 50.24561861571057], [-119.30651216923216, 50.2456255153961], [-119.30651405731803, 50.24563283477188], [-119.30651469266473, 50.245640367000235], [-119.30651469266473, 50.26785716387515], [-119.30651400952861, 50.2678649721568], [-119.30651214364383, 50.26787208840376], [-119.29862632007288, 50.29028442517087], [-119.2986235951495, 50.29029055540808], [-119.29861998821536, 50.29029621182421], [-119.2986155796121, 50.290301268427086], [-119.28884995461215, 50.2999448231145], [-119.28884517078504, 50.29994892639532], [-119.28883986023845, 50.29995232050938], [-119.28883412729998, 50.29995493877827], [-119.28882808459515, 50.2999567297651], [-119.28882185083498, 50.299957658285294], [-119.27314802270989, 50.30117836141018], [-119.27314065535393, 50.30117832981021], [-119.27313339204584, 50.30117709559518], [-119.27312642776779, 50.301174691897145], [-119.24553853714286, 50.28904090283457], [-119.24553385940332, 50.28903851010945], [-119.24552949270361, 50.289035588070035], [-119.24552549666376, 50.28903217661197], [-119.23141416853873, 50.27548237192447], [-119.23140927272627, 50.27547682755382], [-119.23140535206176, 50.27547055559923], [-119.23140251262889, 50.2754637257642], [-119.23140083125571, 50.27545652284745], [-119.22861762813068, 50.256657694722534], [-119.22861715400292, 50.25665012689849], [-119.22861795823907, 50.25664258700702], [-119.2286200179694, 50.25663528945476], [-119.22862327462312, 50.25662844175697], [-119.22862763559283, 50.25662223863664], [-119.22863297686888, 50.25661685648761], [-119.22863914656519, 50.25661244835818], [-119.22864596923854, 50.25660913959915], [-119.22865325087749, 50.2566070242993], [-119.22866078441909, 50.25660616260991], [-119.2501868924279, 50.255971606138004], [-119.28296829268167, 50.24427965474446], [-119.28297559015569, 50.24427772465906], [-119.28298339843735, 50.244277041522835], [-119.28298591855497, 50.24427711219822], [-119.30647224667996, 50.24559547157311], [-119.30647973146165, 50.24559652806367], [-119.30648693351571, 50.24559882339513]]], [[[-120.30899860686455, 50.73150893345591], [-120.30394474569961, 50.725356408758], [-120.30394031702866, 50.72534993578422], [-120.30001132726144, 50.71819967292116], [-120.2951663043973, 50.712186001325804], [-120.29052702197312, 50.71145731822263], [-120.27717919933589, 50.713360664046505], [-120.27717301848087, 50.71336111404254], [-120.2771668344554, 50.7133607099464], [-120.27716076472046, 50.71335945943356], [-120.27296154597049, 50.712187584433664], [-120.27295426161338, 50.71218485288803], [-120.2729475570959, 50.71218090666885], [-120.27294163310482, 50.712175863898736], [-120.27293666696363, 50.71216987552326], [-120.26837123727618, 50.705578078648145], [-120.26836926133801, 50.7055749594263], [-120.26836722711012, 50.70557099438183], [-120.26492484429762, 50.69795380688187], [-120.26492356599793, 50.69795066818794], [-120.26492148726591, 50.6979428016313], [-120.26182085124819, 50.67887512329334], [-120.26182026944238, 50.67886823041151], [-120.26182075175089, 50.67886132985389], [-120.26182228675964, 50.67885458492508], [-120.26182483814203, 50.6788481552466], [-120.26182834551855, 50.67884219297959], [-120.26183272588555, 50.678836839223735], [-120.26183787557983, 50.67883222067785], [-120.26842967245483, 50.67377850974027], [-120.2684350681549, 50.67377495773458], [-120.26844091714366, 50.67377221553558], [-120.26844709870576, 50.67377033973871], [-120.29518049714329, 50.667715652238726], [-120.29518662463292, 50.66771470280479], [-120.29519282447605, 50.66771460533856], [-120.31349659098606, 50.66869080621923], [-120.31734169080408, 50.667723485510194], [-120.31758181401358, 50.665634413587085], [-120.31709380670212, 50.65836310464813], [-120.31709370577263, 50.658360093562706], [-120.31709415770473, 50.658353734395476], [-120.31733829832969, 50.656644750020476], [-120.31733995028159, 50.65663751578468], [-120.31734276948637, 50.65663065173358], [-120.31734667916945, 50.65662434479363], [-120.31735157285961, 50.65661876671972], [-120.31735731728872, 50.656614069417614], [-120.31736375602058, 50.65661038080741], [-120.31737071371136, 50.656607801339916], [-120.31737800088445, 50.65660640126093], [-120.32282233682199, 50.65602046376098], [-120.32282714843745, 50.65602020558528], [-120.32283138437315, 50.65602040554852], [-120.33417978899628, 50.65709423308279], [-120.33958939605644, 50.656606881095584], [-120.37098039887366, 50.64464608178763], [-120.37098835133591, 50.64464392408321], [-120.3938155656411, 50.640688834445015], [-120.39382108868402, 50.64068822593238], [-120.39382664460996, 50.6406883032446], [-120.39383214858243, 50.640689065201045], [-120.41739171889485, 50.645449807388545], [-120.41739828216184, 50.64545166130459], [-120.4174044895608, 50.645454486490976], [-120.41741019829482, 50.64545821795643], [-120.41741527703873, 50.645462769861425], [-120.41741960895995, 50.645468037492535], [-120.420300468335, 50.64956959999249], [-120.42030261366186, 50.64957296207395], [-120.42030537374761, 50.64957862536993], [-120.4262118909426, 50.664222882878065], [-120.42851541574294, 50.667714541522955], [-120.48403320312484, 50.667714541522955], [-120.4840405862847, 50.66771515179913], [-120.48404776903732, 50.66771696606254], [-120.48405455641526, 50.667719935067126], [-120.48406076418298, 50.667723978222725], [-120.48406622383784, 50.6677289857826], [-120.48407078718391, 50.667734821822236], [-120.48407433035455, 50.66774132792928], [-120.48407675717445, 50.66774832750299], [-120.48407800177034, 50.6677556305482], [-120.48407803035921, 50.667763038832035], [-120.48407684216504, 50.66777035126536], [-120.48207488904008, 50.67582699189042], [-120.48207289420174, 50.67583311029041], [-120.48207004639433, 50.675838881268774], [-120.48206640394736, 50.675844186622626], [-120.48206204146676, 50.675848917686], [-120.48205704830595, 50.67585297755595], [-120.46185967121284, 50.69000089870808], [-120.4613000485393, 50.69754363909077], [-120.46357003642638, 50.7164602048165], [-120.46357035657473, 50.716465679417084], [-120.46357000791603, 50.71647115227587], [-120.46356899563608, 50.71647654199167], [-120.4618600112611, 50.72326365136682], [-120.46185784900555, 50.72327012013632], [-120.46185473324955, 50.723276187457984], [-120.46185073567936, 50.72328171373708], [-120.46184594826961, 50.72328657182682], [-120.46184048116737, 50.72329064995391], [-120.46183446015782, 50.723293854290446], [-120.4618280237703, 50.723296111111935], [-120.45972841439531, 50.72385763454945], [-120.4597224134879, 50.7238588090694], [-120.45971630871672, 50.72385915857764], [-120.45971021297272, 50.72385867661099], [-120.45295525268737, 50.7228588449443], [-120.4507962028744, 50.72329065490685], [-120.45043603886982, 50.725499660801844], [-120.45128974799792, 50.73245129227338], [-120.45129008318047, 50.732456872360515], [-120.45128972340302, 50.73246245091592], [-120.45128867422592, 50.732467941721595], [-120.4508003929759, 50.734372238596634], [-120.45079817170013, 50.73437877055106], [-120.4507949773031, 50.73438488580443], [-120.45079088498703, 50.73439044039206], [-120.45078599109257, 50.73439530354871], [-120.45078041083117, 50.73439936078644], [-120.45077427557264, 50.734402516590436], [-120.4507677297525, 50.734404696667], [-120.45076092747153, 50.73440584969312], [-120.44595135715903, 50.734845302818016], [-120.4459472656249, 50.73484548935254], [-120.44594212999067, 50.73484519511625], [-120.43257176108202, 50.73330809066134], [-120.42853736153656, 50.7343952043113], [-120.4288535339719, 50.74371013067646], [-120.42885355985227, 50.74371165606267], [-120.42885286053068, 50.743719555049026], [-120.42853546153285, 50.745477458253546], [-120.4285336139418, 50.74548443303972], [-120.42853067455697, 50.745491022520056], [-120.42852671906184, 50.7454970570286], [-120.4285218493024, 50.74550238118847], [-120.42851619066555, 50.745506857913156], [-120.42850988884994, 50.74551037193582], [-120.42850310611495, 50.74551283277721], [-120.42849601710255, 50.74551417707566], [-120.37966789210255, 50.75076320051308], [-120.3796630859374, 50.75076345810241], [-120.37965849538811, 50.75076322316626], [-120.32851103445068, 50.745514199728646], [-120.32850374935727, 50.74551283813106], [-120.32849678686712, 50.74551029839377], [-120.32849033611723, 50.745506649508926], [-120.32848457234297, 50.74550199059904], [-120.32847965211803, 50.745496448224046], [-120.327014808368, 50.74354332322399], [-120.32701183946297, 50.7435388266138], [-120.3270085636414, 50.74353182335254], [-120.325668032601, 50.73987582960605], [-120.32299472191006, 50.73627901158538], [-120.30901827011984, 50.73152262220897], [-120.309012703244, 50.73152023151191], [-120.30900750880338, 50.73151711328701], [-120.30900278133181, 50.731513324282886], [-120.30899860686455, 50.73150893345591]]], [[[-114.14051992779058, 51.16770619994547], [-114.14051264383625, 51.167704346068305], [-114.14050577060164, 51.167701304440826], [-114.14049950025039, 51.16769716010164], [-114.14049400809058, 51.16769202891932], [-114.1383943987156, 51.16537269298179], [-114.13839073677579, 51.16536807163466], [-114.13838771124085, 51.16536301072672], [-114.13838537417058, 51.165357597340076], [-114.13723976402837, 51.16206702175829], [-114.1350047558359, 51.158787390171554], [-114.12945913139365, 51.156574004977486], [-114.09615487069738, 51.156574004977486], [-114.09241023440602, 51.1587867446042], [-114.08478993299889, 51.16613923989165], [-114.08507840713867, 51.167653740383244], [-114.08507914063672, 51.16766122912337], [-114.08507861507091, 51.16766873532278], [-114.08507684515914, 51.16767604878025], [-114.08507388046532, 51.16768296469236], [-114.08506980401174, 51.16768928938798], [-114.08506472995413, 51.16769484575259], [-114.08505880038457, 51.167699478187544], [-114.08505218135285, 51.16770305696777], [-114.08504505821611, 51.16770548187425], [-114.08503763044828, 51.16770668500074], [-114.08503010605402, 51.167706632655225], [-114.08502269574406, 51.167705326303675], [-114.07984691449407, 51.16633813880357], [-114.07984003032048, 51.166335707298984], [-114.07983363038, 51.16633219377901], [-114.06892406634562, 51.159132369640005], [-114.0628093516981, 51.15657442128146], [-114.03730675075312, 51.15774583261667], [-114.03730468749991, 51.157745879977355], [-114.03729801720795, 51.157745382488386], [-114.02948551720795, 51.15657350748832], [-114.0294785007918, 51.15657187139048], [-114.02947183573689, 51.15656913570912], [-114.02946569314626, 51.15656537067362], [-114.02946023071097, 51.156560672938994], [-114.02945558866084, 51.15655516310399], [-114.02945188616529, 51.15654898261552], [-114.0294492182736, 51.156542290137295], [-114.02944765347527, 51.156535257476534], [-114.02944723194118, 51.1565280651737], [-114.02944796449287, 51.15652089786748], [-114.02944983232454, 51.15651393955481], [-114.02945278748572, 51.15650736886734], [-114.03965502146416, 51.137957852542954], [-114.0405437240356, 51.13435500428021], [-114.02200064498247, 51.133624961797906], [-114.01837992703976, 51.13434910538639], [-114.01837992703976, 51.14542064043762], [-114.01837929048273, 51.145428179785526], [-114.01837739883456, 51.14543550567386], [-114.01837430565276, 51.14544241068653], [-114.01837009851394, 51.14544869932361], [-114.01836489653367, 51.14545419353642], [-114.01835884699449, 51.14545873776878], [-114.0183521211753, 51.145462203360964], [-114.01834490950262, 51.14546449219257], [-114.01833741615872, 51.14546553946043], [-114.01832985330074, 51.14546531551353], [-114.018322435054, 51.14546382669239], [-114.01268278661642, 51.14382808450499], [-114.01267701361657, 51.14382597258778], [-114.01267158259995, 51.143823093042826], [-114.0126665950653, 51.14381949968519], [-114.00305595654537, 51.135843157563286], [-113.99611785894909, 51.134358161235625], [-113.94063382603868, 51.1454647318359], [-113.94062681106571, 51.145465570053645], [-113.94061975138602, 51.14546529917034], [-113.94061282127, 51.14546392587279], [-113.94060619178966, 51.14546148406113], [-113.94060002659552, 51.14545803401235], [-113.9405944778775, 51.14545366089199], [-113.94058968260718, 51.145448472651665], [-113.93414437010729, 51.137269761714194], [-113.93414095640739, 51.1372647735984], [-113.93413824254004, 51.13725937271245], [-113.93413627754218, 51.137253656644916], [-113.93413509691929, 51.13724772867941], [-113.92942375048854, 51.101021624517315], [-113.91856089584971, 51.06872599151244], [-113.9185592326587, 51.06871946434448], [-113.9185585553468, 51.06871237976942], [-113.91836323993469, 51.05657822885355], [-113.91836376566677, 51.056570998019836], [-113.91836544672971, 51.056563945688495], [-113.91836823941401, 51.05655725522776], [-113.91837207110684, 51.05655110059702], [-113.91837684218007, 51.056545641823234], [-113.91838242858039, 51.05654102084061], [-113.91838868505555, 51.05653735779963], [-113.92375424264347, 51.05395213459825], [-113.92754968630247, 51.05061895651305], [-113.93257503159855, 51.03707979806997], [-113.93257778157995, 51.03707378585871], [-113.93258138341034, 51.03706824186206], [-113.93258575922809, 51.03706328592615], [-113.93259081443972, 51.03705902518486], [-113.95169249789461, 51.02322677164851], [-113.9531038665458, 51.01568324954714], [-113.95059022887233, 50.997624105097245], [-113.95058979952262, 50.99761790606273], [-113.95059024864149, 50.997611566618716], [-113.95168888145403, 50.98989672286875], [-113.95169047273652, 50.98988967072695], [-113.95169317359463, 50.98988296474086], [-113.95169691421454, 50.989876778251855], [-113.95170159790602, 50.9898712711729], [-113.9517071036013, 50.98986658585507], [-113.95171328898515, 50.98986284340809], [-113.97390583835578, 50.97876656872286], [-113.97422247680235, 50.96442041140351], [-113.96279846535087, 50.92321585727909], [-113.96279712661952, 50.92320899318766], [-113.9627968683947, 50.92320200453453], [-113.9627976969226, 50.92319506036476], [-113.9627995921624, 50.923188328647356], [-113.96280250827091, 50.923181972212504], [-113.96280637471203, 50.923176144812956], [-113.96281109796217, 50.923170987404674], [-113.96281656377319, 50.92316662473765], [-113.97434000127322, 50.915354124737675], [-113.97434683425239, 50.915350314477294], [-113.97435422423293, 50.91534774623328], [-113.9743619475081, 50.91534649775063], [-114.01831767081683, 50.9121248678356], [-114.04211045061056, 50.89294422689413], [-114.04211499855037, 50.89294100430304], [-114.04211991024951, 50.892938369144176], [-114.04212511023563, 50.89293636190884], [-114.05169542273563, 50.88990901815875], [-114.05170132171658, 50.88990758204095], [-114.05170736038872, 50.88990695367069], [-114.05171342866633, 50.8899071445034], [-114.06252442494267, 50.890981033540456], [-114.0625288494142, 50.89098146543408], [-114.06253359530226, 50.89098206602246], [-114.06253821998831, 50.890983289312814], [-114.06254264214127, 50.890985113791984], [-114.06254694759193, 50.89098705388592], [-114.085046799408, 50.90099227502215], [-114.12063638293633, 50.90619157631936], [-114.1206429033489, 50.9061930304227], [-114.12064913636112, 50.90619543453464], [-114.12065494439287, 50.90619873558971], [-114.1294928350179, 50.91213135277708], [-114.12949667709087, 50.912134241279844], [-114.1295023425532, 50.912139931625475], [-114.13604119451645, 50.920069508271084], [-114.1521489268565, 50.93078359084261], [-114.15215322151784, 50.93078683424328], [-114.15215709792655, 50.93079056750206], [-114.15216050055415, 50.930794737141085], [-114.15638413336661, 50.93665411214103], [-114.15638744293221, 50.936659454445405], [-114.15638997537047, 50.93666520598403], [-114.15639168121687, 50.936671254416], [-114.16283604693989, 50.96767255921982], [-114.166322443066, 50.975669327956595], [-114.17136614950836, 50.98122471476266], [-114.20724865445287, 51.00099671240302], [-114.20725427103118, 51.00100046208574], [-114.20725926258706, 51.001005010760665], [-114.20726351649238, 51.001010255792906], [-114.20726693676346, 51.00101607883495], [-114.20726944622615, 51.0010223484977], [-114.20727098825789, 51.00102892331414], [-114.20727152806467, 51.00103565493224], [-114.20732035645835, 51.01102111643486], [-114.20731989667911, 51.01102764167966], [-114.20731849499484, 51.01103403116308], [-114.20731618107094, 51.01104014965752], [-114.20731300387953, 51.01104586767043], [-114.1962362195639, 51.02795382258391], [-114.1961633564433, 51.034341489490274], [-114.20837547498877, 51.04552983761893], [-114.25172940004103, 51.06762178704024], [-114.25173573375822, 51.067625706930855], [-114.2517413334829, 51.067630618610806], [-114.25174604556092, 51.0676363873054], [-114.25174974069472, 51.06764285472401], [-114.25175231749118, 51.067649843403146], [-114.25231384092871, 51.06967621059063], [-114.25231509105707, 51.06968236325291], [-114.2523154720317, 51.069688630064874], [-114.25231497642557, 51.06969488885453], [-114.25129076660248, 51.07652295434231], [-114.25174866137257, 51.078764228743225], [-114.29616268757721, 51.100971241845585], [-114.29616886048126, 51.10097497527674], [-114.29617435689401, 51.10097964782416], [-114.29617903533928, 51.10098513921763], [-114.2961827753952, 51.10099130811015], [-114.2961854807935, 51.100997995715986], [-114.29618708189817, 51.10100502989802], [-114.29618753749702, 51.10101222959814], [-114.29618683586315, 51.10101940949802], [-114.29389188876031, 51.113568378089056], [-114.29388988981486, 51.11357572507775], [-114.29388667993476, 51.11358262947455], [-114.29388235115476, 51.11358889331429], [-114.29387702759104, 51.11359433699819], [-114.29387086188257, 51.1135988044431], [-114.29386403081449, 51.11360216755698], [-114.26946501064303, 51.123142184444035], [-114.25438481352373, 51.15020356843779], [-114.25438119506548, 51.15020899095818], [-114.25437683037146, 51.15021383310777], [-114.25437181122982, 51.150217993057666], [-114.25436624319143, 51.15022138332547], [-114.22272085030333, 51.16647106078385], [-114.21837917346316, 51.18988684598925], [-114.21837707870404, 51.189894398060474], [-114.21837370446279, 51.18990147169397], [-114.218369153248, 51.189907851994874], [-114.21836356332429, 51.18991334513133], [-114.21835710451187, 51.18991778422334], [-114.21834997302776, 51.18992103441262], [-114.21834238552451, 51.1899229969592], [-114.21833457250823, 51.1899236122416], [-114.21832677133625, 51.18992286156758], [-114.21831921900602, 51.189920767742464], [-114.21831214495516, 51.18991739437617], [-114.21830576409151, 51.18991284395052], [-114.21050342950518, 51.183134570157094], [-114.17392050834188, 51.178814905683495], [-114.17391357003692, 51.178813526095226], [-114.17390693395998, 51.17881107541753], [-114.173900764354, 51.1788076143048], [-114.17389521391709, 51.178803228419625], [-114.17389042002266, 51.17879802631289], [-114.16727938589861, 51.17038176515858], [-114.16277845460294, 51.16770553573953], [-114.15747100459635, 51.16714557541768], [-114.14578168057187, 51.16853658057302], [-114.1457763671874, 51.16853689560243], [-114.14576934355051, 51.16853634367452], [-114.14051992779058, 51.16770619994547]]], [[[-115.36260045078268, 51.078758863837365], [-115.36260595786591, 51.07876381529759], [-115.36261057754425, 51.078769603518154], [-115.36261418450972, 51.07877607149497], [-115.36261668092445, 51.07878304378572], [-115.36261799907376, 51.07879033126859], [-115.36261810320309, 51.07879773627242], [-115.35888275164064, 51.13333875189734], [-115.35888174153077, 51.13334563141696], [-115.35887968235004, 51.13335227279383], [-115.35887662338699, 51.13335851705982], [-115.35160102373713, 51.14544383250582], [-115.35159678943828, 51.145449729693], [-115.35159166131785, 51.14545486861171], [-115.35158577305047, 51.1454591153058], [-115.35157927812534, 51.14546235907703], [-115.35157234584543, 51.14546451537002], [-115.35156515691429, 51.145465527976725], [-115.3515578987254, 51.145465370501725], [-115.3515507604778, 51.1454640470498], [-115.35154392824383, 51.14546159211942], [-115.35153758011923, 51.145458069703], [-115.3330561348066, 51.13315338220299], [-115.3330505088009, 51.13314895141001], [-115.33304565754771, 51.13314368365816], [-115.3330417040922, 51.13313771255652], [-115.3330387487079, 51.133131189553225], [-115.33303686635408, 51.13312428009523], [-115.32817844578094, 51.10734281537357], [-115.32817771056247, 51.10733641483843], [-115.32817792789814, 51.10732997588197], [-115.32817909302932, 51.10732363948976], [-115.32818118044446, 51.10731754440211], [-115.32818353575765, 51.107312145939645], [-115.33784907556448, 51.083953252255256], [-115.33785239170722, 51.08394677730551], [-115.33785670855391, 51.08394092182853], [-115.3378619131171, 51.08393583908328], [-115.33786786917435, 51.08393166210372], [-115.3378744208341, 51.08392850021643], [-115.33788139661574, 51.08392643617968], [-115.36256401380321, 51.07875065492969], [-115.36256543390573, 51.07875038090906], [-115.36257280826028, 51.078749699866634], [-115.36258019438506, 51.078750238462376], [-115.36258739193312, 51.078751982086814], [-115.36259420567265, 51.07875488344472], [-115.36260045078268, 51.078758863837365]]], [[[-116.99497851140659, 51.30162635747156], [-116.99498513755067, 51.301628096194875], [-116.99498608419023, 51.301628380956586], [-117.00743631977006, 51.305851690401866], [-117.00743725431273, 51.30585201893568], [-117.00744451785422, 51.30585542460433], [-117.01794272453252, 51.31203227555771], [-117.01794861522765, 51.31203640965505], [-117.01795377095966, 51.312041430559006], [-117.01795805966763, 51.31204720966217], [-117.0179613714988, 51.31205359893623], [-117.01796362162271, 51.31206043472382], [-117.01796475240369, 51.31206754193029], [-117.01796473487744, 51.31207473850883], [-117.01796356949295, 51.31208184012333], [-117.01796128610088, 51.31208866487013], [-117.0179579431888, 51.312095037937624], [-117.01795362638359, 51.31210079608333], [-117.01463899508278, 51.31585412858554], [-117.009392862134, 51.33039689686156], [-117.00938952772428, 51.33040406098881], [-117.00938839509153, 51.33040591758068], [-117.00687374665397, 51.33431216758056], [-117.00686895032726, 51.33431835830912], [-117.00686315265425, 51.33432362298937], [-117.0068565294902, 51.33432780193287], [-117.00684928172922, 51.33433076838368], [-117.00684162921051, 51.334332432363325], [-116.99746662921046, 51.3355287214258], [-116.99745895250568, 51.33552903926808], [-116.99745133375481, 51.335528045560736], [-116.99744399539466, 51.33552576931602], [-116.99743715167583, 51.335522276991284], [-116.99199281573829, 51.33212872230389], [-116.99198769790893, 51.33212500834553], [-116.99198212597517, 51.3321194306712], [-116.98454424177906, 51.32321835621504], [-116.96729604412386, 51.31777797703943], [-116.96729051839225, 51.31777582407575], [-116.96728532404188, 51.3177729626626], [-116.967280551421, 51.317769442570025], [-116.96727628354269, 51.317765325025064], [-116.96268643979273, 51.31271161408749], [-116.96268251575314, 51.31270662754601], [-116.96267933270323, 51.31270113829508], [-116.96267695402793, 51.312695255643845], [-116.96267542709442, 51.312689096735156], [-116.96267478230912, 51.31268278421318], [-116.96230857137164, 51.300939620150515], [-116.96230899210238, 51.30093192520921], [-116.96231072058711, 51.30092441511745], [-116.9623137060564, 51.30091731046345], [-116.9623178608204, 51.30091081992627], [-116.96232306284455, 51.300905134147385], [-116.962329159334, 51.30090042013076], [-116.96233597122132, 51.3008968163373], [-116.96234329842639, 51.300894428618406], [-116.96235092573318, 51.300893327106635], [-116.98012436323324, 51.29986793648179], [-116.98012695312492, 51.29986786183535], [-116.98013224110902, 51.29986817384959], [-116.99497072147122, 51.30162551941076], [-116.99497598291903, 51.30162607996111], [-116.99497851140659, 51.30162635747156]]], [[[-116.46377923110236, 53.57586996957885], [-116.46378478714394, 53.57587152280304], [-116.4637900843826, 53.57587380783416], [-116.46379502692008, 53.57587678330505], [-116.46379952527954, 53.57588039534967], [-116.46380412634565, 53.575884734838965], [-116.47910719082846, 53.58962546417588], [-116.47911178164551, 53.58963024257942], [-116.47911562036668, 53.589635643779374], [-116.47911862363019, 53.589641550483194], [-116.479120726217, 53.589647834420745], [-116.48473596059199, 53.61171814692081], [-116.48473718317172, 53.61172537696554], [-116.48473721440824, 53.61173270958254], [-116.48473605347094, 53.611739949780954], [-116.48473373123174, 53.611746905027374], [-116.48473030944417, 53.61175339036602], [-116.4847258791015, 53.61175923333711], [-116.48472055801642, 53.611764278562774], [-116.4847144876888, 53.611768391878954], [-116.48470782954232, 53.61177146390337], [-116.48470076063234, 53.61177341294375], [-116.484693468937, 53.61177418717075], [-116.48468614835916, 53.611773765996006], [-116.44562364835929, 53.60630501599597], [-116.44561608985684, 53.60630328260741], [-116.44560894157586, 53.60630027633478], [-116.4456024161163, 53.6062960865887], [-116.43310241611624, 53.596652531901285], [-116.43309666931276, 53.596647241441744], [-116.43309192476544, 53.59664103628394], [-116.43308832564638, 53.59663410367584], [-116.4330859805634, 53.596626652816994], [-116.42905766025098, 53.57843817625461], [-116.42905663978034, 53.57843042768296], [-116.42905697639401, 53.578422619455566], [-116.42905865992306, 53.578414987453684], [-116.42906163950941, 53.57840776223476], [-116.42906582514169, 53.57840116206769], [-116.42907109037483, 53.57839538633898], [-116.42907727614993, 53.57839060952928], [-116.42908419559876, 53.57838697594288], [-116.44500216434872, 53.571721936880365], [-116.44500415193713, 53.571721159560624], [-116.44501172296822, 53.571719130909074], [-116.44501756499588, 53.571718490783084], [-116.44502344061117, 53.57171861803552], [-116.44502924944662, 53.57171951049254], [-116.46377734408782, 53.5758695009505], [-116.46377923110236, 53.57586996957885]]], [[[-118.77319901715981, 55.15590223372739], [-118.77320576546546, 55.15589976825886], [-118.77523213265293, 55.15533824482132], [-118.77523808442116, 55.155337021538074], [-118.77524414677303, 55.155336611835835], [-118.77525020901271, 55.155337023195685], [-118.78205510615227, 55.15626385506418], [-118.78429624726922, 55.155902380690534], [-118.79539434258015, 55.133681798650386], [-118.79539836020389, 55.1336752300101], [-118.79540343959307, 55.133669443116204], [-118.79540943180807, 55.13366460765393], [-118.79541616114311, 55.13366086541062], [-118.79542343027826, 55.13365832611741], [-118.79543102606537, 55.13365706423251], [-118.79543872577815, 55.13365711675725], [-118.814111337016, 55.135390226973826], [-118.81411547460432, 55.135390617908584], [-118.81412114967425, 55.13539137328148], [-118.81412664837698, 55.135392967419634], [-118.8141318474697, 55.13539536459341], [-118.81413382346693, 55.1353963231699], [-118.85635762266655, 55.15709395622373], [-118.88427541951853, 55.15589817646354], [-118.88428266219246, 55.15589845090453], [-118.88428976668972, 55.155899885395186], [-118.88429654843048, 55.1559024426664], [-118.8843028312207, 55.15590605627837], [-118.88430845182903, 55.15591063234724], [-118.8843132642284, 55.15591605198354], [-118.88431714338921, 55.15592217438133], [-118.88431998852845, 55.15592884047665], [-118.88432172572728, 55.15593587707984], [-118.8843223098522, 55.155943101375144], [-118.8843223098522, 55.170396226375246], [-118.88432177831267, 55.17040311984975], [-118.88432019626049, 55.17040985035017], [-118.88431760109827, 55.17041625875545], [-118.88431405418032, 55.17042219355939], [-118.88430963936212, 55.17042751445261], [-118.88430446101779, 55.1704320956397], [-118.88429864157268, 55.17043582881321], [-118.87590020407275, 55.174952430375654], [-118.87589525401958, 55.174954717086464], [-118.87589006357808, 55.17495638783187], [-118.875884709072, 55.17495741804423], [-118.8509423147497, 55.178203346072635], [-118.8457321198231, 55.18117364411482], [-118.84405706754568, 55.18311573371189], [-118.84308322925337, 55.18535556178422], [-118.84308093397429, 55.18536011567626], [-118.84307671556564, 55.18536620249334], [-118.8399027487679, 55.189223791260886], [-118.83989706771582, 55.189229500532875], [-118.8398908211784, 55.18923389527059], [-118.828171984146, 55.19606988327878], [-118.82816479337517, 55.19607324631467], [-118.82815998456245, 55.19607469800535], [-118.80867756268738, 55.20078661206783], [-118.80867142414392, 55.20078765322033], [-118.80866520062906, 55.20078783646069], [-118.78539859906654, 55.19986010208585], [-118.7853928315034, 55.199859497865546], [-118.78538718966645, 55.19985815639488], [-118.78538176739306, 55.199856099985865], [-118.76204192364301, 55.18923598279825], [-118.76203513977906, 55.189232154767396], [-118.76202911833047, 55.189227213432744], [-118.76202403998882, 55.189221307073794], [-118.7620200571448, 55.189214612928296], [-118.76201728931555, 55.18920733187396], [-118.7620158195579, 55.18919968240054], [-118.7620156919763, 55.18919189405334], [-118.76201691039927, 55.18918420054466], [-118.76201943826447, 55.189176832741126], [-118.76202319971571, 55.1891700117357], [-118.76202808187945, 55.18916394221286], [-118.76763316608849, 55.18331515869029], [-118.77012144910768, 55.16477501070453], [-118.77012173265864, 55.16477318371851], [-118.77012351212926, 55.16476631537866], [-118.77317539453232, 55.15592807340819], [-118.77317832847775, 55.15592151519742], [-118.77318226961255, 55.15591550806663], [-118.77318711729615, 55.15591020541363], [-118.77319274773812, 55.15590574264694], [-118.77319901715981, 55.15590223372739]]], [[[-117.17008550192965, 58.502312664362975], [-117.17009108688632, 58.50231543560115], [-117.1845932844717, 58.5109337428642], [-117.18459923486557, 58.51093796792752], [-117.1846044234419, 58.51094309988851], [-117.18460871353294, 58.51094900357093], [-117.18461199213752, 58.510955523471196], [-117.18461417289683, 58.5109624878546], [-117.18461519836951, 58.51096971327867], [-117.18461504154438, 58.51097700942519], [-117.18461370655244, 58.5109841841129], [-117.18461122855739, 58.510991048360026], [-117.17743349418235, 58.52673811867261], [-117.17743013780255, 58.52674419144627], [-117.17742588710391, 58.52674967555312], [-117.17742084329836, 58.526754440413114], [-117.17741512648183, 58.52675837257216], [-117.17740887277522, 58.52676137840312], [-117.1617106305877, 58.53286489402812], [-117.16170364183627, 58.53286697680748], [-117.16169640832443, 58.532867902508784], [-117.16168912030535, 58.53286764678437], [-117.14350064374288, 58.53074362334688], [-117.14349453660044, 58.53074247783216], [-117.14348864578771, 58.53074050103753], [-117.14348308387794, 58.5307377307394], [-117.1289808383072, 58.522070566754124], [-117.1289749199534, 58.52206634508046], [-117.12896975923914, 58.522061224878414], [-117.1289654910544, 58.52205533997919], [-117.12896222696034, 58.52204884420122], [-117.12896005227343, 58.522041907330404], [-117.1289590238353, 58.522034710681524], [-117.1289591685271, 58.52202744235949], [-117.12896048256691, 58.52202029234273], [-117.1289629316085, 58.522013447517324], [-117.13609183785853, 58.5062419631423], [-117.13609522908716, 58.506235797400976], [-117.13609954071929, 58.50623023622963], [-117.13610466716469, 58.506225415819344], [-117.13611048287873, 58.50622145422001], [-117.13611684543667, 58.5062184484499], [-117.15186416295553, 58.50023693208003], [-117.15187207453066, 58.50023475590898], [-117.15187988281241, 58.500234072772926], [-117.15188497231972, 58.500234451586905], [-117.15188769582345, 58.500234714456795], [-117.17007345666592, 58.50230955793019], [-117.1700795872663, 58.50231069249632], [-117.17008550192965, 58.502312664362975]]]]}}]}